,plcng_plant_cd,mach_id,pcb_side_inspd,wo_num,defct_dttm,intrvl_key,plcng_area_cd,plcng_prcs_cd,plcng_wrk_ctr_cd,fndng_plant_cd,fndng_area_cd,fndng_prcs_cd,bld_part_no,bld_serial_no,barcd,assy_part_no,assy_serial_no,defct_cd,failed_test_code,fail_type,cmpnt_part_no,spi_test_id,ref_id,silkscrn_nbr,cmpntpin_nbr,cmpntpin_size_x_axis,cmpntpin_size_y_axis,solder_paste_offst_x_axis,solder_paste_offst_y_axis,pad_stncl_hgt,pad_spi_result,pad_spi_defct_type,solder_paste_vol_pct,solder_paste_hgt,solder_paste_area_pct,pkg_type,stncl_surf_area_ratio,extract_dttm
741,1020,FP9,TOP,4009148925,5/14/2018 10:51,1526294700,TWB_SM3,TWB_PCBA_SM3_TOP_FP,TWB_PCBA_TOP_FP9,1020,TWB_ICT5,TWB_PCBA_ICT,PN-337126,00F08C10,00F08C10,PN-337126,00F08C11,E47,,PROCESS,94474092,00F08C10T-20180404082201,U4,2,H2,483,483,2.37,7.49,127,GOOD,GOOD,126.4286,155.9427,102.9636,0,0.9055,4/4/2018 12:24
932,1020,FPZ1,TOP,4009148925,4/7/2018 14:07,1523109600,TWB_SM3,TWB_PCBA_SM3_SM_TOP_GEN1,TWB_PCBA_TOP_FPZ1,1020,TWB_ICT5,TWB_PCBA_ICT,PN-337126,00F08C10,00F08C10,PN-337126,00F08C11,T18,FAILED SHORTS TEST,SOLD,PN-419257,00F08C10T-20180404082201,U12,2,H4,381,381,-13.67,6.5,127,GOOD,GOOD,114.7234,141.3962,103.0429,0,0.71427,4/4/2018 12:24
1111,1020,FP9,TOP,4009148925,5/14/2018 10:51,1526294700,TWB_SM3,TWB_PCBA_SM3_TOP_FP,TWB_PCBA_TOP_FP9,1020,TWB_ICT5,TWB_PCBA_ICT,PN-337126,00F08C10,00F08C10,PN-337126,00F08C11,E47,,PROCESS,94474092,00F08C10T-20180404082201,U4,2,G7,483,483,9.17,-1.54,127,GOOD,GOOD,136.0738,175.6797,98.36861999999999,0,0.9055,4/4/2018 12:24
1116,1020,FP9,TOP,4009148925,5/14/2018 10:51,1526294700,TWB_SM3,TWB_PCBA_SM3_TOP_FP,TWB_PCBA_TOP_FP9,1020,TWB_ICT5,TWB_PCBA_ICT,PN-337126,00F08C10,00F08C10,PN-337126,00F08C11,E47,,PROCESS,94474092,00F08C10T-20180404082201,U4,2,H10,483,483,13.22,1.87,127,GOOD,GOOD,128.9877,164.428,99.62682,0,0.9055,4/4/2018 12:24
1117,1020,FP9,TOP,4009148925,5/14/2018 10:51,1526294700,TWB_SM3,TWB_PCBA_SM3_TOP_FP,TWB_PCBA_TOP_FP9,1020,TWB_ICT5,TWB_PCBA_ICT,PN-337126,00F08C10,00F08C10,PN-337126,00F08C11,E47,,PROCESS,94474092,00F08C10T-20180404082201,U4,2,P15,483,483,9.69,2.1,127,GOOD,GOOD,123.8263,154.5626,101.7447,0,0.9055,4/4/2018 12:24
1206,1020,FP9,TOP,4009148925,5/14/2018 10:51,1526294700,TWB_SM3,TWB_PCBA_SM3_TOP_FP,TWB_PCBA_TOP_FP9,1020,TWB_ICT5,TWB_PCBA_ICT,PN-337126,00F08C10,00F08C10,PN-337126,00F08C11,E47,,PROCESS,94474092,00F08C10T-20180404082201,U4,2,B5,483,483,7.51,-0.01,127,GOOD,GOOD,131.4173,162.543,102.6805,0,0.9055,4/4/2018 12:24
1828,1020,FP9,TOP,4009148925,5/14/2018 10:51,1526294700,TWB_SM3,TWB_PCBA_SM3_TOP_FP,TWB_PCBA_TOP_FP9,1020,TWB_ICT5,TWB_PCBA_ICT,PN-337126,00F08C10,00F08C10,PN-337126,00F08C11,E47,,PROCESS,94474092,00F08C10T-20180404082201,U4,2,B15,483,483,10.49,5.09,127,GOOD,GOOD,123.3523,154.3814,101.4743,0,0.9055,4/4/2018 12:24
2043,1020,FP9,TOP,4009148925,5/14/2018 10:51,1526294700,TWB_SM3,TWB_PCBA_SM3_TOP_FP,TWB_PCBA_TOP_FP9,1020,TWB_ICT5,TWB_PCBA_ICT,PN-337126,00F08C10,00F08C10,PN-337126,00F08C11,E47,,PROCESS,94474092,00F08C10T-20180404082201,U4,2,C10,483,483,8.67,-6.53,127,GOOD,GOOD,130.3708,179.3411,92.32184000000001,0,0.9055,4/4/2018 12:24
2044,1020,FP9,TOP,4009148925,5/14/2018 10:51,1526294700,TWB_SM3,TWB_PCBA_SM3_TOP_FP,TWB_PCBA_TOP_FP9,1020,TWB_ICT5,TWB_PCBA_ICT,PN-337126,00F08C10,00F08C10,PN-337126,00F08C11,E47,,PROCESS,94474092,00F08C10T-20180404082201,U4,2,K15,483,483,20.26,-0.98,127,GOOD,GOOD,126.0918,158.3936,101.1004,0,0.9055,4/4/2018 12:24
2064,1020,FP9,TOP,4009148925,5/14/2018 10:51,1526294700,TWB_SM3,TWB_PCBA_SM3_TOP_FP,TWB_PCBA_TOP_FP9,1020,TWB_ICT5,TWB_PCBA_ICT,PN-337126,00F08C10,00F08C10,PN-337126,00F08C11,E47,,PROCESS,94474092,00F08C10T-20180404082201,U4,2,B1,483,483,1.34,-2.17,127,GOOD,GOOD,131.3192,161.4289,103.31200000000001,0,0.9055,4/4/2018 12:24
2307,1020,FP9,TOP,4009148925,5/14/2018 10:51,1526294700,TWB_SM3,TWB_PCBA_SM3_TOP_FP,TWB_PCBA_TOP_FP9,1020,TWB_ICT5,TWB_PCBA_ICT,PN-337126,00F08C10,00F08C10,PN-337126,00F08C11,E47,,PROCESS,94474092,00F08C10T-20180404082201,U4,2,A8,483,483,7.41,-4.92,127,GOOD,GOOD,134.6608,169.2427,101.0497,0,0.9055,4/4/2018 12:24
2308,1020,FP9,TOP,4009148925,5/14/2018 10:51,1526294700,TWB_SM3,TWB_PCBA_SM3_TOP_FP,TWB_PCBA_TOP_FP9,1020,TWB_ICT5,TWB_PCBA_ICT,PN-337126,00F08C10,00F08C10,PN-337126,00F08C11,E47,,PROCESS,94474092,00F08C10T-20180404082201,U4,2,L12,483,483,12.23,-4.19,127,GOOD,GOOD,120.6681,162.0802,94.55103000000001,0,0.9055,4/4/2018 12:24
2344,1020,FP9,TOP,4009148925,5/14/2018 10:51,1526294700,TWB_SM3,TWB_PCBA_SM3_TOP_FP,TWB_PCBA_TOP_FP9,1020,TWB_ICT5,TWB_PCBA_ICT,PN-337126,00F08C10,00F08C10,PN-337126,00F08C11,E47,,PROCESS,94474092,00F08C10T-20180404082201,U4,2,K1,483,483,1.16,2.65,127,GOOD,GOOD,116.7957,152.2909,97.39950999999999,0,0.9055,4/4/2018 12:24
2415,1020,FP9,TOP,4009148925,5/14/2018 10:51,1526294700,TWB_SM3,TWB_PCBA_SM3_TOP_FP,TWB_PCBA_TOP_FP9,1020,TWB_ICT5,TWB_PCBA_ICT,PN-337126,00F08C10,00F08C10,PN-337126,00F08C11,E47,,PROCESS,94474092,00F08C10T-20180404082201,U4,2,A13,483,483,10.16,6.39,127,GOOD,GOOD,131.1388,162.9401,102.2132,0,0.9055,4/4/2018 12:24
2453,1020,FP9,TOP,4009148925,5/14/2018 10:51,1526294700,TWB_SM3,TWB_PCBA_SM3_TOP_FP,TWB_PCBA_TOP_FP9,1020,TWB_ICT5,TWB_PCBA_ICT,PN-337126,00F08C10,00F08C10,PN-337126,00F08C11,E47,,PROCESS,94474092,00F08C10T-20180404082201,U4,2,E8,483,483,10.22,-0.52,127,GOOD,GOOD,127.6629,164.3457,98.65295,0,0.9055,4/4/2018 12:24
2639,1020,FP9,TOP,4009148925,5/14/2018 10:51,1526294700,TWB_SM3,TWB_PCBA_SM3_TOP_FP,TWB_PCBA_TOP_FP9,1020,TWB_ICT5,TWB_PCBA_ICT,PN-337126,00F08C10,00F08C10,PN-337126,00F08C11,E47,,PROCESS,94474092,00F08C10T-20180404082201,U4,2,L9,483,483,11.42,0.19,127,GOOD,GOOD,128.4011,165.7738,98.36861999999999,0,0.9055,4/4/2018 12:24
2771,1020,FP9,TOP,4009148925,5/14/2018 10:51,1526294700,TWB_SM3,TWB_PCBA_SM3_TOP_FP,TWB_PCBA_TOP_FP9,1020,TWB_ICT5,TWB_PCBA_ICT,PN-337126,00F08C10,00F08C10,PN-337126,00F08C11,E47,,PROCESS,94474092,00F08C10T-20180404082201,U4,2,P12,483,483,4.89,4.01,127,GOOD,GOOD,124.4065,158.4928,99.6867,0,0.9055,4/4/2018 12:24
3038,1020,FP9,TOP,4009148925,5/14/2018 10:51,1526294700,TWB_SM3,TWB_PCBA_SM3_TOP_FP,TWB_PCBA_TOP_FP9,1020,TWB_ICT5,TWB_PCBA_ICT,PN-337126,00F08C10,00F08C10,PN-337126,00F08C11,E47,,PROCESS,94474092,00F08C10T-20180404082201,U4,2,B8,483,483,4.17,-1.09,127,GOOD,GOOD,122.4052,156.3925,99.40025,0,0.9055,4/4/2018 12:24
3162,1020,FP9,TOP,4009148925,5/14/2018 10:51,1526294700,TWB_SM3,TWB_PCBA_SM3_TOP_FP,TWB_PCBA_TOP_FP9,1020,TWB_ICT5,TWB_PCBA_ICT,PN-337126,00F08C10,00F08C10,PN-337126,00F08C11,E47,,PROCESS,94474092,00F08C10T-20180404082201,U4,2,J10,483,483,12.47,0.73,127,GOOD,GOOD,131.4593,162.77200000000002,102.5688,0,0.9055,4/4/2018 12:24
3163,1020,FP9,TOP,4009148925,5/14/2018 10:51,1526294700,TWB_SM3,TWB_PCBA_SM3_TOP_FP,TWB_PCBA_TOP_FP9,1020,TWB_ICT5,TWB_PCBA_ICT,PN-337126,00F08C10,00F08C10,PN-337126,00F08C11,E47,,PROCESS,94474092,00F08C10T-20180404082201,U4,2,J3,483,483,11.12,6.26,127,GOOD,GOOD,130.6206,157.6029,105.257,0,0.9055,4/4/2018 12:24
3164,1020,FP9,TOP,4009148925,5/14/2018 10:51,1526294700,TWB_SM3,TWB_PCBA_SM3_TOP_FP,TWB_PCBA_TOP_FP9,1020,TWB_ICT5,TWB_PCBA_ICT,PN-337126,00F08C10,00F08C10,PN-337126,00F08C11,E47,,PROCESS,94474092,00F08C10T-20180404082201,U4,2,R15,483,483,10.6,2.62,127,GOOD,GOOD,123.9771,160.1485,98.31559,0,0.9055,4/4/2018 12:24
3382,1020,FP9,TOP,4009148925,5/14/2018 10:51,1526294700,TWB_SM3,TWB_PCBA_SM3_TOP_FP,TWB_PCBA_TOP_FP9,1020,TWB_ICT5,TWB_PCBA_ICT,PN-337126,00F08C10,00F08C10,PN-337126,00F08C11,E47,,PROCESS,94474092,00F08C10T-20180404082201,U4,2,H7,483,483,10.08,-2.85,127,GOOD,GOOD,127.5057,164.7378,98.29698,0,0.9055,4/4/2018 12:24
3517,1020,FP9,TOP,4009148925,5/14/2018 10:51,1526294700,TWB_SM3,TWB_PCBA_SM3_TOP_FP,TWB_PCBA_TOP_FP9,1020,TWB_ICT5,TWB_PCBA_ICT,PN-337126,00F08C10,00F08C10,PN-337126,00F08C11,E47,,PROCESS,94474092,00F08C10T-20180404082201,U4,2,N10,483,483,16.94,6.12,127,GOOD,GOOD,133.3813,170.704,99.23275,0,0.9055,4/4/2018 12:24
3805,1020,FP9,TOP,4009148925,5/14/2018 10:51,1526294700,TWB_SM3,TWB_PCBA_SM3_TOP_FP,TWB_PCBA_TOP_FP9,1020,TWB_ICT5,TWB_PCBA_ICT,PN-337126,00F08C10,00F08C10,PN-337126,00F08C11,E47,,PROCESS,94474092,00F08C10T-20180404082201,U4,2,P2,483,483,8.66,11.45,127,GOOD,GOOD,124.5645,160.1723,98.76666999999999,0,0.9055,4/4/2018 12:24
3828,1020,FP9,TOP,4009148925,5/14/2018 10:51,1526294700,TWB_SM3,TWB_PCBA_SM3_TOP_FP,TWB_PCBA_TOP_FP9,1020,TWB_ICT5,TWB_PCBA_ICT,PN-337126,00F08C10,00F08C10,PN-337126,00F08C11,E47,,PROCESS,94474092,00F08C10T-20180404082201,U4,2,G15,483,483,10.07,-0.53,127,GOOD,GOOD,123.3968,155.7477,100.6204,0,0.9055,4/4/2018 12:24
3881,1020,FP9,TOP,4009148925,5/14/2018 10:51,1526294700,TWB_SM3,TWB_PCBA_SM3_TOP_FP,TWB_PCBA_TOP_FP9,1020,TWB_ICT5,TWB_PCBA_ICT,PN-337126,00F08C10,00F08C10,PN-337126,00F08C11,E47,,PROCESS,94474092,00F08C10T-20180404082201,U4,2,R6,483,483,9.27,1.69,127,GOOD,GOOD,119.1032,155.207,97.45761999999999,0,0.9055,4/4/2018 12:24
3889,1020,FP9,TOP,4009148925,5/14/2018 10:51,1526294700,TWB_SM3,TWB_PCBA_SM3_TOP_FP,TWB_PCBA_TOP_FP9,1020,TWB_ICT5,TWB_PCBA_ICT,PN-337126,00F08C10,00F08C10,PN-337126,00F08C11,E47,,PROCESS,94474092,00F08C10T-20180404082201,U4,2,D4,483,483,6.46,6.08,127,GOOD,GOOD,128.8743,168.3275,97.23331,0,0.9055,4/4/2018 12:24
3894,1020,FP9,TOP,4009148925,5/14/2018 10:51,1526294700,TWB_SM3,TWB_PCBA_SM3_TOP_FP,TWB_PCBA_TOP_FP9,1020,TWB_ICT5,TWB_PCBA_ICT,PN-337126,00F08C10,00F08C10,PN-337126,00F08C11,E47,,PROCESS,94474092,00F08C10T-20180404082201,U4,2,K9,483,483,14.66,2.0,127,GOOD,GOOD,128.6308,159.0186,102.7308,0,0.9055,4/4/2018 12:24
3939,1020,FPZ1,TOP,4009148925,4/7/2018 14:07,1523109600,TWB_SM3,TWB_PCBA_SM3_SM_TOP_GEN1,TWB_PCBA_TOP_FPZ1,1020,TWB_ICT5,TWB_PCBA_ICT,PN-337126,00F08C10,00F08C10,PN-337126,00F08C11,T18,FAILED SHORTS TEST,SOLD,PN-419257,00F08C10T-20180404082201,U12,2,C6,381,381,6.37,4.85,127,GOOD,GOOD,116.811,147.1573,100.8105,0,0.71427,4/4/2018 12:24
4050,1020,FP9,TOP,4009148925,5/14/2018 10:51,1526294700,TWB_SM3,TWB_PCBA_SM3_TOP_FP,TWB_PCBA_TOP_FP9,1020,TWB_ICT5,TWB_PCBA_ICT,PN-337126,00F08C10,00F08C10,PN-337126,00F08C11,E47,,PROCESS,94474092,00F08C10T-20180404082201,U4,2,K13,483,483,13.38,1.67,127,GOOD,GOOD,131.1107,165.1467,100.8258,0,0.9055,4/4/2018 12:24
4475,1020,FP9,TOP,4009148925,5/14/2018 10:51,1526294700,TWB_SM3,TWB_PCBA_SM3_TOP_FP,TWB_PCBA_TOP_FP9,1020,TWB_ICT5,TWB_PCBA_ICT,PN-337126,00F08C10,00F08C10,PN-337126,00F08C11,E47,,PROCESS,94474092,00F08C10T-20180404082201,U4,2,C4,483,483,7.2,5.56,127,GOOD,GOOD,134.1064,163.6862,104.0498,0,0.9055,4/4/2018 12:24
4599,1020,FP9,TOP,4009148925,5/14/2018 10:51,1526294700,TWB_SM3,TWB_PCBA_SM3_TOP_FP,TWB_PCBA_TOP_FP9,1020,TWB_ICT5,TWB_PCBA_ICT,PN-337126,00F08C10,00F08C10,PN-337126,00F08C11,E47,,PROCESS,94474092,00F08C10T-20180404082201,U4,2,L2,483,483,2.62,9.04,127,GOOD,GOOD,122.8227,154.691,100.8364,0,0.9055,4/4/2018 12:24
4831,1020,FP9,TOP,4009148925,5/14/2018 10:51,1526294700,TWB_SM3,TWB_PCBA_SM3_TOP_FP,TWB_PCBA_TOP_FP9,1020,TWB_ICT5,TWB_PCBA_ICT,PN-337126,00F08C10,00F08C10,PN-337126,00F08C11,E47,,PROCESS,94474092,00F08C10T-20180404082201,U4,2,E2,483,483,7.1,-2.52,127,GOOD,GOOD,130.8206,169.9073,97.78399999999999,0,0.9055,4/4/2018 12:24
4836,1020,FP9,TOP,4009148925,5/14/2018 10:51,1526294700,TWB_SM3,TWB_PCBA_SM3_TOP_FP,TWB_PCBA_TOP_FP9,1020,TWB_ICT5,TWB_PCBA_ICT,PN-337126,00F08C10,00F08C10,PN-337126,00F08C11,E47,,PROCESS,94474092,00F08C10T-20180404082201,U4,2,R3,483,483,5.81,14.36,127,GOOD,GOOD,130.2498,161.7577,102.2624,0,0.9055,4/4/2018 12:24
4853,1020,FP9,TOP,4009148925,5/14/2018 10:51,1526294700,TWB_SM3,TWB_PCBA_SM3_TOP_FP,TWB_PCBA_TOP_FP9,1020,TWB_ICT5,TWB_PCBA_ICT,PN-337126,00F08C10,00F08C10,PN-337126,00F08C11,E47,,PROCESS,94474092,00F08C10T-20180404082201,U4,2,L6,483,483,7.29,6.23,127,GOOD,GOOD,124.7928,158.1685,100.2012,0,0.9055,4/4/2018 12:24
4857,1020,FPZ1,TOP,4009148925,4/7/2018 14:07,1523109600,TWB_SM3,TWB_PCBA_SM3_SM_TOP_GEN1,TWB_PCBA_TOP_FPZ1,1020,TWB_ICT5,TWB_PCBA_ICT,PN-337126,00F08C10,00F08C10,PN-337126,00F08C11,T18,FAILED SHORTS TEST,SOLD,PN-419257,00F08C10T-20180404082201,U12,2,H6,381,381,-3.86,8.38,127,GOOD,GOOD,116.23,148.5573,99.36375,0,0.71427,4/4/2018 12:24
4966,1020,FP9,TOP,4009148925,5/14/2018 10:51,1526294700,TWB_SM3,TWB_PCBA_SM3_TOP_FP,TWB_PCBA_TOP_FP9,1020,TWB_ICT5,TWB_PCBA_ICT,PN-337126,00F08C10,00F08C10,PN-337126,00F08C11,E47,,PROCESS,94474092,00F08C10T-20180404082201,U4,2,A1,483,483,3.74,-2.69,127,GOOD,GOOD,133.35299999999998,174.3199,97.15375999999999,0,0.9055,4/4/2018 12:24
4967,1020,FP9,TOP,4009148925,5/14/2018 10:51,1526294700,TWB_SM3,TWB_PCBA_SM3_TOP_FP,TWB_PCBA_TOP_FP9,1020,TWB_ICT5,TWB_PCBA_ICT,PN-337126,00F08C10,00F08C10,PN-337126,00F08C11,E47,,PROCESS,94474092,00F08C10T-20180404082201,U4,2,T10,483,483,0.49,6.04,127,GOOD,GOOD,121.4519,162.1608,95.11787,0,0.9055,4/4/2018 12:24
5025,1020,FP9,TOP,4009148925,5/14/2018 10:51,1526294700,TWB_SM3,TWB_PCBA_SM3_TOP_FP,TWB_PCBA_TOP_FP9,1020,TWB_ICT5,TWB_PCBA_ICT,PN-337126,00F08C10,00F08C10,PN-337126,00F08C11,E47,,PROCESS,94474092,00F08C10T-20180404082201,U4,2,E13,483,483,15.46,-1.76,127,GOOD,GOOD,133.363,171.2139,98.92357,0,0.9055,4/4/2018 12:24
5064,1020,FP9,TOP,4009148925,5/14/2018 10:51,1526294700,TWB_SM3,TWB_PCBA_SM3_TOP_FP,TWB_PCBA_TOP_FP9,1020,TWB_ICT5,TWB_PCBA_ICT,PN-337126,00F08C10,00F08C10,PN-337126,00F08C11,E47,,PROCESS,94474092,00F08C10T-20180404082201,U4,2,M9,483,483,11.51,2.38,127,GOOD,GOOD,135.57,173.4339,99.27348,0,0.9055,4/4/2018 12:24
5549,1020,FP9,TOP,4009148925,5/14/2018 10:51,1526294700,TWB_SM3,TWB_PCBA_SM3_TOP_FP,TWB_PCBA_TOP_FP9,1020,TWB_ICT5,TWB_PCBA_ICT,PN-337126,00F08C10,00F08C10,PN-337126,00F08C11,E47,,PROCESS,94474092,00F08C10T-20180404082201,U4,2,P5,483,483,14.28,10.37,127,GOOD,GOOD,127.3969,155.8928,103.7854,0,0.9055,4/4/2018 12:24
5561,1020,FP9,TOP,4009148925,5/14/2018 10:51,1526294700,TWB_SM3,TWB_PCBA_SM3_TOP_FP,TWB_PCBA_TOP_FP9,1020,TWB_ICT5,TWB_PCBA_ICT,PN-337126,00F08C10,00F08C10,PN-337126,00F08C11,E47,,PROCESS,94474092,00F08C10T-20180404082201,U4,2,D9,483,483,11.69,-2.61,127,GOOD,GOOD,135.9976,168.7941,102.324,0,0.9055,4/4/2018 12:24
5577,1020,FP9,TOP,4009148925,5/14/2018 10:51,1526294700,TWB_SM3,TWB_PCBA_SM3_TOP_FP,TWB_PCBA_TOP_FP9,1020,TWB_ICT5,TWB_PCBA_ICT,PN-337126,00F08C10,00F08C10,PN-337126,00F08C11,E47,,PROCESS,94474092,00F08C10T-20180404082201,U4,2,G13,483,483,8.99,-3.68,127,GOOD,GOOD,128.4802,164.0605,99.45711999999999,0,0.9055,4/4/2018 12:24
5849,1020,FP9,TOP,4009148925,5/14/2018 10:51,1526294700,TWB_SM3,TWB_PCBA_SM3_TOP_FP,TWB_PCBA_TOP_FP9,1020,TWB_ICT5,TWB_PCBA_ICT,PN-337126,00F08C10,00F08C10,PN-337126,00F08C11,E47,,PROCESS,94474092,00F08C10T-20180404082201,U4,2,L7,483,483,13.64,6.15,127,GOOD,GOOD,127.4476,163.3188,99.10582,0,0.9055,4/4/2018 12:24
6512,1020,FP9,TOP,4009148925,5/14/2018 10:51,1526294700,TWB_SM3,TWB_PCBA_SM3_TOP_FP,TWB_PCBA_TOP_FP9,1020,TWB_ICT5,TWB_PCBA_ICT,PN-337126,00F08C10,00F08C10,PN-337126,00F08C11,E47,,PROCESS,94474092,00F08C10T-20180404082201,U4,2,A14,483,483,12.52,5.49,127,GOOD,GOOD,127.4202,174.5544,92.70666999999999,0,0.9055,4/4/2018 12:24
6516,1020,FP9,TOP,4009148925,5/14/2018 10:51,1526294700,TWB_SM3,TWB_PCBA_SM3_TOP_FP,TWB_PCBA_TOP_FP9,1020,TWB_ICT5,TWB_PCBA_ICT,PN-337126,00F08C10,00F08C10,PN-337126,00F08C11,E47,,PROCESS,94474092,00F08C10T-20180404082201,U4,2,E1,483,483,4.07,-1.61,127,GOOD,GOOD,122.527,155.6499,99.97393000000001,0,0.9055,4/4/2018 12:24
6530,1020,FP9,TOP,4009148925,5/14/2018 10:51,1526294700,TWB_SM3,TWB_PCBA_SM3_TOP_FP,TWB_PCBA_TOP_FP9,1020,TWB_ICT5,TWB_PCBA_ICT,PN-337126,00F08C10,00F08C10,PN-337126,00F08C11,E47,,PROCESS,94474092,00F08C10T-20180404082201,U4,2,P14,483,483,2.68,4.67,127,GOOD,GOOD,121.2378,151.1685,101.8545,0,0.9055,4/4/2018 12:24
6555,1020,FP9,TOP,4009148925,5/14/2018 10:51,1526294700,TWB_SM3,TWB_PCBA_SM3_TOP_FP,TWB_PCBA_TOP_FP9,1020,TWB_ICT5,TWB_PCBA_ICT,PN-337126,00F08C10,00F08C10,PN-337126,00F08C11,E47,,PROCESS,94474092,00F08C10T-20180404082201,U4,2,H3,483,483,6.07,7.41,127,GOOD,GOOD,135.0247,174.4104,98.32063000000001,0,0.9055,4/4/2018 12:24
6794,1020,FPZ1,TOP,4009148925,4/7/2018 14:07,1523109600,TWB_SM3,TWB_PCBA_SM3_SM_TOP_GEN1,TWB_PCBA_TOP_FPZ1,1020,TWB_ICT5,TWB_PCBA_ICT,PN-337126,00F08C10,00F08C10,PN-337126,00F08C11,T18,FAILED SHORTS TEST,SOLD,PN-419257,00F08C10T-20180404082201,U12,2,C1,381,381,-3.46,-7.34,127,GOOD,GOOD,103.0978,139.7507,93.69128,0,0.71427,4/4/2018 12:24
6960,1020,FP9,TOP,4009148925,5/14/2018 10:51,1526294700,TWB_SM3,TWB_PCBA_SM3_TOP_FP,TWB_PCBA_TOP_FP9,1020,TWB_ICT5,TWB_PCBA_ICT,PN-337126,00F08C10,00F08C10,PN-337126,00F08C11,E47,,PROCESS,94474092,00F08C10T-20180404082201,U4,2,C13,483,483,7.84,-3.46,127,GOOD,GOOD,124.4581,160.2718,98.62106,0,0.9055,4/4/2018 12:24
6976,1020,FPZ1,TOP,4009148925,4/7/2018 14:07,1523109600,TWB_SM3,TWB_PCBA_SM3_SM_TOP_GEN1,TWB_PCBA_TOP_FPZ1,1020,TWB_ICT5,TWB_PCBA_ICT,PN-337126,00F08C10,00F08C10,PN-337126,00F08C11,T18,FAILED SHORTS TEST,SOLD,PN-419257,00F08C10T-20180404082201,U12,2,C3,381,381,2.15,-6.46,127,GOOD,GOOD,111.7132,142.3671,99.65489000000001,0,0.71427,4/4/2018 12:24
6977,1020,FP9,TOP,4009148925,5/14/2018 10:51,1526294700,TWB_SM3,TWB_PCBA_SM3_TOP_FP,TWB_PCBA_TOP_FP9,1020,TWB_ICT5,TWB_PCBA_ICT,PN-337126,00F08C10,00F08C10,PN-337126,00F08C11,E47,,PROCESS,94474092,00F08C10T-20180404082201,U4,2,T7,483,483,0.67,9.6,127,GOOD,GOOD,121.223,153.0874,100.5656,0,0.9055,4/4/2018 12:24
7024,1020,FP9,TOP,4009148925,5/14/2018 10:51,1526294700,TWB_SM3,TWB_PCBA_SM3_TOP_FP,TWB_PCBA_TOP_FP9,1020,TWB_ICT5,TWB_PCBA_ICT,PN-337126,00F08C10,00F08C10,PN-337126,00F08C11,E47,,PROCESS,94474092,00F08C10T-20180404082201,U4,2,D15,483,483,13.97,6.13,127,GOOD,GOOD,127.0532,162.941,99.02824,0,0.9055,4/4/2018 12:24
7250,1020,FPZ1,TOP,4009148925,4/7/2018 14:07,1523109600,TWB_SM3,TWB_PCBA_SM3_SM_TOP_GEN1,TWB_PCBA_TOP_FPZ1,1020,TWB_ICT5,TWB_PCBA_ICT,PN-337126,00F08C10,00F08C10,PN-337126,00F08C11,T18,FAILED SHORTS TEST,SOLD,PN-419257,00F08C10T-20180404082201,U12,2,G2,381,381,-7.75,4.92,127,GOOD,GOOD,112.637,139.6866,102.4071,0,0.71427,4/4/2018 12:24
7251,1020,FP9,TOP,4009148925,5/14/2018 10:51,1526294700,TWB_SM3,TWB_PCBA_SM3_TOP_FP,TWB_PCBA_TOP_FP9,1020,TWB_ICT5,TWB_PCBA_ICT,PN-337126,00F08C10,00F08C10,PN-337126,00F08C11,E47,,PROCESS,94474092,00F08C10T-20180404082201,U4,2,F13,483,483,13.88,0.59,127,GOOD,GOOD,129.9219,158.5458,104.0714,0,0.9055,4/4/2018 12:24
7290,1020,FPZ1,TOP,4009148925,4/7/2018 14:07,1523109600,TWB_SM3,TWB_PCBA_SM3_SM_TOP_GEN1,TWB_PCBA_TOP_FPZ1,1020,TWB_ICT5,TWB_PCBA_ICT,PN-337126,00F08C10,00F08C10,PN-337126,00F08C11,T18,FAILED SHORTS TEST,SOLD,PN-419257,00F08C10T-20180404082201,U12,2,G1,381,381,-0.05,-4.52,127,GOOD,GOOD,110.7179,141.4912,99.37839,0,0.71427,4/4/2018 12:24
7291,1020,FP9,TOP,4009148925,5/14/2018 10:51,1526294700,TWB_SM3,TWB_PCBA_SM3_TOP_FP,TWB_PCBA_TOP_FP9,1020,TWB_ICT5,TWB_PCBA_ICT,PN-337126,00F08C10,00F08C10,PN-337126,00F08C11,E47,,PROCESS,94474092,00F08C10T-20180404082201,U4,2,F12,483,483,10.17,-7.61,127,GOOD,GOOD,122.7108,158.7792,98.1506,0,0.9055,4/4/2018 12:24
7334,1020,FP9,TOP,4009148925,5/14/2018 10:51,1526294700,TWB_SM3,TWB_PCBA_SM3_TOP_FP,TWB_PCBA_TOP_FP9,1020,TWB_ICT5,TWB_PCBA_ICT,PN-337126,00F08C10,00F08C10,PN-337126,00F08C11,E47,,PROCESS,94474092,00F08C10T-20180404082201,U4,2,G1,483,483,6.71,1.44,127,GOOD,GOOD,126.4337,163.4702,98.22639000000001,0,0.9055,4/4/2018 12:24
7348,1020,FP9,TOP,4009148925,5/14/2018 10:51,1526294700,TWB_SM3,TWB_PCBA_SM3_TOP_FP,TWB_PCBA_TOP_FP9,1020,TWB_ICT5,TWB_PCBA_ICT,PN-337126,00F08C10,00F08C10,PN-337126,00F08C11,E47,,PROCESS,94474092,00F08C10T-20180404082201,U4,2,B14,483,483,11.77,6.0,127,GOOD,GOOD,125.6073,159.7104,99.88158,0,0.9055,4/4/2018 12:24
7394,1020,FPZ1,TOP,4009148925,4/7/2018 14:07,1523109600,TWB_SM3,TWB_PCBA_SM3_SM_TOP_GEN1,TWB_PCBA_TOP_FPZ1,1020,TWB_ICT5,TWB_PCBA_ICT,PN-337126,00F08C10,00F08C10,PN-337126,00F08C11,T18,FAILED SHORTS TEST,SOLD,PN-419257,00F08C10T-20180404082201,U12,2,H5,381,381,-4.57,-2.06,127,GOOD,GOOD,109.4677,136.6744,101.7191,0,0.71427,4/4/2018 12:24
7533,1020,FP9,TOP,4009148925,5/14/2018 10:51,1526294700,TWB_SM3,TWB_PCBA_SM3_TOP_FP,TWB_PCBA_TOP_FP9,1020,TWB_ICT5,TWB_PCBA_ICT,PN-337126,00F08C10,00F08C10,PN-337126,00F08C11,E47,,PROCESS,94474092,00F08C10T-20180404082201,U4,2,D3,483,483,5.75,5.33,127,GOOD,GOOD,134.8286,165.6868,103.34700000000001,0,0.9055,4/4/2018 12:24
7554,1020,FP9,TOP,4009148925,5/14/2018 10:51,1526294700,TWB_SM3,TWB_PCBA_SM3_TOP_FP,TWB_PCBA_TOP_FP9,1020,TWB_ICT5,TWB_PCBA_ICT,PN-337126,00F08C10,00F08C10,PN-337126,00F08C11,E47,,PROCESS,94474092,00F08C10T-20180404082201,U4,2,P10,483,483,8.73,-4.11,127,GOOD,GOOD,120.5268,157.80700000000002,96.99761,0,0.9055,4/4/2018 12:24
7567,1020,FPZ1,TOP,4009148925,4/7/2018 14:07,1523109600,TWB_SM3,TWB_PCBA_SM3_SM_TOP_GEN1,TWB_PCBA_TOP_FPZ1,1020,TWB_ICT5,TWB_PCBA_ICT,PN-337126,00F08C10,00F08C10,PN-337126,00F08C11,T18,FAILED SHORTS TEST,SOLD,PN-419257,00F08C10T-20180404082201,U12,2,B1,381,381,-5.71,-8.05,127,GOOD,GOOD,106.6443,144.8643,93.49316999999999,0,0.71427,4/4/2018 12:24
7582,1020,FP9,TOP,4009148925,5/14/2018 10:51,1526294700,TWB_SM3,TWB_PCBA_SM3_TOP_FP,TWB_PCBA_TOP_FP9,1020,TWB_ICT5,TWB_PCBA_ICT,PN-337126,00F08C10,00F08C10,PN-337126,00F08C11,E47,,PROCESS,94474092,00F08C10T-20180404082201,U4,2,G9,483,483,6.13,-1.7,127,GOOD,GOOD,119.3453,164.0004,92.41959,0,0.9055,4/4/2018 12:24
7607,1020,FP9,TOP,4009148925,5/14/2018 10:51,1526294700,TWB_SM3,TWB_PCBA_SM3_TOP_FP,TWB_PCBA_TOP_FP9,1020,TWB_ICT5,TWB_PCBA_ICT,PN-337126,00F08C10,00F08C10,PN-337126,00F08C11,E47,,PROCESS,94474092,00F08C10T-20180404082201,U4,2,J14,483,483,18.14,-0.43,127,GOOD,GOOD,119.5775,153.0108,99.25008000000001,0,0.9055,4/4/2018 12:24
7608,1020,FP9,TOP,4009148925,5/14/2018 10:51,1526294700,TWB_SM3,TWB_PCBA_SM3_TOP_FP,TWB_PCBA_TOP_FP9,1020,TWB_ICT5,TWB_PCBA_ICT,PN-337126,00F08C10,00F08C10,PN-337126,00F08C11,E47,,PROCESS,94474092,00F08C10T-20180404082201,U4,2,J7,483,483,3.54,-4.0,127,GOOD,GOOD,130.7187,169.3683,98.01875,0,0.9055,4/4/2018 12:24
7739,1020,FP9,TOP,4009148925,5/14/2018 10:51,1526294700,TWB_SM3,TWB_PCBA_SM3_TOP_FP,TWB_PCBA_TOP_FP9,1020,TWB_ICT5,TWB_PCBA_ICT,PN-337126,00F08C10,00F08C10,PN-337126,00F08C11,E47,,PROCESS,94474092,00F08C10T-20180404082201,U4,2,K8,483,483,11.45,4.56,127,GOOD,GOOD,130.9997,169.3374,98.24741999999999,0,0.9055,4/4/2018 12:24
7858,1020,FP9,TOP,4009148925,5/14/2018 10:51,1526294700,TWB_SM3,TWB_PCBA_SM3_TOP_FP,TWB_PCBA_TOP_FP9,1020,TWB_ICT5,TWB_PCBA_ICT,PN-337126,00F08C10,00F08C10,PN-337126,00F08C11,E47,,PROCESS,94474092,00F08C10T-20180404082201,U4,2,E10,483,483,9.66,0.14,127,GOOD,GOOD,132.0039,162.7988,102.9768,0,0.9055,4/4/2018 12:24
7859,1020,FP9,TOP,4009148925,5/14/2018 10:51,1526294700,TWB_SM3,TWB_PCBA_SM3_TOP_FP,TWB_PCBA_TOP_FP9,1020,TWB_ICT5,TWB_PCBA_ICT,PN-337126,00F08C10,00F08C10,PN-337126,00F08C11,E47,,PROCESS,94474092,00F08C10T-20180404082201,U4,2,M15,483,483,17.1,-6.39,127,GOOD,GOOD,122.8513,151.5572,102.9453,0,0.9055,4/4/2018 12:24
8195,1020,FP9,TOP,4009148925,5/14/2018 10:51,1526294700,TWB_SM3,TWB_PCBA_SM3_TOP_FP,TWB_PCBA_TOP_FP9,1020,TWB_ICT5,TWB_PCBA_ICT,PN-337126,00F08C10,00F08C10,PN-337126,00F08C11,E47,,PROCESS,94474092,00F08C10T-20180404082201,U4,2,L1,483,483,4.55,2.5,127,GOOD,GOOD,121.5834,154.966,99.64183,0,0.9055,4/4/2018 12:24
8235,1020,FP9,TOP,4009148925,5/14/2018 10:51,1526294700,TWB_SM3,TWB_PCBA_SM3_TOP_FP,TWB_PCBA_TOP_FP9,1020,TWB_ICT5,TWB_PCBA_ICT,PN-337126,00F08C10,00F08C10,PN-337126,00F08C11,E47,,PROCESS,94474092,00F08C10T-20180404082201,U4,2,H4,483,483,10.09,5.67,127,GOOD,GOOD,133.4495,171.9698,98.55268000000001,0,0.9055,4/4/2018 12:24
8379,1020,FP9,TOP,4009148925,5/14/2018 10:51,1526294700,TWB_SM3,TWB_PCBA_SM3_TOP_FP,TWB_PCBA_TOP_FP9,1020,TWB_ICT5,TWB_PCBA_ICT,PN-337126,00F08C10,00F08C10,PN-337126,00F08C11,E47,,PROCESS,94474092,00F08C10T-20180404082201,U4,2,E5,483,483,4.44,-5.25,127,GOOD,GOOD,120.5288,153.1553,99.94528000000001,0,0.9055,4/4/2018 12:24
8412,1020,FP9,TOP,4009148925,5/14/2018 10:51,1526294700,TWB_SM3,TWB_PCBA_SM3_TOP_FP,TWB_PCBA_TOP_FP9,1020,TWB_ICT5,TWB_PCBA_ICT,PN-337126,00F08C10,00F08C10,PN-337126,00F08C11,E47,,PROCESS,94474092,00F08C10T-20180404082201,U4,2,J12,483,483,13.72,2.22,127,GOOD,GOOD,131.41899999999998,164.1228,101.6934,0,0.9055,4/4/2018 12:24
8413,1020,FP9,TOP,4009148925,5/14/2018 10:51,1526294700,TWB_SM3,TWB_PCBA_SM3_TOP_FP,TWB_PCBA_TOP_FP9,1020,TWB_ICT5,TWB_PCBA_ICT,PN-337126,00F08C10,00F08C10,PN-337126,00F08C11,E47,,PROCESS,94474092,00F08C10T-20180404082201,U4,2,J5,483,483,8.08,4.44,127,GOOD,GOOD,127.4012,160.061,101.0862,0,0.9055,4/4/2018 12:24
8833,1020,FP9,TOP,4009148925,5/14/2018 10:51,1526294700,TWB_SM3,TWB_PCBA_SM3_TOP_FP,TWB_PCBA_TOP_FP9,1020,TWB_ICT5,TWB_PCBA_ICT,PN-337126,00F08C10,00F08C10,PN-337126,00F08C11,E47,,PROCESS,94474092,00F08C10T-20180404082201,U4,2,C12,483,483,5.78,-4.2,127,GOOD,GOOD,126.8869,162.0386,99.44939000000001,0,0.9055,4/4/2018 12:24
9013,1020,FP9,TOP,4009148925,5/14/2018 10:51,1526294700,TWB_SM3,TWB_PCBA_SM3_TOP_FP,TWB_PCBA_TOP_FP9,1020,TWB_ICT5,TWB_PCBA_ICT,PN-337126,00F08C10,00F08C10,PN-337126,00F08C11,E47,,PROCESS,94474092,00F08C10T-20180404082201,U4,2,B6,483,483,6.56,2.39,127,GOOD,GOOD,133.5741,171.1282,99.12989,0,0.9055,4/4/2018 12:24
9045,1020,FP9,TOP,4009148925,5/14/2018 10:51,1526294700,TWB_SM3,TWB_PCBA_SM3_TOP_FP,TWB_PCBA_TOP_FP9,1020,TWB_ICT5,TWB_PCBA_ICT,PN-337126,00F08C10,00F08C10,PN-337126,00F08C11,E47,,PROCESS,94474092,00F08C10T-20180404082201,U4,2,E12,483,483,9.26,-11.62,127,GOOD,GOOD,115.1047,154.8339,94.41273000000001,0,0.9055,4/4/2018 12:24
9051,1020,FP9,TOP,4009148925,5/14/2018 10:51,1526294700,TWB_SM3,TWB_PCBA_SM3_TOP_FP,TWB_PCBA_TOP_FP9,1020,TWB_ICT5,TWB_PCBA_ICT,PN-337126,00F08C10,00F08C10,PN-337126,00F08C11,E47,,PROCESS,94474092,00F08C10T-20180404082201,U4,2,H8,483,483,4.66,1.21,127,GOOD,GOOD,127.08200000000001,167.2823,96.48006,0,0.9055,4/4/2018 12:24
9134,1020,FP9,TOP,4009148925,5/14/2018 10:51,1526294700,TWB_SM3,TWB_PCBA_SM3_TOP_FP,TWB_PCBA_TOP_FP9,1020,TWB_ICT5,TWB_PCBA_ICT,PN-337126,00F08C10,00F08C10,PN-337126,00F08C11,E47,,PROCESS,94474092,00F08C10T-20180404082201,U4,2,F10,483,483,3.11,-7.45,127,GOOD,GOOD,124.6518,165.158,95.85236,0,0.9055,4/4/2018 12:24
9135,1020,FP9,TOP,4009148925,5/14/2018 10:51,1526294700,TWB_SM3,TWB_PCBA_SM3_TOP_FP,TWB_PCBA_TOP_FP9,1020,TWB_ICT5,TWB_PCBA_ICT,PN-337126,00F08C10,00F08C10,PN-337126,00F08C11,E47,,PROCESS,94474092,00F08C10T-20180404082201,U4,2,N15,483,483,2.98,-2.57,127,GOOD,GOOD,117.0627,153.7072,96.72266,0,0.9055,4/4/2018 12:24
9140,1020,FP9,TOP,4009148925,5/14/2018 10:51,1526294700,TWB_SM3,TWB_PCBA_SM3_TOP_FP,TWB_PCBA_TOP_FP9,1020,TWB_ICT5,TWB_PCBA_ICT,PN-337126,00F08C10,00F08C10,PN-337126,00F08C11,E47,,PROCESS,94474092,00F08C10T-20180404082201,U4,2,T5,483,483,7.82,8.1,127,GOOD,GOOD,119.9024,157.5362,96.661,0,0.9055,4/4/2018 12:24
9244,1020,FP9,TOP,4009148925,5/14/2018 10:51,1526294700,TWB_SM3,TWB_PCBA_SM3_TOP_FP,TWB_PCBA_TOP_FP9,1020,TWB_ICT5,TWB_PCBA_ICT,PN-337126,00F08C10,00F08C10,PN-337126,00F08C11,E47,,PROCESS,94474092,00F08C10T-20180404082201,U4,2,B12,483,483,11.5,-4.72,127,GOOD,GOOD,134.0255,171.6495,99.16277,0,0.9055,4/4/2018 12:24
9398,1020,FP9,TOP,4009148925,5/14/2018 10:51,1526294700,TWB_SM3,TWB_PCBA_SM3_TOP_FP,TWB_PCBA_TOP_FP9,1020,TWB_ICT5,TWB_PCBA_ICT,PN-337126,00F08C10,00F08C10,PN-337126,00F08C11,E47,,PROCESS,94474092,00F08C10T-20180404082201,U4,2,K10,483,483,13.38,1.09,127,GOOD,GOOD,126.7591,161.01,99.98393,0,0.9055,4/4/2018 12:24
9507,1020,FP9,TOP,4009148925,5/14/2018 10:51,1526294700,TWB_SM3,TWB_PCBA_SM3_TOP_FP,TWB_PCBA_TOP_FP9,1020,TWB_ICT5,TWB_PCBA_ICT,PN-337126,00F08C10,00F08C10,PN-337126,00F08C11,E47,,PROCESS,94474092,00F08C10T-20180404082201,U4,2,T2,483,483,10.48,10.83,127,GOOD,GOOD,127.759,162.7166,99.71564000000001,0,0.9055,4/4/2018 12:24
9654,1020,FP9,TOP,4009148925,5/14/2018 10:51,1526294700,TWB_SM3,TWB_PCBA_SM3_TOP_FP,TWB_PCBA_TOP_FP9,1020,TWB_ICT5,TWB_PCBA_ICT,PN-337126,00F08C10,00F08C10,PN-337126,00F08C11,E47,,PROCESS,94474092,00F08C10T-20180404082201,U4,2,A2,483,483,-0.68,-1.12,127,GOOD,GOOD,133.8656,165.8833,102.4873,0,0.9055,4/4/2018 12:24
9655,1020,FP9,TOP,4009148925,5/14/2018 10:51,1526294700,TWB_SM3,TWB_PCBA_SM3_TOP_FP,TWB_PCBA_TOP_FP9,1020,TWB_ICT5,TWB_PCBA_ICT,PN-337126,00F08C10,00F08C10,PN-337126,00F08C11,E47,,PROCESS,94474092,00F08C10T-20180404082201,U4,2,T11,483,483,2.02,-3.98,127,GOOD,GOOD,116.9883,155.5823,95.49611,0,0.9055,4/4/2018 12:24
9698,1020,FP9,TOP,4009148925,5/14/2018 10:51,1526294700,TWB_SM3,TWB_PCBA_SM3_TOP_FP,TWB_PCBA_TOP_FP9,1020,TWB_ICT5,TWB_PCBA_ICT,PN-337126,00F08C10,00F08C10,PN-337126,00F08C11,E47,,PROCESS,94474092,00F08C10T-20180404082201,U4,2,B4,483,483,6.29,1.72,127,GOOD,GOOD,134.1531,163.8193,104.0014,0,0.9055,4/4/2018 12:24
9759,1020,FP9,TOP,4009148925,5/14/2018 10:51,1526294700,TWB_SM3,TWB_PCBA_SM3_TOP_FP,TWB_PCBA_TOP_FP9,1020,TWB_ICT5,TWB_PCBA_ICT,PN-337126,00F08C10,00F08C10,PN-337126,00F08C11,E47,,PROCESS,94474092,00F08C10T-20180404082201,U4,2,K3,483,483,11.2,8.28,127,GOOD,GOOD,131.9357,165.5094,101.238,0,0.9055,4/4/2018 12:24
9816,1020,FP9,TOP,4009148925,5/14/2018 10:51,1526294700,TWB_SM3,TWB_PCBA_SM3_TOP_FP,TWB_PCBA_TOP_FP9,1020,TWB_ICT5,TWB_PCBA_ICT,PN-337126,00F08C10,00F08C10,PN-337126,00F08C11,E47,,PROCESS,94474092,00F08C10T-20180404082201,U4,2,B10,483,483,6.93,-10.36,127,GOOD,GOOD,123.8006,158.9655,98.90624,0,0.9055,4/4/2018 12:24
9817,1020,FP9,TOP,4009148925,5/14/2018 10:51,1526294700,TWB_SM3,TWB_PCBA_SM3_TOP_FP,TWB_PCBA_TOP_FP9,1020,TWB_ICT5,TWB_PCBA_ICT,PN-337126,00F08C10,00F08C10,PN-337126,00F08C11,E47,,PROCESS,94474092,00F08C10T-20180404082201,U4,2,J15,483,483,14.37,-4.65,127,GOOD,GOOD,123.9877,154.6754,101.8032,0,0.9055,4/4/2018 12:24
9818,1020,FP9,TOP,4009148925,5/14/2018 10:51,1526294700,TWB_SM3,TWB_PCBA_SM3_TOP_FP,TWB_PCBA_TOP_FP9,1020,TWB_ICT5,TWB_PCBA_ICT,PN-337126,00F08C10,00F08C10,PN-337126,00F08C11,E47,,PROCESS,94474092,00F08C10T-20180404082201,U4,2,J8,483,483,13.02,5.86,127,GOOD,GOOD,135.7383,162.0181,106.4002,0,0.9055,4/4/2018 12:24
9857,1020,FP9,TOP,4009148925,5/14/2018 10:51,1526294700,TWB_SM3,TWB_PCBA_SM3_TOP_FP,TWB_PCBA_TOP_FP9,1020,TWB_ICT5,TWB_PCBA_ICT,PN-337126,00F08C10,00F08C10,PN-337126,00F08C11,E47,,PROCESS,94474092,00F08C10T-20180404082201,U4,2,G11,483,483,13.01,1.45,127,GOOD,GOOD,135.4123,169.6875,101.3473,0,0.9055,4/4/2018 12:24
10021,1020,FP9,TOP,4009148925,5/14/2018 10:51,1526294700,TWB_SM3,TWB_PCBA_SM3_TOP_FP,TWB_PCBA_TOP_FP9,1020,TWB_ICT5,TWB_PCBA_ICT,PN-337126,00F08C10,00F08C10,PN-337126,00F08C11,E47,,PROCESS,94474092,00F08C10T-20180404082201,U4,2,M7,483,483,12.89,4.2,127,GOOD,GOOD,124.1477,165.4668,95.28650999999999,0,0.9055,4/4/2018 12:24
10043,1020,FP9,TOP,4009148925,5/14/2018 10:51,1526294700,TWB_SM3,TWB_PCBA_SM3_TOP_FP,TWB_PCBA_TOP_FP9,1020,TWB_ICT5,TWB_PCBA_ICT,PN-337126,00F08C10,00F08C10,PN-337126,00F08C11,E47,,PROCESS,94474092,00F08C10T-20180404082201,U4,2,L8,483,483,5.73,-3.04,127,GOOD,GOOD,121.6876,156.6046,98.68372,0,0.9055,4/4/2018 12:24
10165,1020,FPZ1,TOP,4009148925,4/7/2018 14:07,1523109600,TWB_SM3,TWB_PCBA_SM3_SM_TOP_GEN1,TWB_PCBA_TOP_FPZ1,1020,TWB_ICT5,TWB_PCBA_ICT,PN-337126,00F08C10,00F08C10,PN-337126,00F08C11,T18,FAILED SHORTS TEST,SOLD,PN-419257,00F08C10T-20180404082201,U12,2,B3,381,381,-5.34,-7.17,127,GOOD,GOOD,108.4581,142.0786,96.94755,0,0.71427,4/4/2018 12:24
10194,1020,FP9,TOP,4009148925,5/14/2018 10:51,1526294700,TWB_SM3,TWB_PCBA_SM3_TOP_FP,TWB_PCBA_TOP_FP9,1020,TWB_ICT5,TWB_PCBA_ICT,PN-337126,00F08C10,00F08C10,PN-337126,00F08C11,E47,,PROCESS,94474092,00F08C10T-20180404082201,U4,2,C7,483,483,7.19,-4.63,127,GOOD,GOOD,131.179,171.2022,97.31029000000001,0,0.9055,4/4/2018 12:24
10304,1020,FP9,TOP,4009148925,5/14/2018 10:51,1526294700,TWB_SM3,TWB_PCBA_SM3_TOP_FP,TWB_PCBA_TOP_FP9,1020,TWB_ICT5,TWB_PCBA_ICT,PN-337126,00F08C10,00F08C10,PN-337126,00F08C11,E47,,PROCESS,94474092,00F08C10T-20180404082201,U4,2,H9,483,483,11.18,2.78,127,GOOD,GOOD,129.3,168.7218,97.32649,0,0.9055,4/4/2018 12:24
10350,1020,FPZ1,TOP,4009148925,4/7/2018 14:07,1523109600,TWB_SM3,TWB_PCBA_SM3_SM_TOP_GEN1,TWB_PCBA_TOP_FPZ1,1020,TWB_ICT5,TWB_PCBA_ICT,PN-337126,00F08C10,00F08C10,PN-337126,00F08C11,T18,FAILED SHORTS TEST,SOLD,PN-419257,00F08C10T-20180404082201,U12,2,D3,381,381,-5.2,-5.76,127,GOOD,GOOD,106.6114,142.3916,95.08745,0,0.71427,4/4/2018 12:24
10352,1020,FP9,TOP,4009148925,5/14/2018 10:51,1526294700,TWB_SM3,TWB_PCBA_SM3_TOP_FP,TWB_PCBA_TOP_FP9,1020,TWB_ICT5,TWB_PCBA_ICT,PN-337126,00F08C10,00F08C10,PN-337126,00F08C11,E47,,PROCESS,94474092,00F08C10T-20180404082201,U4,2,N13,483,483,13.62,-1.58,127,GOOD,GOOD,126.1844,161.9124,98.97583,0,0.9055,4/4/2018 12:24
10485,1020,FP9,TOP,4009148925,5/14/2018 10:51,1526294700,TWB_SM3,TWB_PCBA_SM3_TOP_FP,TWB_PCBA_TOP_FP9,1020,TWB_ICT5,TWB_PCBA_ICT,PN-337126,00F08C10,00F08C10,PN-337126,00F08C11,E47,,PROCESS,94474092,00F08C10T-20180404082201,U4,2,A11,483,483,7.55,-11.79,127,GOOD,GOOD,126.0836,167.644,95.51563,0,0.9055,4/4/2018 12:24
10702,1020,FP9,TOP,4009148925,5/14/2018 10:51,1526294700,TWB_SM3,TWB_PCBA_SM3_TOP_FP,TWB_PCBA_TOP_FP9,1020,TWB_ICT5,TWB_PCBA_ICT,PN-337126,00F08C10,00F08C10,PN-337126,00F08C11,E47,,PROCESS,94474092,00F08C10T-20180404082201,U4,2,M11,483,483,16.73,-6.07,127,GOOD,GOOD,124.8481,160.4006,98.85070999999999,0,0.9055,4/4/2018 12:24
10707,1020,FP9,TOP,4009148925,5/14/2018 10:51,1526294700,TWB_SM3,TWB_PCBA_SM3_TOP_FP,TWB_PCBA_TOP_FP9,1020,TWB_ICT5,TWB_PCBA_ICT,PN-337126,00F08C10,00F08C10,PN-337126,00F08C11,E47,,PROCESS,94474092,00F08C10T-20180404082201,U4,2,M12,483,483,13.97,-6.97,127,GOOD,GOOD,121.3533,165.735,92.991,0,0.9055,4/4/2018 12:24
10895,1020,FP9,TOP,4009148925,5/14/2018 10:51,1526294700,TWB_SM3,TWB_PCBA_SM3_TOP_FP,TWB_PCBA_TOP_FP9,1020,TWB_ICT5,TWB_PCBA_ICT,PN-337126,00F08C10,00F08C10,PN-337126,00F08C11,E47,,PROCESS,94474092,00F08C10T-20180404082201,U4,2,G3,483,483,1.02,-0.38,127,GOOD,GOOD,123.0086,157.7507,99.03024,0,0.9055,4/4/2018 12:24
10917,1020,FP9,TOP,4009148925,5/14/2018 10:51,1526294700,TWB_SM3,TWB_PCBA_SM3_TOP_FP,TWB_PCBA_TOP_FP9,1020,TWB_ICT5,TWB_PCBA_ICT,PN-337126,00F08C10,00F08C10,PN-337126,00F08C11,E47,,PROCESS,94474092,00F08C10T-20180404082201,U4,2,T8,483,483,-2.27,-1.26,127,GOOD,GOOD,113.2109,148.3419,96.92329000000001,0,0.9055,4/4/2018 12:24
11460,1020,FP9,TOP,4009148925,5/14/2018 10:51,1526294700,TWB_SM3,TWB_PCBA_SM3_TOP_FP,TWB_PCBA_TOP_FP9,1020,TWB_ICT5,TWB_PCBA_ICT,PN-337126,00F08C10,00F08C10,PN-337126,00F08C11,E47,,PROCESS,94474092,00F08C10T-20180404082201,U4,2,T3,483,483,9.21,11.58,127,GOOD,GOOD,123.3857,156.4084,100.1864,0,0.9055,4/4/2018 12:24
11598,1020,FP9,TOP,4009148925,5/14/2018 10:51,1526294700,TWB_SM3,TWB_PCBA_SM3_TOP_FP,TWB_PCBA_TOP_FP9,1020,TWB_ICT5,TWB_PCBA_ICT,PN-337126,00F08C10,00F08C10,PN-337126,00F08C11,E47,,PROCESS,94474092,00F08C10T-20180404082201,U4,2,D16,483,483,14.69,5.23,127,GOOD,GOOD,122.9649,156.5134,99.77766,0,0.9055,4/4/2018 12:24
11606,1020,FP9,TOP,4009148925,5/14/2018 10:51,1526294700,TWB_SM3,TWB_PCBA_SM3_TOP_FP,TWB_PCBA_TOP_FP9,1020,TWB_ICT5,TWB_PCBA_ICT,PN-337126,00F08C10,00F08C10,PN-337126,00F08C11,E47,,PROCESS,94474092,00F08C10T-20180404082201,U4,2,H15,483,483,15.95,-1.02,127,GOOD,GOOD,120.2169,152.6593,100.0106,0,0.9055,4/4/2018 12:24
11760,1020,FP9,TOP,4009148925,5/14/2018 10:51,1526294700,TWB_SM3,TWB_PCBA_SM3_TOP_FP,TWB_PCBA_TOP_FP9,1020,TWB_ICT5,TWB_PCBA_ICT,PN-337126,00F08C10,00F08C10,PN-337126,00F08C11,E47,,PROCESS,94474092,00F08C10T-20180404082201,U4,2,T1,483,483,6.62,15.88,127,GOOD,GOOD,123.0903,149.358,104.6644,0,0.9055,4/4/2018 12:24
11936,1020,FP9,TOP,4009148925,5/14/2018 10:51,1526294700,TWB_SM3,TWB_PCBA_SM3_TOP_FP,TWB_PCBA_TOP_FP9,1020,TWB_ICT5,TWB_PCBA_ICT,PN-337126,00F08C10,00F08C10,PN-337126,00F08C11,E47,,PROCESS,94474092,00F08C10T-20180404082201,U4,2,F7,483,483,11.58,3.56,127,GOOD,GOOD,131.7929,163.155,102.5877,0,0.9055,4/4/2018 12:24
11939,1020,FPZ1,TOP,4009148925,4/7/2018 14:07,1523109600,TWB_SM3,TWB_PCBA_SM3_SM_TOP_GEN1,TWB_PCBA_TOP_FPZ1,1020,TWB_ICT5,TWB_PCBA_ICT,PN-337126,00F08C10,00F08C10,PN-337126,00F08C11,T18,FAILED SHORTS TEST,SOLD,PN-419257,00F08C10T-20180404082201,U12,2,B5,381,381,-2.88,-6.3,127,GOOD,GOOD,115.7855,148.9043,98.75307,0,0.71427,4/4/2018 12:24
11988,1020,FP9,TOP,4009148925,5/14/2018 10:51,1526294700,TWB_SM3,TWB_PCBA_SM3_TOP_FP,TWB_PCBA_TOP_FP9,1020,TWB_ICT5,TWB_PCBA_ICT,PN-337126,00F08C10,00F08C10,PN-337126,00F08C11,E47,,PROCESS,94474092,00F08C10T-20180404082201,U4,2,P3,483,483,4.9,12.19,127,GOOD,GOOD,126.9406,160.916,100.1855,0,0.9055,4/4/2018 12:24
11992,1020,FP9,TOP,4009148925,5/14/2018 10:51,1526294700,TWB_SM3,TWB_PCBA_SM3_TOP_FP,TWB_PCBA_TOP_FP9,1020,TWB_ICT5,TWB_PCBA_ICT,PN-337126,00F08C10,00F08C10,PN-337126,00F08C11,E47,,PROCESS,94474092,00F08C10T-20180404082201,U4,2,C9,483,483,3.32,-4.79,127,GOOD,GOOD,127.8704,164.7504,98.57053,0,0.9055,4/4/2018 12:24
12035,1020,FP9,TOP,4009148925,5/14/2018 10:51,1526294700,TWB_SM3,TWB_PCBA_SM3_TOP_FP,TWB_PCBA_TOP_FP9,1020,TWB_ICT5,TWB_PCBA_ICT,PN-337126,00F08C10,00F08C10,PN-337126,00F08C11,E47,,PROCESS,94474092,00F08C10T-20180404082201,U4,2,D14,483,483,8.62,-5.5,127,GOOD,GOOD,126.6479,161.2235,99.76388,0,0.9055,4/4/2018 12:24
12042,1020,FP9,TOP,4009148925,5/14/2018 10:51,1526294700,TWB_SM3,TWB_PCBA_SM3_TOP_FP,TWB_PCBA_TOP_FP9,1020,TWB_ICT5,TWB_PCBA_ICT,PN-337126,00F08C10,00F08C10,PN-337126,00F08C11,E47,,PROCESS,94474092,00F08C10T-20180404082201,U4,2,R12,483,483,5.8,2.86,127,GOOD,GOOD,124.096,160.8116,98.00412,0,0.9055,4/4/2018 12:24
12178,1020,FP9,TOP,4009148925,5/14/2018 10:51,1526294700,TWB_SM3,TWB_PCBA_SM3_TOP_FP,TWB_PCBA_TOP_FP9,1020,TWB_ICT5,TWB_PCBA_ICT,PN-337126,00F08C10,00F08C10,PN-337126,00F08C11,E47,,PROCESS,94474092,00F08C10T-20180404082201,U4,2,K4,483,483,2.8,7.37,127,GOOD,GOOD,128.0081,158.8092,102.3683,0,0.9055,4/4/2018 12:24
12237,1020,FP9,TOP,4009148925,5/14/2018 10:51,1526294700,TWB_SM3,TWB_PCBA_SM3_TOP_FP,TWB_PCBA_TOP_FP9,1020,TWB_ICT5,TWB_PCBA_ICT,PN-337126,00F08C10,00F08C10,PN-337126,00F08C11,E47,,PROCESS,94474092,00F08C10T-20180404082201,U4,2,L3,483,483,8.8,2.34,127,GOOD,GOOD,124.4899,160.5891,98.45139,0,0.9055,4/4/2018 12:24
12333,1020,FPZ1,TOP,4009148925,4/7/2018 14:07,1523109600,TWB_SM3,TWB_PCBA_SM3_SM_TOP_GEN1,TWB_PCBA_TOP_FPZ1,1020,TWB_ICT5,TWB_PCBA_ICT,PN-337126,00F08C10,00F08C10,PN-337126,00F08C11,T18,FAILED SHORTS TEST,SOLD,PN-419257,00F08C10T-20180404082201,U12,2,G5,381,381,0.67,-2.77,127,GOOD,GOOD,111.5689,144.9621,97.74446,0,0.71427,4/4/2018 12:24
12334,1020,FP9,TOP,4009148925,5/14/2018 10:51,1526294700,TWB_SM3,TWB_PCBA_SM3_TOP_FP,TWB_PCBA_TOP_FP9,1020,TWB_ICT5,TWB_PCBA_ICT,PN-337126,00F08C10,00F08C10,PN-337126,00F08C11,E47,,PROCESS,94474092,00F08C10T-20180404082201,U4,2,F16,483,483,12.37,6.27,127,GOOD,GOOD,113.7417,148.5621,97.23342,0,0.9055,4/4/2018 12:24
12415,1020,FP9,TOP,4009148925,5/14/2018 10:51,1526294700,TWB_SM3,TWB_PCBA_SM3_TOP_FP,TWB_PCBA_TOP_FP9,1020,TWB_ICT5,TWB_PCBA_ICT,PN-337126,00F08C10,00F08C10,PN-337126,00F08C11,E47,,PROCESS,94474092,00F08C10T-20180404082201,U4,2,E15,483,483,14.05,5.66,127,GOOD,GOOD,127.8411,161.9165,100.2728,0,0.9055,4/4/2018 12:24
12440,1020,FP9,TOP,4009148925,5/14/2018 10:51,1526294700,TWB_SM3,TWB_PCBA_SM3_TOP_FP,TWB_PCBA_TOP_FP9,1020,TWB_ICT5,TWB_PCBA_ICT,PN-337126,00F08C10,00F08C10,PN-337126,00F08C11,E47,,PROCESS,94474092,00F08C10T-20180404082201,U4,2,J11,483,483,12.35,-0.18,127,GOOD,GOOD,128.8342,169.3623,96.60909000000001,0,0.9055,4/4/2018 12:24
12441,1020,FP9,TOP,4009148925,5/14/2018 10:51,1526294700,TWB_SM3,TWB_PCBA_SM3_TOP_FP,TWB_PCBA_TOP_FP9,1020,TWB_ICT5,TWB_PCBA_ICT,PN-337126,00F08C10,00F08C10,PN-337126,00F08C11,E47,,PROCESS,94474092,00F08C10T-20180404082201,U4,2,J4,483,483,11.83,8.67,127,GOOD,GOOD,132.2056,166.9524,100.5683,0,0.9055,4/4/2018 12:24
12442,1020,FP9,TOP,4009148925,5/14/2018 10:51,1526294700,TWB_SM3,TWB_PCBA_SM3_TOP_FP,TWB_PCBA_TOP_FP9,1020,TWB_ICT5,TWB_PCBA_ICT,PN-337126,00F08C10,00F08C10,PN-337126,00F08C11,E47,,PROCESS,94474092,00F08C10T-20180404082201,U4,2,R16,483,483,2.21,-9.06,127,GOOD,GOOD,111.4301,148.3885,95.36876,0,0.9055,4/4/2018 12:24
12477,1020,FP9,TOP,4009148925,5/14/2018 10:51,1526294700,TWB_SM3,TWB_PCBA_SM3_TOP_FP,TWB_PCBA_TOP_FP9,1020,TWB_ICT5,TWB_PCBA_ICT,PN-337126,00F08C10,00F08C10,PN-337126,00F08C11,E47,,PROCESS,94474092,00F08C10T-20180404082201,U4,2,P9,483,483,11.67,2.6,127,GOOD,GOOD,126.8935,165.9868,97.08885,0,0.9055,4/4/2018 12:24
12549,1020,FP9,TOP,4009148925,5/14/2018 10:51,1526294700,TWB_SM3,TWB_PCBA_SM3_TOP_FP,TWB_PCBA_TOP_FP9,1020,TWB_ICT5,TWB_PCBA_ICT,PN-337126,00F08C10,00F08C10,PN-337126,00F08C11,E47,,PROCESS,94474092,00F08C10T-20180404082201,U4,2,F5,483,483,2.86,-2.08,127,GOOD,GOOD,123.8489,163.3669,96.27899000000001,0,0.9055,4/4/2018 12:24
12783,1020,FP9,TOP,4009148925,5/14/2018 10:51,1526294700,TWB_SM3,TWB_PCBA_SM3_TOP_FP,TWB_PCBA_TOP_FP9,1020,TWB_ICT5,TWB_PCBA_ICT,PN-337126,00F08C10,00F08C10,PN-337126,00F08C11,E47,,PROCESS,94474092,00F08C10T-20180404082201,U4,2,C14,483,483,7.71,6.53,127,GOOD,GOOD,122.8783,158.8004,98.2715,0,0.9055,4/4/2018 12:24
12790,1020,FP9,TOP,4009148925,5/14/2018 10:51,1526294700,TWB_SM3,TWB_PCBA_SM3_TOP_FP,TWB_PCBA_TOP_FP9,1020,TWB_ICT5,TWB_PCBA_ICT,PN-337126,00F08C10,00F08C10,PN-337126,00F08C11,E47,,PROCESS,94474092,00F08C10T-20180404082201,U4,2,H14,483,483,14.74,3.2,127,GOOD,GOOD,123.316,155.7698,100.5402,0,0.9055,4/4/2018 12:24
12836,1020,FPZ1,TOP,4009148925,4/7/2018 14:07,1523109600,TWB_SM3,TWB_PCBA_SM3_SM_TOP_GEN1,TWB_PCBA_TOP_FPZ1,1020,TWB_ICT5,TWB_PCBA_ICT,PN-337126,00F08C10,00F08C10,PN-337126,00F08C11,T18,FAILED SHORTS TEST,SOLD,PN-419257,00F08C10T-20180404082201,U12,2,B2,381,381,-6.05,1.39,127,GOOD,GOOD,109.9295,136.5586,102.2348,0,0.71427,4/4/2018 12:24
12870,1020,FPZ1,TOP,4009148925,4/7/2018 14:07,1523109600,TWB_SM3,TWB_PCBA_SM3_SM_TOP_GEN1,TWB_PCBA_TOP_FPZ1,1020,TWB_ICT5,TWB_PCBA_ICT,PN-337126,00F08C10,00F08C10,PN-337126,00F08C11,T18,FAILED SHORTS TEST,SOLD,PN-419257,00F08C10T-20180404082201,U12,2,C2,381,381,-0.65,2.1,127,GOOD,GOOD,108.891,142.0731,97.33833,0,0.71427,4/4/2018 12:24
12871,1020,FP9,TOP,4009148925,5/14/2018 10:51,1526294700,TWB_SM3,TWB_PCBA_SM3_TOP_FP,TWB_PCBA_TOP_FP9,1020,TWB_ICT5,TWB_PCBA_ICT,PN-337126,00F08C10,00F08C10,PN-337126,00F08C11,E47,,PROCESS,94474092,00F08C10T-20180404082201,U4,2,B3,483,483,2.27,1.8,127,GOOD,GOOD,131.8332,162.8727,102.7969,0,0.9055,4/4/2018 12:24
12985,1020,FP9,TOP,4009148925,5/14/2018 10:51,1526294700,TWB_SM3,TWB_PCBA_SM3_TOP_FP,TWB_PCBA_TOP_FP9,1020,TWB_ICT5,TWB_PCBA_ICT,PN-337126,00F08C10,00F08C10,PN-337126,00F08C11,E47,,PROCESS,94474092,00F08C10T-20180404082201,U4,2,R4,483,483,9.01,10.97,127,GOOD,GOOD,129.1361,166.8772,98.27757,0,0.9055,4/4/2018 12:24
12998,1020,FP9,TOP,4009148925,5/14/2018 10:51,1526294700,TWB_SM3,TWB_PCBA_SM3_TOP_FP,TWB_PCBA_TOP_FP9,1020,TWB_ICT5,TWB_PCBA_ICT,PN-337126,00F08C10,00F08C10,PN-337126,00F08C11,E47,,PROCESS,94474092,00F08C10T-20180404082201,U4,2,C2,483,483,9.42,6.55,127,GOOD,GOOD,133.9395,164.3148,103.5227,0,0.9055,4/4/2018 12:24
13037,1020,FP9,TOP,4009148925,5/14/2018 10:51,1526294700,TWB_SM3,TWB_PCBA_SM3_TOP_FP,TWB_PCBA_TOP_FP9,1020,TWB_ICT5,TWB_PCBA_ICT,PN-337126,00F08C10,00F08C10,PN-337126,00F08C11,E47,,PROCESS,94474092,00F08C10T-20180404082201,U4,2,N1,483,483,6.37,10.17,127,GOOD,GOOD,122.916,154.8638,100.8004,0,0.9055,4/4/2018 12:24
13131,1020,FP9,TOP,4009148925,5/14/2018 10:51,1526294700,TWB_SM3,TWB_PCBA_SM3_TOP_FP,TWB_PCBA_TOP_FP9,1020,TWB_ICT5,TWB_PCBA_ICT,PN-337126,00F08C10,00F08C10,PN-337126,00F08C11,E47,,PROCESS,94474092,00F08C10T-20180404082201,U4,2,G10,483,483,12.31,-3.44,127,GOOD,GOOD,132.6963,166.6728,101.1108,0,0.9055,4/4/2018 12:24
13141,1020,FPZ1,TOP,4009148925,4/7/2018 14:07,1523109600,TWB_SM3,TWB_PCBA_SM3_SM_TOP_GEN1,TWB_PCBA_TOP_FPZ1,1020,TWB_ICT5,TWB_PCBA_ICT,PN-337126,00F08C10,00F08C10,PN-337126,00F08C11,T18,FAILED SHORTS TEST,SOLD,PN-419257,00F08C10T-20180404082201,U12,2,E5,381,381,-4.7,-4.18,127,GOOD,GOOD,97.0218,136.974,89.95698,0,0.71427,4/4/2018 12:24
13478,1020,FP9,TOP,4009148925,5/14/2018 10:51,1526294700,TWB_SM3,TWB_PCBA_SM3_TOP_FP,TWB_PCBA_TOP_FP9,1020,TWB_ICT5,TWB_PCBA_ICT,PN-337126,00F08C10,00F08C10,PN-337126,00F08C11,E47,,PROCESS,94474092,00F08C10T-20180404082201,U4,2,D6,483,483,8.38,-5.68,127,GOOD,GOOD,131.6501,168.5924,99.17152,0,0.9055,4/4/2018 12:24
13481,1020,FPZ1,TOP,4009148925,4/7/2018 14:07,1523109600,TWB_SM3,TWB_PCBA_SM3_SM_TOP_GEN1,TWB_PCBA_TOP_FPZ1,1020,TWB_ICT5,TWB_PCBA_ICT,PN-337126,00F08C10,00F08C10,PN-337126,00F08C11,T18,FAILED SHORTS TEST,SOLD,PN-419257,00F08C10T-20180404082201,U12,2,E4,381,381,3.0,4.39,127,GOOD,GOOD,110.2959,137.7786,101.6673,0,0.71427,4/4/2018 12:24
13557,1020,FPZ1,TOP,4009148925,4/7/2018 14:07,1523109600,TWB_SM3,TWB_PCBA_SM3_SM_TOP_GEN1,TWB_PCBA_TOP_FPZ1,1020,TWB_ICT5,TWB_PCBA_ICT,PN-337126,00F08C10,00F08C10,PN-337126,00F08C11,T18,FAILED SHORTS TEST,SOLD,PN-419257,00F08C10T-20180404082201,U12,2,E2,381,381,2.63,3.51,127,GOOD,GOOD,108.6024,146.1315,94.38419,0,0.71427,4/4/2018 12:24
13577,1020,FP9,TOP,4009148925,5/14/2018 10:51,1526294700,TWB_SM3,TWB_PCBA_SM3_TOP_FP,TWB_PCBA_TOP_FP9,1020,TWB_ICT5,TWB_PCBA_ICT,PN-337126,00F08C10,00F08C10,PN-337126,00F08C11,E47,,PROCESS,94474092,00F08C10T-20180404082201,U4,2,D10,483,483,8.75,-1.04,127,GOOD,GOOD,125.7368,157.7711,101.2136,0,0.9055,4/4/2018 12:24
13578,1020,FP9,TOP,4009148925,5/14/2018 10:51,1526294700,TWB_SM3,TWB_PCBA_SM3_TOP_FP,TWB_PCBA_TOP_FP9,1020,TWB_ICT5,TWB_PCBA_ICT,PN-337126,00F08C10,00F08C10,PN-337126,00F08C11,E47,,PROCESS,94474092,00F08C10T-20180404082201,U4,2,L15,483,483,17.85,-1.95,127,GOOD,GOOD,124.637,161.5562,97.97765,0,0.9055,4/4/2018 12:24
13625,1020,FP9,TOP,4009148925,5/14/2018 10:51,1526294700,TWB_SM3,TWB_PCBA_SM3_TOP_FP,TWB_PCBA_TOP_FP9,1020,TWB_ICT5,TWB_PCBA_ICT,PN-337126,00F08C10,00F08C10,PN-337126,00F08C11,E47,,PROCESS,94474092,00F08C10T-20180404082201,U4,2,T9,483,483,1.77,6.95,127,GOOD,GOOD,122.8848,152.6038,102.2672,0,0.9055,4/4/2018 12:24
13974,1020,FPZ1,TOP,4009148925,4/7/2018 14:07,1523109600,TWB_SM3,TWB_PCBA_SM3_SM_TOP_GEN1,TWB_PCBA_TOP_FPZ1,1020,TWB_ICT5,TWB_PCBA_ICT,PN-337126,00F08C10,00F08C10,PN-337126,00F08C11,T18,FAILED SHORTS TEST,SOLD,PN-419257,00F08C10T-20180404082201,U12,2,D5,381,381,-8.0,-4.89,127,GOOD,GOOD,108.1251,140.1495,97.98021999999999,0,0.71427,4/4/2018 12:24
13990,1020,FP9,TOP,4009148925,5/14/2018 10:51,1526294700,TWB_SM3,TWB_PCBA_SM3_TOP_FP,TWB_PCBA_TOP_FP9,1020,TWB_ICT5,TWB_PCBA_ICT,PN-337126,00F08C10,00F08C10,PN-337126,00F08C11,E47,,PROCESS,94474092,00F08C10T-20180404082201,U4,2,B11,483,483,9.29,-4.64,127,GOOD,GOOD,132.3309,163.7048,102.6606,0,0.9055,4/4/2018 12:24
13991,1020,FP9,TOP,4009148925,5/14/2018 10:51,1526294700,TWB_SM3,TWB_PCBA_SM3_TOP_FP,TWB_PCBA_TOP_FP9,1020,TWB_ICT5,TWB_PCBA_ICT,PN-337126,00F08C10,00F08C10,PN-337126,00F08C11,E47,,PROCESS,94474092,00F08C10T-20180404082201,U4,2,J16,483,483,12.61,-3.9,127,GOOD,GOOD,121.6531,155.3435,99.45663,0,0.9055,4/4/2018 12:24
13992,1020,FP9,TOP,4009148925,5/14/2018 10:51,1526294700,TWB_SM3,TWB_PCBA_SM3_TOP_FP,TWB_PCBA_TOP_FP9,1020,TWB_ICT5,TWB_PCBA_ICT,PN-337126,00F08C10,00F08C10,PN-337126,00F08C11,E47,,PROCESS,94474092,00F08C10T-20180404082201,U4,2,J9,483,483,15.4,4.95,127,GOOD,GOOD,137.1276,168.7326,103.2119,0,0.9055,4/4/2018 12:24
14007,1020,FP9,TOP,4009148925,5/14/2018 10:51,1526294700,TWB_SM3,TWB_PCBA_SM3_TOP_FP,TWB_PCBA_TOP_FP9,1020,TWB_ICT5,TWB_PCBA_ICT,PN-337126,00F08C10,00F08C10,PN-337126,00F08C11,E47,,PROCESS,94474092,00F08C10T-20180404082201,U4,2,T6,483,483,9.35,8.02,127,GOOD,GOOD,123.948,163.5019,96.27651,0,0.9055,4/4/2018 12:24
14047,1020,FP9,TOP,4009148925,5/14/2018 10:51,1526294700,TWB_SM3,TWB_PCBA_SM3_TOP_FP,TWB_PCBA_TOP_FP9,1020,TWB_ICT5,TWB_PCBA_ICT,PN-337126,00F08C10,00F08C10,PN-337126,00F08C11,E47,,PROCESS,94474092,00F08C10T-20180404082201,U4,2,N2,483,483,10.23,2.63,127,GOOD,GOOD,121.5908,156.4659,98.69263000000001,0,0.9055,4/4/2018 12:24
14103,1020,FP9,TOP,4009148925,5/14/2018 10:51,1526294700,TWB_SM3,TWB_PCBA_SM3_TOP_FP,TWB_PCBA_TOP_FP9,1020,TWB_ICT5,TWB_PCBA_ICT,PN-337126,00F08C10,00F08C10,PN-337126,00F08C11,E47,,PROCESS,94474092,00F08C10T-20180404082201,U4,2,K5,483,483,8.16,1.49,127,GOOD,GOOD,122.1562,160.8727,96.43544,0,0.9055,4/4/2018 12:24
14691,1020,FP9,TOP,4009148925,5/14/2018 10:51,1526294700,TWB_SM3,TWB_PCBA_SM3_TOP_FP,TWB_PCBA_TOP_FP9,1020,TWB_ICT5,TWB_PCBA_ICT,PN-337126,00F08C10,00F08C10,PN-337126,00F08C11,E47,,PROCESS,94474092,00F08C10T-20180404082201,U4,2,A10,483,483,6.02,-10.88,127,GOOD,GOOD,125.8129,155.0769,103.0343,0,0.9055,4/4/2018 12:24
14704,1020,FP9,TOP,4009148925,5/14/2018 10:51,1526294700,TWB_SM3,TWB_PCBA_SM3_TOP_FP,TWB_PCBA_TOP_FP9,1020,TWB_ICT5,TWB_PCBA_ICT,PN-337126,00F08C10,00F08C10,PN-337126,00F08C11,E47,,PROCESS,94474092,00F08C10T-20180404082201,U4,2,C5,483,483,5.94,1.33,127,GOOD,GOOD,126.8261,160.7318,100.2099,0,0.9055,4/4/2018 12:24
14996,1020,FPZ1,TOP,4009148925,4/7/2018 14:07,1523109600,TWB_SM3,TWB_PCBA_SM3_SM_TOP_GEN1,TWB_PCBA_TOP_FPZ1,1020,TWB_ICT5,TWB_PCBA_ICT,PN-337126,00F08C10,00F08C10,PN-337126,00F08C11,T18,FAILED SHORTS TEST,SOLD,PN-419257,00F08C10T-20180404082201,U12,2,A5,381,381,3.39,-7.0,127,GOOD,GOOD,110.9632,147.9189,95.27065,0,0.71427,4/4/2018 12:24
15004,1020,FPZ1,TOP,4009148925,4/7/2018 14:07,1523109600,TWB_SM3,TWB_PCBA_SM3_SM_TOP_GEN1,TWB_PCBA_TOP_FPZ1,1020,TWB_ICT5,TWB_PCBA_ICT,PN-337126,00F08C10,00F08C10,PN-337126,00F08C11,T18,FAILED SHORTS TEST,SOLD,PN-419257,00F08C10T-20180404082201,U12,2,B4,381,381,-7.79,2.27,127,GOOD,GOOD,96.60629,135.3117,90.67214,0,0.71427,4/4/2018 12:24
15016,1020,FP9,TOP,4009148925,5/14/2018 10:51,1526294700,TWB_SM3,TWB_PCBA_SM3_TOP_FP,TWB_PCBA_TOP_FP9,1020,TWB_ICT5,TWB_PCBA_ICT,PN-337126,00F08C10,00F08C10,PN-337126,00F08C11,E47,,PROCESS,94474092,00F08C10T-20180404082201,U4,2,K14,483,483,15.73,-0.07,127,GOOD,GOOD,129.5358,160.7121,102.3634,0,0.9055,4/4/2018 12:24
15202,1020,FPZ1,TOP,4009148925,4/7/2018 14:07,1523109600,TWB_SM3,TWB_PCBA_SM3_SM_TOP_GEN1,TWB_PCBA_TOP_FPZ1,1020,TWB_ICT5,TWB_PCBA_ICT,PN-337126,00F08C10,00F08C10,PN-337126,00F08C11,T18,FAILED SHORTS TEST,SOLD,PN-419257,00F08C10T-20180404082201,U12,2,A1,381,381,3.72,-8.75,127,GOOD,GOOD,109.2131,147.7206,93.89393000000001,0,0.71427,4/4/2018 12:24
15407,1020,FP9,TOP,4009148925,5/14/2018 10:51,1526294700,TWB_SM3,TWB_PCBA_SM3_TOP_FP,TWB_PCBA_TOP_FP9,1020,TWB_ICT5,TWB_PCBA_ICT,PN-337126,00F08C10,00F08C10,PN-337126,00F08C11,E47,,PROCESS,94474092,00F08C10T-20180404082201,U4,2,N3,483,483,3.99,11.66,127,GOOD,GOOD,127.1774,159.9751,100.9627,0,0.9055,4/4/2018 12:24
15440,1020,FP9,TOP,4009148925,5/14/2018 10:51,1526294700,TWB_SM3,TWB_PCBA_SM3_TOP_FP,TWB_PCBA_TOP_FP9,1020,TWB_ICT5,TWB_PCBA_ICT,PN-337126,00F08C10,00F08C10,PN-337126,00F08C11,E47,,PROCESS,94474092,00F08C10T-20180404082201,U4,2,G16,483,483,10.79,7.8,127,GOOD,GOOD,119.5439,153.1138,99.15549,0,0.9055,4/4/2018 12:24
15448,1020,FP9,TOP,4009148925,5/14/2018 10:51,1526294700,TWB_SM3,TWB_PCBA_SM3_TOP_FP,TWB_PCBA_TOP_FP9,1020,TWB_ICT5,TWB_PCBA_ICT,PN-337126,00F08C10,00F08C10,PN-337126,00F08C11,E47,,PROCESS,94474092,00F08C10T-20180404082201,U4,2,J2,483,483,5.77,1.37,127,GOOD,GOOD,123.5891,155.8879,100.6865,0,0.9055,4/4/2018 12:24
15449,1020,FP9,TOP,4009148925,5/14/2018 10:51,1526294700,TWB_SM3,TWB_PCBA_SM3_TOP_FP,TWB_PCBA_TOP_FP9,1020,TWB_ICT5,TWB_PCBA_ICT,PN-337126,00F08C10,00F08C10,PN-337126,00F08C11,E47,,PROCESS,94474092,00F08C10T-20180404082201,U4,2,R14,483,483,13.53,3.53,127,GOOD,GOOD,122.8218,151.0399,103.2732,0,0.9055,4/4/2018 12:24
15893,1020,FPZ1,TOP,4009148925,4/7/2018 14:07,1523109600,TWB_SM3,TWB_PCBA_SM3_SM_TOP_GEN1,TWB_PCBA_TOP_FPZ1,1020,TWB_ICT5,TWB_PCBA_ICT,PN-337126,00F08C10,00F08C10,PN-337126,00F08C11,T18,FAILED SHORTS TEST,SOLD,PN-419257,00F08C10T-20180404082201,U12,2,F1,381,381,-6.48,-5.23,127,GOOD,GOOD,107.00200000000001,139.5057,97.4101,0,0.71427,4/4/2018 12:24
15913,1020,FP9,TOP,4009148925,5/14/2018 10:51,1526294700,TWB_SM3,TWB_PCBA_SM3_TOP_FP,TWB_PCBA_TOP_FP9,1020,TWB_ICT5,TWB_PCBA_ICT,PN-337126,00F08C10,00F08C10,PN-337126,00F08C11,E47,,PROCESS,94474092,00F08C10T-20180404082201,U4,2,P11,483,483,1.86,4.09,127,GOOD,GOOD,123.795,161.4652,97.37066999999999,0,0.9055,4/4/2018 12:24
15917,1020,FP9,TOP,4009148925,5/14/2018 10:51,1526294700,TWB_SM3,TWB_PCBA_SM3_TOP_FP,TWB_PCBA_TOP_FP9,1020,TWB_ICT5,TWB_PCBA_ICT,PN-337126,00F08C10,00F08C10,PN-337126,00F08C11,E47,,PROCESS,94474092,00F08C10T-20180404082201,U4,2,B9,483,483,10.69,-0.34,127,GOOD,GOOD,133.1351,170.4103,99.22033,0,0.9055,4/4/2018 12:24
15919,1020,FP9,TOP,4009148925,5/14/2018 10:51,1526294700,TWB_SM3,TWB_PCBA_SM3_TOP_FP,TWB_PCBA_TOP_FP9,1020,TWB_ICT5,TWB_PCBA_ICT,PN-337126,00F08C10,00F08C10,PN-337126,00F08C11,E47,,PROCESS,94474092,00F08C10T-20180404082201,U4,2,A5,483,483,5.77,2.78,127,GOOD,GOOD,128.0615,161.7791,100.531,0,0.9055,4/4/2018 12:24
15920,1020,FP9,TOP,4009148925,5/14/2018 10:51,1526294700,TWB_SM3,TWB_PCBA_SM3_TOP_FP,TWB_PCBA_TOP_FP9,1020,TWB_ICT5,TWB_PCBA_ICT,PN-337126,00F08C10,00F08C10,PN-337126,00F08C11,E47,,PROCESS,94474092,00F08C10T-20180404082201,U4,2,T14,483,483,2.85,2.4,127,GOOD,GOOD,114.4464,153.0081,94.99301,0,0.9055,4/4/2018 12:24
15941,1020,FP9,TOP,4009148925,5/14/2018 10:51,1526294700,TWB_SM3,TWB_PCBA_SM3_TOP_FP,TWB_PCBA_TOP_FP9,1020,TWB_ICT5,TWB_PCBA_ICT,PN-337126,00F08C10,00F08C10,PN-337126,00F08C11,E47,,PROCESS,94474092,00F08C10T-20180404082201,U4,2,C16,483,483,8.81,4.71,127,GOOD,GOOD,123.3211,162.9883,96.09145,0,0.9055,4/4/2018 12:24
17371,1020,FP9,TOP,4009148925,5/14/2018 10:51,1526294700,TWB_SM3,TWB_PCBA_SM3_TOP_FP,TWB_PCBA_TOP_FP9,1020,TWB_ICT5,TWB_PCBA_ICT,PN-337126,00F08C10,00F08C10,PN-337126,00F08C11,E47,,PROCESS,94474092,00F08C10T-20180404082201,U4,2,N14,483,483,4.26,0.83,127,GOOD,GOOD,123.7152,158.15200000000002,99.34637,0,0.9055,4/4/2018 12:24
17385,1020,FPZ1,TOP,4009148925,4/7/2018 14:07,1523109600,TWB_SM3,TWB_PCBA_SM3_SM_TOP_GEN1,TWB_PCBA_TOP_FPZ1,1020,TWB_ICT5,TWB_PCBA_ICT,PN-337126,00F08C10,00F08C10,PN-337126,00F08C11,T18,FAILED SHORTS TEST,SOLD,PN-419257,00F08C10T-20180404082201,U12,2,F6,381,381,-13.45,6.97,127,GOOD,GOOD,107.119,143.7525,94.6357,0,0.71427,4/4/2018 12:24
17406,1020,FP9,TOP,4009148925,5/14/2018 10:51,1526294700,TWB_SM3,TWB_PCBA_SM3_TOP_FP,TWB_PCBA_TOP_FP9,1020,TWB_ICT5,TWB_PCBA_ICT,PN-337126,00F08C10,00F08C10,PN-337126,00F08C11,E47,,PROCESS,94474092,00F08C10T-20180404082201,U4,2,E4,483,483,5.71,-1.86,127,GOOD,GOOD,130.1175,163.7811,100.8964,0,0.9055,4/4/2018 12:24
17672,1020,FP9,TOP,4009148925,5/14/2018 10:51,1526294700,TWB_SM3,TWB_PCBA_SM3_TOP_FP,TWB_PCBA_TOP_FP9,1020,TWB_ICT5,TWB_PCBA_ICT,PN-337126,00F08C10,00F08C10,PN-337126,00F08C11,E47,,PROCESS,94474092,00F08C10T-20180404082201,U4,2,C3,483,483,5.66,2.32,127,GOOD,GOOD,134.7405,168.9288,101.2973,0,0.9055,4/4/2018 12:24
17694,1020,FPZ1,TOP,4009148925,4/7/2018 14:07,1523109600,TWB_SM3,TWB_PCBA_SM3_SM_TOP_GEN1,TWB_PCBA_TOP_FPZ1,1020,TWB_ICT5,TWB_PCBA_ICT,PN-337126,00F08C10,00F08C10,PN-337126,00F08C11,T18,FAILED SHORTS TEST,SOLD,PN-419257,00F08C10T-20180404082201,U12,2,A6,381,381,7.25,3.44,127,GOOD,GOOD,122.15899999999999,158.4635,97.90388,0,0.71427,4/4/2018 12:24
17743,1020,FPZ1,TOP,4009148925,4/7/2018 14:07,1523109600,TWB_SM3,TWB_PCBA_SM3_SM_TOP_GEN1,TWB_PCBA_TOP_FPZ1,1020,TWB_ICT5,TWB_PCBA_ICT,PN-337126,00F08C10,00F08C10,PN-337126,00F08C11,T18,FAILED SHORTS TEST,SOLD,PN-419257,00F08C10T-20180404082201,U12,2,C5,381,381,-3.79,-5.59,127,GOOD,GOOD,106.8337,145.4928,93.25461,0,0.71427,4/4/2018 12:24
17947,1020,FP9,TOP,4009148925,5/14/2018 10:51,1526294700,TWB_SM3,TWB_PCBA_SM3_TOP_FP,TWB_PCBA_TOP_FP9,1020,TWB_ICT5,TWB_PCBA_ICT,PN-337126,00F08C10,00F08C10,PN-337126,00F08C11,E47,,PROCESS,94474092,00F08C10T-20180404082201,U4,2,N9,483,483,15.73,3.72,127,GOOD,GOOD,130.3755,166.1785,99.63799999999999,0,0.9055,4/4/2018 12:24
18199,1020,FP9,TOP,4009148925,5/14/2018 10:51,1526294700,TWB_SM3,TWB_PCBA_SM3_TOP_FP,TWB_PCBA_TOP_FP9,1020,TWB_ICT5,TWB_PCBA_ICT,PN-337126,00F08C10,00F08C10,PN-337126,00F08C11,E47,,PROCESS,94474092,00F08C10T-20180404082201,U4,2,P7,483,483,10.57,6.07,127,GOOD,GOOD,127.4635,168.2945,96.18769,0,0.9055,4/4/2018 12:24
18279,1020,FP9,TOP,4009148925,5/14/2018 10:51,1526294700,TWB_SM3,TWB_PCBA_SM3_TOP_FP,TWB_PCBA_TOP_FP9,1020,TWB_ICT5,TWB_PCBA_ICT,PN-337126,00F08C10,00F08C10,PN-337126,00F08C11,E47,,PROCESS,94474092,00F08C10T-20180404082201,U4,2,D7,483,483,9.76,1.69,127,GOOD,GOOD,133.1125,166.0775,101.7916,0,0.9055,4/4/2018 12:24
18517,1020,FP9,TOP,4009148925,5/14/2018 10:51,1526294700,TWB_SM3,TWB_PCBA_SM3_TOP_FP,TWB_PCBA_TOP_FP9,1020,TWB_ICT5,TWB_PCBA_ICT,PN-337126,00F08C10,00F08C10,PN-337126,00F08C11,E47,,PROCESS,94474092,00F08C10T-20180404082201,U4,2,L5,483,483,9.9,8.8,127,GOOD,GOOD,127.8894,163.8096,99.15143,0,0.9055,4/4/2018 12:24
18527,1020,FPZ1,TOP,4009148925,4/7/2018 14:07,1523109600,TWB_SM3,TWB_PCBA_SM3_SM_TOP_GEN1,TWB_PCBA_TOP_FPZ1,1020,TWB_ICT5,TWB_PCBA_ICT,PN-337126,00F08C10,00F08C10,PN-337126,00F08C11,T18,FAILED SHORTS TEST,SOLD,PN-419257,00F08C10T-20180404082201,U12,2,A3,381,381,3.03,-5.77,127,GOOD,GOOD,121.8576,158.9987,97.33359,0,0.71427,4/4/2018 12:24
19012,1020,FP9,TOP,4009148925,5/14/2018 10:51,1526294700,TWB_SM3,TWB_PCBA_SM3_TOP_FP,TWB_PCBA_TOP_FP9,1020,TWB_ICT5,TWB_PCBA_ICT,PN-337126,00F08C10,00F08C10,PN-337126,00F08C11,E47,,PROCESS,94474092,00F08C10T-20180404082201,U4,2,N11,483,483,15.16,1.07,127,GOOD,GOOD,127.3089,164.6084,98.22243,0,0.9055,4/4/2018 12:24
19047,1020,FP9,TOP,4009148925,5/14/2018 10:51,1526294700,TWB_SM3,TWB_PCBA_SM3_TOP_FP,TWB_PCBA_TOP_FP9,1020,TWB_ICT5,TWB_PCBA_ICT,PN-337126,00F08C10,00F08C10,PN-337126,00F08C11,E47,,PROCESS,94474092,00F08C10T-20180404082201,U4,2,F2,483,483,8.01,8.11,127,GOOD,GOOD,129.1705,161.0883,101.8364,0,0.9055,4/4/2018 12:24
19061,1020,FP9,TOP,4009148925,5/14/2018 10:51,1526294700,TWB_SM3,TWB_PCBA_SM3_TOP_FP,TWB_PCBA_TOP_FP9,1020,TWB_ICT5,TWB_PCBA_ICT,PN-337126,00F08C10,00F08C10,PN-337126,00F08C11,E47,,PROCESS,94474092,00F08C10T-20180404082201,U4,2,P1,483,483,4.8,4.07,127,GOOD,GOOD,119.3326,153.805,98.53536,0,0.9055,4/4/2018 12:24
19935,1020,FPZ1,TOP,4009148925,4/7/2018 14:07,1523109600,TWB_SM3,TWB_PCBA_SM3_SM_TOP_GEN1,TWB_PCBA_TOP_FPZ1,1020,TWB_ICT5,TWB_PCBA_ICT,PN-337126,00F08C10,00F08C10,PN-337126,00F08C11,T18,FAILED SHORTS TEST,SOLD,PN-419257,00F08C10T-20180404082201,U12,2,F2,381,381,-6.82,4.22,127,GOOD,GOOD,107.4226,138.1169,98.7763,0,0.71427,4/4/2018 12:24
19943,1020,FP9,TOP,4009148925,5/14/2018 10:51,1526294700,TWB_SM3,TWB_PCBA_SM3_TOP_FP,TWB_PCBA_TOP_FP9,1020,TWB_ICT5,TWB_PCBA_ICT,PN-337126,00F08C10,00F08C10,PN-337126,00F08C11,E47,,PROCESS,94474092,00F08C10T-20180404082201,U4,2,L14,483,483,16.64,0.62,127,GOOD,GOOD,126.9398,158.9822,101.4035,0,0.9055,4/4/2018 12:24
19946,1020,FP9,TOP,4009148925,5/14/2018 10:51,1526294700,TWB_SM3,TWB_PCBA_SM3_TOP_FP,TWB_PCBA_TOP_FP9,1020,TWB_ICT5,TWB_PCBA_ICT,PN-337126,00F08C10,00F08C10,PN-337126,00F08C11,E47,,PROCESS,94474092,00F08C10T-20180404082201,U4,2,D11,483,483,11.11,-5.26,127,GOOD,GOOD,131.2458,171.9554,96.93337,0,0.9055,4/4/2018 12:24
19947,1020,FP9,TOP,4009148925,5/14/2018 10:51,1526294700,TWB_SM3,TWB_PCBA_SM3_TOP_FP,TWB_PCBA_TOP_FP9,1020,TWB_ICT5,TWB_PCBA_ICT,PN-337126,00F08C10,00F08C10,PN-337126,00F08C11,E47,,PROCESS,94474092,00F08C10T-20180404082201,U4,2,L16,483,483,16.92,-7.0,127,GOOD,GOOD,119.8619,155.095,98.14925,0,0.9055,4/4/2018 12:24
19997,1020,FP9,TOP,4009148925,5/14/2018 10:51,1526294700,TWB_SM3,TWB_PCBA_SM3_TOP_FP,TWB_PCBA_TOP_FP9,1020,TWB_ICT5,TWB_PCBA_ICT,PN-337126,00F08C10,00F08C10,PN-337126,00F08C11,E47,,PROCESS,94474092,00F08C10T-20180404082201,U4,2,E14,483,483,12.02,-4.32,127,GOOD,GOOD,129.4145,163.2896,100.6534,0,0.9055,4/4/2018 12:24
20002,1020,FP9,TOP,4009148925,5/14/2018 10:51,1526294700,TWB_SM3,TWB_PCBA_SM3_TOP_FP,TWB_PCBA_TOP_FP9,1020,TWB_ICT5,TWB_PCBA_ICT,PN-337126,00F08C10,00F08C10,PN-337126,00F08C11,E47,,PROCESS,94474092,00F08C10T-20180404082201,U4,2,E7,483,483,9.01,-0.44,127,GOOD,GOOD,132.2157,162.0128,103.6424,0,0.9055,4/4/2018 12:24
20069,1020,FPZ1,TOP,4009148925,4/7/2018 14:07,1523109600,TWB_SM3,TWB_PCBA_SM3_SM_TOP_GEN1,TWB_PCBA_TOP_FPZ1,1020,TWB_ICT5,TWB_PCBA_ICT,PN-337126,00F08C10,00F08C10,PN-337126,00F08C11,T18,FAILED SHORTS TEST,SOLD,PN-419257,00F08C10T-20180404082201,U12,2,C4,381,381,-1.34,2.98,127,GOOD,GOOD,98.44247,135.2518,92.43645,0,0.71427,4/4/2018 12:24
20182,1020,FP9,TOP,4009148925,5/14/2018 10:51,1526294700,TWB_SM3,TWB_PCBA_SM3_TOP_FP,TWB_PCBA_TOP_FP9,1020,TWB_ICT5,TWB_PCBA_ICT,PN-337126,00F08C10,00F08C10,PN-337126,00F08C11,E47,,PROCESS,94474092,00F08C10T-20180404082201,U4,2,G12,483,483,11.08,-8.57,127,GOOD,GOOD,120.0371,157.6666,96.68956999999999,0,0.9055,4/4/2018 12:24
20234,1020,FP9,TOP,4009148925,5/14/2018 10:51,1526294700,TWB_SM3,TWB_PCBA_SM3_TOP_FP,TWB_PCBA_TOP_FP9,1020,TWB_ICT5,TWB_PCBA_ICT,PN-337126,00F08C10,00F08C10,PN-337126,00F08C11,E47,,PROCESS,94474092,00F08C10T-20180404082201,U4,2,D13,483,483,11.23,-2.11,127,GOOD,GOOD,127.1179,162.5154,99.33811,0,0.9055,4/4/2018 12:24
20836,1020,FP9,TOP,4009148925,5/14/2018 10:51,1526294700,TWB_SM3,TWB_PCBA_SM3_TOP_FP,TWB_PCBA_TOP_FP9,1020,TWB_ICT5,TWB_PCBA_ICT,PN-337126,00F08C10,00F08C10,PN-337126,00F08C11,E47,,PROCESS,94474092,00F08C10T-20180404082201,U4,2,R1,483,483,5.71,11.21,127,GOOD,GOOD,123.0997,157.6017,99.19726999999999,0,0.9055,4/4/2018 12:24
20872,1020,FP9,TOP,4009148925,5/14/2018 10:51,1526294700,TWB_SM3,TWB_PCBA_SM3_TOP_FP,TWB_PCBA_TOP_FP9,1020,TWB_ICT5,TWB_PCBA_ICT,PN-337126,00F08C10,00F08C10,PN-337126,00F08C11,E47,,PROCESS,94474092,00F08C10T-20180404082201,U4,2,E16,483,483,13.94,4.75,127,GOOD,GOOD,120.4383,157.3144,97.22994,0,0.9055,4/4/2018 12:24
20877,1020,FP9,TOP,4009148925,5/14/2018 10:51,1526294700,TWB_SM3,TWB_PCBA_SM3_TOP_FP,TWB_PCBA_TOP_FP9,1020,TWB_ICT5,TWB_PCBA_ICT,PN-337126,00F08C10,00F08C10,PN-337126,00F08C11,E47,,PROCESS,94474092,00F08C10T-20180404082201,U4,2,D5,483,483,5.19,-4.77,127,GOOD,GOOD,127.3488,157.8031,102.4904,0,0.9055,4/4/2018 12:24
21026,1020,FP9,TOP,4009148925,5/14/2018 10:51,1526294700,TWB_SM3,TWB_PCBA_SM3_TOP_FP,TWB_PCBA_TOP_FP9,1020,TWB_ICT5,TWB_PCBA_ICT,PN-337126,00F08C10,00F08C10,PN-337126,00F08C11,E47,,PROCESS,94474092,00F08C10T-20180404082201,U4,2,J13,483,483,9.98,-0.35,127,GOOD,GOOD,127.4485,163.0093,99.2947,0,0.9055,4/4/2018 12:24
21027,1020,FP9,TOP,4009148925,5/14/2018 10:51,1526294700,TWB_SM3,TWB_PCBA_SM3_TOP_FP,TWB_PCBA_TOP_FP9,1020,TWB_ICT5,TWB_PCBA_ICT,PN-337126,00F08C10,00F08C10,PN-337126,00F08C11,E47,,PROCESS,94474092,00F08C10T-20180404082201,U4,2,J6,483,483,9.61,1.88,127,GOOD,GOOD,134.1759,159.6507,106.7351,0,0.9055,4/4/2018 12:24
21071,1020,FP9,TOP,4009148925,5/14/2018 10:51,1526294700,TWB_SM3,TWB_PCBA_SM3_TOP_FP,TWB_PCBA_TOP_FP9,1020,TWB_ICT5,TWB_PCBA_ICT,PN-337126,00F08C10,00F08C10,PN-337126,00F08C11,E47,,PROCESS,94474092,00F08C10T-20180404082201,U4,2,C8,483,483,5.08,-1.39,127,GOOD,GOOD,130.8602,167.8911,98.98828,0,0.9055,4/4/2018 12:24
21104,1020,FP9,TOP,4009148925,5/14/2018 10:51,1526294700,TWB_SM3,TWB_PCBA_SM3_TOP_FP,TWB_PCBA_TOP_FP9,1020,TWB_ICT5,TWB_PCBA_ICT,PN-337126,00F08C10,00F08C10,PN-337126,00F08C11,E47,,PROCESS,94474092,00F08C10T-20180404082201,U4,2,A15,483,483,8.76,4.58,127,GOOD,GOOD,121.29,158.4907,97.19072,0,0.9055,4/4/2018 12:24
21207,1020,FP9,TOP,4009148925,5/14/2018 10:51,1526294700,TWB_SM3,TWB_PCBA_SM3_TOP_FP,TWB_PCBA_TOP_FP9,1020,TWB_ICT5,TWB_PCBA_ICT,PN-337126,00F08C10,00F08C10,PN-337126,00F08C11,E47,,PROCESS,94474092,00F08C10T-20180404082201,U4,2,E6,483,483,17.57,-6.16,127,GOOD,GOOD,130.5454,162.6809,101.9128,0,0.9055,4/4/2018 12:24
21228,1020,FP9,TOP,4009148925,5/14/2018 10:51,1526294700,TWB_SM3,TWB_PCBA_SM3_TOP_FP,TWB_PCBA_TOP_FP9,1020,TWB_ICT5,TWB_PCBA_ICT,PN-337126,00F08C10,00F08C10,PN-337126,00F08C11,E47,,PROCESS,94474092,00F08C10T-20180404082201,U4,2,G14,483,483,14.66,1.21,127,GOOD,GOOD,128.539,159.4287,102.3934,0,0.9055,4/4/2018 12:24
21658,1020,FP9,TOP,4009148925,5/14/2018 10:51,1526294700,TWB_SM3,TWB_PCBA_SM3_TOP_FP,TWB_PCBA_TOP_FP9,1020,TWB_ICT5,TWB_PCBA_ICT,PN-337126,00F08C10,00F08C10,PN-337126,00F08C11,E47,,PROCESS,94474092,00F08C10T-20180404082201,U4,2,P6,483,483,7.53,-0.48,127,GOOD,GOOD,122.8708,163.3309,95.53976,0,0.9055,4/4/2018 12:24
21715,1020,FP9,TOP,4009148925,5/14/2018 10:51,1526294700,TWB_SM3,TWB_PCBA_SM3_TOP_FP,TWB_PCBA_TOP_FP9,1020,TWB_ICT5,TWB_PCBA_ICT,PN-337126,00F08C10,00F08C10,PN-337126,00F08C11,E47,,PROCESS,94474092,00F08C10T-20180404082201,U4,2,A7,483,483,7.03,-8.15,127,GOOD,GOOD,126.6366,166.8817,96.37276,0,0.9055,4/4/2018 12:24
21716,1020,FP9,TOP,4009148925,5/14/2018 10:51,1526294700,TWB_SM3,TWB_PCBA_SM3_TOP_FP,TWB_PCBA_TOP_FP9,1020,TWB_ICT5,TWB_PCBA_ICT,PN-337126,00F08C10,00F08C10,PN-337126,00F08C11,E47,,PROCESS,94474092,00F08C10T-20180404082201,U4,2,L11,483,483,12.51,1.69,127,GOOD,GOOD,130.4144,163.7077,101.17200000000001,0,0.9055,4/4/2018 12:24
21717,1020,FP9,TOP,4009148925,5/14/2018 10:51,1526294700,TWB_SM3,TWB_PCBA_SM3_TOP_FP,TWB_PCBA_TOP_FP9,1020,TWB_ICT5,TWB_PCBA_ICT,PN-337126,00F08C10,00F08C10,PN-337126,00F08C11,E47,,PROCESS,94474092,00F08C10T-20180404082201,U4,2,T16,483,483,6.43,-2.73,127,GOOD,GOOD,116.2793,150.4218,98.17371,0,0.9055,4/4/2018 12:24
22001,1020,FP9,TOP,4009148925,5/14/2018 10:51,1526294700,TWB_SM3,TWB_PCBA_SM3_TOP_FP,TWB_PCBA_TOP_FP9,1020,TWB_ICT5,TWB_PCBA_ICT,PN-337126,00F08C10,00F08C10,PN-337126,00F08C11,E47,,PROCESS,94474092,00F08C10T-20180404082201,U4,2,F1,483,483,6.63,-0.1,127,GOOD,GOOD,122.5091,155.7254,99.91086999999999,0,0.9055,4/4/2018 12:24
22118,1020,FP9,TOP,4009148925,5/14/2018 10:51,1526294700,TWB_SM3,TWB_PCBA_SM3_TOP_FP,TWB_PCBA_TOP_FP9,1020,TWB_ICT5,TWB_PCBA_ICT,PN-337126,00F08C10,00F08C10,PN-337126,00F08C11,E47,,PROCESS,94474092,00F08C10T-20180404082201,U4,2,R7,483,483,8.99,7.41,127,GOOD,GOOD,122.553,162.1051,96.01324,0,0.9055,4/4/2018 12:24
22183,1020,FP9,TOP,4009148925,5/14/2018 10:51,1526294700,TWB_SM3,TWB_PCBA_SM3_TOP_FP,TWB_PCBA_TOP_FP9,1020,TWB_ICT5,TWB_PCBA_ICT,PN-337126,00F08C10,00F08C10,PN-337126,00F08C11,E47,,PROCESS,94474092,00F08C10T-20180404082201,U4,2,K12,483,483,21.26,1.75,127,GOOD,GOOD,128.6313,163.7441,99.76651,0,0.9055,4/4/2018 12:24
22457,1020,FP9,TOP,4009148925,5/14/2018 10:51,1526294700,TWB_SM3,TWB_PCBA_SM3_TOP_FP,TWB_PCBA_TOP_FP9,1020,TWB_ICT5,TWB_PCBA_ICT,PN-337126,00F08C10,00F08C10,PN-337126,00F08C11,E47,,PROCESS,94474092,00F08C10T-20180404082201,U4,2,M13,483,483,19.33,2.88,127,GOOD,GOOD,136.2402,169.5834,102.0295,0,0.9055,4/4/2018 12:24
22477,1020,FP9,TOP,4009148925,5/14/2018 10:51,1526294700,TWB_SM3,TWB_PCBA_SM3_TOP_FP,TWB_PCBA_TOP_FP9,1020,TWB_ICT5,TWB_PCBA_ICT,PN-337126,00F08C10,00F08C10,PN-337126,00F08C11,E47,,PROCESS,94474092,00F08C10T-20180404082201,U4,2,E11,483,483,7.88,-5.74,127,GOOD,GOOD,134.2464,162.9485,104.6299,0,0.9055,4/4/2018 12:24
22478,1020,FP9,TOP,4009148925,5/14/2018 10:51,1526294700,TWB_SM3,TWB_PCBA_SM3_TOP_FP,TWB_PCBA_TOP_FP9,1020,TWB_ICT5,TWB_PCBA_ICT,PN-337126,00F08C10,00F08C10,PN-337126,00F08C11,E47,,PROCESS,94474092,00F08C10T-20180404082201,U4,2,M16,483,483,6.93,-3.16,127,GOOD,GOOD,118.9514,148.9006,101.4558,0,0.9055,4/4/2018 12:24
22593,1020,FPZ1,TOP,4009148925,4/7/2018 14:07,1523109600,TWB_SM3,TWB_PCBA_SM3_SM_TOP_GEN1,TWB_PCBA_TOP_FPZ1,1020,TWB_ICT5,TWB_PCBA_ICT,PN-337126,00F08C10,00F08C10,PN-337126,00F08C11,T18,FAILED SHORTS TEST,SOLD,PN-419257,00F08C10T-20180404082201,U12,2,G4,381,381,2.07,5.8,127,GOOD,GOOD,113.6145,141.2681,102.1395,0,0.71427,4/4/2018 12:24
22594,1020,FP9,TOP,4009148925,5/14/2018 10:51,1526294700,TWB_SM3,TWB_PCBA_SM3_TOP_FP,TWB_PCBA_TOP_FP9,1020,TWB_ICT5,TWB_PCBA_ICT,PN-337126,00F08C10,00F08C10,PN-337126,00F08C11,E47,,PROCESS,94474092,00F08C10T-20180404082201,U4,2,F15,483,483,14.96,-4.54,127,GOOD,GOOD,122.2334,157.47299999999998,98.57973,0,0.9055,4/4/2018 12:24
22603,1020,FP9,TOP,4009148925,5/14/2018 10:51,1526294700,TWB_SM3,TWB_PCBA_SM3_TOP_FP,TWB_PCBA_TOP_FP9,1020,TWB_ICT5,TWB_PCBA_ICT,PN-337126,00F08C10,00F08C10,PN-337126,00F08C11,E47,,PROCESS,94474092,00F08C10T-20180404082201,U4,2,A9,483,483,4.81,-7.48,127,GOOD,GOOD,127.9004,166.0222,97.8384,0,0.9055,4/4/2018 12:24
22604,1020,FP9,TOP,4009148925,5/14/2018 10:51,1526294700,TWB_SM3,TWB_PCBA_SM3_TOP_FP,TWB_PCBA_TOP_FP9,1020,TWB_ICT5,TWB_PCBA_ICT,PN-337126,00F08C10,00F08C10,PN-337126,00F08C11,E47,,PROCESS,94474092,00F08C10T-20180404082201,U4,2,L13,483,483,13.46,1.52,127,GOOD,GOOD,129.9009,160.4133,102.8432,0,0.9055,4/4/2018 12:24
22664,1020,FPZ1,TOP,4009148925,4/7/2018 14:07,1523109600,TWB_SM3,TWB_PCBA_SM3_SM_TOP_GEN1,TWB_PCBA_TOP_FPZ1,1020,TWB_ICT5,TWB_PCBA_ICT,PN-337126,00F08C10,00F08C10,PN-337126,00F08C11,T18,FAILED SHORTS TEST,SOLD,PN-419257,00F08C10T-20180404082201,U12,2,D6,381,381,-4.14,5.56,127,GOOD,GOOD,116.5611,146.8113,100.8319,0,0.71427,4/4/2018 12:24
22668,1020,FP9,TOP,4009148925,5/14/2018 10:51,1526294700,TWB_SM3,TWB_PCBA_SM3_TOP_FP,TWB_PCBA_TOP_FP9,1020,TWB_ICT5,TWB_PCBA_ICT,PN-337126,00F08C10,00F08C10,PN-337126,00F08C11,E47,,PROCESS,94474092,00F08C10T-20180404082201,U4,2,D12,483,483,11.66,-1.2,127,GOOD,GOOD,129.6456,168.3188,97.82024,0,0.9055,4/4/2018 12:24
22786,1020,FP9,TOP,4009148925,5/14/2018 10:51,1526294700,TWB_SM3,TWB_PCBA_SM3_TOP_FP,TWB_PCBA_TOP_FP9,1020,TWB_ICT5,TWB_PCBA_ICT,PN-337126,00F08C10,00F08C10,PN-337126,00F08C11,E47,,PROCESS,94474092,00F08C10T-20180404082201,U4,2,C11,483,483,6.89,-1.64,127,GOOD,GOOD,129.5441,167.6124,98.15561,0,0.9055,4/4/2018 12:24
22787,1020,FP9,TOP,4009148925,5/14/2018 10:51,1526294700,TWB_SM3,TWB_PCBA_SM3_TOP_FP,TWB_PCBA_TOP_FP9,1020,TWB_ICT5,TWB_PCBA_ICT,PN-337126,00F08C10,00F08C10,PN-337126,00F08C11,E47,,PROCESS,94474092,00F08C10T-20180404082201,U4,2,K16,483,483,17.66,-4.37,127,GOOD,GOOD,123.0575,154.5045,101.1511,0,0.9055,4/4/2018 12:24
22793,1020,FP9,TOP,4009148925,5/14/2018 10:51,1526294700,TWB_SM3,TWB_PCBA_SM3_TOP_FP,TWB_PCBA_TOP_FP9,1020,TWB_ICT5,TWB_PCBA_ICT,PN-337126,00F08C10,00F08C10,PN-337126,00F08C11,E47,,PROCESS,94474092,00F08C10T-20180404082201,U4,2,F11,483,483,12.93,1.58,127,GOOD,GOOD,131.2974,160.493,103.8971,0,0.9055,4/4/2018 12:24
22794,1020,FP9,TOP,4009148925,5/14/2018 10:51,1526294700,TWB_SM3,TWB_PCBA_SM3_TOP_FP,TWB_PCBA_TOP_FP9,1020,TWB_ICT5,TWB_PCBA_ICT,PN-337126,00F08C10,00F08C10,PN-337126,00F08C11,E47,,PROCESS,94474092,00F08C10T-20180404082201,U4,2,N16,483,483,12.81,-10.1,127,GOOD,GOOD,116.2609,146.3891,100.8623,0,0.9055,4/4/2018 12:24
22806,1020,FP9,TOP,4009148925,5/14/2018 10:51,1526294700,TWB_SM3,TWB_PCBA_SM3_TOP_FP,TWB_PCBA_TOP_FP9,1020,TWB_ICT5,TWB_PCBA_ICT,PN-337126,00F08C10,00F08C10,PN-337126,00F08C11,E47,,PROCESS,94474092,00F08C10T-20180404082201,U4,2,R10,483,483,5.38,6.34,127,GOOD,GOOD,121.1081,151.71200000000002,101.3811,0,0.9055,4/4/2018 12:24
22878,1020,FPZ1,TOP,4009148925,4/7/2018 14:07,1523109600,TWB_SM3,TWB_PCBA_SM3_SM_TOP_GEN1,TWB_PCBA_TOP_FPZ1,1020,TWB_ICT5,TWB_PCBA_ICT,PN-337126,00F08C10,00F08C10,PN-337126,00F08C11,T18,FAILED SHORTS TEST,SOLD,PN-419257,00F08C10T-20180404082201,U12,2,H3,381,381,-7.03,-2.94,127,GOOD,GOOD,107.3639,141.5384,96.33575,0,0.71427,4/4/2018 12:24
22884,1020,FP9,TOP,4009148925,5/14/2018 10:51,1526294700,TWB_SM3,TWB_PCBA_SM3_TOP_FP,TWB_PCBA_TOP_FP9,1020,TWB_ICT5,TWB_PCBA_ICT,PN-337126,00F08C10,00F08C10,PN-337126,00F08C11,E47,,PROCESS,94474092,00F08C10T-20180404082201,U4,2,M8,483,483,12.44,3.29,127,GOOD,GOOD,129.9776,165.9521,99.46944,0,0.9055,4/4/2018 12:24
22889,1020,FP9,TOP,4009148925,5/14/2018 10:51,1526294700,TWB_SM3,TWB_PCBA_SM3_TOP_FP,TWB_PCBA_TOP_FP9,1020,TWB_ICT5,TWB_PCBA_ICT,PN-337126,00F08C10,00F08C10,PN-337126,00F08C11,E47,,PROCESS,94474092,00F08C10T-20180404082201,U4,2,B7,483,483,6.28,-7.63,127,GOOD,GOOD,129.2949,172.0351,95.44826,0,0.9055,4/4/2018 12:24
22913,1020,FP9,TOP,4009148925,5/14/2018 10:51,1526294700,TWB_SM3,TWB_PCBA_SM3_TOP_FP,TWB_PCBA_TOP_FP9,1020,TWB_ICT5,TWB_PCBA_ICT,PN-337126,00F08C10,00F08C10,PN-337126,00F08C11,E47,,PROCESS,94474092,00F08C10T-20180404082201,U4,2,F3,483,483,0.94,8.85,127,GOOD,GOOD,130.9146,158.798,104.7,0,0.9055,4/4/2018 12:24
23394,1020,FP9,TOP,4009148925,5/14/2018 10:51,1526294700,TWB_SM3,TWB_PCBA_SM3_TOP_FP,TWB_PCBA_TOP_FP9,1020,TWB_ICT5,TWB_PCBA_ICT,PN-337126,00F08C10,00F08C10,PN-337126,00F08C11,E47,,PROCESS,94474092,00F08C10T-20180404082201,U4,2,A12,483,483,8.1,-10.21,127,GOOD,GOOD,123.8482,159.6889,98.49605,0,0.9055,4/4/2018 12:24
23858,1020,FP9,TOP,4009148925,5/14/2018 10:51,1526294700,TWB_SM3,TWB_PCBA_SM3_TOP_FP,TWB_PCBA_TOP_FP9,1020,TWB_ICT5,TWB_PCBA_ICT,PN-337126,00F08C10,00F08C10,PN-337126,00F08C11,E47,,PROCESS,94474092,00F08C10T-20180404082201,U4,2,R11,483,483,1.11,2.11,127,GOOD,GOOD,124.3502,164.1572,96.20331999999999,0,0.9055,4/4/2018 12:24
23873,1020,FP9,TOP,4009148925,5/14/2018 10:51,1526294700,TWB_SM3,TWB_PCBA_SM3_TOP_FP,TWB_PCBA_TOP_FP9,1020,TWB_ICT5,TWB_PCBA_ICT,PN-337126,00F08C10,00F08C10,PN-337126,00F08C11,E47,,PROCESS,94474092,00F08C10T-20180404082201,U4,2,P4,483,483,6.44,7.97,127,GOOD,GOOD,129.882,165.3911,99.73337,0,0.9055,4/4/2018 12:24
23885,1020,FPZ1,TOP,4009148925,4/7/2018 14:07,1523109600,TWB_SM3,TWB_PCBA_SM3_SM_TOP_GEN1,TWB_PCBA_TOP_FPZ1,1020,TWB_ICT5,TWB_PCBA_ICT,PN-337126,00F08C10,00F08C10,PN-337126,00F08C11,T18,FAILED SHORTS TEST,SOLD,PN-419257,00F08C10T-20180404082201,U12,2,F4,381,381,-8.56,5.09,127,GOOD,GOOD,104.7598,141.0822,94.30318,0,0.71427,4/4/2018 12:24
23909,1020,FP9,TOP,4009148925,5/14/2018 10:51,1526294700,TWB_SM3,TWB_PCBA_SM3_TOP_FP,TWB_PCBA_TOP_FP9,1020,TWB_ICT5,TWB_PCBA_ICT,PN-337126,00F08C10,00F08C10,PN-337126,00F08C11,E47,,PROCESS,94474092,00F08C10T-20180404082201,U4,2,M3,483,483,8.88,6.18,127,GOOD,GOOD,124.7374,162.0296,97.77013000000001,0,0.9055,4/4/2018 12:24
24405,1020,FPZ1,TOP,4009148925,4/7/2018 14:07,1523109600,TWB_SM3,TWB_PCBA_SM3_SM_TOP_GEN1,TWB_PCBA_TOP_FPZ1,1020,TWB_ICT5,TWB_PCBA_ICT,PN-337126,00F08C10,00F08C10,PN-337126,00F08C11,T18,FAILED SHORTS TEST,SOLD,PN-419257,00F08C10T-20180404082201,U12,2,D4,381,381,-5.55,3.68,127,GOOD,GOOD,106.6966,139.6809,97.01019000000001,0,0.71427,4/4/2018 12:24
24407,1020,FPZ1,TOP,4009148925,4/7/2018 14:07,1523109600,TWB_SM3,TWB_PCBA_SM3_SM_TOP_GEN1,TWB_PCBA_TOP_FPZ1,1020,TWB_ICT5,TWB_PCBA_ICT,PN-337126,00F08C10,00F08C10,PN-337126,00F08C11,T18,FAILED SHORTS TEST,SOLD,PN-419257,00F08C10T-20180404082201,U12,2,F5,381,381,-6.81,-3.47,127,GOOD,GOOD,108.3401,148.0193,92.95537,0,0.71427,4/4/2018 12:24
24415,1020,FP9,TOP,4009148925,5/14/2018 10:51,1526294700,TWB_SM3,TWB_PCBA_SM3_TOP_FP,TWB_PCBA_TOP_FP9,1020,TWB_ICT5,TWB_PCBA_ICT,PN-337126,00F08C10,00F08C10,PN-337126,00F08C11,E47,,PROCESS,94474092,00F08C10T-20180404082201,U4,2,C1,483,483,-0.24,-1.65,127,GOOD,GOOD,125.8649,161.7542,98.8218,0,0.9055,4/4/2018 12:24
24521,1020,FP9,TOP,4009148925,5/14/2018 10:51,1526294700,TWB_SM3,TWB_PCBA_SM3_TOP_FP,TWB_PCBA_TOP_FP9,1020,TWB_ICT5,TWB_PCBA_ICT,PN-337126,00F08C10,00F08C10,PN-337126,00F08C11,E47,,PROCESS,94474092,00F08C10T-20180404082201,U4,2,K7,483,483,12.73,-4.47,127,GOOD,GOOD,123.7681,156.6666,100.3313,0,0.9055,4/4/2018 12:24
24530,1020,FP9,TOP,4009148925,5/14/2018 10:51,1526294700,TWB_SM3,TWB_PCBA_SM3_TOP_FP,TWB_PCBA_TOP_FP9,1020,TWB_ICT5,TWB_PCBA_ICT,PN-337126,00F08C10,00F08C10,PN-337126,00F08C11,E47,,PROCESS,94474092,00F08C10T-20180404082201,U4,2,A16,483,483,10.3,3.67,127,GOOD,GOOD,121.5931,162.3336,95.12711999999999,0,0.9055,4/4/2018 12:24
24891,1020,FP9,TOP,4009148925,5/14/2018 10:51,1526294700,TWB_SM3,TWB_PCBA_SM3_TOP_FP,TWB_PCBA_TOP_FP9,1020,TWB_ICT5,TWB_PCBA_ICT,PN-337126,00F08C10,00F08C10,PN-337126,00F08C11,E47,,PROCESS,94474092,00F08C10T-20180404082201,U4,2,G8,483,483,8.72,-4.93,127,GOOD,GOOD,122.9499,161.3285,96.78786,0,0.9055,4/4/2018 12:24
24899,1020,FP9,TOP,4009148925,5/14/2018 10:51,1526294700,TWB_SM3,TWB_PCBA_SM3_TOP_FP,TWB_PCBA_TOP_FP9,1020,TWB_ICT5,TWB_PCBA_ICT,PN-337126,00F08C10,00F08C10,PN-337126,00F08C11,E47,,PROCESS,94474092,00F08C10T-20180404082201,U4,2,H1,483,483,3.48,0.94,127,GOOD,GOOD,124.2337,156.0565,101.1023,0,0.9055,4/4/2018 12:24
24921,1020,FP9,TOP,4009148925,5/14/2018 10:51,1526294700,TWB_SM3,TWB_PCBA_SM3_TOP_FP,TWB_PCBA_TOP_FP9,1020,TWB_ICT5,TWB_PCBA_ICT,PN-337126,00F08C10,00F08C10,PN-337126,00F08C11,E47,,PROCESS,94474092,00F08C10T-20180404082201,U4,2,G6,483,483,9.44,1.86,127,GOOD,GOOD,129.1568,164.4058,99.77085,0,0.9055,4/4/2018 12:24
24925,1020,FP9,TOP,4009148925,5/14/2018 10:51,1526294700,TWB_SM3,TWB_PCBA_SM3_TOP_FP,TWB_PCBA_TOP_FP9,1020,TWB_ICT5,TWB_PCBA_ICT,PN-337126,00F08C10,00F08C10,PN-337126,00F08C11,E47,,PROCESS,94474092,00F08C10T-20180404082201,U4,2,N8,483,483,6.72,6.28,127,GOOD,GOOD,126.04799999999999,159.4981,100.3654,0,0.9055,4/4/2018 12:24
24936,1020,FPZ1,TOP,4009148925,4/7/2018 14:07,1523109600,TWB_SM3,TWB_PCBA_SM3_SM_TOP_GEN1,TWB_PCBA_TOP_FPZ1,1020,TWB_ICT5,TWB_PCBA_ICT,PN-337126,00F08C10,00F08C10,PN-337126,00F08C11,T18,FAILED SHORTS TEST,SOLD,PN-419257,00F08C10T-20180404082201,U12,2,A4,381,381,5.84,1.57,127,GOOD,GOOD,109.5867,147.8464,94.13495,0,0.71427,4/4/2018 12:24
25135,1020,FPZ1,TOP,4009148925,4/7/2018 14:07,1523109600,TWB_SM3,TWB_PCBA_SM3_SM_TOP_GEN1,TWB_PCBA_TOP_FPZ1,1020,TWB_ICT5,TWB_PCBA_ICT,PN-337126,00F08C10,00F08C10,PN-337126,00F08C11,T18,FAILED SHORTS TEST,SOLD,PN-419257,00F08C10T-20180404082201,U12,2,D2,381,381,-5.91,2.8,127,GOOD,GOOD,110.9176,154.7274,91.04099000000001,0,0.71427,4/4/2018 12:24
25341,1020,FP9,TOP,4009148925,5/14/2018 10:51,1526294700,TWB_SM3,TWB_PCBA_SM3_TOP_FP,TWB_PCBA_TOP_FP9,1020,TWB_ICT5,TWB_PCBA_ICT,PN-337126,00F08C10,00F08C10,PN-337126,00F08C11,E47,,PROCESS,94474092,00F08C10T-20180404082201,U4,2,N12,483,483,15.71,0.16,127,GOOD,GOOD,128.9881,164.1063,99.8224,0,0.9055,4/4/2018 12:24
25392,1020,FP9,TOP,4009148925,5/14/2018 10:51,1526294700,TWB_SM3,TWB_PCBA_SM3_TOP_FP,TWB_PCBA_TOP_FP9,1020,TWB_ICT5,TWB_PCBA_ICT,PN-337126,00F08C10,00F08C10,PN-337126,00F08C11,E47,,PROCESS,94474092,00F08C10T-20180404082201,U4,2,P13,483,483,1.15,-6.84,127,GOOD,GOOD,119.2646,159.0088,95.2564,0,0.9055,4/4/2018 12:24
25430,1020,FPZ1,TOP,4009148925,4/7/2018 14:07,1523109600,TWB_SM3,TWB_PCBA_SM3_SM_TOP_GEN1,TWB_PCBA_TOP_FPZ1,1020,TWB_ICT5,TWB_PCBA_ICT,PN-337126,00F08C10,00F08C10,PN-337126,00F08C11,T18,FAILED SHORTS TEST,SOLD,PN-419257,00F08C10T-20180404082201,U12,2,G6,381,381,-1.78,7.67,127,GOOD,GOOD,101.759,136.821,94.45476,0,0.71427,4/4/2018 12:24
25432,1020,FP9,TOP,4009148925,5/14/2018 10:51,1526294700,TWB_SM3,TWB_PCBA_SM3_TOP_FP,TWB_PCBA_TOP_FP9,1020,TWB_ICT5,TWB_PCBA_ICT,PN-337126,00F08C10,00F08C10,PN-337126,00F08C11,E47,,PROCESS,94474092,00F08C10T-20180404082201,U4,2,P8,483,483,12.6,-2.3,127,GOOD,GOOD,123.3263,162.2074,96.55811,0,0.9055,4/4/2018 12:24
25703,1020,FP9,TOP,4009148925,5/14/2018 10:51,1526294700,TWB_SM3,TWB_PCBA_SM3_TOP_FP,TWB_PCBA_TOP_FP9,1020,TWB_ICT5,TWB_PCBA_ICT,PN-337126,00F08C10,00F08C10,PN-337126,00F08C11,E47,,PROCESS,94474092,00F08C10T-20180404082201,U4,2,N4,483,483,8.02,2.47,127,GOOD,GOOD,120.11,151.6156,100.6095,0,0.9055,4/4/2018 12:24
25737,1020,FP9,TOP,4009148925,5/14/2018 10:51,1526294700,TWB_SM3,TWB_PCBA_SM3_TOP_FP,TWB_PCBA_TOP_FP9,1020,TWB_ICT5,TWB_PCBA_ICT,PN-337126,00F08C10,00F08C10,PN-337126,00F08C11,E47,,PROCESS,94474092,00F08C10T-20180404082201,U4,2,M14,483,483,17.55,-0.51,127,GOOD,GOOD,125.133,156.6102,101.4742,0,0.9055,4/4/2018 12:24
25770,1020,FP9,TOP,4009148925,5/14/2018 10:51,1526294700,TWB_SM3,TWB_PCBA_SM3_TOP_FP,TWB_PCBA_TOP_FP9,1020,TWB_ICT5,TWB_PCBA_ICT,PN-337126,00F08C10,00F08C10,PN-337126,00F08C11,E47,,PROCESS,94474092,00F08C10T-20180404082201,U4,2,H5,483,483,3.03,3.11,127,GOOD,GOOD,130.0926,165.4806,99.84111,0,0.9055,4/4/2018 12:24
25883,1020,FP9,TOP,4009148925,5/14/2018 10:51,1526294700,TWB_SM3,TWB_PCBA_SM3_TOP_FP,TWB_PCBA_TOP_FP9,1020,TWB_ICT5,TWB_PCBA_ICT,PN-337126,00F08C10,00F08C10,PN-337126,00F08C11,E47,,PROCESS,94474092,00F08C10T-20180404082201,U4,2,K11,483,483,17.39,2.66,127,GOOD,GOOD,139.2253,176.7558,100.0342,0,0.9055,4/4/2018 12:24
25932,1020,FPZ1,TOP,4009148925,4/7/2018 14:07,1523109600,TWB_SM3,TWB_PCBA_SM3_SM_TOP_GEN1,TWB_PCBA_TOP_FPZ1,1020,TWB_ICT5,TWB_PCBA_ICT,PN-337126,00F08C10,00F08C10,PN-337126,00F08C11,T18,FAILED SHORTS TEST,SOLD,PN-419257,00F08C10T-20180404082201,U12,2,F3,381,381,-8.22,-4.35,127,GOOD,GOOD,102.685,132.3411,98.54073000000001,0,0.71427,4/4/2018 12:24
26235,1020,FPZ1,TOP,4009148925,4/7/2018 14:07,1523109600,TWB_SM3,TWB_PCBA_SM3_SM_TOP_GEN1,TWB_PCBA_TOP_FPZ1,1020,TWB_ICT5,TWB_PCBA_ICT,PN-337126,00F08C10,00F08C10,PN-337126,00F08C11,T18,FAILED SHORTS TEST,SOLD,PN-419257,00F08C10T-20180404082201,U12,2,B6,381,381,-1.13,4.14,127,GOOD,GOOD,117.006,147.3038,100.8783,0,0.71427,4/4/2018 12:24
26935,1020,FP9,TOP,4009148925,5/14/2018 10:51,1526294700,TWB_SM3,TWB_PCBA_SM3_TOP_FP,TWB_PCBA_TOP_FP9,1020,TWB_ICT5,TWB_PCBA_ICT,PN-337126,00F08C10,00F08C10,PN-337126,00F08C11,E47,,PROCESS,94474092,00F08C10T-20180404082201,U4,2,F9,483,483,6.88,-1.57,127,GOOD,GOOD,127.9435,164.1167,99.00773000000001,0,0.9055,4/4/2018 12:24
27272,1020,FP9,TOP,4009148925,5/14/2018 10:51,1526294700,TWB_SM3,TWB_PCBA_SM3_TOP_FP,TWB_PCBA_TOP_FP9,1020,TWB_ICT5,TWB_PCBA_ICT,PN-337126,00F08C10,00F08C10,PN-337126,00F08C11,E47,,PROCESS,94474092,00F08C10T-20180404082201,U4,2,H13,483,483,15.7,3.28,127,GOOD,GOOD,130.4539,159.0444,104.17,0,0.9055,4/4/2018 12:24
27275,1020,FP9,TOP,4009148925,5/14/2018 10:51,1526294700,TWB_SM3,TWB_PCBA_SM3_TOP_FP,TWB_PCBA_TOP_FP9,1020,TWB_ICT5,TWB_PCBA_ICT,PN-337126,00F08C10,00F08C10,PN-337126,00F08C11,E47,,PROCESS,94474092,00F08C10T-20180404082201,U4,2,K6,483,483,7.21,5.55,127,GOOD,GOOD,128.7137,162.7117,100.4638,0,0.9055,4/4/2018 12:24
27358,1020,FP9,TOP,4009148925,5/14/2018 10:51,1526294700,TWB_SM3,TWB_PCBA_SM3_TOP_FP,TWB_PCBA_TOP_FP9,1020,TWB_ICT5,TWB_PCBA_ICT,PN-337126,00F08C10,00F08C10,PN-337126,00F08C11,E47,,PROCESS,94474092,00F08C10T-20180404082201,U4,2,B16,483,483,10.38,4.19,127,GOOD,GOOD,111.79,150.7986,94.14764,0,0.9055,4/4/2018 12:24
27536,1020,FP9,TOP,4009148925,5/14/2018 10:51,1526294700,TWB_SM3,TWB_PCBA_SM3_TOP_FP,TWB_PCBA_TOP_FP9,1020,TWB_ICT5,TWB_PCBA_ICT,PN-337126,00F08C10,00F08C10,PN-337126,00F08C11,E47,,PROCESS,94474092,00F08C10T-20180404082201,U4,2,N5,483,483,10.89,5.7,127,GOOD,GOOD,131.1763,165.33,100.7645,0,0.9055,4/4/2018 12:24
27540,1020,FP9,TOP,4009148925,5/14/2018 10:51,1526294700,TWB_SM3,TWB_PCBA_SM3_TOP_FP,TWB_PCBA_TOP_FP9,1020,TWB_ICT5,TWB_PCBA_ICT,PN-337126,00F08C10,00F08C10,PN-337126,00F08C11,E47,,PROCESS,94474092,00F08C10T-20180404082201,U4,2,D8,483,483,6.82,-5.84,127,GOOD,GOOD,134.5049,171.4337,99.64273,0,0.9055,4/4/2018 12:24
27679,1020,FP9,TOP,4009148925,5/14/2018 10:51,1526294700,TWB_SM3,TWB_PCBA_SM3_TOP_FP,TWB_PCBA_TOP_FP9,1020,TWB_ICT5,TWB_PCBA_ICT,PN-337126,00F08C10,00F08C10,PN-337126,00F08C11,E47,,PROCESS,94474092,00F08C10T-20180404082201,U4,2,M2,483,483,3.53,2.12,127,GOOD,GOOD,118.83200000000001,160.6298,93.95304,0,0.9055,4/4/2018 12:24
27694,1020,FP9,TOP,4009148925,5/14/2018 10:51,1526294700,TWB_SM3,TWB_PCBA_SM3_TOP_FP,TWB_PCBA_TOP_FP9,1020,TWB_ICT5,TWB_PCBA_ICT,PN-337126,00F08C10,00F08C10,PN-337126,00F08C11,E47,,PROCESS,94474092,00F08C10T-20180404082201,U4,2,F4,483,483,8.28,4.63,127,GOOD,GOOD,131.1067,161.1845,103.3012,0,0.9055,4/4/2018 12:24
27708,1020,FP9,TOP,4009148925,5/14/2018 10:51,1526294700,TWB_SM3,TWB_PCBA_SM3_TOP_FP,TWB_PCBA_TOP_FP9,1020,TWB_ICT5,TWB_PCBA_ICT,PN-337126,00F08C10,00F08C10,PN-337126,00F08C11,E47,,PROCESS,94474092,00F08C10T-20180404082201,U4,2,N7,483,483,15.46,6.37,127,GOOD,GOOD,131.0399,158.0962,105.2654,0,0.9055,4/4/2018 12:24
27940,1020,FP9,TOP,4009148925,5/14/2018 10:51,1526294700,TWB_SM3,TWB_PCBA_SM3_TOP_FP,TWB_PCBA_TOP_FP9,1020,TWB_ICT5,TWB_PCBA_ICT,PN-337126,00F08C10,00F08C10,PN-337126,00F08C11,E47,,PROCESS,94474092,00F08C10T-20180404082201,U4,2,D1,483,483,4.81,-1.13,127,GOOD,GOOD,126.3599,159.2674,100.7595,0,0.9055,4/4/2018 12:24
27966,1020,FP9,TOP,4009148925,5/14/2018 10:51,1526294700,TWB_SM3,TWB_PCBA_SM3_TOP_FP,TWB_PCBA_TOP_FP9,1020,TWB_ICT5,TWB_PCBA_ICT,PN-337126,00F08C10,00F08C10,PN-337126,00F08C11,E47,,PROCESS,94474092,00F08C10T-20180404082201,U4,2,B13,483,483,11.07,-3.98,127,GOOD,GOOD,129.7011,158.0878,104.1955,0,0.9055,4/4/2018 12:24
28093,1020,FP9,TOP,4009148925,5/14/2018 10:51,1526294700,TWB_SM3,TWB_PCBA_SM3_TOP_FP,TWB_PCBA_TOP_FP9,1020,TWB_ICT5,TWB_PCBA_ICT,PN-337126,00F08C10,00F08C10,PN-337126,00F08C11,E47,,PROCESS,94474092,00F08C10T-20180404082201,U4,2,R5,483,483,9.4,8.4,127,GOOD,GOOD,124.1032,157.9778,99.76791,0,0.9055,4/4/2018 12:24
28338,1020,FP9,TOP,4009148925,5/14/2018 10:51,1526294700,TWB_SM3,TWB_PCBA_SM3_TOP_FP,TWB_PCBA_TOP_FP9,1020,TWB_ICT5,TWB_PCBA_ICT,PN-337126,00F08C10,00F08C10,PN-337126,00F08C11,E47,,PROCESS,94474092,00F08C10T-20180404082201,U4,2,L4,483,483,9.51,6.4,127,GOOD,GOOD,132.5032,162.8878,103.3098,0,0.9055,4/4/2018 12:24
28352,1020,FP9,TOP,4009148925,5/14/2018 10:51,1526294700,TWB_SM3,TWB_PCBA_SM3_TOP_FP,TWB_PCBA_TOP_FP9,1020,TWB_ICT5,TWB_PCBA_ICT,PN-337126,00F08C10,00F08C10,PN-337126,00F08C11,E47,,PROCESS,94474092,00F08C10T-20180404082201,U4,2,E9,483,483,7.63,-5.57,127,GOOD,GOOD,129.5623,164.0315,100.3125,0,0.9055,4/4/2018 12:24
28359,1020,FP9,TOP,4009148925,5/14/2018 10:51,1526294700,TWB_SM3,TWB_PCBA_SM3_TOP_FP,TWB_PCBA_TOP_FP9,1020,TWB_ICT5,TWB_PCBA_ICT,PN-337126,00F08C10,00F08C10,PN-337126,00F08C11,E47,,PROCESS,94474092,00F08C10T-20180404082201,U4,2,R2,483,483,8.74,11.13,127,GOOD,GOOD,121.2028,155.6796,98.87459,0,0.9055,4/4/2018 12:24
28516,1020,FP9,TOP,4009148925,5/14/2018 10:51,1526294700,TWB_SM3,TWB_PCBA_SM3_TOP_FP,TWB_PCBA_TOP_FP9,1020,TWB_ICT5,TWB_PCBA_ICT,PN-337126,00F08C10,00F08C10,PN-337126,00F08C11,E47,,PROCESS,94474092,00F08C10T-20180404082201,U4,2,M4,483,483,11.25,0.3,127,GOOD,GOOD,124.2166,167.7377,94.04868,0,0.9055,4/4/2018 12:24
28534,1020,FP9,TOP,4009148925,5/14/2018 10:51,1526294700,TWB_SM3,TWB_PCBA_SM3_TOP_FP,TWB_PCBA_TOP_FP9,1020,TWB_ICT5,TWB_PCBA_ICT,PN-337126,00F08C10,00F08C10,PN-337126,00F08C11,E47,,PROCESS,94474092,00F08C10T-20180404082201,U4,2,N6,483,483,14.9,5.62,127,GOOD,GOOD,138.447,175.2485,100.3305,0,0.9055,4/4/2018 12:24
28674,1020,FP9,TOP,4009148925,5/14/2018 10:51,1526294700,TWB_SM3,TWB_PCBA_SM3_TOP_FP,TWB_PCBA_TOP_FP9,1020,TWB_ICT5,TWB_PCBA_ICT,PN-337126,00F08C10,00F08C10,PN-337126,00F08C11,E47,,PROCESS,94474092,00F08C10T-20180404082201,U4,2,F6,483,483,11.02,3.64,127,GOOD,GOOD,136.6713,167.5645,103.5855,0,0.9055,4/4/2018 12:24
28714,1020,FPZ1,TOP,4009148925,4/7/2018 14:07,1523109600,TWB_SM3,TWB_PCBA_SM3_SM_TOP_GEN1,TWB_PCBA_TOP_FPZ1,1020,TWB_ICT5,TWB_PCBA_ICT,PN-337126,00F08C10,00F08C10,PN-337126,00F08C11,T18,FAILED SHORTS TEST,SOLD,PN-419257,00F08C10T-20180404082201,U12,2,H2,381,381,-6.68,5.63,127,GOOD,GOOD,108.2075,145.0764,94.72488,0,0.71427,4/4/2018 12:24
28729,1020,FP9,TOP,4009148925,5/14/2018 10:51,1526294700,TWB_SM3,TWB_PCBA_SM3_TOP_FP,TWB_PCBA_TOP_FP9,1020,TWB_ICT5,TWB_PCBA_ICT,PN-337126,00F08C10,00F08C10,PN-337126,00F08C11,E47,,PROCESS,94474092,00F08C10T-20180404082201,U4,2,F8,483,483,8.64,-6.46,127,GOOD,GOOD,115.3905,152.7553,95.93509,0,0.9055,4/4/2018 12:24
28797,1020,FP9,TOP,4009148925,5/14/2018 10:51,1526294700,TWB_SM3,TWB_PCBA_SM3_TOP_FP,TWB_PCBA_TOP_FP9,1020,TWB_ICT5,TWB_PCBA_ICT,PN-337126,00F08C10,00F08C10,PN-337126,00F08C11,E47,,PROCESS,94474092,00F08C10T-20180404082201,U4,2,M6,483,483,5.71,7.6,127,GOOD,GOOD,128.7072,163.6981,99.85346,0,0.9055,4/4/2018 12:24
28899,1020,FP9,TOP,4009148925,5/14/2018 10:51,1526294700,TWB_SM3,TWB_PCBA_SM3_TOP_FP,TWB_PCBA_TOP_FP9,1020,TWB_ICT5,TWB_PCBA_ICT,PN-337126,00F08C10,00F08C10,PN-337126,00F08C11,E47,,PROCESS,94474092,00F08C10T-20180404082201,U4,2,M5,483,483,9.15,6.85,127,GOOD,GOOD,127.2105,159.4394,101.3283,0,0.9055,4/4/2018 12:24
29083,1020,FP9,TOP,4009148925,5/14/2018 10:51,1526294700,TWB_SM3,TWB_PCBA_SM3_TOP_FP,TWB_PCBA_TOP_FP9,1020,TWB_ICT5,TWB_PCBA_ICT,PN-337126,00F08C10,00F08C10,PN-337126,00F08C11,E47,,PROCESS,94474092,00F08C10T-20180404082201,U4,2,A6,483,483,6.48,-6.41,127,GOOD,GOOD,131.1238,164.9038,100.9845,0,0.9055,4/4/2018 12:24
29084,1020,FP9,TOP,4009148925,5/14/2018 10:51,1526294700,TWB_SM3,TWB_PCBA_SM3_TOP_FP,TWB_PCBA_TOP_FP9,1020,TWB_ICT5,TWB_PCBA_ICT,PN-337126,00F08C10,00F08C10,PN-337126,00F08C11,E47,,PROCESS,94474092,00F08C10T-20180404082201,U4,2,L10,483,483,11.81,-0.72,127,GOOD,GOOD,130.3897,163.7468,101.1286,0,0.9055,4/4/2018 12:24
29085,1020,FP9,TOP,4009148925,5/14/2018 10:51,1526294700,TWB_SM3,TWB_PCBA_SM3_TOP_FP,TWB_PCBA_TOP_FP9,1020,TWB_ICT5,TWB_PCBA_ICT,PN-337126,00F08C10,00F08C10,PN-337126,00F08C11,E47,,PROCESS,94474092,00F08C10T-20180404082201,U4,2,T15,483,483,2.4,3.15,127,GOOD,GOOD,120.5501,153.7381,99.58404,0,0.9055,4/4/2018 12:24
29344,1020,FP9,TOP,4009148925,5/14/2018 10:51,1526294700,TWB_SM3,TWB_PCBA_SM3_TOP_FP,TWB_PCBA_TOP_FP9,1020,TWB_ICT5,TWB_PCBA_ICT,PN-337126,00F08C10,00F08C10,PN-337126,00F08C11,E47,,PROCESS,94474092,00F08C10T-20180404082201,U4,2,K2,483,483,6.68,9.19,127,GOOD,GOOD,127.98100000000001,164.2531,98.95448,0,0.9055,4/4/2018 12:24
30020,1020,FP9,TOP,4009148925,5/14/2018 10:51,1526294700,TWB_SM3,TWB_PCBA_SM3_TOP_FP,TWB_PCBA_TOP_FP9,1020,TWB_ICT5,TWB_PCBA_ICT,PN-337126,00F08C10,00F08C10,PN-337126,00F08C11,E47,,PROCESS,94474092,00F08C10T-20180404082201,U4,2,H12,483,483,12.81,-9.06,127,GOOD,GOOD,120.9718,160.3739,95.79751999999999,0,0.9055,4/4/2018 12:24
30160,1020,FP9,TOP,4009148925,5/14/2018 10:51,1526294700,TWB_SM3,TWB_PCBA_SM3_TOP_FP,TWB_PCBA_TOP_FP9,1020,TWB_ICT5,TWB_PCBA_ICT,PN-337126,00F08C10,00F08C10,PN-337126,00F08C11,E47,,PROCESS,94474092,00F08C10T-20180404082201,U4,2,H16,483,483,13.36,-5.24,127,GOOD,GOOD,120.2044,159.5336,95.69119,0,0.9055,4/4/2018 12:24
30332,1020,FP9,TOP,4009148925,5/14/2018 10:51,1526294700,TWB_SM3,TWB_PCBA_SM3_TOP_FP,TWB_PCBA_TOP_FP9,1020,TWB_ICT5,TWB_PCBA_ICT,PN-337126,00F08C10,00F08C10,PN-337126,00F08C11,E47,,PROCESS,94474092,00F08C10T-20180404082201,U4,2,A4,483,483,3.73,-2.11,127,GOOD,GOOD,134.8945,177.2993,96.62529,0,0.9055,4/4/2018 12:24
30333,1020,FP9,TOP,4009148925,5/14/2018 10:51,1526294700,TWB_SM3,TWB_PCBA_SM3_TOP_FP,TWB_PCBA_TOP_FP9,1020,TWB_ICT5,TWB_PCBA_ICT,PN-337126,00F08C10,00F08C10,PN-337126,00F08C11,E47,,PROCESS,94474092,00F08C10T-20180404082201,U4,2,T13,483,483,2.97,4.14,127,GOOD,GOOD,120.1697,153.1893,99.62546,0,0.9055,4/4/2018 12:24
30346,1020,FPZ1,TOP,4009148925,4/7/2018 14:07,1523109600,TWB_SM3,TWB_PCBA_SM3_SM_TOP_GEN1,TWB_PCBA_TOP_FPZ1,1020,TWB_ICT5,TWB_PCBA_ICT,PN-337126,00F08C10,00F08C10,PN-337126,00F08C11,T18,FAILED SHORTS TEST,SOLD,PN-419257,00F08C10T-20180404082201,U12,2,H1,381,381,2.11,-3.81,127,GOOD,GOOD,108.9357,142.6344,96.99503,0,0.71427,4/4/2018 12:24
30365,1020,FPZ1,TOP,4009148925,4/7/2018 14:07,1523109600,TWB_SM3,TWB_PCBA_SM3_SM_TOP_GEN1,TWB_PCBA_TOP_FPZ1,1020,TWB_ICT5,TWB_PCBA_ICT,PN-337126,00F08C10,00F08C10,PN-337126,00F08C11,T18,FAILED SHORTS TEST,SOLD,PN-419257,00F08C10T-20180404082201,U12,2,A2,381,381,6.53,0.69,127,GOOD,GOOD,114.9016,149.7104,97.47157,0,0.71427,4/4/2018 12:24
30486,1020,FP9,TOP,4009148925,5/14/2018 10:51,1526294700,TWB_SM3,TWB_PCBA_SM3_TOP_FP,TWB_PCBA_TOP_FP9,1020,TWB_ICT5,TWB_PCBA_ICT,PN-337126,00F08C10,00F08C10,PN-337126,00F08C11,E47,,PROCESS,94474092,00F08C10T-20180404082201,U4,2,H6,483,483,11.19,5.51,127,GOOD,GOOD,134.639,169.2792,101.0116,0,0.9055,4/4/2018 12:24
30992,1020,FP9,TOP,4009148925,5/14/2018 10:51,1526294700,TWB_SM3,TWB_PCBA_SM3_TOP_FP,TWB_PCBA_TOP_FP9,1020,TWB_ICT5,TWB_PCBA_ICT,PN-337126,00F08C10,00F08C10,PN-337126,00F08C11,E47,,PROCESS,94474092,00F08C10T-20180404082201,U4,2,B2,483,483,1.06,1.89,127,GOOD,GOOD,129.2469,173.2003,94.77091,0,0.9055,4/4/2018 12:24
31019,1020,FPZ1,TOP,4009148925,4/7/2018 14:07,1523109600,TWB_SM3,TWB_PCBA_SM3_SM_TOP_GEN1,TWB_PCBA_TOP_FPZ1,1020,TWB_ICT5,TWB_PCBA_ICT,PN-337126,00F08C10,00F08C10,PN-337126,00F08C11,T18,FAILED SHORTS TEST,SOLD,PN-419257,00F08C10T-20180404082201,U12,2,G3,381,381,-1.79,-3.64,127,GOOD,GOOD,108.2613,142.49200000000002,96.49094000000001,0,0.71427,4/4/2018 12:24
31020,1020,FP9,TOP,4009148925,5/14/2018 10:51,1526294700,TWB_SM3,TWB_PCBA_SM3_TOP_FP,TWB_PCBA_TOP_FP9,1020,TWB_ICT5,TWB_PCBA_ICT,PN-337126,00F08C10,00F08C10,PN-337126,00F08C11,E47,,PROCESS,94474092,00F08C10T-20180404082201,U4,2,F14,483,483,14.58,-5.29,127,GOOD,GOOD,126.5385,154.4782,104.0302,0,0.9055,4/4/2018 12:24
31033,1020,FPZ1,TOP,4009148925,4/7/2018 14:07,1523109600,TWB_SM3,TWB_PCBA_SM3_SM_TOP_GEN1,TWB_PCBA_TOP_FPZ1,1020,TWB_ICT5,TWB_PCBA_ICT,PN-337126,00F08C10,00F08C10,PN-337126,00F08C11,T18,FAILED SHORTS TEST,SOLD,PN-419257,00F08C10T-20180404082201,U12,2,E3,381,381,-6.11,-5.05,127,GOOD,GOOD,97.63798,141.954,87.35242,0,0.71427,4/4/2018 12:24
31447,1020,FP9,TOP,4009148925,5/14/2018 10:51,1526294700,TWB_SM3,TWB_PCBA_SM3_TOP_FP,TWB_PCBA_TOP_FP9,1020,TWB_ICT5,TWB_PCBA_ICT,PN-337126,00F08C10,00F08C10,PN-337126,00F08C11,E47,,PROCESS,94474092,00F08C10T-20180404082201,U4,2,G4,483,483,10.84,5.34,127,GOOD,GOOD,133.3298,165.1445,102.5338,0,0.9055,4/4/2018 12:24
31449,1020,FP9,TOP,4009148925,5/14/2018 10:51,1526294700,TWB_SM3,TWB_PCBA_SM3_TOP_FP,TWB_PCBA_TOP_FP9,1020,TWB_ICT5,TWB_PCBA_ICT,PN-337126,00F08C10,00F08C10,PN-337126,00F08C11,E47,,PROCESS,94474092,00F08C10T-20180404082201,U4,2,C6,483,483,6.64,-6.2,127,GOOD,GOOD,128.0773,166.9426,97.43356,0,0.9055,4/4/2018 12:24
31789,1020,FP9,TOP,4009148925,5/14/2018 10:51,1526294700,TWB_SM3,TWB_PCBA_SM3_TOP_FP,TWB_PCBA_TOP_FP9,1020,TWB_ICT5,TWB_PCBA_ICT,PN-337126,00F08C10,00F08C10,PN-337126,00F08C11,E47,,PROCESS,94474092,00F08C10T-20180404082201,U4,2,G5,483,483,5.43,1.94,127,GOOD,GOOD,128.6787,162.792,100.387,0,0.9055,4/4/2018 12:24
31809,1020,FP9,TOP,4009148925,5/14/2018 10:51,1526294700,TWB_SM3,TWB_PCBA_SM3_TOP_FP,TWB_PCBA_TOP_FP9,1020,TWB_ICT5,TWB_PCBA_ICT,PN-337126,00F08C10,00F08C10,PN-337126,00F08C11,E47,,PROCESS,94474092,00F08C10T-20180404082201,U4,2,A3,483,483,3.02,-4.51,127,GOOD,GOOD,128.5187,162.9456,100.1676,0,0.9055,4/4/2018 12:24
31810,1020,FP9,TOP,4009148925,5/14/2018 10:51,1526294700,TWB_SM3,TWB_PCBA_SM3_TOP_FP,TWB_PCBA_TOP_FP9,1020,TWB_ICT5,TWB_PCBA_ICT,PN-337126,00F08C10,00F08C10,PN-337126,00F08C11,E47,,PROCESS,94474092,00F08C10T-20180404082201,U4,2,T12,483,483,-0.74,4.22,127,GOOD,GOOD,113.5252,147.9792,97.4306,0,0.9055,4/4/2018 12:24
31833,1020,FPZ1,TOP,4009148925,4/7/2018 14:07,1523109600,TWB_SM3,TWB_PCBA_SM3_SM_TOP_GEN1,TWB_PCBA_TOP_FPZ1,1020,TWB_ICT5,TWB_PCBA_ICT,PN-337126,00F08C10,00F08C10,PN-337126,00F08C11,T18,FAILED SHORTS TEST,SOLD,PN-419257,00F08C10T-20180404082201,U12,2,D1,381,381,-7.66,-6.64,127,GOOD,GOOD,111.3933,144.9511,97.59804,0,0.71427,4/4/2018 12:24
31900,1020,FP9,TOP,4009148925,5/14/2018 10:51,1526294700,TWB_SM3,TWB_PCBA_SM3_TOP_FP,TWB_PCBA_TOP_FP9,1020,TWB_ICT5,TWB_PCBA_ICT,PN-337126,00F08C10,00F08C10,PN-337126,00F08C11,E47,,PROCESS,94474092,00F08C10T-20180404082201,U4,2,H11,483,483,13.09,-1.52,127,GOOD,GOOD,127.598,157.9219,102.6137,0,0.9055,4/4/2018 12:24
31901,1020,FP9,TOP,4009148925,5/14/2018 10:51,1526294700,TWB_SM3,TWB_PCBA_SM3_TOP_FP,TWB_PCBA_TOP_FP9,1020,TWB_ICT5,TWB_PCBA_ICT,PN-337126,00F08C10,00F08C10,PN-337126,00F08C11,E47,,PROCESS,94474092,00F08C10T-20180404082201,U4,2,P16,483,483,2.13,1.2,127,GOOD,GOOD,112.8117,146.5997,97.72929,0,0.9055,4/4/2018 12:24
32159,1020,FPZ1,TOP,4009148925,4/7/2018 14:07,1523109600,TWB_SM3,TWB_PCBA_SM3_SM_TOP_GEN1,TWB_PCBA_TOP_FPZ1,1020,TWB_ICT5,TWB_PCBA_ICT,PN-337126,00F08C10,00F08C10,PN-337126,00F08C11,T18,FAILED SHORTS TEST,SOLD,PN-419257,00F08C10T-20180404082201,U12,2,E1,381,381,-1.22,-5.93,127,GOOD,GOOD,105.5691,141.9959,94.42017,0,0.71427,4/4/2018 12:24
32172,1020,FP9,TOP,4009148925,5/14/2018 10:51,1526294700,TWB_SM3,TWB_PCBA_SM3_TOP_FP,TWB_PCBA_TOP_FP9,1020,TWB_ICT5,TWB_PCBA_ICT,PN-337126,00F08C10,00F08C10,PN-337126,00F08C11,E47,,PROCESS,94474092,00F08C10T-20180404082201,U4,2,M10,483,483,10.23,-5.16,127,GOOD,GOOD,121.1622,153.8766,99.99961,0,0.9055,4/4/2018 12:24
32249,1020,FP9,TOP,4009148925,5/14/2018 10:51,1526294700,TWB_SM3,TWB_PCBA_SM3_TOP_FP,TWB_PCBA_TOP_FP9,1020,TWB_ICT5,TWB_PCBA_ICT,PN-337126,00F08C10,00F08C10,PN-337126,00F08C11,E47,,PROCESS,94474092,00F08C10T-20180404082201,U4,2,E3,483,483,-0.8,0.71,127,GOOD,GOOD,133.6354,166.4791,101.9449,0,0.9055,4/4/2018 12:24
32445,1020,FPZ1,TOP,4009148925,4/7/2018 14:07,1523109600,TWB_SM3,TWB_PCBA_SM3_SM_TOP_GEN1,TWB_PCBA_TOP_FPZ1,1020,TWB_ICT5,TWB_PCBA_ICT,PN-337126,00F08C10,00F08C10,PN-337126,00F08C11,T18,FAILED SHORTS TEST,SOLD,PN-419257,00F08C10T-20180404082201,U12,2,E6,381,381,2.3,6.26,127,GOOD,GOOD,112.2098,144.9605,98.30705999999999,0,0.71427,4/4/2018 12:24
32561,1020,FP9,TOP,4009148925,5/14/2018 10:51,1526294700,TWB_SM3,TWB_PCBA_SM3_TOP_FP,TWB_PCBA_TOP_FP9,1020,TWB_ICT5,TWB_PCBA_ICT,PN-337126,00F08C10,00F08C10,PN-337126,00F08C11,E47,,PROCESS,94474092,00F08C10T-20180404082201,U4,2,R8,483,483,10.2,-0.13,127,GOOD,GOOD,121.1612,155.9025,98.69933,0,0.9055,4/4/2018 12:24
32570,1020,FP9,TOP,4009148925,5/14/2018 10:51,1526294700,TWB_SM3,TWB_PCBA_SM3_TOP_FP,TWB_PCBA_TOP_FP9,1020,TWB_ICT5,TWB_PCBA_ICT,PN-337126,00F08C10,00F08C10,PN-337126,00F08C11,E47,,PROCESS,94474092,00F08C10T-20180404082201,U4,2,G2,483,483,7.26,8.81,127,GOOD,GOOD,127.8761,162.4591,99.96524000000001,0,0.9055,4/4/2018 12:24
32589,1020,FP9,TOP,4009148925,5/14/2018 10:51,1526294700,TWB_SM3,TWB_PCBA_SM3_TOP_FP,TWB_PCBA_TOP_FP9,1020,TWB_ICT5,TWB_PCBA_ICT,PN-337126,00F08C10,00F08C10,PN-337126,00F08C11,E47,,PROCESS,94474092,00F08C10T-20180404082201,U4,2,T4,483,483,8.26,7.35,127,GOOD,GOOD,126.2611,159.6967,100.41,0,0.9055,4/4/2018 12:24
32593,1020,FP9,TOP,4009148925,5/14/2018 10:51,1526294700,TWB_SM3,TWB_PCBA_SM3_TOP_FP,TWB_PCBA_TOP_FP9,1020,TWB_ICT5,TWB_PCBA_ICT,PN-337126,00F08C10,00F08C10,PN-337126,00F08C11,E47,,PROCESS,94474092,00F08C10T-20180404082201,U4,2,J1,483,483,0.25,1.46,127,GOOD,GOOD,116.7165,153.5276,96.54941,0,0.9055,4/4/2018 12:24
32594,1020,FP9,TOP,4009148925,5/14/2018 10:51,1526294700,TWB_SM3,TWB_PCBA_SM3_TOP_FP,TWB_PCBA_TOP_FP9,1020,TWB_ICT5,TWB_PCBA_ICT,PN-337126,00F08C10,00F08C10,PN-337126,00F08C11,E47,,PROCESS,94474092,00F08C10T-20180404082201,U4,2,R13,483,483,7.86,-1.36,127,GOOD,GOOD,129.6005,163.4936,100.6722,0,0.9055,4/4/2018 12:24
32604,1020,FP9,TOP,4009148925,5/14/2018 10:51,1526294700,TWB_SM3,TWB_PCBA_SM3_TOP_FP,TWB_PCBA_TOP_FP9,1020,TWB_ICT5,TWB_PCBA_ICT,PN-337126,00F08C10,00F08C10,PN-337126,00F08C11,E47,,PROCESS,94474092,00F08C10T-20180404082201,U4,2,C15,483,483,10.58,5.61,127,GOOD,GOOD,119.21600000000001,156.3649,96.82755999999999,0,0.9055,4/4/2018 12:24
32629,1020,FP9,TOP,4009148925,5/14/2018 10:51,1526294700,TWB_SM3,TWB_PCBA_SM3_TOP_FP,TWB_PCBA_TOP_FP9,1020,TWB_ICT5,TWB_PCBA_ICT,PN-337126,00F08C10,00F08C10,PN-337126,00F08C11,E47,,PROCESS,94474092,00F08C10T-20180404082201,U4,2,D2,483,483,2.88,-2.04,127,GOOD,GOOD,129.8885,163.74,100.7441,0,0.9055,4/4/2018 12:24
32740,1020,FP9,TOP,4009148925,5/14/2018 10:51,1526294700,TWB_SM3,TWB_PCBA_SM3_TOP_FP,TWB_PCBA_TOP_FP9,1020,TWB_ICT5,TWB_PCBA_ICT,PN-337126,00F08C10,00F08C10,PN-337126,00F08C11,E47,,PROCESS,94474092,00F08C10T-20180404082201,U4,2,M1,483,483,2.98,3.03,127,GOOD,GOOD,123.1078,157.7377,99.11832,0,0.9055,4/4/2018 12:24
32829,1020,FP9,TOP,4009148925,5/14/2018 10:51,1526294700,TWB_SM3,TWB_PCBA_SM3_TOP_FP,TWB_PCBA_TOP_FP9,1020,TWB_ICT5,TWB_PCBA_ICT,PN-337126,00F08C10,00F08C10,PN-337126,00F08C11,E47,,PROCESS,94474092,00F08C10T-20180404082201,U4,2,R9,483,483,-0.8,4.76,127,GOOD,GOOD,124.3029,158.9561,99.31334,0,0.9055,4/4/2018 12:24
