,plcng_plant_cd,mach_id,pcb_side_inspd,wo_num,defct_dttm,intrvl_key,plcng_area_cd,plcng_prcs_cd,plcng_wrk_ctr_cd,fndng_plant_cd,fndng_area_cd,fndng_prcs_cd,bld_part_no,bld_serial_no,barcd,assy_part_no,assy_serial_no,defct_cd,failed_test_code,fail_type,cmpnt_part_no,spi_test_id,ref_id,silkscrn_nbr,cmpntpin_nbr,cmpntpin_size_x_axis,cmpntpin_size_y_axis,solder_paste_offst_x_axis,solder_paste_offst_y_axis,pad_stncl_hgt,pad_spi_result,pad_spi_defct_type,solder_paste_vol_pct,solder_paste_hgt,solder_paste_area_pct,pkg_type,stncl_surf_area_ratio,extract_dttm
1491,1020,FP9,TOP,4009277305,5/19/2018 16:03,1526745600,TWB_SM3,TWB_PCBA_SM3_TOP_FP,TWB_PCBA_TOP_FP9,1020,TWB_SM3,TWB_PCBA_PASTE_INSPECTION_TOP,PN-337126,00F2970E,00F2970E,PN-337126,00F2970F,T31,,PROCESS,94474092,00F2970ET-20180531111847,U4,2,B5,483,483,6.94,-6.67,127,GOOD,GOOD,129.9358,165.6636,99.61061,0,0.9055,5/31/2018 15:34
1492,1020,FP9,TOP,4009277305,5/19/2018 16:03,1526745600,TWB_SM3,TWB_PCBA_SM3_TOP_FP,TWB_PCBA_TOP_FP9,1020,TWB_SM3,TWB_PCBA_PASTE_INSPECTION_TOP,PN-337126,00F2970E,00F2970E,PN-337126,00F2970F,T31,,PROCESS,94474092,00F2970ET-20180531111847,U4,2,C14,483,483,7.93,-6.77,127,GOOD,GOOD,137.5259,181.8938,96.02193,0,0.9055,5/31/2018 15:34
1493,1020,FP9,TOP,4009277305,5/19/2018 16:03,1526745600,TWB_SM3,TWB_PCBA_SM3_TOP_FP,TWB_PCBA_TOP_FP9,1020,TWB_SM3,TWB_PCBA_PASTE_INSPECTION_TOP,PN-337126,00F2970E,00F2970E,PN-337126,00F2970F,T31,,PROCESS,94474092,00F2970ET-20180531111847,U4,2,E11,483,483,8.56,-0.01,127,GOOD,GOOD,153.0098,206.2372,94.22278,0,0.9055,5/31/2018 15:34
1494,1020,FP9,TOP,4009277305,5/19/2018 16:03,1526745600,TWB_SM3,TWB_PCBA_SM3_TOP_FP,TWB_PCBA_TOP_FP9,1020,TWB_SM3,TWB_PCBA_PASTE_INSPECTION_TOP,PN-337126,00F2970E,00F2970E,PN-337126,00F2970F,T31,,PROCESS,94474092,00F2970ET-20180531111847,U4,2,E7,483,483,6.64,-10.87,127,GOOD,GOOD,128.5462,170.4223,95.79356,0,0.9055,5/31/2018 15:34
1495,1020,FP9,TOP,4009277305,5/19/2018 16:03,1526745600,TWB_SM3,TWB_PCBA_SM3_TOP_FP,TWB_PCBA_TOP_FP9,1020,TWB_SM3,TWB_PCBA_PASTE_INSPECTION_TOP,PN-337126,00F2970E,00F2970E,PN-337126,00F2970F,T31,,PROCESS,94474092,00F2970ET-20180531111847,U4,2,G2,483,483,9.63,3.47,127,GOOD,GOOD,129.9297,165.9497,99.43423,0,0.9055,5/31/2018 15:34
1496,1020,FP9,TOP,4009277305,5/19/2018 16:03,1526745600,TWB_SM3,TWB_PCBA_SM3_TOP_FP,TWB_PCBA_TOP_FP9,1020,TWB_SM3,TWB_PCBA_PASTE_INSPECTION_TOP,PN-337126,00F2970E,00F2970E,PN-337126,00F2970F,T31,,PROCESS,94474092,00F2970ET-20180531111847,U4,2,H16,483,483,17.0,-9.07,127,GOOD,GOOD,126.2719,178.9211,89.62903,0,0.9055,5/31/2018 15:34
1497,1020,FP9,TOP,4009277305,5/19/2018 16:03,1526745600,TWB_SM3,TWB_PCBA_SM3_TOP_FP,TWB_PCBA_TOP_FP9,1020,TWB_SM3,TWB_PCBA_PASTE_INSPECTION_TOP,PN-337126,00F2970E,00F2970E,PN-337126,00F2970F,T31,,PROCESS,94474092,00F2970ET-20180531111847,U4,2,H9,483,483,20.26,6.92,127,GOOD,GOOD,138.1521,171.4291,102.3474,0,0.9055,5/31/2018 15:34
1498,1020,FP9,TOP,4009277305,5/19/2018 16:03,1526745600,TWB_SM3,TWB_PCBA_SM3_TOP_FP,TWB_PCBA_TOP_FP9,1020,TWB_SM3,TWB_PCBA_PASTE_INSPECTION_TOP,PN-337126,00F2970E,00F2970E,PN-337126,00F2970F,T31,,PROCESS,94474092,00F2970ET-20180531111847,U4,2,J13,483,483,17.69,-1.78,127,GOOD,GOOD,136.341,178.3059,97.11016,0,0.9055,5/31/2018 15:34
1499,1020,FP9,TOP,4009277305,5/19/2018 16:03,1526745600,TWB_SM3,TWB_PCBA_SM3_TOP_FP,TWB_PCBA_TOP_FP9,1020,TWB_SM3,TWB_PCBA_PASTE_INSPECTION_TOP,PN-337126,00F2970E,00F2970E,PN-337126,00F2970F,T31,,PROCESS,94474092,00F2970ET-20180531111847,U4,2,J4,483,483,11.85,-1.21,127,GOOD,GOOD,127.7073,169.1064,95.90903,0,0.9055,5/31/2018 15:34
1500,1020,FP9,TOP,4009277305,5/19/2018 16:03,1526745600,TWB_SM3,TWB_PCBA_SM3_TOP_FP,TWB_PCBA_TOP_FP9,1020,TWB_SM3,TWB_PCBA_PASTE_INSPECTION_TOP,PN-337126,00F2970E,00F2970E,PN-337126,00F2970F,T31,,PROCESS,94474092,00F2970ET-20180531111847,U4,2,L10,483,483,8.26,5.99,127,GOOD,GOOD,129.6225,173.7694,94.73505,0,0.9055,5/31/2018 15:34
1501,1020,FP9,TOP,4009277305,5/19/2018 16:03,1526745600,TWB_SM3,TWB_PCBA_SM3_TOP_FP,TWB_PCBA_TOP_FP9,1020,TWB_SM3,TWB_PCBA_PASTE_INSPECTION_TOP,PN-337126,00F2970E,00F2970E,PN-337126,00F2970F,T31,,PROCESS,94474092,00F2970ET-20180531111847,U4,2,M6,483,483,12.09,-4.4,127,GOOD,GOOD,133.0292,169.3259,99.77629,0,0.9055,5/31/2018 15:34
1502,1020,FP9,TOP,4009277305,5/19/2018 16:03,1526745600,TWB_SM3,TWB_PCBA_SM3_TOP_FP,TWB_PCBA_TOP_FP9,1020,TWB_SM3,TWB_PCBA_PASTE_INSPECTION_TOP,PN-337126,00F2970E,00F2970E,PN-337126,00F2970F,T31,,PROCESS,94474092,00F2970ET-20180531111847,U4,2,P8,483,483,9.17,-8.07,127,GOOD,GOOD,130.9962,180.5819,92.1273,0,0.9055,5/31/2018 15:34
1503,1020,FP9,TOP,4009277305,5/19/2018 16:03,1526745600,TWB_SM3,TWB_PCBA_SM3_TOP_FP,TWB_PCBA_TOP_FP9,1020,TWB_SM3,TWB_PCBA_PASTE_INSPECTION_TOP,PN-337126,00F2970E,00F2970E,PN-337126,00F2970F,T31,,PROCESS,94474092,00F2970ET-20180531111847,U4,2,R3,483,483,7.4,3.8,127,GOOD,GOOD,133.4725,174.5967,97.08668,0,0.9055,5/31/2018 15:34
1937,1020,FP9,TOP,4009277305,5/19/2018 16:03,1526745600,TWB_SM3,TWB_PCBA_SM3_TOP_FP,TWB_PCBA_TOP_FP9,1020,TWB_SM3,TWB_PCBA_PASTE_INSPECTION_TOP,PN-337126,00F2970E,00F2970E,PN-337126,00F2970F,T31,,PROCESS,94474092,00F2970ET-20180531111847,U4,2,A8,483,483,17.81,6.03,127,GOOD,GOOD,137.4603,184.4287,94.65691,0,0.9055,5/31/2018 15:34
1938,1020,FP9,TOP,4009277305,5/19/2018 16:03,1526745600,TWB_SM3,TWB_PCBA_SM3_TOP_FP,TWB_PCBA_TOP_FP9,1020,TWB_SM3,TWB_PCBA_PASTE_INSPECTION_TOP,PN-337126,00F2970E,00F2970E,PN-337126,00F2970F,T31,,PROCESS,94474092,00F2970ET-20180531111847,U4,2,B16,483,483,6.61,-11.8,127,GOOD,GOOD,121.5738,168.5051,91.62852,0,0.9055,5/31/2018 15:34
1939,1020,FP9,TOP,4009277305,5/19/2018 16:03,1526745600,TWB_SM3,TWB_PCBA_SM3_TOP_FP,TWB_PCBA_TOP_FP9,1020,TWB_SM3,TWB_PCBA_PASTE_INSPECTION_TOP,PN-337126,00F2970E,00F2970E,PN-337126,00F2970F,T31,,PROCESS,94474092,00F2970ET-20180531111847,U4,2,C3,483,483,9.09,-1.64,127,GOOD,GOOD,130.5384,167.3278,99.07721,0,0.9055,5/31/2018 15:34
1940,1020,FP9,TOP,4009277305,5/19/2018 16:03,1526745600,TWB_SM3,TWB_PCBA_SM3_TOP_FP,TWB_PCBA_TOP_FP9,1020,TWB_SM3,TWB_PCBA_PASTE_INSPECTION_TOP,PN-337126,00F2970E,00F2970E,PN-337126,00F2970F,T31,,PROCESS,94474092,00F2970ET-20180531111847,U4,2,D13,483,483,14.54,-4.04,127,GOOD,GOOD,140.2574,186.361,95.58168,0,0.9055,5/31/2018 15:34
1941,1020,FP9,TOP,4009277305,5/19/2018 16:03,1526745600,TWB_SM3,TWB_PCBA_SM3_TOP_FP,TWB_PCBA_TOP_FP9,1020,TWB_SM3,TWB_PCBA_PASTE_INSPECTION_TOP,PN-337126,00F2970E,00F2970E,PN-337126,00F2970F,T31,,PROCESS,94474092,00F2970ET-20180531111847,U4,2,F10,483,483,10.21,3.73,127,GOOD,GOOD,127.9304,164.9879,98.47488,0,0.9055,5/31/2018 15:34
1942,1020,FP9,TOP,4009277305,5/19/2018 16:03,1526745600,TWB_SM3,TWB_PCBA_SM3_TOP_FP,TWB_PCBA_TOP_FP9,1020,TWB_SM3,TWB_PCBA_PASTE_INSPECTION_TOP,PN-337126,00F2970E,00F2970E,PN-337126,00F2970F,T31,,PROCESS,94474092,00F2970ET-20180531111847,U4,2,F5,483,483,6.14,-4.85,127,GOOD,GOOD,119.6122,165.3598,91.86485,0,0.9055,5/31/2018 15:34
1943,1020,FP9,TOP,4009277305,5/19/2018 16:03,1526745600,TWB_SM3,TWB_PCBA_SM3_TOP_FP,TWB_PCBA_TOP_FP9,1020,TWB_SM3,TWB_PCBA_PASTE_INSPECTION_TOP,PN-337126,00F2970E,00F2970E,PN-337126,00F2970F,T31,,PROCESS,94474092,00F2970ET-20180531111847,U4,2,K12,483,483,10.41,-0.02,127,GOOD,GOOD,129.5063,170.4059,96.51841999999999,0,0.9055,5/31/2018 15:34
1944,1020,FP9,TOP,4009277305,5/19/2018 16:03,1526745600,TWB_SM3,TWB_PCBA_SM3_TOP_FP,TWB_PCBA_TOP_FP9,1020,TWB_SM3,TWB_PCBA_PASTE_INSPECTION_TOP,PN-337126,00F2970E,00F2970E,PN-337126,00F2970F,T31,,PROCESS,94474092,00F2970ET-20180531111847,U4,2,K2,483,483,12.34,2.83,127,GOOD,GOOD,127.2673,162.5848,99.41243,0,0.9055,5/31/2018 15:34
1945,1020,FP9,TOP,4009277305,5/19/2018 16:03,1526745600,TWB_SM3,TWB_PCBA_SM3_TOP_FP,TWB_PCBA_TOP_FP9,1020,TWB_SM3,TWB_PCBA_PASTE_INSPECTION_TOP,PN-337126,00F2970E,00F2970E,PN-337126,00F2970F,T31,,PROCESS,94474092,00F2970ET-20180531111847,U4,2,L9,483,483,12.08,-11.73,127,GOOD,GOOD,127.7198,176.1181,92.09963,0,0.9055,5/31/2018 15:34
1946,1020,FP9,TOP,4009277305,5/19/2018 16:03,1526745600,TWB_SM3,TWB_PCBA_SM3_TOP_FP,TWB_PCBA_TOP_FP9,1020,TWB_SM3,TWB_PCBA_PASTE_INSPECTION_TOP,PN-337126,00F2970E,00F2970E,PN-337126,00F2970F,T31,,PROCESS,94474092,00F2970ET-20180531111847,U4,2,N4,483,483,5.13,0.61,127,GOOD,GOOD,129.6847,167.7979,98.15353,0,0.9055,5/31/2018 15:34
1947,1020,FP9,TOP,4009277305,5/19/2018 16:03,1526745600,TWB_SM3,TWB_PCBA_SM3_TOP_FP,TWB_PCBA_TOP_FP9,1020,TWB_SM3,TWB_PCBA_PASTE_INSPECTION_TOP,PN-337126,00F2970E,00F2970E,PN-337126,00F2970F,T31,,PROCESS,94474092,00F2970ET-20180531111847,U4,2,P14,483,483,12.23,-1.78,127,GOOD,GOOD,124.531,169.1076,93.52291,0,0.9055,5/31/2018 15:34
1948,1020,FP9,TOP,4009277305,5/19/2018 16:03,1526745600,TWB_SM3,TWB_PCBA_SM3_TOP_FP,TWB_PCBA_TOP_FP9,1020,TWB_SM3,TWB_PCBA_PASTE_INSPECTION_TOP,PN-337126,00F2970E,00F2970E,PN-337126,00F2970F,T31,,PROCESS,94474092,00F2970ET-20180531111847,U4,2,R11,483,483,12.24,5.53,127,GOOD,GOOD,121.4176,162.3724,94.9671,0,0.9055,5/31/2018 15:34
1949,1020,FP9,TOP,4009277305,5/19/2018 16:03,1526745600,TWB_SM3,TWB_PCBA_SM3_TOP_FP,TWB_PCBA_TOP_FP9,1020,TWB_SM3,TWB_PCBA_PASTE_INSPECTION_TOP,PN-337126,00F2970E,00F2970E,PN-337126,00F2970F,T31,,PROCESS,94474092,00F2970ET-20180531111847,U4,2,T8,483,483,11.25,-7.16,127,GOOD,GOOD,120.6059,162.8753,94.04098,0,0.9055,5/31/2018 15:34
4173,1020,FP9,TOP,4009277305,5/19/2018 16:03,1526745600,TWB_SM3,TWB_PCBA_SM3_TOP_FP,TWB_PCBA_TOP_FP9,1020,TWB_SM3,TWB_PCBA_PASTE_INSPECTION_TOP,PN-337126,00F2970E,00F2970E,PN-337126,00F2970F,T31,,PROCESS,94474092,00F2970ET-20180531111847,U4,2,A11,483,483,5.21,-0.83,127,GOOD,GOOD,129.7123,175.0008,94.13363000000001,0,0.9055,5/31/2018 15:34
4174,1020,FP9,TOP,4009277305,5/19/2018 16:03,1526745600,TWB_SM3,TWB_PCBA_SM3_TOP_FP,TWB_PCBA_TOP_FP9,1020,TWB_SM3,TWB_PCBA_PASTE_INSPECTION_TOP,PN-337126,00F2970E,00F2970E,PN-337126,00F2970F,T31,,PROCESS,94474092,00F2970ET-20180531111847,U4,2,C6,483,483,4.9,-8.5,127,GOOD,GOOD,125.0518,169.8445,93.50656,0,0.9055,5/31/2018 15:34
4175,1020,FP9,TOP,4009277305,5/19/2018 16:03,1526745600,TWB_SM3,TWB_PCBA_SM3_TOP_FP,TWB_PCBA_TOP_FP9,1020,TWB_SM3,TWB_PCBA_PASTE_INSPECTION_TOP,PN-337126,00F2970E,00F2970E,PN-337126,00F2970F,T31,,PROCESS,94474092,00F2970ET-20180531111847,U4,2,D16,483,483,10.35,-10.89,127,GOOD,GOOD,129.4202,178.773,91.93985,0,0.9055,5/31/2018 15:34
4176,1020,FP9,TOP,4009277305,5/19/2018 16:03,1526745600,TWB_SM3,TWB_PCBA_SM3_TOP_FP,TWB_PCBA_TOP_FP9,1020,TWB_SM3,TWB_PCBA_PASTE_INSPECTION_TOP,PN-337126,00F2970E,00F2970E,PN-337126,00F2970F,T31,,PROCESS,94474092,00F2970ET-20180531111847,U4,2,E1,483,483,7.89,2.84,127,GOOD,GOOD,130.1689,173.0609,95.52383,0,0.9055,5/31/2018 15:34
4177,1020,FP9,TOP,4009277305,5/19/2018 16:03,1526745600,TWB_SM3,TWB_PCBA_SM3_TOP_FP,TWB_PCBA_TOP_FP9,1020,TWB_SM3,TWB_PCBA_PASTE_INSPECTION_TOP,PN-337126,00F2970E,00F2970E,PN-337126,00F2970F,T31,,PROCESS,94474092,00F2970ET-20180531111847,U4,2,F13,483,483,9.17,-3.13,127,GOOD,GOOD,137.2316,186.11900000000003,93.64116999999999,0,0.9055,5/31/2018 15:34
4178,1020,FP9,TOP,4009277305,5/19/2018 16:03,1526745600,TWB_SM3,TWB_PCBA_SM3_TOP_FP,TWB_PCBA_TOP_FP9,1020,TWB_SM3,TWB_PCBA_PASTE_INSPECTION_TOP,PN-337126,00F2970E,00F2970E,PN-337126,00F2970F,T31,,PROCESS,94474092,00F2970ET-20180531111847,U4,2,F8,483,483,8.4,-11.71,127,GOOD,GOOD,123.7945,165.2346,95.14894,0,0.9055,5/31/2018 15:34
4179,1020,FP9,TOP,4009277305,5/19/2018 16:03,1526745600,TWB_SM3,TWB_PCBA_SM3_TOP_FP,TWB_PCBA_TOP_FP9,1020,TWB_SM3,TWB_PCBA_PASTE_INSPECTION_TOP,PN-337126,00F2970E,00F2970E,PN-337126,00F2970F,T31,,PROCESS,94474092,00F2970ET-20180531111847,U4,2,H10,483,483,14.78,4.63,127,GOOD,GOOD,133.5908,176.0933,96.34683000000001,0,0.9055,5/31/2018 15:34
4180,1020,FP9,TOP,4009277305,5/19/2018 16:03,1526745600,TWB_SM3,TWB_PCBA_SM3_TOP_FP,TWB_PCBA_TOP_FP9,1020,TWB_SM3,TWB_PCBA_PASTE_INSPECTION_TOP,PN-337126,00F2970E,00F2970E,PN-337126,00F2970F,T31,,PROCESS,94474092,00F2970ET-20180531111847,U4,2,H3,483,483,10.57,0.63,127,GOOD,GOOD,134.0518,178.9023,95.16131999999999,0,0.9055,5/31/2018 15:34
4181,1020,FP9,TOP,4009277305,5/19/2018 16:03,1526745600,TWB_SM3,TWB_PCBA_SM3_TOP_FP,TWB_PCBA_TOP_FP9,1020,TWB_SM3,TWB_PCBA_PASTE_INSPECTION_TOP,PN-337126,00F2970E,00F2970E,PN-337126,00F2970F,T31,,PROCESS,94474092,00F2970ET-20180531111847,U4,2,K15,483,483,8.38,-6.88,127,GOOD,GOOD,127.7883,164.885,98.4269,0,0.9055,5/31/2018 15:34
4182,1020,FP9,TOP,4009277305,5/19/2018 16:03,1526745600,TWB_SM3,TWB_PCBA_SM3_TOP_FP,TWB_PCBA_TOP_FP9,1020,TWB_SM3,TWB_PCBA_PASTE_INSPECTION_TOP,PN-337126,00F2970E,00F2970E,PN-337126,00F2970F,T31,,PROCESS,94474092,00F2970ET-20180531111847,U4,2,K5,483,483,12.8,-4.03,127,GOOD,GOOD,122.6194,167.0747,93.20778,0,0.9055,5/31/2018 15:34
4183,1020,FP9,TOP,4009277305,5/19/2018 16:03,1526745600,TWB_SM3,TWB_PCBA_SM3_TOP_FP,TWB_PCBA_TOP_FP9,1020,TWB_SM3,TWB_PCBA_PASTE_INSPECTION_TOP,PN-337126,00F2970E,00F2970E,PN-337126,00F2970F,T31,,PROCESS,94474092,00F2970ET-20180531111847,U4,2,M12,483,483,5.86,1.89,127,GOOD,GOOD,121.1007,167.6725,91.72522,0,0.9055,5/31/2018 15:34
4184,1020,FP9,TOP,4009277305,5/19/2018 16:03,1526745600,TWB_SM3,TWB_PCBA_SM3_TOP_FP,TWB_PCBA_TOP_FP9,1020,TWB_SM3,TWB_PCBA_PASTE_INSPECTION_TOP,PN-337126,00F2970E,00F2970E,PN-337126,00F2970F,T31,,PROCESS,94474092,00F2970ET-20180531111847,U4,2,N7,483,483,5.75,-6.25,127,GOOD,GOOD,129.0887,165.3443,99.15231,0,0.9055,5/31/2018 15:34
4185,1020,FP9,TOP,4009277305,5/19/2018 16:03,1526745600,TWB_SM3,TWB_PCBA_SM3_TOP_FP,TWB_PCBA_TOP_FP9,1020,TWB_SM3,TWB_PCBA_PASTE_INSPECTION_TOP,PN-337126,00F2970E,00F2970E,PN-337126,00F2970F,T31,,PROCESS,94474092,00F2970ET-20180531111847,U4,2,P2,483,483,12.25,5.65,127,GOOD,GOOD,130.056,178.8429,92.35542,0,0.9055,5/31/2018 15:34
4186,1020,FP9,TOP,4009277305,5/19/2018 16:03,1526745600,TWB_SM3,TWB_PCBA_SM3_TOP_FP,TWB_PCBA_TOP_FP9,1020,TWB_SM3,TWB_PCBA_PASTE_INSPECTION_TOP,PN-337126,00F2970E,00F2970E,PN-337126,00F2970F,T31,,PROCESS,94474092,00F2970ET-20180531111847,U4,2,R14,483,483,16.17,-1.33,127,GOOD,GOOD,125.3862,170.6498,93.31416,0,0.9055,5/31/2018 15:34
4187,1020,FP9,TOP,4009277305,5/19/2018 16:03,1526745600,TWB_SM3,TWB_PCBA_SM3_TOP_FP,TWB_PCBA_TOP_FP9,1020,TWB_SM3,TWB_PCBA_PASTE_INSPECTION_TOP,PN-337126,00F2970E,00F2970E,PN-337126,00F2970F,T31,,PROCESS,94474092,00F2970ET-20180531111847,U4,2,T11,483,483,10.38,5.99,127,GOOD,GOOD,121.8267,162.9853,94.92871,0,0.9055,5/31/2018 15:34
4583,1020,FP9,TOP,4009277305,5/19/2018 16:03,1526745600,TWB_SM3,TWB_PCBA_SM3_TOP_FP,TWB_PCBA_TOP_FP9,1020,TWB_SM3,TWB_PCBA_PASTE_INSPECTION_TOP,PN-337126,00F2970E,00F2970E,PN-337126,00F2970F,T31,,PROCESS,94474092,00F2970ET-20180531111847,U4,2,A13,483,483,11.0,-5.4,127,GOOD,GOOD,127.2994,162.7953,99.30891,0,0.9055,5/31/2018 15:34
4584,1020,FP9,TOP,4009277305,5/19/2018 16:03,1526745600,TWB_SM3,TWB_PCBA_SM3_TOP_FP,TWB_PCBA_TOP_FP9,1020,TWB_SM3,TWB_PCBA_PASTE_INSPECTION_TOP,PN-337126,00F2970E,00F2970E,PN-337126,00F2970F,T31,,PROCESS,94474092,00F2970ET-20180531111847,U4,2,B1,483,483,10.27,2.48,127,GOOD,GOOD,130.5494,163.8727,101.1747,0,0.9055,5/31/2018 15:34
4585,1020,FP9,TOP,4009277305,5/19/2018 16:03,1526745600,TWB_SM3,TWB_PCBA_SM3_TOP_FP,TWB_PCBA_TOP_FP9,1020,TWB_SM3,TWB_PCBA_PASTE_INSPECTION_TOP,PN-337126,00F2970E,00F2970E,PN-337126,00F2970F,T31,,PROCESS,94474092,00F2970ET-20180531111847,U4,2,C10,483,483,9.15,2.36,127,GOOD,GOOD,137.6425,187.8204,93.07079,0,0.9055,5/31/2018 15:34
4586,1020,FP9,TOP,4009277305,5/19/2018 16:03,1526745600,TWB_SM3,TWB_PCBA_SM3_TOP_FP,TWB_PCBA_TOP_FP9,1020,TWB_SM3,TWB_PCBA_PASTE_INSPECTION_TOP,PN-337126,00F2970E,00F2970E,PN-337126,00F2970F,T31,,PROCESS,94474092,00F2970ET-20180531111847,U4,2,C8,483,483,5.69,-13.07,127,GOOD,GOOD,135.0973,182.4241,94.05199,0,0.9055,5/31/2018 15:34
4587,1020,FP9,TOP,4009277305,5/19/2018 16:03,1526745600,TWB_SM3,TWB_PCBA_SM3_TOP_FP,TWB_PCBA_TOP_FP9,1020,TWB_SM3,TWB_PCBA_PASTE_INSPECTION_TOP,PN-337126,00F2970E,00F2970E,PN-337126,00F2970F,T31,,PROCESS,94474092,00F2970ET-20180531111847,U4,2,E3,483,483,10.35,-1.73,127,GOOD,GOOD,133.0802,172.5624,97.94248,0,0.9055,5/31/2018 15:34
4588,1020,FP9,TOP,4009277305,5/19/2018 16:03,1526745600,TWB_SM3,TWB_PCBA_SM3_TOP_FP,TWB_PCBA_TOP_FP9,1020,TWB_SM3,TWB_PCBA_PASTE_INSPECTION_TOP,PN-337126,00F2970E,00F2970E,PN-337126,00F2970F,T31,,PROCESS,94474092,00F2970ET-20180531111847,U4,2,F15,483,483,13.44,-7.7,127,GOOD,GOOD,128.8707,169.2814,96.68266,0,0.9055,5/31/2018 15:34
4589,1020,FP9,TOP,4009277305,5/19/2018 16:03,1526745600,TWB_SM3,TWB_PCBA_SM3_TOP_FP,TWB_PCBA_TOP_FP9,1020,TWB_SM3,TWB_PCBA_PASTE_INSPECTION_TOP,PN-337126,00F2970E,00F2970E,PN-337126,00F2970F,T31,,PROCESS,94474092,00F2970ET-20180531111847,U4,2,H12,483,483,15.07,0.07,127,GOOD,GOOD,129.8682,173.7069,94.94878,0,0.9055,5/31/2018 15:34
4590,1020,FP9,TOP,4009277305,5/19/2018 16:03,1526745600,TWB_SM3,TWB_PCBA_SM3_TOP_FP,TWB_PCBA_TOP_FP9,1020,TWB_SM3,TWB_PCBA_PASTE_INSPECTION_TOP,PN-337126,00F2970E,00F2970E,PN-337126,00F2970F,T31,,PROCESS,94474092,00F2970ET-20180531111847,U4,2,H5,483,483,11.54,-3.94,127,GOOD,GOOD,124.6505,169.4163,93.44209000000001,0,0.9055,5/31/2018 15:34
4591,1020,FP9,TOP,4009277305,5/19/2018 16:03,1526745600,TWB_SM3,TWB_PCBA_SM3_TOP_FP,TWB_PCBA_TOP_FP9,1020,TWB_SM3,TWB_PCBA_PASTE_INSPECTION_TOP,PN-337126,00F2970E,00F2970E,PN-337126,00F2970F,T31,,PROCESS,94474092,00F2970ET-20180531111847,U4,2,K7,483,483,1.38,-8.6,127,GOOD,GOOD,128.3925,173.1196,94.18835,0,0.9055,5/31/2018 15:34
4592,1020,FP9,TOP,4009277305,5/19/2018 16:03,1526745600,TWB_SM3,TWB_PCBA_SM3_TOP_FP,TWB_PCBA_TOP_FP9,1020,TWB_SM3,TWB_PCBA_PASTE_INSPECTION_TOP,PN-337126,00F2970E,00F2970E,PN-337126,00F2970F,T31,,PROCESS,94474092,00F2970ET-20180531111847,U4,2,M14,483,483,6.83,-2.68,127,GOOD,GOOD,138.32299999999998,185.4655,94.71856,0,0.9055,5/31/2018 15:34
4593,1020,FP9,TOP,4009277305,5/19/2018 16:03,1526745600,TWB_SM3,TWB_PCBA_SM3_TOP_FP,TWB_PCBA_TOP_FP9,1020,TWB_SM3,TWB_PCBA_PASTE_INSPECTION_TOP,PN-337126,00F2970E,00F2970E,PN-337126,00F2970F,T31,,PROCESS,94474092,00F2970ET-20180531111847,U4,2,M2,483,483,8.51,4.74,127,GOOD,GOOD,125.8983,163.496,97.79496999999999,0,0.9055,5/31/2018 15:34
4594,1020,FP9,TOP,4009277305,5/19/2018 16:03,1526745600,TWB_SM3,TWB_PCBA_SM3_TOP_FP,TWB_PCBA_TOP_FP9,1020,TWB_SM3,TWB_PCBA_PASTE_INSPECTION_TOP,PN-337126,00F2970E,00F2970E,PN-337126,00F2970F,T31,,PROCESS,94474092,00F2970ET-20180531111847,U4,2,N9,483,483,11.68,-10.82,127,GOOD,GOOD,130.7091,171.1542,96.98888000000001,0,0.9055,5/31/2018 15:34
4595,1020,FP9,TOP,4009277305,5/19/2018 16:03,1526745600,TWB_SM3,TWB_PCBA_SM3_TOP_FP,TWB_PCBA_TOP_FP9,1020,TWB_SM3,TWB_PCBA_PASTE_INSPECTION_TOP,PN-337126,00F2970E,00F2970E,PN-337126,00F2970F,T31,,PROCESS,94474092,00F2970ET-20180531111847,U4,2,P4,483,483,7.41,1.07,127,GOOD,GOOD,131.8737,176.41,94.93765,0,0.9055,5/31/2018 15:34
4596,1020,FP9,TOP,4009277305,5/19/2018 16:03,1526745600,TWB_SM3,TWB_PCBA_SM3_TOP_FP,TWB_PCBA_TOP_FP9,1020,TWB_SM3,TWB_PCBA_PASTE_INSPECTION_TOP,PN-337126,00F2970E,00F2970E,PN-337126,00F2970F,T31,,PROCESS,94474092,00F2970ET-20180531111847,U4,2,R16,483,483,10.51,-5.9,127,GOOD,GOOD,114.741,165.6457,87.97155,0,0.9055,5/31/2018 15:34
4597,1020,FP9,TOP,4009277305,5/19/2018 16:03,1526745600,TWB_SM3,TWB_PCBA_SM3_TOP_FP,TWB_PCBA_TOP_FP9,1020,TWB_SM3,TWB_PCBA_PASTE_INSPECTION_TOP,PN-337126,00F2970E,00F2970E,PN-337126,00F2970F,T31,,PROCESS,94474092,00F2970ET-20180531111847,U4,2,T13,483,483,10.37,1.42,127,GOOD,GOOD,122.87299999999999,166.2881,93.84236999999999,0,0.9055,5/31/2018 15:34
5699,1020,FP9,TOP,4009277305,5/19/2018 16:03,1526745600,TWB_SM3,TWB_PCBA_SM3_TOP_FP,TWB_PCBA_TOP_FP9,1020,TWB_SM3,TWB_PCBA_PASTE_INSPECTION_TOP,PN-337126,00F2970E,00F2970E,PN-337126,00F2970F,T31,,PROCESS,94474092,00F2970ET-20180531111847,U4,2,A12,483,483,8.18,-3.11,127,GOOD,GOOD,121.706,166.1006,93.05601999999999,0,0.9055,5/31/2018 15:34
5700,1020,FP9,TOP,4009277305,5/19/2018 16:03,1526745600,TWB_SM3,TWB_PCBA_SM3_TOP_FP,TWB_PCBA_TOP_FP9,1020,TWB_SM3,TWB_PCBA_PASTE_INSPECTION_TOP,PN-337126,00F2970E,00F2970E,PN-337126,00F2970F,T31,,PROCESS,94474092,00F2970ET-20180531111847,U4,2,C7,483,483,4.55,-10.78,127,GOOD,GOOD,128.6074,165.7418,98.54569000000001,0,0.9055,5/31/2018 15:34
5701,1020,FP9,TOP,4009277305,5/19/2018 16:03,1526745600,TWB_SM3,TWB_PCBA_SM3_TOP_FP,TWB_PCBA_TOP_FP9,1020,TWB_SM3,TWB_PCBA_PASTE_INSPECTION_TOP,PN-337126,00F2970E,00F2970E,PN-337126,00F2970F,T31,,PROCESS,94474092,00F2970ET-20180531111847,U4,2,E2,483,483,9.2,0.55,127,GOOD,GOOD,129.2916,170.7659,96.15519,0,0.9055,5/31/2018 15:34
5702,1020,FP9,TOP,4009277305,5/19/2018 16:03,1526745600,TWB_SM3,TWB_PCBA_SM3_TOP_FP,TWB_PCBA_TOP_FP9,1020,TWB_SM3,TWB_PCBA_PASTE_INSPECTION_TOP,PN-337126,00F2970E,00F2970E,PN-337126,00F2970F,T31,,PROCESS,94474092,00F2970ET-20180531111847,U4,2,F14,483,483,13.95,-5.41,127,GOOD,GOOD,135.88,175.2677,98.45944,0,0.9055,5/31/2018 15:34
5703,1020,FP9,TOP,4009277305,5/19/2018 16:03,1526745600,TWB_SM3,TWB_PCBA_SM3_TOP_FP,TWB_PCBA_TOP_FP9,1020,TWB_SM3,TWB_PCBA_PASTE_INSPECTION_TOP,PN-337126,00F2970E,00F2970E,PN-337126,00F2970F,T31,,PROCESS,94474092,00F2970ET-20180531111847,U4,2,F9,483,483,16.52,6.01,127,GOOD,GOOD,139.4588,177.113,99.99978,0,0.9055,5/31/2018 15:34
5704,1020,FP9,TOP,4009277305,5/19/2018 16:03,1526745600,TWB_SM3,TWB_PCBA_SM3_TOP_FP,TWB_PCBA_TOP_FP9,1020,TWB_SM3,TWB_PCBA_PASTE_INSPECTION_TOP,PN-337126,00F2970E,00F2970E,PN-337126,00F2970F,T31,,PROCESS,94474092,00F2970ET-20180531111847,U4,2,H11,483,483,17.07,2.35,127,GOOD,GOOD,131.5346,177.3324,94.20102,0,0.9055,5/31/2018 15:34
5705,1020,FP9,TOP,4009277305,5/19/2018 16:03,1526745600,TWB_SM3,TWB_PCBA_SM3_TOP_FP,TWB_PCBA_TOP_FP9,1020,TWB_SM3,TWB_PCBA_PASTE_INSPECTION_TOP,PN-337126,00F2970E,00F2970E,PN-337126,00F2970F,T31,,PROCESS,94474092,00F2970ET-20180531111847,U4,2,H4,483,483,11.22,-1.66,127,GOOD,GOOD,137.0924,175.1763,99.38982,0,0.9055,5/31/2018 15:34
5706,1020,FP9,TOP,4009277305,5/19/2018 16:03,1526745600,TWB_SM3,TWB_PCBA_SM3_TOP_FP,TWB_PCBA_TOP_FP9,1020,TWB_SM3,TWB_PCBA_PASTE_INSPECTION_TOP,PN-337126,00F2970E,00F2970E,PN-337126,00F2970F,T31,,PROCESS,94474092,00F2970ET-20180531111847,U4,2,K16,483,483,13.17,-9.16,127,GOOD,GOOD,131.6978,179.0858,93.39442,0,0.9055,5/31/2018 15:34
5707,1020,FP9,TOP,4009277305,5/19/2018 16:03,1526745600,TWB_SM3,TWB_PCBA_SM3_TOP_FP,TWB_PCBA_TOP_FP9,1020,TWB_SM3,TWB_PCBA_PASTE_INSPECTION_TOP,PN-337126,00F2970E,00F2970E,PN-337126,00F2970F,T31,,PROCESS,94474092,00F2970ET-20180531111847,U4,2,K6,483,483,21.72,-6.31,127,GOOD,GOOD,132.3672,168.4119,99.81863,0,0.9055,5/31/2018 15:34
5708,1020,FP9,TOP,4009277305,5/19/2018 16:03,1526745600,TWB_SM3,TWB_PCBA_SM3_TOP_FP,TWB_PCBA_TOP_FP9,1020,TWB_SM3,TWB_PCBA_PASTE_INSPECTION_TOP,PN-337126,00F2970E,00F2970E,PN-337126,00F2970F,T31,,PROCESS,94474092,00F2970ET-20180531111847,U4,2,M1,483,483,1.4,7.02,127,GOOD,GOOD,125.4532,158.4199,100.5717,0,0.9055,5/31/2018 15:34
5709,1020,FP9,TOP,4009277305,5/19/2018 16:03,1526745600,TWB_SM3,TWB_PCBA_SM3_TOP_FP,TWB_PCBA_TOP_FP9,1020,TWB_SM3,TWB_PCBA_PASTE_INSPECTION_TOP,PN-337126,00F2970E,00F2970E,PN-337126,00F2970F,T31,,PROCESS,94474092,00F2970ET-20180531111847,U4,2,M13,483,483,16.14,-0.4,127,GOOD,GOOD,141.2503,196.729,91.18526999999999,0,0.9055,5/31/2018 15:34
5710,1020,FP9,TOP,4009277305,5/19/2018 16:03,1526745600,TWB_SM3,TWB_PCBA_SM3_TOP_FP,TWB_PCBA_TOP_FP9,1020,TWB_SM3,TWB_PCBA_PASTE_INSPECTION_TOP,PN-337126,00F2970E,00F2970E,PN-337126,00F2970F,T31,,PROCESS,94474092,00F2970ET-20180531111847,U4,2,N8,483,483,8.54,-8.53,127,GOOD,GOOD,128.593,169.8274,96.16418,0,0.9055,5/31/2018 15:34
5711,1020,FP9,TOP,4009277305,5/19/2018 16:03,1526745600,TWB_SM3,TWB_PCBA_SM3_TOP_FP,TWB_PCBA_TOP_FP9,1020,TWB_SM3,TWB_PCBA_PASTE_INSPECTION_TOP,PN-337126,00F2970E,00F2970E,PN-337126,00F2970F,T31,,PROCESS,94474092,00F2970ET-20180531111847,U4,2,P3,483,483,5.94,3.36,127,GOOD,GOOD,138.3425,176.7972,99.37656,0,0.9055,5/31/2018 15:34
5712,1020,FP9,TOP,4009277305,5/19/2018 16:03,1526745600,TWB_SM3,TWB_PCBA_SM3_TOP_FP,TWB_PCBA_TOP_FP9,1020,TWB_SM3,TWB_PCBA_PASTE_INSPECTION_TOP,PN-337126,00F2970E,00F2970E,PN-337126,00F2970F,T31,,PROCESS,94474092,00F2970ET-20180531111847,U4,2,R15,483,483,12.35,-3.62,127,GOOD,GOOD,123.4492,168.2722,93.17078000000001,0,0.9055,5/31/2018 15:34
5713,1020,FP9,TOP,4009277305,5/19/2018 16:03,1526745600,TWB_SM3,TWB_PCBA_SM3_TOP_FP,TWB_PCBA_TOP_FP9,1020,TWB_SM3,TWB_PCBA_PASTE_INSPECTION_TOP,PN-337126,00F2970E,00F2970E,PN-337126,00F2970F,T31,,PROCESS,94474092,00F2970ET-20180531111847,U4,2,T12,483,483,15.0,3.71,127,GOOD,GOOD,120.3488,159.5124,95.81891999999999,0,0.9055,5/31/2018 15:34
6075,1020,FP9,TOP,4009277305,5/19/2018 16:03,1526745600,TWB_SM3,TWB_PCBA_SM3_TOP_FP,TWB_PCBA_TOP_FP9,1020,TWB_SM3,TWB_PCBA_PASTE_INSPECTION_TOP,PN-337126,00F2970E,00F2970E,PN-337126,00F2970F,T31,,PROCESS,94474092,00F2970ET-20180531111847,U4,2,A9,483,483,5.92,3.74,127,GOOD,GOOD,124.1714,176.9898,89.09985,0,0.9055,5/31/2018 15:34
6076,1020,FP9,TOP,4009277305,5/19/2018 16:03,1526745600,TWB_SM3,TWB_PCBA_SM3_TOP_FP,TWB_PCBA_TOP_FP9,1020,TWB_SM3,TWB_PCBA_PASTE_INSPECTION_TOP,PN-337126,00F2970E,00F2970E,PN-337126,00F2970F,T31,,PROCESS,94474092,00F2970ET-20180531111847,U4,2,C4,483,483,11.39,-3.92,127,GOOD,GOOD,136.4788,173.93900000000002,99.64876,0,0.9055,5/31/2018 15:34
6077,1020,FP9,TOP,4009277305,5/19/2018 16:03,1526745600,TWB_SM3,TWB_PCBA_SM3_TOP_FP,TWB_PCBA_TOP_FP9,1020,TWB_SM3,TWB_PCBA_PASTE_INSPECTION_TOP,PN-337126,00F2970E,00F2970E,PN-337126,00F2970F,T31,,PROCESS,94474092,00F2970ET-20180531111847,U4,2,D14,483,483,11.87,-6.32,127,GOOD,GOOD,134.7763,171.2404,99.95645999999999,0,0.9055,5/31/2018 15:34
6078,1020,FP9,TOP,4009277305,5/19/2018 16:03,1526745600,TWB_SM3,TWB_PCBA_SM3_TOP_FP,TWB_PCBA_TOP_FP9,1020,TWB_SM3,TWB_PCBA_PASTE_INSPECTION_TOP,PN-337126,00F2970E,00F2970E,PN-337126,00F2970F,T31,,PROCESS,94474092,00F2970ET-20180531111847,U4,2,F11,483,483,13.33,1.44,127,GOOD,GOOD,136.8046,184.3686,94.23614,0,0.9055,5/31/2018 15:34
6079,1020,FP9,TOP,4009277305,5/19/2018 16:03,1526745600,TWB_SM3,TWB_PCBA_SM3_TOP_FP,TWB_PCBA_TOP_FP9,1020,TWB_SM3,TWB_PCBA_PASTE_INSPECTION_TOP,PN-337126,00F2970E,00F2970E,PN-337126,00F2970F,T31,,PROCESS,94474092,00F2970ET-20180531111847,U4,2,F6,483,483,8.44,-7.13,127,GOOD,GOOD,131.4558,166.4557,100.2962,0,0.9055,5/31/2018 15:34
6080,1020,FP9,TOP,4009277305,5/19/2018 16:03,1526745600,TWB_SM3,TWB_PCBA_SM3_TOP_FP,TWB_PCBA_TOP_FP9,1020,TWB_SM3,TWB_PCBA_PASTE_INSPECTION_TOP,PN-337126,00F2970E,00F2970E,PN-337126,00F2970F,T31,,PROCESS,94474092,00F2970ET-20180531111847,U4,2,H1,483,483,9.77,5.2,127,GOOD,GOOD,126.15299999999999,159.2767,100.5887,0,0.9055,5/31/2018 15:34
6081,1020,FP9,TOP,4009277305,5/19/2018 16:03,1526745600,TWB_SM3,TWB_PCBA_SM3_TOP_FP,TWB_PCBA_TOP_FP9,1020,TWB_SM3,TWB_PCBA_PASTE_INSPECTION_TOP,PN-337126,00F2970E,00F2970E,PN-337126,00F2970F,T31,,PROCESS,94474092,00F2970ET-20180531111847,U4,2,K13,483,483,9.08,-2.31,127,GOOD,GOOD,136.0112,182.3922,94.70482,0,0.9055,5/31/2018 15:34
6082,1020,FP9,TOP,4009277305,5/19/2018 16:03,1526745600,TWB_SM3,TWB_PCBA_SM3_TOP_FP,TWB_PCBA_TOP_FP9,1020,TWB_SM3,TWB_PCBA_PASTE_INSPECTION_TOP,PN-337126,00F2970E,00F2970E,PN-337126,00F2970F,T31,,PROCESS,94474092,00F2970ET-20180531111847,U4,2,K3,483,483,15.98,0.54,127,GOOD,GOOD,134.9878,175.3036,97.79286,0,0.9055,5/31/2018 15:34
6083,1020,FP9,TOP,4009277305,5/19/2018 16:03,1526745600,TWB_SM3,TWB_PCBA_SM3_TOP_FP,TWB_PCBA_TOP_FP9,1020,TWB_SM3,TWB_PCBA_PASTE_INSPECTION_TOP,PN-337126,00F2970E,00F2970E,PN-337126,00F2970F,T31,,PROCESS,94474092,00F2970ET-20180531111847,U4,2,M10,483,483,8.88,6.46,127,GOOD,GOOD,128.9408,174.6115,93.78242,0,0.9055,5/31/2018 15:34
6084,1020,FP9,TOP,4009277305,5/19/2018 16:03,1526745600,TWB_SM3,TWB_PCBA_SM3_TOP_FP,TWB_PCBA_TOP_FP9,1020,TWB_SM3,TWB_PCBA_PASTE_INSPECTION_TOP,PN-337126,00F2970E,00F2970E,PN-337126,00F2970F,T31,,PROCESS,94474092,00F2970ET-20180531111847,U4,2,N5,483,483,7.11,-1.68,127,GOOD,GOOD,136.1614,184.4014,93.77635,0,0.9055,5/31/2018 15:34
6085,1020,FP9,TOP,4009277305,5/19/2018 16:03,1526745600,TWB_SM3,TWB_PCBA_SM3_TOP_FP,TWB_PCBA_TOP_FP9,1020,TWB_SM3,TWB_PCBA_PASTE_INSPECTION_TOP,PN-337126,00F2970E,00F2970E,PN-337126,00F2970F,T31,,PROCESS,94474092,00F2970ET-20180531111847,U4,2,P15,483,483,15.86,-4.06,127,GOOD,GOOD,128.3123,171.8566,94.82133,0,0.9055,5/31/2018 15:34
6086,1020,FP9,TOP,4009277305,5/19/2018 16:03,1526745600,TWB_SM3,TWB_PCBA_SM3_TOP_FP,TWB_PCBA_TOP_FP9,1020,TWB_SM3,TWB_PCBA_PASTE_INSPECTION_TOP,PN-337126,00F2970E,00F2970E,PN-337126,00F2970F,T31,,PROCESS,94474092,00F2970ET-20180531111847,U4,2,R12,483,483,12.72,3.24,127,GOOD,GOOD,124.2378,166.1592,94.95833,0,0.9055,5/31/2018 15:34
6087,1020,FP9,TOP,4009277305,5/19/2018 16:03,1526745600,TWB_SM3,TWB_PCBA_SM3_TOP_FP,TWB_PCBA_TOP_FP9,1020,TWB_SM3,TWB_PCBA_PASTE_INSPECTION_TOP,PN-337126,00F2970E,00F2970E,PN-337126,00F2970F,T31,,PROCESS,94474092,00F2970ET-20180531111847,U4,2,T9,483,483,19.37,-9.44,127,GOOD,GOOD,126.8957,165.1064,97.60829,0,0.9055,5/31/2018 15:34
8543,1020,FP9,TOP,4009277305,5/19/2018 16:03,1526745600,TWB_SM3,TWB_PCBA_SM3_TOP_FP,TWB_PCBA_TOP_FP9,1020,TWB_SM3,TWB_PCBA_PASTE_INSPECTION_TOP,PN-337126,00F2970E,00F2970E,PN-337126,00F2970F,T31,,PROCESS,94474092,00F2970ET-20180531111847,U4,2,A2,483,483,12.61,-0.26,127,GOOD,GOOD,130.5029,167.2428,99.10067,0,0.9055,5/31/2018 15:34
8544,1020,FP9,TOP,4009277305,5/19/2018 16:03,1526745600,TWB_SM3,TWB_PCBA_SM3_TOP_FP,TWB_PCBA_TOP_FP9,1020,TWB_SM3,TWB_PCBA_PASTE_INSPECTION_TOP,PN-337126,00F2970E,00F2970E,PN-337126,00F2970F,T31,,PROCESS,94474092,00F2970ET-20180531111847,U4,2,B10,483,483,4.38,1.91,127,GOOD,GOOD,136.1326,183.6916,94.11881,0,0.9055,5/31/2018 15:34
8545,1020,FP9,TOP,4009277305,5/19/2018 16:03,1526745600,TWB_SM3,TWB_PCBA_SM3_TOP_FP,TWB_PCBA_TOP_FP9,1020,TWB_SM3,TWB_PCBA_PASTE_INSPECTION_TOP,PN-337126,00F2970E,00F2970E,PN-337126,00F2970F,T31,,PROCESS,94474092,00F2970ET-20180531111847,U4,2,B9,483,483,8.21,4.2,127,GOOD,GOOD,133.8551,173.1926,98.15435,0,0.9055,5/31/2018 15:34
8546,1020,FP9,TOP,4009277305,5/19/2018 16:03,1526745600,TWB_SM3,TWB_PCBA_SM3_TOP_FP,TWB_PCBA_TOP_FP9,1020,TWB_SM3,TWB_PCBA_PASTE_INSPECTION_TOP,PN-337126,00F2970E,00F2970E,PN-337126,00F2970F,T31,,PROCESS,94474092,00F2970ET-20180531111847,U4,2,D4,483,483,6.22,-3.47,127,GOOD,GOOD,130.8328,177.6047,93.55478000000001,0,0.9055,5/31/2018 15:34
8547,1020,FP9,TOP,4009277305,5/19/2018 16:03,1526745600,TWB_SM3,TWB_PCBA_SM3_TOP_FP,TWB_PCBA_TOP_FP9,1020,TWB_SM3,TWB_PCBA_PASTE_INSPECTION_TOP,PN-337126,00F2970E,00F2970E,PN-337126,00F2970F,T31,,PROCESS,94474092,00F2970ET-20180531111847,U4,2,E15,483,483,11.16,-9.15,127,GOOD,GOOD,126.4813,167.153,96.09831,0,0.9055,5/31/2018 15:34
8548,1020,FP9,TOP,4009277305,5/19/2018 16:03,1526745600,TWB_SM3,TWB_PCBA_SM3_TOP_FP,TWB_PCBA_TOP_FP9,1020,TWB_SM3,TWB_PCBA_PASTE_INSPECTION_TOP,PN-337126,00F2970E,00F2970E,PN-337126,00F2970F,T31,,PROCESS,94474092,00F2970ET-20180531111847,U4,2,G12,483,483,16.09,0.62,127,GOOD,GOOD,128.5026,181.0565,90.13661,0,0.9055,5/31/2018 15:34
8549,1020,FP9,TOP,4009277305,5/19/2018 16:03,1526745600,TWB_SM3,TWB_PCBA_SM3_TOP_FP,TWB_PCBA_TOP_FP9,1020,TWB_SM3,TWB_PCBA_PASTE_INSPECTION_TOP,PN-337126,00F2970E,00F2970E,PN-337126,00F2970F,T31,,PROCESS,94474092,00F2970ET-20180531111847,U4,2,G6,483,483,11.55,-5.67,127,GOOD,GOOD,134.4519,184.7298,92.43441999999999,0,0.9055,5/31/2018 15:34
8550,1020,FP9,TOP,4009277305,5/19/2018 16:03,1526745600,TWB_SM3,TWB_PCBA_SM3_TOP_FP,TWB_PCBA_TOP_FP9,1020,TWB_SM3,TWB_PCBA_PASTE_INSPECTION_TOP,PN-337126,00F2970E,00F2970E,PN-337126,00F2970F,T31,,PROCESS,94474092,00F2970ET-20180531111847,U4,2,J8,483,483,16.92,-10.35,127,GOOD,GOOD,137.10299999999998,175.8769,99.00151,0,0.9055,5/31/2018 15:34
8551,1020,FP9,TOP,4009277305,5/19/2018 16:03,1526745600,TWB_SM3,TWB_PCBA_SM3_TOP_FP,TWB_PCBA_TOP_FP9,1020,TWB_SM3,TWB_PCBA_PASTE_INSPECTION_TOP,PN-337126,00F2970E,00F2970E,PN-337126,00F2970F,T31,,PROCESS,94474092,00F2970ET-20180531111847,U4,2,L14,483,483,12.0,-3.15,127,GOOD,GOOD,132.3808,176.8334,95.07460999999999,0,0.9055,5/31/2018 15:34
8552,1020,FP9,TOP,4009277305,5/19/2018 16:03,1526745600,TWB_SM3,TWB_PCBA_SM3_TOP_FP,TWB_PCBA_TOP_FP9,1020,TWB_SM3,TWB_PCBA_PASTE_INSPECTION_TOP,PN-337126,00F2970E,00F2970E,PN-337126,00F2970F,T31,,PROCESS,94474092,00F2970ET-20180531111847,U4,2,L3,483,483,8.2,1.98,127,GOOD,GOOD,131.8385,173.6761,96.40645,0,0.9055,5/31/2018 15:34
8553,1020,FP9,TOP,4009277305,5/19/2018 16:03,1526745600,TWB_SM3,TWB_PCBA_SM3_TOP_FP,TWB_PCBA_TOP_FP9,1020,TWB_SM3,TWB_PCBA_PASTE_INSPECTION_TOP,PN-337126,00F2970E,00F2970E,PN-337126,00F2970F,T31,,PROCESS,94474092,00F2970ET-20180531111847,U4,2,N11,483,483,13.46,4.61,127,GOOD,GOOD,131.5024,170.33599999999998,98.04629,0,0.9055,5/31/2018 15:34
8554,1020,FP9,TOP,4009277305,5/19/2018 16:03,1526745600,TWB_SM3,TWB_PCBA_SM3_TOP_FP,TWB_PCBA_TOP_FP9,1020,TWB_SM3,TWB_PCBA_PASTE_INSPECTION_TOP,PN-337126,00F2970E,00F2970E,PN-337126,00F2970F,T31,,PROCESS,94474092,00F2970ET-20180531111847,U4,2,R7,483,483,8.66,-5.34,127,GOOD,GOOD,125.3721,161.9043,98.34359,0,0.9055,5/31/2018 15:34
8555,1020,FP9,TOP,4009277305,5/19/2018 16:03,1526745600,TWB_SM3,TWB_PCBA_SM3_TOP_FP,TWB_PCBA_TOP_FP9,1020,TWB_SM3,TWB_PCBA_PASTE_INSPECTION_TOP,PN-337126,00F2970E,00F2970E,PN-337126,00F2970F,T31,,PROCESS,94474092,00F2970ET-20180531111847,U4,2,T2,483,483,6.88,6.55,127,GOOD,GOOD,117.4587,157.5478,94.68396,0,0.9055,5/31/2018 15:34
13268,1020,FP9,TOP,4009277305,5/19/2018 16:03,1526745600,TWB_SM3,TWB_PCBA_SM3_TOP_FP,TWB_PCBA_TOP_FP9,1020,TWB_SM3,TWB_PCBA_PASTE_INSPECTION_TOP,PN-337126,00F2970E,00F2970E,PN-337126,00F2970F,T31,,PROCESS,94474092,00F2970ET-20180531111847,U4,2,A3,483,483,8.78,-2.55,127,GOOD,GOOD,121.1928,165.0302,93.26465999999999,0,0.9055,5/31/2018 15:34
13269,1020,FP9,TOP,4009277305,5/19/2018 16:03,1526745600,TWB_SM3,TWB_PCBA_SM3_TOP_FP,TWB_PCBA_TOP_FP9,1020,TWB_SM3,TWB_PCBA_PASTE_INSPECTION_TOP,PN-337126,00F2970E,00F2970E,PN-337126,00F2970F,T31,,PROCESS,94474092,00F2970ET-20180531111847,U4,2,B11,483,483,11.64,-0.37,127,GOOD,GOOD,133.4685,173.6193,97.63025999999999,0,0.9055,5/31/2018 15:34
13270,1020,FP9,TOP,4009277305,5/19/2018 16:03,1526745600,TWB_SM3,TWB_PCBA_SM3_TOP_FP,TWB_PCBA_TOP_FP9,1020,TWB_SM3,TWB_PCBA_PASTE_INSPECTION_TOP,PN-337126,00F2970E,00F2970E,PN-337126,00F2970F,T31,,PROCESS,94474092,00F2970ET-20180531111847,U4,2,D5,483,483,4.89,-5.76,127,GOOD,GOOD,129.0769,164.4136,99.70446,0,0.9055,5/31/2018 15:34
13271,1020,FP9,TOP,4009277305,5/19/2018 16:03,1526745600,TWB_SM3,TWB_PCBA_SM3_TOP_FP,TWB_PCBA_TOP_FP9,1020,TWB_SM3,TWB_PCBA_PASTE_INSPECTION_TOP,PN-337126,00F2970E,00F2970E,PN-337126,00F2970F,T31,,PROCESS,94474092,00F2970ET-20180531111847,U4,2,E16,483,483,12.64,-11.43,127,GOOD,GOOD,124.8728,176.2756,89.96623000000001,0,0.9055,5/31/2018 15:34
13272,1020,FP9,TOP,4009277305,5/19/2018 16:03,1526745600,TWB_SM3,TWB_PCBA_SM3_TOP_FP,TWB_PCBA_TOP_FP9,1020,TWB_SM3,TWB_PCBA_PASTE_INSPECTION_TOP,PN-337126,00F2970E,00F2970E,PN-337126,00F2970F,T31,,PROCESS,94474092,00F2970ET-20180531111847,U4,2,G13,483,483,13.11,-1.67,127,GOOD,GOOD,132.1055,176.0488,95.29974,0,0.9055,5/31/2018 15:34
13273,1020,FP9,TOP,4009277305,5/19/2018 16:03,1526745600,TWB_SM3,TWB_PCBA_SM3_TOP_FP,TWB_PCBA_TOP_FP9,1020,TWB_SM3,TWB_PCBA_PASTE_INSPECTION_TOP,PN-337126,00F2970E,00F2970E,PN-337126,00F2970F,T31,,PROCESS,94474092,00F2970ET-20180531111847,U4,2,G7,483,483,11.21,-7.95,127,GOOD,GOOD,139.0742,176.6398,99.99123,0,0.9055,5/31/2018 15:34
13274,1020,FP9,TOP,4009277305,5/19/2018 16:03,1526745600,TWB_SM3,TWB_PCBA_SM3_TOP_FP,TWB_PCBA_TOP_FP9,1020,TWB_SM3,TWB_PCBA_PASTE_INSPECTION_TOP,PN-337126,00F2970E,00F2970E,PN-337126,00F2970F,T31,,PROCESS,94474092,00F2970ET-20180531111847,U4,2,J9,483,483,17.58,-12.64,127,GOOD,GOOD,140.22299999999998,178.0934,99.99429,0,0.9055,5/31/2018 15:34
13275,1020,FP9,TOP,4009277305,5/19/2018 16:03,1526745600,TWB_SM3,TWB_PCBA_SM3_TOP_FP,TWB_PCBA_TOP_FP9,1020,TWB_SM3,TWB_PCBA_PASTE_INSPECTION_TOP,PN-337126,00F2970E,00F2970E,PN-337126,00F2970F,T31,,PROCESS,94474092,00F2970ET-20180531111847,U4,2,L15,483,483,10.66,-5.44,127,GOOD,GOOD,131.408,178.7157,93.38193000000001,0,0.9055,5/31/2018 15:34
13276,1020,FP9,TOP,4009277305,5/19/2018 16:03,1526745600,TWB_SM3,TWB_PCBA_SM3_TOP_FP,TWB_PCBA_TOP_FP9,1020,TWB_SM3,TWB_PCBA_PASTE_INSPECTION_TOP,PN-337126,00F2970E,00F2970E,PN-337126,00F2970F,T31,,PROCESS,94474092,00F2970ET-20180531111847,U4,2,L4,483,483,0.56,-0.3,127,GOOD,GOOD,134.1068,187.898,90.64259,0,0.9055,5/31/2018 15:34
13277,1020,FP9,TOP,4009277305,5/19/2018 16:03,1526745600,TWB_SM3,TWB_PCBA_SM3_TOP_FP,TWB_PCBA_TOP_FP9,1020,TWB_SM3,TWB_PCBA_PASTE_INSPECTION_TOP,PN-337126,00F2970E,00F2970E,PN-337126,00F2970F,T31,,PROCESS,94474092,00F2970ET-20180531111847,U4,2,N12,483,483,11.46,2.33,127,GOOD,GOOD,132.5298,170.6964,98.60361999999999,0,0.9055,5/31/2018 15:34
13278,1020,FP9,TOP,4009277305,5/19/2018 16:03,1526745600,TWB_SM3,TWB_PCBA_SM3_TOP_FP,TWB_PCBA_TOP_FP9,1020,TWB_SM3,TWB_PCBA_PASTE_INSPECTION_TOP,PN-337126,00F2970E,00F2970E,PN-337126,00F2970F,T31,,PROCESS,94474092,00F2970ET-20180531111847,U4,2,R8,483,483,10.63,-7.62,127,GOOD,GOOD,128.6034,169.82,96.17614,0,0.9055,5/31/2018 15:34
13279,1020,FP9,TOP,4009277305,5/19/2018 16:03,1526745600,TWB_SM3,TWB_PCBA_SM3_TOP_FP,TWB_PCBA_TOP_FP9,1020,TWB_SM3,TWB_PCBA_PASTE_INSPECTION_TOP,PN-337126,00F2970E,00F2970E,PN-337126,00F2970F,T31,,PROCESS,94474092,00F2970ET-20180531111847,U4,2,T3,483,483,7.2,4.27,127,GOOD,GOOD,124.1628,162.44,97.07391,0,0.9055,5/31/2018 15:34
13909,1020,FP9,TOP,4009277305,5/19/2018 16:03,1526745600,TWB_SM3,TWB_PCBA_SM3_TOP_FP,TWB_PCBA_TOP_FP9,1020,TWB_SM3,TWB_PCBA_PASTE_INSPECTION_TOP,PN-337126,00F2970E,00F2970E,PN-337126,00F2970F,T31,,PROCESS,94474092,00F2970ET-20180531111847,U4,2,A7,483,483,12.53,-11.69,127,GOOD,GOOD,124.7345,164.6823,96.19299000000001,0,0.9055,5/31/2018 15:34
13910,1020,FP9,TOP,4009277305,5/19/2018 16:03,1526745600,TWB_SM3,TWB_PCBA_SM3_TOP_FP,TWB_PCBA_TOP_FP9,1020,TWB_SM3,TWB_PCBA_PASTE_INSPECTION_TOP,PN-337126,00F2970E,00F2970E,PN-337126,00F2970F,T31,,PROCESS,94474092,00F2970ET-20180531111847,U4,2,B15,483,483,7.61,-9.52,127,GOOD,GOOD,123.5321,163.77,95.79635999999999,0,0.9055,5/31/2018 15:34
13911,1020,FP9,TOP,4009277305,5/19/2018 16:03,1526745600,TWB_SM3,TWB_PCBA_SM3_TOP_FP,TWB_PCBA_TOP_FP9,1020,TWB_SM3,TWB_PCBA_PASTE_INSPECTION_TOP,PN-337126,00F2970E,00F2970E,PN-337126,00F2970F,T31,,PROCESS,94474092,00F2970ET-20180531111847,U4,2,C2,483,483,3.8,0.64,127,GOOD,GOOD,132.7879,162.4772,103.7934,0,0.9055,5/31/2018 15:34
13912,1020,FP9,TOP,4009277305,5/19/2018 16:03,1526745600,TWB_SM3,TWB_PCBA_SM3_TOP_FP,TWB_PCBA_TOP_FP9,1020,TWB_SM3,TWB_PCBA_PASTE_INSPECTION_TOP,PN-337126,00F2970E,00F2970E,PN-337126,00F2970F,T31,,PROCESS,94474092,00F2970ET-20180531111847,U4,2,D12,483,483,14.21,-1.75,127,GOOD,GOOD,135.9459,183.6465,94.01286,0,0.9055,5/31/2018 15:34
13913,1020,FP9,TOP,4009277305,5/19/2018 16:03,1526745600,TWB_SM3,TWB_PCBA_SM3_TOP_FP,TWB_PCBA_TOP_FP9,1020,TWB_SM3,TWB_PCBA_PASTE_INSPECTION_TOP,PN-337126,00F2970E,00F2970E,PN-337126,00F2970F,T31,,PROCESS,94474092,00F2970ET-20180531111847,U4,2,D9,483,483,7.8,5.11,127,GOOD,GOOD,134.1572,185.8925,91.65494,0,0.9055,5/31/2018 15:34
13914,1020,FP9,TOP,4009277305,5/19/2018 16:03,1526745600,TWB_SM3,TWB_PCBA_SM3_TOP_FP,TWB_PCBA_TOP_FP9,1020,TWB_SM3,TWB_PCBA_PASTE_INSPECTION_TOP,PN-337126,00F2970E,00F2970E,PN-337126,00F2970F,T31,,PROCESS,94474092,00F2970ET-20180531111847,U4,2,F4,483,483,9.13,-2.56,127,GOOD,GOOD,132.4958,171.7427,97.97779,0,0.9055,5/31/2018 15:34
13915,1020,FP9,TOP,4009277305,5/19/2018 16:03,1526745600,TWB_SM3,TWB_PCBA_SM3_TOP_FP,TWB_PCBA_TOP_FP9,1020,TWB_SM3,TWB_PCBA_PASTE_INSPECTION_TOP,PN-337126,00F2970E,00F2970E,PN-337126,00F2970F,T31,,PROCESS,94474092,00F2970ET-20180531111847,U4,2,K1,483,483,6.89,5.11,127,GOOD,GOOD,126.9593,163.66,98.52026,0,0.9055,5/31/2018 15:34
13916,1020,FP9,TOP,4009277305,5/19/2018 16:03,1526745600,TWB_SM3,TWB_PCBA_SM3_TOP_FP,TWB_PCBA_TOP_FP9,1020,TWB_SM3,TWB_PCBA_PASTE_INSPECTION_TOP,PN-337126,00F2970E,00F2970E,PN-337126,00F2970F,T31,,PROCESS,94474092,00F2970ET-20180531111847,U4,2,K11,483,483,9.09,2.26,127,GOOD,GOOD,135.0832,178.4069,96.15977,0,0.9055,5/31/2018 15:34
13917,1020,FP9,TOP,4009277305,5/19/2018 16:03,1526745600,TWB_SM3,TWB_PCBA_SM3_TOP_FP,TWB_PCBA_TOP_FP9,1020,TWB_SM3,TWB_PCBA_PASTE_INSPECTION_TOP,PN-337126,00F2970E,00F2970E,PN-337126,00F2970F,T31,,PROCESS,94474092,00F2970ET-20180531111847,U4,2,L8,483,483,9.77,-9.44,127,GOOD,GOOD,122.8274,165.6998,94.14063,0,0.9055,5/31/2018 15:34
13918,1020,FP9,TOP,4009277305,5/19/2018 16:03,1526745600,TWB_SM3,TWB_PCBA_SM3_TOP_FP,TWB_PCBA_TOP_FP9,1020,TWB_SM3,TWB_PCBA_PASTE_INSPECTION_TOP,PN-337126,00F2970E,00F2970E,PN-337126,00F2970F,T31,,PROCESS,94474092,00F2970ET-20180531111847,U4,2,N16,483,483,5.12,-6.81,127,GOOD,GOOD,113.7868,164.8233,87.67527,0,0.9055,5/31/2018 15:34
13919,1020,FP9,TOP,4009277305,5/19/2018 16:03,1526745600,TWB_SM3,TWB_PCBA_SM3_TOP_FP,TWB_PCBA_TOP_FP9,1020,TWB_SM3,TWB_PCBA_PASTE_INSPECTION_TOP,PN-337126,00F2970E,00F2970E,PN-337126,00F2970F,T31,,PROCESS,94474092,00F2970ET-20180531111847,U4,2,N3,483,483,3.66,2.89,127,GOOD,GOOD,129.8861,164.38400000000001,100.3476,0,0.9055,5/31/2018 15:34
13920,1020,FP9,TOP,4009277305,5/19/2018 16:03,1526745600,TWB_SM3,TWB_PCBA_SM3_TOP_FP,TWB_PCBA_TOP_FP9,1020,TWB_SM3,TWB_PCBA_PASTE_INSPECTION_TOP,PN-337126,00F2970E,00F2970E,PN-337126,00F2970F,T31,,PROCESS,94474092,00F2970ET-20180531111847,U4,2,P13,483,483,9.11,0.51,127,GOOD,GOOD,130.41899999999998,181.9937,91.0098,0,0.9055,5/31/2018 15:34
13921,1020,FP9,TOP,4009277305,5/19/2018 16:03,1526745600,TWB_SM3,TWB_PCBA_SM3_TOP_FP,TWB_PCBA_TOP_FP9,1020,TWB_SM3,TWB_PCBA_PASTE_INSPECTION_TOP,PN-337126,00F2970E,00F2970E,PN-337126,00F2970F,T31,,PROCESS,94474092,00F2970ET-20180531111847,U4,2,R10,483,483,12.43,7.81,127,GOOD,GOOD,128.5499,162.7975,100.2831,0,0.9055,5/31/2018 15:34
13922,1020,FP9,TOP,4009277305,5/19/2018 16:03,1526745600,TWB_SM3,TWB_PCBA_SM3_TOP_FP,TWB_PCBA_TOP_FP9,1020,TWB_SM3,TWB_PCBA_PASTE_INSPECTION_TOP,PN-337126,00F2970E,00F2970E,PN-337126,00F2970F,T31,,PROCESS,94474092,00F2970ET-20180531111847,U4,2,T7,483,483,12.6,-4.87,127,GOOD,GOOD,130.6395,168.2309,98.62163000000001,0,0.9055,5/31/2018 15:34
15572,1020,FP9,TOP,4009277305,5/19/2018 16:03,1526745600,TWB_SM3,TWB_PCBA_SM3_TOP_FP,TWB_PCBA_TOP_FP9,1020,TWB_SM3,TWB_PCBA_PASTE_INSPECTION_TOP,PN-337126,00F2970E,00F2970E,PN-337126,00F2970F,T31,,PROCESS,94474092,00F2970ET-20180531111847,U4,2,A16,483,483,2.67,-12.25,127,GOOD,GOOD,124.706,175.5406,90.22225999999999,0,0.9055,5/31/2018 15:34
15573,1020,FP9,TOP,4009277305,5/19/2018 16:03,1526745600,TWB_SM3,TWB_PCBA_SM3_TOP_FP,TWB_PCBA_TOP_FP9,1020,TWB_SM3,TWB_PCBA_PASTE_INSPECTION_TOP,PN-337126,00F2970E,00F2970E,PN-337126,00F2970F,T31,,PROCESS,94474092,00F2970ET-20180531111847,U4,2,B4,483,483,5.79,-4.38,127,GOOD,GOOD,132.02200000000002,170.1425,98.54558,0,0.9055,5/31/2018 15:34
15574,1020,FP9,TOP,4009277305,5/19/2018 16:03,1526745600,TWB_SM3,TWB_PCBA_SM3_TOP_FP,TWB_PCBA_TOP_FP9,1020,TWB_SM3,TWB_PCBA_PASTE_INSPECTION_TOP,PN-337126,00F2970E,00F2970E,PN-337126,00F2970F,T31,,PROCESS,94474092,00F2970ET-20180531111847,U4,2,C13,483,483,7.29,-4.49,127,GOOD,GOOD,138.8105,185.2218,95.17736,0,0.9055,5/31/2018 15:34
15575,1020,FP9,TOP,4009277305,5/19/2018 16:03,1526745600,TWB_SM3,TWB_PCBA_SM3_TOP_FP,TWB_PCBA_TOP_FP9,1020,TWB_SM3,TWB_PCBA_PASTE_INSPECTION_TOP,PN-337126,00F2970E,00F2970E,PN-337126,00F2970F,T31,,PROCESS,94474092,00F2970ET-20180531111847,U4,2,E10,483,483,10.41,2.27,127,GOOD,GOOD,131.7574,173.9253,96.20905,0,0.9055,5/31/2018 15:34
15576,1020,FP9,TOP,4009277305,5/19/2018 16:03,1526745600,TWB_SM3,TWB_PCBA_SM3_TOP_FP,TWB_PCBA_TOP_FP9,1020,TWB_SM3,TWB_PCBA_PASTE_INSPECTION_TOP,PN-337126,00F2970E,00F2970E,PN-337126,00F2970F,T31,,PROCESS,94474092,00F2970ET-20180531111847,U4,2,E6,483,483,7.81,-8.59,127,GOOD,GOOD,127.4778,167.0724,96.90214,0,0.9055,5/31/2018 15:34
15577,1020,FP9,TOP,4009277305,5/19/2018 16:03,1526745600,TWB_SM3,TWB_PCBA_SM3_TOP_FP,TWB_PCBA_TOP_FP9,1020,TWB_SM3,TWB_PCBA_PASTE_INSPECTION_TOP,PN-337126,00F2970E,00F2970E,PN-337126,00F2970F,T31,,PROCESS,94474092,00F2970ET-20180531111847,U4,2,G1,483,483,9.97,5.76,127,GOOD,GOOD,125.9759,158.4918,100.9449,0,0.9055,5/31/2018 15:34
15578,1020,FP9,TOP,4009277305,5/19/2018 16:03,1526745600,TWB_SM3,TWB_PCBA_SM3_TOP_FP,TWB_PCBA_TOP_FP9,1020,TWB_SM3,TWB_PCBA_PASTE_INSPECTION_TOP,PN-337126,00F2970E,00F2970E,PN-337126,00F2970F,T31,,PROCESS,94474092,00F2970ET-20180531111847,U4,2,H15,483,483,16.35,-6.79,127,GOOD,GOOD,135.1602,182.5897,94.01053,0,0.9055,5/31/2018 15:34
15579,1020,FP9,TOP,4009277305,5/19/2018 16:03,1526745600,TWB_SM3,TWB_PCBA_SM3_TOP_FP,TWB_PCBA_TOP_FP9,1020,TWB_SM3,TWB_PCBA_PASTE_INSPECTION_TOP,PN-337126,00F2970E,00F2970E,PN-337126,00F2970F,T31,,PROCESS,94474092,00F2970ET-20180531111847,U4,2,H8,483,483,12.15,-10.8,127,GOOD,GOOD,131.2397,167.7649,99.34999,0,0.9055,5/31/2018 15:34
15580,1020,FP9,TOP,4009277305,5/19/2018 16:03,1526745600,TWB_SM3,TWB_PCBA_SM3_TOP_FP,TWB_PCBA_TOP_FP9,1020,TWB_SM3,TWB_PCBA_PASTE_INSPECTION_TOP,PN-337126,00F2970E,00F2970E,PN-337126,00F2970F,T31,,PROCESS,94474092,00F2970ET-20180531111847,U4,2,J12,483,483,19.01,0.51,127,GOOD,GOOD,135.2267,178.8832,96.00565,0,0.9055,5/31/2018 15:34
15581,1020,FP9,TOP,4009277305,5/19/2018 16:03,1526745600,TWB_SM3,TWB_PCBA_SM3_TOP_FP,TWB_PCBA_TOP_FP9,1020,TWB_SM3,TWB_PCBA_PASTE_INSPECTION_TOP,PN-337126,00F2970E,00F2970E,PN-337126,00F2970F,T31,,PROCESS,94474092,00F2970ET-20180531111847,U4,2,J3,483,483,13.69,1.07,127,GOOD,GOOD,137.9968,174.4082,100.4861,0,0.9055,5/31/2018 15:34
15582,1020,FP9,TOP,4009277305,5/19/2018 16:03,1526745600,TWB_SM3,TWB_PCBA_SM3_TOP_FP,TWB_PCBA_TOP_FP9,1020,TWB_SM3,TWB_PCBA_PASTE_INSPECTION_TOP,PN-337126,00F2970E,00F2970E,PN-337126,00F2970F,T31,,PROCESS,94474092,00F2970ET-20180531111847,U4,2,M5,483,483,8.96,-2.12,127,GOOD,GOOD,122.9046,169.8308,91.90849,0,0.9055,5/31/2018 15:34
15583,1020,FP9,TOP,4009277305,5/19/2018 16:03,1526745600,TWB_SM3,TWB_PCBA_SM3_TOP_FP,TWB_PCBA_TOP_FP9,1020,TWB_SM3,TWB_PCBA_PASTE_INSPECTION_TOP,PN-337126,00F2970E,00F2970E,PN-337126,00F2970F,T31,,PROCESS,94474092,00F2970ET-20180531111847,U4,2,P7,483,483,7.2,-5.78,127,GOOD,GOOD,138.7795,185.9622,94.77731,0,0.9055,5/31/2018 15:34
15584,1020,FP9,TOP,4009277305,5/19/2018 16:03,1526745600,TWB_SM3,TWB_PCBA_SM3_TOP_FP,TWB_PCBA_TOP_FP9,1020,TWB_SM3,TWB_PCBA_PASTE_INSPECTION_TOP,PN-337126,00F2970E,00F2970E,PN-337126,00F2970F,T31,,PROCESS,94474092,00F2970ET-20180531111847,U4,2,R2,483,483,7.91,6.09,127,GOOD,GOOD,122.7099,161.0917,96.74095,0,0.9055,5/31/2018 15:34
15585,1020,FP9,TOP,4009277305,5/19/2018 16:03,1526745600,TWB_SM3,TWB_PCBA_SM3_TOP_FP,TWB_PCBA_TOP_FP9,1020,TWB_SM3,TWB_PCBA_PASTE_INSPECTION_TOP,PN-337126,00F2970E,00F2970E,PN-337126,00F2970F,T31,,PROCESS,94474092,00F2970ET-20180531111847,U4,2,T16,483,483,12.8,-5.44,127,GOOD,GOOD,122.0323,171.2782,90.48501999999999,0,0.9055,5/31/2018 15:34
19170,1020,FP9,TOP,4009277305,5/19/2018 16:03,1526745600,TWB_SM3,TWB_PCBA_SM3_TOP_FP,TWB_PCBA_TOP_FP9,1020,TWB_SM3,TWB_PCBA_PASTE_INSPECTION_TOP,PN-337126,00F2970E,00F2970E,PN-337126,00F2970F,T31,,PROCESS,94474092,00F2970ET-20180531111847,U4,2,A1,483,483,12.95,2.02,127,GOOD,GOOD,130.157,156.7145,105.478,0,0.9055,5/31/2018 15:34
19171,1020,FP9,TOP,4009277305,5/19/2018 16:03,1526745600,TWB_SM3,TWB_PCBA_SM3_TOP_FP,TWB_PCBA_TOP_FP9,1020,TWB_SM3,TWB_PCBA_PASTE_INSPECTION_TOP,PN-337126,00F2970E,00F2970E,PN-337126,00F2970F,T31,,PROCESS,94474092,00F2970ET-20180531111847,U4,2,B8,483,483,9.21,6.48,127,GOOD,GOOD,140.2372,184.4573,96.55421,0,0.9055,5/31/2018 15:34
19172,1020,FP9,TOP,4009277305,5/19/2018 16:03,1526745600,TWB_SM3,TWB_PCBA_SM3_TOP_FP,TWB_PCBA_TOP_FP9,1020,TWB_SM3,TWB_PCBA_PASTE_INSPECTION_TOP,PN-337126,00F2970E,00F2970E,PN-337126,00F2970F,T31,,PROCESS,94474092,00F2970ET-20180531111847,U4,2,D3,483,483,3.92,-1.19,127,GOOD,GOOD,136.9892,169.8996,102.3995,0,0.9055,5/31/2018 15:34
19173,1020,FP9,TOP,4009277305,5/19/2018 16:03,1526745600,TWB_SM3,TWB_PCBA_SM3_TOP_FP,TWB_PCBA_TOP_FP9,1020,TWB_SM3,TWB_PCBA_PASTE_INSPECTION_TOP,PN-337126,00F2970E,00F2970E,PN-337126,00F2970F,T31,,PROCESS,94474092,00F2970ET-20180531111847,U4,2,E14,483,483,13.33,-6.86,127,GOOD,GOOD,141.5825,190.0217,94.62595,0,0.9055,5/31/2018 15:34
19174,1020,FP9,TOP,4009277305,5/19/2018 16:03,1526745600,TWB_SM3,TWB_PCBA_SM3_TOP_FP,TWB_PCBA_TOP_FP9,1020,TWB_SM3,TWB_PCBA_PASTE_INSPECTION_TOP,PN-337126,00F2970E,00F2970E,PN-337126,00F2970F,T31,,PROCESS,94474092,00F2970ET-20180531111847,U4,2,G11,483,483,15.61,2.91,127,GOOD,GOOD,140.124,177.6402,100.1786,0,0.9055,5/31/2018 15:34
19175,1020,FP9,TOP,4009277305,5/19/2018 16:03,1526745600,TWB_SM3,TWB_PCBA_SM3_TOP_FP,TWB_PCBA_TOP_FP9,1020,TWB_SM3,TWB_PCBA_PASTE_INSPECTION_TOP,PN-337126,00F2970E,00F2970E,PN-337126,00F2970F,T31,,PROCESS,94474092,00F2970ET-20180531111847,U4,2,G5,483,483,10.91,-3.39,127,GOOD,GOOD,125.6367,168.6043,94.63493000000001,0,0.9055,5/31/2018 15:34
19176,1020,FP9,TOP,4009277305,5/19/2018 16:03,1526745600,TWB_SM3,TWB_PCBA_SM3_TOP_FP,TWB_PCBA_TOP_FP9,1020,TWB_SM3,TWB_PCBA_PASTE_INSPECTION_TOP,PN-337126,00F2970E,00F2970E,PN-337126,00F2970F,T31,,PROCESS,94474092,00F2970ET-20180531111847,U4,2,J16,483,483,8.4,-8.63,127,GOOD,GOOD,122.9934,173.267,90.15083,0,0.9055,5/31/2018 15:34
19177,1020,FP9,TOP,4009277305,5/19/2018 16:03,1526745600,TWB_SM3,TWB_PCBA_SM3_TOP_FP,TWB_PCBA_TOP_FP9,1020,TWB_SM3,TWB_PCBA_PASTE_INSPECTION_TOP,PN-337126,00F2970E,00F2970E,PN-337126,00F2970F,T31,,PROCESS,94474092,00F2970ET-20180531111847,U4,2,J7,483,483,14.95,-8.06,127,GOOD,GOOD,132.5951,170.2566,98.90705,0,0.9055,5/31/2018 15:34
19178,1020,FP9,TOP,4009277305,5/19/2018 16:03,1526745600,TWB_SM3,TWB_PCBA_SM3_TOP_FP,TWB_PCBA_TOP_FP9,1020,TWB_SM3,TWB_PCBA_PASTE_INSPECTION_TOP,PN-337126,00F2970E,00F2970E,PN-337126,00F2970F,T31,,PROCESS,94474092,00F2970ET-20180531111847,U4,2,L13,483,483,5.57,-0.87,127,GOOD,GOOD,136.0433,184.9106,93.43709,0,0.9055,5/31/2018 15:34
19179,1020,FP9,TOP,4009277305,5/19/2018 16:03,1526745600,TWB_SM3,TWB_PCBA_SM3_TOP_FP,TWB_PCBA_TOP_FP9,1020,TWB_SM3,TWB_PCBA_PASTE_INSPECTION_TOP,PN-337126,00F2970E,00F2970E,PN-337126,00F2970F,T31,,PROCESS,94474092,00F2970ET-20180531111847,U4,2,L2,483,483,1.25,4.27,127,GOOD,GOOD,123.1839,169.7593,92.15614000000001,0,0.9055,5/31/2018 15:34
19180,1020,FP9,TOP,4009277305,5/19/2018 16:03,1526745600,TWB_SM3,TWB_PCBA_SM3_TOP_FP,TWB_PCBA_TOP_FP9,1020,TWB_SM3,TWB_PCBA_PASTE_INSPECTION_TOP,PN-337126,00F2970E,00F2970E,PN-337126,00F2970F,T31,,PROCESS,94474092,00F2970ET-20180531111847,U4,2,M9,483,483,10.23,-11.26,127,GOOD,GOOD,137.1095,174.5372,99.76616999999999,0,0.9055,5/31/2018 15:34
19181,1020,FP9,TOP,4009277305,5/19/2018 16:03,1526745600,TWB_SM3,TWB_PCBA_SM3_TOP_FP,TWB_PCBA_TOP_FP9,1020,TWB_SM3,TWB_PCBA_PASTE_INSPECTION_TOP,PN-337126,00F2970E,00F2970E,PN-337126,00F2970F,T31,,PROCESS,94474092,00F2970ET-20180531111847,U4,2,N10,483,483,7.86,6.9,127,GOOD,GOOD,139.4726,188.7225,93.85743000000001,0,0.9055,5/31/2018 15:34
19182,1020,FP9,TOP,4009277305,5/19/2018 16:03,1526745600,TWB_SM3,TWB_PCBA_SM3_TOP_FP,TWB_PCBA_TOP_FP9,1020,TWB_SM3,TWB_PCBA_PASTE_INSPECTION_TOP,PN-337126,00F2970E,00F2970E,PN-337126,00F2970F,T31,,PROCESS,94474092,00F2970ET-20180531111847,U4,2,R6,483,483,9.0,-3.05,127,GOOD,GOOD,120.4723,161.6956,94.62217,0,0.9055,5/31/2018 15:34
19183,1020,FP9,TOP,4009277305,5/19/2018 16:03,1526745600,TWB_SM3,TWB_PCBA_SM3_TOP_FP,TWB_PCBA_TOP_FP9,1020,TWB_SM3,TWB_PCBA_PASTE_INSPECTION_TOP,PN-337126,00F2970E,00F2970E,PN-337126,00F2970F,T31,,PROCESS,94474092,00F2970ET-20180531111847,U4,2,T1,483,483,3.08,-11.16,127,GOOD,GOOD,119.7219,153.7471,98.89408,0,0.9055,5/31/2018 15:34
20757,1020,FP9,TOP,4009277305,5/19/2018 16:03,1526745600,TWB_SM3,TWB_PCBA_SM3_TOP_FP,TWB_PCBA_TOP_FP9,1020,TWB_SM3,TWB_PCBA_PASTE_INSPECTION_TOP,PN-337126,00F2970E,00F2970E,PN-337126,00F2970F,T31,,PROCESS,94474092,00F2970ET-20180531111847,U4,2,A14,483,483,2.53,-7.68,127,GOOD,GOOD,124.5213,163.2766,96.85531999999999,0,0.9055,5/31/2018 15:34
20758,1020,FP9,TOP,4009277305,5/19/2018 16:03,1526745600,TWB_SM3,TWB_PCBA_SM3_TOP_FP,TWB_PCBA_TOP_FP9,1020,TWB_SM3,TWB_PCBA_PASTE_INSPECTION_TOP,PN-337126,00F2970E,00F2970E,PN-337126,00F2970F,T31,,PROCESS,94474092,00F2970ET-20180531111847,U4,2,B2,483,483,1.52,0.19,127,GOOD,GOOD,126.4552,163.8811,97.9967,0,0.9055,5/31/2018 15:34
20759,1020,FP9,TOP,4009277305,5/19/2018 16:03,1526745600,TWB_SM3,TWB_PCBA_SM3_TOP_FP,TWB_PCBA_TOP_FP9,1020,TWB_SM3,TWB_PCBA_PASTE_INSPECTION_TOP,PN-337126,00F2970E,00F2970E,PN-337126,00F2970F,T31,,PROCESS,94474092,00F2970ET-20180531111847,U4,2,C11,483,483,13.1,0.08,127,GOOD,GOOD,134.9559,174.6479,98.13681,0,0.9055,5/31/2018 15:34
20760,1020,FP9,TOP,4009277305,5/19/2018 16:03,1526745600,TWB_SM3,TWB_PCBA_SM3_TOP_FP,TWB_PCBA_TOP_FP9,1020,TWB_SM3,TWB_PCBA_PASTE_INSPECTION_TOP,PN-337126,00F2970E,00F2970E,PN-337126,00F2970F,T31,,PROCESS,94474092,00F2970ET-20180531111847,U4,2,C9,483,483,12.98,4.65,127,GOOD,GOOD,150.6727,195.1677,98.04606,0,0.9055,5/31/2018 15:34
20761,1020,FP9,TOP,4009277305,5/19/2018 16:03,1526745600,TWB_SM3,TWB_PCBA_SM3_TOP_FP,TWB_PCBA_TOP_FP9,1020,TWB_SM3,TWB_PCBA_PASTE_INSPECTION_TOP,PN-337126,00F2970E,00F2970E,PN-337126,00F2970F,T31,,PROCESS,94474092,00F2970ET-20180531111847,U4,2,E4,483,483,10.99,-4.02,127,GOOD,GOOD,136.7236,176.4626,98.3999,0,0.9055,5/31/2018 15:34
20762,1020,FP9,TOP,4009277305,5/19/2018 16:03,1526745600,TWB_SM3,TWB_PCBA_SM3_TOP_FP,TWB_PCBA_TOP_FP9,1020,TWB_SM3,TWB_PCBA_PASTE_INSPECTION_TOP,PN-337126,00F2970E,00F2970E,PN-337126,00F2970F,T31,,PROCESS,94474092,00F2970ET-20180531111847,U4,2,F16,483,483,14.92,-9.98,127,GOOD,GOOD,119.5729,165.5661,91.72018,0,0.9055,5/31/2018 15:34
20763,1020,FP9,TOP,4009277305,5/19/2018 16:03,1526745600,TWB_SM3,TWB_PCBA_SM3_TOP_FP,TWB_PCBA_TOP_FP9,1020,TWB_SM3,TWB_PCBA_PASTE_INSPECTION_TOP,PN-337126,00F2970E,00F2970E,PN-337126,00F2970F,T31,,PROCESS,94474092,00F2970ET-20180531111847,U4,2,H13,483,483,17.89,-2.22,127,GOOD,GOOD,139.3698,186.0327,95.14435999999999,0,0.9055,5/31/2018 15:34
20764,1020,FP9,TOP,4009277305,5/19/2018 16:03,1526745600,TWB_SM3,TWB_PCBA_SM3_TOP_FP,TWB_PCBA_TOP_FP9,1020,TWB_SM3,TWB_PCBA_PASTE_INSPECTION_TOP,PN-337126,00F2970E,00F2970E,PN-337126,00F2970F,T31,,PROCESS,94474092,00F2970ET-20180531111847,U4,2,H6,483,483,13.84,-6.23,127,GOOD,GOOD,133.1978,168.0152,100.6821,0,0.9055,5/31/2018 15:34
20765,1020,FP9,TOP,4009277305,5/19/2018 16:03,1526745600,TWB_SM3,TWB_PCBA_SM3_TOP_FP,TWB_PCBA_TOP_FP9,1020,TWB_SM3,TWB_PCBA_PASTE_INSPECTION_TOP,PN-337126,00F2970E,00F2970E,PN-337126,00F2970F,T31,,PROCESS,94474092,00F2970ET-20180531111847,U4,2,J1,483,483,11.23,5.65,127,GOOD,GOOD,120.4983,159.10299999999998,96.18481,0,0.9055,5/31/2018 15:34
20766,1020,FP9,TOP,4009277305,5/19/2018 16:03,1526745600,TWB_SM3,TWB_PCBA_SM3_TOP_FP,TWB_PCBA_TOP_FP9,1020,TWB_SM3,TWB_PCBA_PASTE_INSPECTION_TOP,PN-337126,00F2970E,00F2970E,PN-337126,00F2970F,T31,,PROCESS,94474092,00F2970ET-20180531111847,U4,2,J10,483,483,16.23,5.08,127,GOOD,GOOD,140.112,177.261,100.3844,0,0.9055,5/31/2018 15:34
20767,1020,FP9,TOP,4009277305,5/19/2018 16:03,1526745600,TWB_SM3,TWB_PCBA_SM3_TOP_FP,TWB_PCBA_TOP_FP9,1020,TWB_SM3,TWB_PCBA_PASTE_INSPECTION_TOP,PN-337126,00F2970E,00F2970E,PN-337126,00F2970F,T31,,PROCESS,94474092,00F2970ET-20180531111847,U4,2,K8,483,483,11.63,-10.89,127,GOOD,GOOD,145.654,186.5885,99.13825,0,0.9055,5/31/2018 15:34
20768,1020,FP9,TOP,4009277305,5/19/2018 16:03,1526745600,TWB_SM3,TWB_PCBA_SM3_TOP_FP,TWB_PCBA_TOP_FP9,1020,TWB_SM3,TWB_PCBA_PASTE_INSPECTION_TOP,PN-337126,00F2970E,00F2970E,PN-337126,00F2970F,T31,,PROCESS,94474092,00F2970ET-20180531111847,U4,2,M15,483,483,5.49,-4.97,127,GOOD,GOOD,122.6656,172.4494,90.33684000000001,0,0.9055,5/31/2018 15:34
20769,1020,FP9,TOP,4009277305,5/19/2018 16:03,1526745600,TWB_SM3,TWB_PCBA_SM3_TOP_FP,TWB_PCBA_TOP_FP9,1020,TWB_SM3,TWB_PCBA_PASTE_INSPECTION_TOP,PN-337126,00F2970E,00F2970E,PN-337126,00F2970F,T31,,PROCESS,94474092,00F2970ET-20180531111847,U4,2,M3,483,483,6.34,2.45,127,GOOD,GOOD,129.933,164.2146,100.4873,0,0.9055,5/31/2018 15:34
20770,1020,FP9,TOP,4009277305,5/19/2018 16:03,1526745600,TWB_SM3,TWB_PCBA_SM3_TOP_FP,TWB_PCBA_TOP_FP9,1020,TWB_SM3,TWB_PCBA_PASTE_INSPECTION_TOP,PN-337126,00F2970E,00F2970E,PN-337126,00F2970F,T31,,PROCESS,94474092,00F2970ET-20180531111847,U4,2,P5,483,483,8.57,-1.21,127,GOOD,GOOD,122.7116,163.2718,95.45049,0,0.9055,5/31/2018 15:34
20771,1020,FP9,TOP,4009277305,5/19/2018 16:03,1526745600,TWB_SM3,TWB_PCBA_SM3_TOP_FP,TWB_PCBA_TOP_FP9,1020,TWB_SM3,TWB_PCBA_PASTE_INSPECTION_TOP,PN-337126,00F2970E,00F2970E,PN-337126,00F2970F,T31,,PROCESS,94474092,00F2970ET-20180531111847,U4,2,T14,483,483,15.14,-0.86,127,GOOD,GOOD,118.6128,160.9069,93.61829,0,0.9055,5/31/2018 15:34
20984,1020,FP9,TOP,4009277305,5/19/2018 16:03,1526745600,TWB_SM3,TWB_PCBA_SM3_TOP_FP,TWB_PCBA_TOP_FP9,1020,TWB_SM3,TWB_PCBA_PASTE_INSPECTION_TOP,PN-337126,00F2970E,00F2970E,PN-337126,00F2970F,T31,,PROCESS,94474092,00F2970ET-20180531111847,U4,2,B6,483,483,2.61,-8.95,127,GOOD,GOOD,126.771,162.4315,99.11816,0,0.9055,5/31/2018 15:34
20985,1020,FP9,TOP,4009277305,5/19/2018 16:03,1526745600,TWB_SM3,TWB_PCBA_SM3_TOP_FP,TWB_PCBA_TOP_FP9,1020,TWB_SM3,TWB_PCBA_PASTE_INSPECTION_TOP,PN-337126,00F2970E,00F2970E,PN-337126,00F2970F,T31,,PROCESS,94474092,00F2970ET-20180531111847,U4,2,C15,483,483,8.24,-9.06,127,GOOD,GOOD,130.3961,173.1436,95.64489,0,0.9055,5/31/2018 15:34
20986,1020,FP9,TOP,4009277305,5/19/2018 16:03,1526745600,TWB_SM3,TWB_PCBA_SM3_TOP_FP,TWB_PCBA_TOP_FP9,1020,TWB_SM3,TWB_PCBA_PASTE_INSPECTION_TOP,PN-337126,00F2970E,00F2970E,PN-337126,00F2970F,T31,,PROCESS,94474092,00F2970ET-20180531111847,U4,2,D1,483,483,1.46,3.39,127,GOOD,GOOD,131.4603,166.0916,100.5196,0,0.9055,5/31/2018 15:34
20987,1020,FP9,TOP,4009277305,5/19/2018 16:03,1526745600,TWB_SM3,TWB_PCBA_SM3_TOP_FP,TWB_PCBA_TOP_FP9,1020,TWB_SM3,TWB_PCBA_PASTE_INSPECTION_TOP,PN-337126,00F2970E,00F2970E,PN-337126,00F2970F,T31,,PROCESS,94474092,00F2970ET-20180531111847,U4,2,E12,483,483,9.87,-2.29,127,GOOD,GOOD,140.4339,189.9818,93.87798000000001,0,0.9055,5/31/2018 15:34
20988,1020,FP9,TOP,4009277305,5/19/2018 16:03,1526745600,TWB_SM3,TWB_PCBA_SM3_TOP_FP,TWB_PCBA_TOP_FP9,1020,TWB_SM3,TWB_PCBA_PASTE_INSPECTION_TOP,PN-337126,00F2970E,00F2970E,PN-337126,00F2970F,T31,,PROCESS,94474092,00F2970ET-20180531111847,U4,2,E8,483,483,8.61,-13.16,127,GOOD,GOOD,131.3283,165.9286,100.5173,0,0.9055,5/31/2018 15:34
20989,1020,FP9,TOP,4009277305,5/19/2018 16:03,1526745600,TWB_SM3,TWB_PCBA_SM3_TOP_FP,TWB_PCBA_TOP_FP9,1020,TWB_SM3,TWB_PCBA_PASTE_INSPECTION_TOP,PN-337126,00F2970E,00F2970E,PN-337126,00F2970F,T31,,PROCESS,94474092,00F2970ET-20180531111847,U4,2,G3,483,483,9.12,1.18,127,GOOD,GOOD,137.266,176.0712,99.00986,0,0.9055,5/31/2018 15:34
20990,1020,FP9,TOP,4009277305,5/19/2018 16:03,1526745600,TWB_SM3,TWB_PCBA_SM3_TOP_FP,TWB_PCBA_TOP_FP9,1020,TWB_SM3,TWB_PCBA_PASTE_INSPECTION_TOP,PN-337126,00F2970E,00F2970E,PN-337126,00F2970F,T31,,PROCESS,94474092,00F2970ET-20180531111847,U4,2,J14,483,483,8.26,-4.06,127,GOOD,GOOD,131.3177,178.576,93.39074000000001,0,0.9055,5/31/2018 15:34
20991,1020,FP9,TOP,4009277305,5/19/2018 16:03,1526745600,TWB_SM3,TWB_PCBA_SM3_TOP_FP,TWB_PCBA_TOP_FP9,1020,TWB_SM3,TWB_PCBA_PASTE_INSPECTION_TOP,PN-337126,00F2970E,00F2970E,PN-337126,00F2970F,T31,,PROCESS,94474092,00F2970ET-20180531111847,U4,2,J5,483,483,13.83,-3.5,127,GOOD,GOOD,124.9948,167.3307,94.86804000000001,0,0.9055,5/31/2018 15:34
20992,1020,FP9,TOP,4009277305,5/19/2018 16:03,1526745600,TWB_SM3,TWB_PCBA_SM3_TOP_FP,TWB_PCBA_TOP_FP9,1020,TWB_SM3,TWB_PCBA_PASTE_INSPECTION_TOP,PN-337126,00F2970E,00F2970E,PN-337126,00F2970F,T31,,PROCESS,94474092,00F2970ET-20180531111847,U4,2,L11,483,483,3.09,3.71,127,GOOD,GOOD,125.1834,174.84599999999998,90.92742,0,0.9055,5/31/2018 15:34
20993,1020,FP9,TOP,4009277305,5/19/2018 16:03,1526745600,TWB_SM3,TWB_PCBA_SM3_TOP_FP,TWB_PCBA_TOP_FP9,1020,TWB_SM3,TWB_PCBA_PASTE_INSPECTION_TOP,PN-337126,00F2970E,00F2970E,PN-337126,00F2970F,T31,,PROCESS,94474092,00F2970ET-20180531111847,U4,2,M7,483,483,6.77,-6.69,127,GOOD,GOOD,130.9759,172.7675,96.27933,0,0.9055,5/31/2018 15:34
20994,1020,FP9,TOP,4009277305,5/19/2018 16:03,1526745600,TWB_SM3,TWB_PCBA_SM3_TOP_FP,TWB_PCBA_TOP_FP9,1020,TWB_SM3,TWB_PCBA_PASTE_INSPECTION_TOP,PN-337126,00F2970E,00F2970E,PN-337126,00F2970F,T31,,PROCESS,94474092,00F2970ET-20180531111847,U4,2,P9,483,483,13.97,-10.35,127,GOOD,GOOD,139.65200000000002,175.6919,100.9484,0,0.9055,5/31/2018 15:34
20995,1020,FP9,TOP,4009277305,5/19/2018 16:03,1526745600,TWB_SM3,TWB_PCBA_SM3_TOP_FP,TWB_PCBA_TOP_FP9,1020,TWB_SM3,TWB_PCBA_PASTE_INSPECTION_TOP,PN-337126,00F2970E,00F2970E,PN-337126,00F2970F,T31,,PROCESS,94474092,00F2970ET-20180531111847,U4,2,R4,483,483,4.73,1.52,127,GOOD,GOOD,122.4714,160.5337,96.88848,0,0.9055,5/31/2018 15:34
23242,1020,FP9,TOP,4009277305,5/19/2018 16:03,1526745600,TWB_SM3,TWB_PCBA_SM3_TOP_FP,TWB_PCBA_TOP_FP9,1020,TWB_SM3,TWB_PCBA_PASTE_INSPECTION_TOP,PN-337126,00F2970E,00F2970E,PN-337126,00F2970F,T31,,PROCESS,94474092,00F2970ET-20180531111847,U4,2,A4,483,483,10.26,-4.83,127,GOOD,GOOD,129.1431,171.8689,95.42841,0,0.9055,5/31/2018 15:34
23243,1020,FP9,TOP,4009277305,5/19/2018 16:03,1526745600,TWB_SM3,TWB_PCBA_SM3_TOP_FP,TWB_PCBA_TOP_FP9,1020,TWB_SM3,TWB_PCBA_PASTE_INSPECTION_TOP,PN-337126,00F2970E,00F2970E,PN-337126,00F2970F,T31,,PROCESS,94474092,00F2970ET-20180531111847,U4,2,B12,483,483,10.47,-2.66,127,GOOD,GOOD,132.9917,176.9446,95.4533,0,0.9055,5/31/2018 15:34
23244,1020,FP9,TOP,4009277305,5/19/2018 16:03,1526745600,TWB_SM3,TWB_PCBA_SM3_TOP_FP,TWB_PCBA_TOP_FP9,1020,TWB_SM3,TWB_PCBA_PASTE_INSPECTION_TOP,PN-337126,00F2970E,00F2970E,PN-337126,00F2970F,T31,,PROCESS,94474092,00F2970ET-20180531111847,U4,2,D6,483,483,5.52,-8.04,127,GOOD,GOOD,128.9845,166.4726,98.40077,0,0.9055,5/31/2018 15:34
23245,1020,FP9,TOP,4009277305,5/19/2018 16:03,1526745600,TWB_SM3,TWB_PCBA_SM3_TOP_FP,TWB_PCBA_TOP_FP9,1020,TWB_SM3,TWB_PCBA_PASTE_INSPECTION_TOP,PN-337126,00F2970E,00F2970E,PN-337126,00F2970F,T31,,PROCESS,94474092,00F2970ET-20180531111847,U4,2,F1,483,483,6.86,4.29,127,GOOD,GOOD,126.6341,168.0529,95.69921,0,0.9055,5/31/2018 15:34
23246,1020,FP9,TOP,4009277305,5/19/2018 16:03,1526745600,TWB_SM3,TWB_PCBA_SM3_TOP_FP,TWB_PCBA_TOP_FP9,1020,TWB_SM3,TWB_PCBA_PASTE_INSPECTION_TOP,PN-337126,00F2970E,00F2970E,PN-337126,00F2970F,T31,,PROCESS,94474092,00F2970ET-20180531111847,U4,2,G14,483,483,16.24,-3.95,127,GOOD,GOOD,140.058,190.55599999999998,93.34455,0,0.9055,5/31/2018 15:34
23247,1020,FP9,TOP,4009277305,5/19/2018 16:03,1526745600,TWB_SM3,TWB_PCBA_SM3_TOP_FP,TWB_PCBA_TOP_FP9,1020,TWB_SM3,TWB_PCBA_PASTE_INSPECTION_TOP,PN-337126,00F2970E,00F2970E,PN-337126,00F2970F,T31,,PROCESS,94474092,00F2970ET-20180531111847,U4,2,G8,483,483,13.17,-10.24,127,GOOD,GOOD,136.2989,183.7342,94.21198000000001,0,0.9055,5/31/2018 15:34
23248,1020,FP9,TOP,4009277305,5/19/2018 16:03,1526745600,TWB_SM3,TWB_PCBA_SM3_TOP_FP,TWB_PCBA_TOP_FP9,1020,TWB_SM3,TWB_PCBA_PASTE_INSPECTION_TOP,PN-337126,00F2970E,00F2970E,PN-337126,00F2970F,T31,,PROCESS,94474092,00F2970ET-20180531111847,U4,2,L16,483,483,7.17,-7.72,127,GOOD,GOOD,122.7133,172.1817,90.51244,0,0.9055,5/31/2018 15:34
23249,1020,FP9,TOP,4009277305,5/19/2018 16:03,1526745600,TWB_SM3,TWB_PCBA_SM3_TOP_FP,TWB_PCBA_TOP_FP9,1020,TWB_SM3,TWB_PCBA_PASTE_INSPECTION_TOP,PN-337126,00F2970E,00F2970E,PN-337126,00F2970F,T31,,PROCESS,94474092,00F2970ET-20180531111847,U4,2,L5,483,483,0.88,-2.59,127,GOOD,GOOD,130.1869,184.101,89.80795,0,0.9055,5/31/2018 15:34
23250,1020,FP9,TOP,4009277305,5/19/2018 16:03,1526745600,TWB_SM3,TWB_PCBA_SM3_TOP_FP,TWB_PCBA_TOP_FP9,1020,TWB_SM3,TWB_PCBA_PASTE_INSPECTION_TOP,PN-337126,00F2970E,00F2970E,PN-337126,00F2970F,T31,,PROCESS,94474092,00F2970ET-20180531111847,U4,2,N13,483,483,6.82,0.04,127,GOOD,GOOD,124.1243,165.40599999999998,95.30359,0,0.9055,5/31/2018 15:34
23251,1020,FP9,TOP,4009277305,5/19/2018 16:03,1526745600,TWB_SM3,TWB_PCBA_SM3_TOP_FP,TWB_PCBA_TOP_FP9,1020,TWB_SM3,TWB_PCBA_PASTE_INSPECTION_TOP,PN-337126,00F2970E,00F2970E,PN-337126,00F2970F,T31,,PROCESS,94474092,00F2970ET-20180531111847,U4,2,P10,483,483,11.8,7.36,127,GOOD,GOOD,134.6711,173.0076,98.85825,0,0.9055,5/31/2018 15:34
23252,1020,FP9,TOP,4009277305,5/19/2018 16:03,1526745600,TWB_SM3,TWB_PCBA_SM3_TOP_FP,TWB_PCBA_TOP_FP9,1020,TWB_SM3,TWB_PCBA_PASTE_INSPECTION_TOP,PN-337126,00F2970E,00F2970E,PN-337126,00F2970F,T31,,PROCESS,94474092,00F2970ET-20180531111847,U4,2,R9,483,483,13.77,-9.91,127,GOOD,GOOD,132.379,168.3795,99.84671,0,0.9055,5/31/2018 15:34
23253,1020,FP9,TOP,4009277305,5/19/2018 16:03,1526745600,TWB_SM3,TWB_PCBA_SM3_TOP_FP,TWB_PCBA_TOP_FP9,1020,TWB_SM3,TWB_PCBA_PASTE_INSPECTION_TOP,PN-337126,00F2970E,00F2970E,PN-337126,00F2970F,T31,,PROCESS,94474092,00F2970ET-20180531111847,U4,2,T4,483,483,6.18,1.98,127,GOOD,GOOD,116.7929,154.2285,96.17355,0,0.9055,5/31/2018 15:34
24084,1020,FP9,TOP,4009277305,5/19/2018 16:03,1526745600,TWB_SM3,TWB_PCBA_SM3_TOP_FP,TWB_PCBA_TOP_FP9,1020,TWB_SM3,TWB_PCBA_PASTE_INSPECTION_TOP,PN-337126,00F2970E,00F2970E,PN-337126,00F2970F,T31,,PROCESS,94474092,00F2970ET-20180531111847,U4,2,B7,483,483,3.1,-11.24,127,GOOD,GOOD,128.7446,166.6807,98.09514,0,0.9055,5/31/2018 15:34
24085,1020,FP9,TOP,4009277305,5/19/2018 16:03,1526745600,TWB_SM3,TWB_PCBA_SM3_TOP_FP,TWB_PCBA_TOP_FP9,1020,TWB_SM3,TWB_PCBA_PASTE_INSPECTION_TOP,PN-337126,00F2970E,00F2970E,PN-337126,00F2970F,T31,,PROCESS,94474092,00F2970ET-20180531111847,U4,2,C16,483,483,6.41,-11.34,127,GOOD,GOOD,126.7684,176.7516,91.08596,0,0.9055,5/31/2018 15:34
24086,1020,FP9,TOP,4009277305,5/19/2018 16:03,1526745600,TWB_SM3,TWB_PCBA_SM3_TOP_FP,TWB_PCBA_TOP_FP9,1020,TWB_SM3,TWB_PCBA_PASTE_INSPECTION_TOP,PN-337126,00F2970E,00F2970E,PN-337126,00F2970F,T31,,PROCESS,94474092,00F2970ET-20180531111847,U4,2,D2,483,483,5.26,1.1,127,GOOD,GOOD,129.751,171.4953,96.08646999999999,0,0.9055,5/31/2018 15:34
24087,1020,FP9,TOP,4009277305,5/19/2018 16:03,1526745600,TWB_SM3,TWB_PCBA_SM3_TOP_FP,TWB_PCBA_TOP_FP9,1020,TWB_SM3,TWB_PCBA_PASTE_INSPECTION_TOP,PN-337126,00F2970E,00F2970E,PN-337126,00F2970F,T31,,PROCESS,94474092,00F2970ET-20180531111847,U4,2,E13,483,483,10.2,-4.58,127,GOOD,GOOD,141.3951,187.0804,95.9864,0,0.9055,5/31/2018 15:34
24088,1020,FP9,TOP,4009277305,5/19/2018 16:03,1526745600,TWB_SM3,TWB_PCBA_SM3_TOP_FP,TWB_PCBA_TOP_FP9,1020,TWB_SM3,TWB_PCBA_PASTE_INSPECTION_TOP,PN-337126,00F2970E,00F2970E,PN-337126,00F2970F,T31,,PROCESS,94474092,00F2970ET-20180531111847,U4,2,E9,483,483,13.41,4.56,127,GOOD,GOOD,136.7003,182.5163,95.11991,0,0.9055,5/31/2018 15:34
24089,1020,FP9,TOP,4009277305,5/19/2018 16:03,1526745600,TWB_SM3,TWB_PCBA_SM3_TOP_FP,TWB_PCBA_TOP_FP9,1020,TWB_SM3,TWB_PCBA_PASTE_INSPECTION_TOP,PN-337126,00F2970E,00F2970E,PN-337126,00F2970F,T31,,PROCESS,94474092,00F2970ET-20180531111847,U4,2,G10,483,483,18.29,5.19,127,GOOD,GOOD,137.77100000000002,175.8921,99.4753,0,0.9055,5/31/2018 15:34
24090,1020,FP9,TOP,4009277305,5/19/2018 16:03,1526745600,TWB_SM3,TWB_PCBA_SM3_TOP_FP,TWB_PCBA_TOP_FP9,1020,TWB_SM3,TWB_PCBA_PASTE_INSPECTION_TOP,PN-337126,00F2970E,00F2970E,PN-337126,00F2970F,T31,,PROCESS,94474092,00F2970ET-20180531111847,U4,2,G4,483,483,13.07,-1.1,127,GOOD,GOOD,132.8557,171.1351,98.5927,0,0.9055,5/31/2018 15:34
24091,1020,FP9,TOP,4009277305,5/19/2018 16:03,1526745600,TWB_SM3,TWB_PCBA_SM3_TOP_FP,TWB_PCBA_TOP_FP9,1020,TWB_SM3,TWB_PCBA_PASTE_INSPECTION_TOP,PN-337126,00F2970E,00F2970E,PN-337126,00F2970F,T31,,PROCESS,94474092,00F2970ET-20180531111847,U4,2,J15,483,483,6.09,-6.35,127,GOOD,GOOD,123.7914,163.625,96.0825,0,0.9055,5/31/2018 15:34
24092,1020,FP9,TOP,4009277305,5/19/2018 16:03,1526745600,TWB_SM3,TWB_PCBA_SM3_TOP_FP,TWB_PCBA_TOP_FP9,1020,TWB_SM3,TWB_PCBA_PASTE_INSPECTION_TOP,PN-337126,00F2970E,00F2970E,PN-337126,00F2970F,T31,,PROCESS,94474092,00F2970ET-20180531111847,U4,2,J6,483,483,13.64,-5.78,127,GOOD,GOOD,133.3058,180.47,93.80969,0,0.9055,5/31/2018 15:34
24093,1020,FP9,TOP,4009277305,5/19/2018 16:03,1526745600,TWB_SM3,TWB_PCBA_SM3_TOP_FP,TWB_PCBA_TOP_FP9,1020,TWB_SM3,TWB_PCBA_PASTE_INSPECTION_TOP,PN-337126,00F2970E,00F2970E,PN-337126,00F2970F,T31,,PROCESS,94474092,00F2970ET-20180531111847,U4,2,L1,483,483,10.71,6.55,127,GOOD,GOOD,128.8624,161.768,101.1666,0,0.9055,5/31/2018 15:34
24094,1020,FP9,TOP,4009277305,5/19/2018 16:03,1526745600,TWB_SM3,TWB_PCBA_SM3_TOP_FP,TWB_PCBA_TOP_FP9,1020,TWB_SM3,TWB_PCBA_PASTE_INSPECTION_TOP,PN-337126,00F2970E,00F2970E,PN-337126,00F2970F,T31,,PROCESS,94474092,00F2970ET-20180531111847,U4,2,L12,483,483,7.72,1.42,127,GOOD,GOOD,126.2338,179.6628,89.23215,0,0.9055,5/31/2018 15:34
24095,1020,FP9,TOP,4009277305,5/19/2018 16:03,1526745600,TWB_SM3,TWB_PCBA_SM3_TOP_FP,TWB_PCBA_TOP_FP9,1020,TWB_SM3,TWB_PCBA_PASTE_INSPECTION_TOP,PN-337126,00F2970E,00F2970E,PN-337126,00F2970F,T31,,PROCESS,94474092,00F2970ET-20180531111847,U4,2,M8,483,483,3.77,-8.98,127,GOOD,GOOD,135.9048,172.0199,100.3367,0,0.9055,5/31/2018 15:34
24096,1020,FP9,TOP,4009277305,5/19/2018 16:03,1526745600,TWB_SM3,TWB_PCBA_SM3_TOP_FP,TWB_PCBA_TOP_FP9,1020,TWB_SM3,TWB_PCBA_PASTE_INSPECTION_TOP,PN-337126,00F2970E,00F2970E,PN-337126,00F2970F,T31,,PROCESS,94474092,00F2970ET-20180531111847,U4,2,R5,483,483,9.19,-0.77,127,GOOD,GOOD,131.668,181.6566,92.0519,0,0.9055,5/31/2018 15:34
25666,1020,FP9,TOP,4009277305,5/19/2018 16:03,1526745600,TWB_SM3,TWB_PCBA_SM3_TOP_FP,TWB_PCBA_TOP_FP9,1020,TWB_SM3,TWB_PCBA_PASTE_INSPECTION_TOP,PN-337126,00F2970E,00F2970E,PN-337126,00F2970F,T31,,PROCESS,94474092,00F2970ET-20180531111847,U4,2,A15,483,483,8.64,-9.97,127,GOOD,GOOD,127.0452,179.8184,89.72799,0,0.9055,5/31/2018 15:34
25667,1020,FP9,TOP,4009277305,5/19/2018 16:03,1526745600,TWB_SM3,TWB_PCBA_SM3_TOP_FP,TWB_PCBA_TOP_FP9,1020,TWB_SM3,TWB_PCBA_PASTE_INSPECTION_TOP,PN-337126,00F2970E,00F2970E,PN-337126,00F2970F,T31,,PROCESS,94474092,00F2970ET-20180531111847,U4,2,B3,483,483,0.18,-2.1,127,GOOD,GOOD,130.6424,165.2837,100.3825,0,0.9055,5/31/2018 15:34
25668,1020,FP9,TOP,4009277305,5/19/2018 16:03,1526745600,TWB_SM3,TWB_PCBA_SM3_TOP_FP,TWB_PCBA_TOP_FP9,1020,TWB_SM3,TWB_PCBA_PASTE_INSPECTION_TOP,PN-337126,00F2970E,00F2970E,PN-337126,00F2970F,T31,,PROCESS,94474092,00F2970ET-20180531111847,U4,2,C12,483,483,13.58,-2.2,127,GOOD,GOOD,135.002,181.0731,94.68692,0,0.9055,5/31/2018 15:34
25669,1020,FP9,TOP,4009277305,5/19/2018 16:03,1526745600,TWB_SM3,TWB_PCBA_SM3_TOP_FP,TWB_PCBA_TOP_FP9,1020,TWB_SM3,TWB_PCBA_PASTE_INSPECTION_TOP,PN-337126,00F2970E,00F2970E,PN-337126,00F2970F,T31,,PROCESS,94474092,00F2970ET-20180531111847,U4,2,E5,483,483,5.52,-6.3,127,GOOD,GOOD,122.3175,160.4539,96.81483,0,0.9055,5/31/2018 15:34
25670,1020,FP9,TOP,4009277305,5/19/2018 16:03,1526745600,TWB_SM3,TWB_PCBA_SM3_TOP_FP,TWB_PCBA_TOP_FP9,1020,TWB_SM3,TWB_PCBA_PASTE_INSPECTION_TOP,PN-337126,00F2970E,00F2970E,PN-337126,00F2970F,T31,,PROCESS,94474092,00F2970ET-20180531111847,U4,2,H14,483,483,15.21,-4.5,127,GOOD,GOOD,124.4913,171.1091,92.39945,0,0.9055,5/31/2018 15:34
25671,1020,FP9,TOP,4009277305,5/19/2018 16:03,1526745600,TWB_SM3,TWB_PCBA_SM3_TOP_FP,TWB_PCBA_TOP_FP9,1020,TWB_SM3,TWB_PCBA_PASTE_INSPECTION_TOP,PN-337126,00F2970E,00F2970E,PN-337126,00F2970F,T31,,PROCESS,94474092,00F2970ET-20180531111847,U4,2,H7,483,483,15.15,-8.51,127,GOOD,GOOD,130.6257,170.6444,97.21653,0,0.9055,5/31/2018 15:34
25672,1020,FP9,TOP,4009277305,5/19/2018 16:03,1526745600,TWB_SM3,TWB_PCBA_SM3_TOP_FP,TWB_PCBA_TOP_FP9,1020,TWB_SM3,TWB_PCBA_PASTE_INSPECTION_TOP,PN-337126,00F2970E,00F2970E,PN-337126,00F2970F,T31,,PROCESS,94474092,00F2970ET-20180531111847,U4,2,J11,483,483,20.18,2.8,127,GOOD,GOOD,132.7164,170.4586,98.88019,0,0.9055,5/31/2018 15:34
25673,1020,FP9,TOP,4009277305,5/19/2018 16:03,1526745600,TWB_SM3,TWB_PCBA_SM3_TOP_FP,TWB_PCBA_TOP_FP9,1020,TWB_SM3,TWB_PCBA_PASTE_INSPECTION_TOP,PN-337126,00F2970E,00F2970E,PN-337126,00F2970F,T31,,PROCESS,94474092,00F2970ET-20180531111847,U4,2,J2,483,483,5.09,3.36,127,GOOD,GOOD,127.0699,169.3154,95.3125,0,0.9055,5/31/2018 15:34
25674,1020,FP9,TOP,4009277305,5/19/2018 16:03,1526745600,TWB_SM3,TWB_PCBA_SM3_TOP_FP,TWB_PCBA_TOP_FP9,1020,TWB_SM3,TWB_PCBA_PASTE_INSPECTION_TOP,PN-337126,00F2970E,00F2970E,PN-337126,00F2970F,T31,,PROCESS,94474092,00F2970ET-20180531111847,U4,2,K9,483,483,8.97,-13.17,127,GOOD,GOOD,140.8047,184.9814,96.67029000000001,0,0.9055,5/31/2018 15:34
25675,1020,FP9,TOP,4009277305,5/19/2018 16:03,1526745600,TWB_SM3,TWB_PCBA_SM3_TOP_FP,TWB_PCBA_TOP_FP9,1020,TWB_SM3,TWB_PCBA_PASTE_INSPECTION_TOP,PN-337126,00F2970E,00F2970E,PN-337126,00F2970F,T31,,PROCESS,94474092,00F2970ET-20180531111847,U4,2,M16,483,483,6.14,-7.25,127,GOOD,GOOD,120.4424,178.6622,85.61511999999999,0,0.9055,5/31/2018 15:34
25676,1020,FP9,TOP,4009277305,5/19/2018 16:03,1526745600,TWB_SM3,TWB_PCBA_SM3_TOP_FP,TWB_PCBA_TOP_FP9,1020,TWB_SM3,TWB_PCBA_PASTE_INSPECTION_TOP,PN-337126,00F2970E,00F2970E,PN-337126,00F2970F,T31,,PROCESS,94474092,00F2970ET-20180531111847,U4,2,M4,483,483,2.01,0.17,127,GOOD,GOOD,124.7632,164.5078,96.31716999999999,0,0.9055,5/31/2018 15:34
25677,1020,FP9,TOP,4009277305,5/19/2018 16:03,1526745600,TWB_SM3,TWB_PCBA_SM3_TOP_FP,TWB_PCBA_TOP_FP9,1020,TWB_SM3,TWB_PCBA_PASTE_INSPECTION_TOP,PN-337126,00F2970E,00F2970E,PN-337126,00F2970F,T31,,PROCESS,94474092,00F2970ET-20180531111847,U4,2,P6,483,483,5.89,-3.5,127,GOOD,GOOD,122.9895,164.7211,94.82491999999999,0,0.9055,5/31/2018 15:34
25678,1020,FP9,TOP,4009277305,5/19/2018 16:03,1526745600,TWB_SM3,TWB_PCBA_SM3_TOP_FP,TWB_PCBA_TOP_FP9,1020,TWB_SM3,TWB_PCBA_PASTE_INSPECTION_TOP,PN-337126,00F2970E,00F2970E,PN-337126,00F2970F,T31,,PROCESS,94474092,00F2970ET-20180531111847,U4,2,R1,483,483,4.94,-11.63,127,GOOD,GOOD,124.2032,161.3697,97.7495,0,0.9055,5/31/2018 15:34
25679,1020,FP9,TOP,4009277305,5/19/2018 16:03,1526745600,TWB_SM3,TWB_PCBA_SM3_TOP_FP,TWB_PCBA_TOP_FP9,1020,TWB_SM3,TWB_PCBA_PASTE_INSPECTION_TOP,PN-337126,00F2970E,00F2970E,PN-337126,00F2970F,T31,,PROCESS,94474092,00F2970ET-20180531111847,U4,2,T15,483,483,9.66,-3.15,127,GOOD,GOOD,114.2002,157.1798,92.27278000000001,0,0.9055,5/31/2018 15:34
26358,1020,FP9,TOP,4009277305,5/19/2018 16:03,1526745600,TWB_SM3,TWB_PCBA_SM3_TOP_FP,TWB_PCBA_TOP_FP9,1020,TWB_SM3,TWB_PCBA_PASTE_INSPECTION_TOP,PN-337126,00F2970E,00F2970E,PN-337126,00F2970F,T31,,PROCESS,94474092,00F2970ET-20180531111847,U4,2,A6,483,483,15.36,-9.4,127,GOOD,GOOD,127.9361,170.1122,95.51273,0,0.9055,5/31/2018 15:34
26359,1020,FP9,TOP,4009277305,5/19/2018 16:03,1526745600,TWB_SM3,TWB_PCBA_SM3_TOP_FP,TWB_PCBA_TOP_FP9,1020,TWB_SM3,TWB_PCBA_PASTE_INSPECTION_TOP,PN-337126,00F2970E,00F2970E,PN-337126,00F2970F,T31,,PROCESS,94474092,00F2970ET-20180531111847,U4,2,B14,483,483,11.44,-7.23,127,GOOD,GOOD,136.1532,182.4766,94.7598,0,0.9055,5/31/2018 15:34
26360,1020,FP9,TOP,4009277305,5/19/2018 16:03,1526745600,TWB_SM3,TWB_PCBA_SM3_TOP_FP,TWB_PCBA_TOP_FP9,1020,TWB_SM3,TWB_PCBA_PASTE_INSPECTION_TOP,PN-337126,00F2970E,00F2970E,PN-337126,00F2970F,T31,,PROCESS,94474092,00F2970ET-20180531111847,U4,2,C1,483,483,1.66,2.93,127,GOOD,GOOD,127.5572,160.0776,101.1995,0,0.9055,5/31/2018 15:34
26361,1020,FP9,TOP,4009277305,5/19/2018 16:03,1526745600,TWB_SM3,TWB_PCBA_SM3_TOP_FP,TWB_PCBA_TOP_FP9,1020,TWB_SM3,TWB_PCBA_PASTE_INSPECTION_TOP,PN-337126,00F2970E,00F2970E,PN-337126,00F2970F,T31,,PROCESS,94474092,00F2970ET-20180531111847,U4,2,D11,483,483,10.41,0.54,127,GOOD,GOOD,142.3364,189.5123,95.38551,0,0.9055,5/31/2018 15:34
26362,1020,FP9,TOP,4009277305,5/19/2018 16:03,1526745600,TWB_SM3,TWB_PCBA_SM3_TOP_FP,TWB_PCBA_TOP_FP9,1020,TWB_SM3,TWB_PCBA_PASTE_INSPECTION_TOP,PN-337126,00F2970E,00F2970E,PN-337126,00F2970F,T31,,PROCESS,94474092,00F2970ET-20180531111847,U4,2,D8,483,483,5.49,-12.61,127,GOOD,GOOD,141.6392,182.2281,98.71242,0,0.9055,5/31/2018 15:34
26363,1020,FP9,TOP,4009277305,5/19/2018 16:03,1526745600,TWB_SM3,TWB_PCBA_SM3_TOP_FP,TWB_PCBA_TOP_FP9,1020,TWB_SM3,TWB_PCBA_PASTE_INSPECTION_TOP,PN-337126,00F2970E,00F2970E,PN-337126,00F2970F,T31,,PROCESS,94474092,00F2970ET-20180531111847,U4,2,F3,483,483,15.12,-0.28,127,GOOD,GOOD,133.3629,174.3097,97.16660999999999,0,0.9055,5/31/2018 15:34
26364,1020,FP9,TOP,4009277305,5/19/2018 16:03,1526745600,TWB_SM3,TWB_PCBA_SM3_TOP_FP,TWB_PCBA_TOP_FP9,1020,TWB_SM3,TWB_PCBA_PASTE_INSPECTION_TOP,PN-337126,00F2970E,00F2970E,PN-337126,00F2970F,T31,,PROCESS,94474092,00F2970ET-20180531111847,U4,2,G16,483,483,12.23,-8.52,127,GOOD,GOOD,119.0026,172.8334,87.44445999999999,0,0.9055,5/31/2018 15:34
26365,1020,FP9,TOP,4009277305,5/19/2018 16:03,1526745600,TWB_SM3,TWB_PCBA_SM3_TOP_FP,TWB_PCBA_TOP_FP9,1020,TWB_SM3,TWB_PCBA_PASTE_INSPECTION_TOP,PN-337126,00F2970E,00F2970E,PN-337126,00F2970F,T31,,PROCESS,94474092,00F2970ET-20180531111847,U4,2,K10,483,483,13.43,4.55,127,GOOD,GOOD,137.4354,177.7609,98.18977,0,0.9055,5/31/2018 15:34
26366,1020,FP9,TOP,4009277305,5/19/2018 16:03,1526745600,TWB_SM3,TWB_PCBA_SM3_TOP_FP,TWB_PCBA_TOP_FP9,1020,TWB_SM3,TWB_PCBA_PASTE_INSPECTION_TOP,PN-337126,00F2970E,00F2970E,PN-337126,00F2970F,T31,,PROCESS,94474092,00F2970ET-20180531111847,U4,2,L7,483,483,2.0,-7.16,127,GOOD,GOOD,124.7412,163.4146,96.94438000000001,0,0.9055,5/31/2018 15:34
26367,1020,FP9,TOP,4009277305,5/19/2018 16:03,1526745600,TWB_SM3,TWB_PCBA_SM3_TOP_FP,TWB_PCBA_TOP_FP9,1020,TWB_SM3,TWB_PCBA_PASTE_INSPECTION_TOP,PN-337126,00F2970E,00F2970E,PN-337126,00F2970F,T31,,PROCESS,94474092,00F2970ET-20180531111847,U4,2,N15,483,483,9.43,-4.53,127,GOOD,GOOD,120.1384,163.2464,93.4635,0,0.9055,5/31/2018 15:34
26368,1020,FP9,TOP,4009277305,5/19/2018 16:03,1526745600,TWB_SM3,TWB_PCBA_SM3_TOP_FP,TWB_PCBA_TOP_FP9,1020,TWB_SM3,TWB_PCBA_PASTE_INSPECTION_TOP,PN-337126,00F2970E,00F2970E,PN-337126,00F2970F,T31,,PROCESS,94474092,00F2970ET-20180531111847,U4,2,N2,483,483,3.34,5.18,127,GOOD,GOOD,128.2574,164.6103,98.95304,0,0.9055,5/31/2018 15:34
26369,1020,FP9,TOP,4009277305,5/19/2018 16:03,1526745600,TWB_SM3,TWB_PCBA_SM3_TOP_FP,TWB_PCBA_TOP_FP9,1020,TWB_SM3,TWB_PCBA_PASTE_INSPECTION_TOP,PN-337126,00F2970E,00F2970E,PN-337126,00F2970F,T31,,PROCESS,94474092,00F2970ET-20180531111847,U4,2,P12,483,483,20.37,2.8,127,GOOD,GOOD,127.3939,170.9817,94.62432,0,0.9055,5/31/2018 15:34
26370,1020,FP9,TOP,4009277305,5/19/2018 16:03,1526745600,TWB_SM3,TWB_PCBA_SM3_TOP_FP,TWB_PCBA_TOP_FP9,1020,TWB_SM3,TWB_PCBA_PASTE_INSPECTION_TOP,PN-337126,00F2970E,00F2970E,PN-337126,00F2970F,T31,,PROCESS,94474092,00F2970ET-20180531111847,U4,2,T6,483,483,10.46,-2.59,127,GOOD,GOOD,123.8394,157.6526,99.7611,0,0.9055,5/31/2018 15:34
28488,1020,FP9,TOP,4009277305,5/19/2018 16:03,1526745600,TWB_SM3,TWB_PCBA_SM3_TOP_FP,TWB_PCBA_TOP_FP9,1020,TWB_SM3,TWB_PCBA_PASTE_INSPECTION_TOP,PN-337126,00F2970E,00F2970E,PN-337126,00F2970F,T31,,PROCESS,94474092,00F2970ET-20180531111847,U4,2,A10,483,483,7.89,1.46,127,GOOD,GOOD,125.5032,157.8775,100.9574,0,0.9055,5/31/2018 15:34
28489,1020,FP9,TOP,4009277305,5/19/2018 16:03,1526745600,TWB_SM3,TWB_PCBA_SM3_TOP_FP,TWB_PCBA_TOP_FP9,1020,TWB_SM3,TWB_PCBA_PASTE_INSPECTION_TOP,PN-337126,00F2970E,00F2970E,PN-337126,00F2970F,T31,,PROCESS,94474092,00F2970ET-20180531111847,U4,2,C5,483,483,5.91,-6.21,127,GOOD,GOOD,130.6466,160.4627,103.4017,0,0.9055,5/31/2018 15:34
28490,1020,FP9,TOP,4009277305,5/19/2018 16:03,1526745600,TWB_SM3,TWB_PCBA_SM3_TOP_FP,TWB_PCBA_TOP_FP9,1020,TWB_SM3,TWB_PCBA_PASTE_INSPECTION_TOP,PN-337126,00F2970E,00F2970E,PN-337126,00F2970F,T31,,PROCESS,94474092,00F2970ET-20180531111847,U4,2,D15,483,483,8.04,-8.61,127,GOOD,GOOD,130.8395,179.9428,92.34387,0,0.9055,5/31/2018 15:34
28491,1020,FP9,TOP,4009277305,5/19/2018 16:03,1526745600,TWB_SM3,TWB_PCBA_SM3_TOP_FP,TWB_PCBA_TOP_FP9,1020,TWB_SM3,TWB_PCBA_PASTE_INSPECTION_TOP,PN-337126,00F2970E,00F2970E,PN-337126,00F2970F,T31,,PROCESS,94474092,00F2970ET-20180531111847,U4,2,F12,483,483,9.67,-0.84,127,GOOD,GOOD,124.897,171.7174,92.3722,0,0.9055,5/31/2018 15:34
28492,1020,FP9,TOP,4009277305,5/19/2018 16:03,1526745600,TWB_SM3,TWB_PCBA_SM3_TOP_FP,TWB_PCBA_TOP_FP9,1020,TWB_SM3,TWB_PCBA_PASTE_INSPECTION_TOP,PN-337126,00F2970E,00F2970E,PN-337126,00F2970F,T31,,PROCESS,94474092,00F2970ET-20180531111847,U4,2,F7,483,483,10.58,-9.42,127,GOOD,GOOD,140.1078,180.7296,98.45475,0,0.9055,5/31/2018 15:34
28493,1020,FP9,TOP,4009277305,5/19/2018 16:03,1526745600,TWB_SM3,TWB_PCBA_SM3_TOP_FP,TWB_PCBA_TOP_FP9,1020,TWB_SM3,TWB_PCBA_PASTE_INSPECTION_TOP,PN-337126,00F2970E,00F2970E,PN-337126,00F2970F,T31,,PROCESS,94474092,00F2970ET-20180531111847,U4,2,H2,483,483,10.26,2.92,127,GOOD,GOOD,127.3909,161.7788,100.0047,0,0.9055,5/31/2018 15:34
28494,1020,FP9,TOP,4009277305,5/19/2018 16:03,1526745600,TWB_SM3,TWB_PCBA_SM3_TOP_FP,TWB_PCBA_TOP_FP9,1020,TWB_SM3,TWB_PCBA_PASTE_INSPECTION_TOP,PN-337126,00F2970E,00F2970E,PN-337126,00F2970F,T31,,PROCESS,94474092,00F2970ET-20180531111847,U4,2,K14,483,483,12.21,-4.59,127,GOOD,GOOD,129.8342,175.5055,93.95116,0,0.9055,5/31/2018 15:34
28495,1020,FP9,TOP,4009277305,5/19/2018 16:03,1526745600,TWB_SM3,TWB_PCBA_SM3_TOP_FP,TWB_PCBA_TOP_FP9,1020,TWB_SM3,TWB_PCBA_PASTE_INSPECTION_TOP,PN-337126,00F2970E,00F2970E,PN-337126,00F2970F,T31,,PROCESS,94474092,00F2970ET-20180531111847,U4,2,K4,483,483,14.14,-1.74,127,GOOD,GOOD,141.2981,188.2581,95.3205,0,0.9055,5/31/2018 15:34
28496,1020,FP9,TOP,4009277305,5/19/2018 16:03,1526745600,TWB_SM3,TWB_PCBA_SM3_TOP_FP,TWB_PCBA_TOP_FP9,1020,TWB_SM3,TWB_PCBA_PASTE_INSPECTION_TOP,PN-337126,00F2970E,00F2970E,PN-337126,00F2970F,T31,,PROCESS,94474092,00F2970ET-20180531111847,U4,2,M11,483,483,12.83,4.17,127,GOOD,GOOD,126.1631,169.3568,94.60923000000001,0,0.9055,5/31/2018 15:34
28497,1020,FP9,TOP,4009277305,5/19/2018 16:03,1526745600,TWB_SM3,TWB_PCBA_SM3_TOP_FP,TWB_PCBA_TOP_FP9,1020,TWB_SM3,TWB_PCBA_PASTE_INSPECTION_TOP,PN-337126,00F2970E,00F2970E,PN-337126,00F2970F,T31,,PROCESS,94474092,00F2970ET-20180531111847,U4,2,N6,483,483,14.37,-3.96,127,GOOD,GOOD,138.8789,183.5773,96.07735,0,0.9055,5/31/2018 15:34
28498,1020,FP9,TOP,4009277305,5/19/2018 16:03,1526745600,TWB_SM3,TWB_PCBA_SM3_TOP_FP,TWB_PCBA_TOP_FP9,1020,TWB_SM3,TWB_PCBA_PASTE_INSPECTION_TOP,PN-337126,00F2970E,00F2970E,PN-337126,00F2970F,T31,,PROCESS,94474092,00F2970ET-20180531111847,U4,2,P1,483,483,5.14,-12.07,127,GOOD,GOOD,120.1406,157.5879,96.82119,0,0.9055,5/31/2018 15:34
28499,1020,FP9,TOP,4009277305,5/19/2018 16:03,1526745600,TWB_SM3,TWB_PCBA_SM3_TOP_FP,TWB_PCBA_TOP_FP9,1020,TWB_SM3,TWB_PCBA_PASTE_INSPECTION_TOP,PN-337126,00F2970E,00F2970E,PN-337126,00F2970F,T31,,PROCESS,94474092,00F2970ET-20180531111847,U4,2,P16,483,483,11.54,-6.34,127,GOOD,GOOD,117.324,168.1596,88.60716,0,0.9055,5/31/2018 15:34
28500,1020,FP9,TOP,4009277305,5/19/2018 16:03,1526745600,TWB_SM3,TWB_PCBA_SM3_TOP_FP,TWB_PCBA_TOP_FP9,1020,TWB_SM3,TWB_PCBA_PASTE_INSPECTION_TOP,PN-337126,00F2970E,00F2970E,PN-337126,00F2970F,T31,,PROCESS,94474092,00F2970ET-20180531111847,U4,2,R13,483,483,11.39,0.95,127,GOOD,GOOD,131.4587,179.5104,93.00437,0,0.9055,5/31/2018 15:34
28501,1020,FP9,TOP,4009277305,5/19/2018 16:03,1526745600,TWB_SM3,TWB_PCBA_SM3_TOP_FP,TWB_PCBA_TOP_FP9,1020,TWB_SM3,TWB_PCBA_PASTE_INSPECTION_TOP,PN-337126,00F2970E,00F2970E,PN-337126,00F2970F,T31,,PROCESS,94474092,00F2970ET-20180531111847,U4,2,T10,483,483,8.91,-11.73,127,GOOD,GOOD,120.6719,152.1706,100.7116,0,0.9055,5/31/2018 15:34
29462,1020,FP9,TOP,4009277305,5/19/2018 16:03,1526745600,TWB_SM3,TWB_PCBA_SM3_TOP_FP,TWB_PCBA_TOP_FP9,1020,TWB_SM3,TWB_PCBA_PASTE_INSPECTION_TOP,PN-337126,00F2970E,00F2970E,PN-337126,00F2970F,T31,,PROCESS,94474092,00F2970ET-20180531111847,U4,2,A5,483,483,11.41,-7.12,127,GOOD,GOOD,128.1412,170.4311,95.48688,0,0.9055,5/31/2018 15:34
29463,1020,FP9,TOP,4009277305,5/19/2018 16:03,1526745600,TWB_SM3,TWB_PCBA_SM3_TOP_FP,TWB_PCBA_TOP_FP9,1020,TWB_SM3,TWB_PCBA_PASTE_INSPECTION_TOP,PN-337126,00F2970E,00F2970E,PN-337126,00F2970F,T31,,PROCESS,94474092,00F2970ET-20180531111847,U4,2,B13,483,483,11.63,-4.95,127,GOOD,GOOD,135.7392,182.9389,94.23293000000001,0,0.9055,5/31/2018 15:34
29464,1020,FP9,TOP,4009277305,5/19/2018 16:03,1526745600,TWB_SM3,TWB_PCBA_SM3_TOP_FP,TWB_PCBA_TOP_FP9,1020,TWB_SM3,TWB_PCBA_PASTE_INSPECTION_TOP,PN-337126,00F2970E,00F2970E,PN-337126,00F2970F,T31,,PROCESS,94474092,00F2970ET-20180531111847,U4,2,D10,483,483,6.46,2.82,127,GOOD,GOOD,139.5774,192.1224,92.26581999999999,0,0.9055,5/31/2018 15:34
29465,1020,FP9,TOP,4009277305,5/19/2018 16:03,1526745600,TWB_SM3,TWB_PCBA_SM3_TOP_FP,TWB_PCBA_TOP_FP9,1020,TWB_SM3,TWB_PCBA_PASTE_INSPECTION_TOP,PN-337126,00F2970E,00F2970E,PN-337126,00F2970F,T31,,PROCESS,94474092,00F2970ET-20180531111847,U4,2,D7,483,483,3.52,-10.33,127,GOOD,GOOD,133.3239,179.7602,94.1929,0,0.9055,5/31/2018 15:34
29466,1020,FP9,TOP,4009277305,5/19/2018 16:03,1526745600,TWB_SM3,TWB_PCBA_SM3_TOP_FP,TWB_PCBA_TOP_FP9,1020,TWB_SM3,TWB_PCBA_PASTE_INSPECTION_TOP,PN-337126,00F2970E,00F2970E,PN-337126,00F2970F,T31,,PROCESS,94474092,00F2970ET-20180531111847,U4,2,F2,483,483,7.34,2.01,127,GOOD,GOOD,137.4803,181.4755,96.21132,0,0.9055,5/31/2018 15:34
29467,1020,FP9,TOP,4009277305,5/19/2018 16:03,1526745600,TWB_SM3,TWB_PCBA_SM3_TOP_FP,TWB_PCBA_TOP_FP9,1020,TWB_SM3,TWB_PCBA_PASTE_INSPECTION_TOP,PN-337126,00F2970E,00F2970E,PN-337126,00F2970F,T31,,PROCESS,94474092,00F2970ET-20180531111847,U4,2,G15,483,483,14.06,-6.24,127,GOOD,GOOD,131.3726,180.9291,92.21471,0,0.9055,5/31/2018 15:34
29468,1020,FP9,TOP,4009277305,5/19/2018 16:03,1526745600,TWB_SM3,TWB_PCBA_SM3_TOP_FP,TWB_PCBA_TOP_FP9,1020,TWB_SM3,TWB_PCBA_PASTE_INSPECTION_TOP,PN-337126,00F2970E,00F2970E,PN-337126,00F2970F,T31,,PROCESS,94474092,00F2970ET-20180531111847,U4,2,G9,483,483,16.32,7.48,127,GOOD,GOOD,137.2296,171.4879,101.6291,0,0.9055,5/31/2018 15:34
29469,1020,FP9,TOP,4009277305,5/19/2018 16:03,1526745600,TWB_SM3,TWB_PCBA_SM3_TOP_FP,TWB_PCBA_TOP_FP9,1020,TWB_SM3,TWB_PCBA_PASTE_INSPECTION_TOP,PN-337126,00F2970E,00F2970E,PN-337126,00F2970F,T31,,PROCESS,94474092,00F2970ET-20180531111847,U4,2,L6,483,483,4.83,-4.87,127,GOOD,GOOD,131.6231,174.5505,95.76678000000001,0,0.9055,5/31/2018 15:34
29470,1020,FP9,TOP,4009277305,5/19/2018 16:03,1526745600,TWB_SM3,TWB_PCBA_SM3_TOP_FP,TWB_PCBA_TOP_FP9,1020,TWB_SM3,TWB_PCBA_PASTE_INSPECTION_TOP,PN-337126,00F2970E,00F2970E,PN-337126,00F2970F,T31,,PROCESS,94474092,00F2970ET-20180531111847,U4,2,N1,483,483,4.51,7.46,127,GOOD,GOOD,125.4747,166.4623,95.72912,0,0.9055,5/31/2018 15:34
29471,1020,FP9,TOP,4009277305,5/19/2018 16:03,1526745600,TWB_SM3,TWB_PCBA_SM3_TOP_FP,TWB_PCBA_TOP_FP9,1020,TWB_SM3,TWB_PCBA_PASTE_INSPECTION_TOP,PN-337126,00F2970E,00F2970E,PN-337126,00F2970F,T31,,PROCESS,94474092,00F2970ET-20180531111847,U4,2,N14,483,483,9.12,-2.24,127,GOOD,GOOD,132.4107,180.6921,93.06528,0,0.9055,5/31/2018 15:34
29472,1020,FP9,TOP,4009277305,5/19/2018 16:03,1526745600,TWB_SM3,TWB_PCBA_SM3_TOP_FP,TWB_PCBA_TOP_FP9,1020,TWB_SM3,TWB_PCBA_PASTE_INSPECTION_TOP,PN-337126,00F2970E,00F2970E,PN-337126,00F2970F,T31,,PROCESS,94474092,00F2970ET-20180531111847,U4,2,P11,483,483,13.26,5.08,127,GOOD,GOOD,128.3369,166.2817,98.0191,0,0.9055,5/31/2018 15:34
29473,1020,FP9,TOP,4009277305,5/19/2018 16:03,1526745600,TWB_SM3,TWB_PCBA_SM3_TOP_FP,TWB_PCBA_TOP_FP9,1020,TWB_SM3,TWB_PCBA_PASTE_INSPECTION_TOP,PN-337126,00F2970E,00F2970E,PN-337126,00F2970F,T31,,PROCESS,94474092,00F2970ET-20180531111847,U4,2,T5,483,483,8.99,-0.3,127,GOOD,GOOD,113.9298,152.6137,94.80861999999999,0,0.9055,5/31/2018 15:34
