,plcng_plant_cd,mach_id,pcb_side_inspd,wo_num,defct_dttm,intrvl_key,plcng_area_cd,plcng_prcs_cd,plcng_wrk_ctr_cd,fndng_plant_cd,fndng_area_cd,fndng_prcs_cd,bld_part_no,bld_serial_no,barcd,assy_part_no,assy_serial_no,defct_cd,failed_test_code,fail_type,cmpnt_part_no,spi_test_id,ref_id,silkscrn_nbr,cmpntpin_nbr,cmpntpin_size_x_axis,cmpntpin_size_y_axis,solder_paste_offst_x_axis,solder_paste_offst_y_axis,pad_stncl_hgt,pad_spi_result,pad_spi_defct_type,solder_paste_vol_pct,solder_paste_hgt,solder_paste_area_pct,pkg_type,stncl_surf_area_ratio,extract_dttm
900,1020,FP9,TOP,4009456762,7/26/2018 0:05,1532563200,TWB_SM3,TWB_PCBA_SM3_TOP_FP,TWB_PCBA_TOP_FP9,1020,TWB_ICT3,TWB_PCBA_ICT,PN-337126,00F5DB75,00F5DB75,PN-337126,00F5DB75,E45,FAILED ANALOG POWERED TEST,PROCESS,94474092,00F5DB75T-20180726182319,U4,1,C6,483,483,-5.84,-8.07,127,GOOD,GOOD,118.5413,168.8964,89.13595,0,0.9055,7/26/2018 22:29
901,1020,FP9,TOP,4009456762,7/26/2018 0:05,1532563200,TWB_SM3,TWB_PCBA_SM3_TOP_FP,TWB_PCBA_TOP_FP9,1020,TWB_ICT3,TWB_PCBA_ICT,PN-337126,00F5DB75,00F5DB75,PN-337126,00F5DB75,E45,FAILED ANALOG POWERED TEST,PROCESS,94474092,00F5DB75T-20180726182319,U4,1,G8,483,483,3.21,-9.15,127,GOOD,GOOD,123.3656,165.8486,94.46825,0,0.9055,7/26/2018 22:29
902,1020,FP9,TOP,4009456762,7/26/2018 0:05,1532563200,TWB_SM3,TWB_PCBA_SM3_TOP_FP,TWB_PCBA_TOP_FP9,1020,TWB_ICT3,TWB_PCBA_ICT,PN-337126,00F5DB75,00F5DB75,PN-337126,00F5DB75,E45,FAILED ANALOG POWERED TEST,PROCESS,94474092,00F5DB75T-20180726182319,U4,1,H10,483,483,5.25,6.31,127,GOOD,GOOD,131.2764,172.0252,96.9166,0,0.9055,7/26/2018 22:29
903,1020,FP9,TOP,4009456762,7/26/2018 0:05,1532563200,TWB_SM3,TWB_PCBA_SM3_TOP_FP,TWB_PCBA_TOP_FP9,1020,TWB_ICT3,TWB_PCBA_ICT,PN-337126,00F5DB75,00F5DB75,PN-337126,00F5DB75,E45,FAILED ANALOG POWERED TEST,PROCESS,94474092,00F5DB75T-20180726182319,U4,1,N1,483,483,-8.32,6.77,127,GOOD,GOOD,125.1491,181.5333,87.55384000000001,0,0.9055,7/26/2018 22:29
904,1020,FP9,TOP,4009456762,7/26/2018 0:05,1532563200,TWB_SM3,TWB_PCBA_SM3_TOP_FP,TWB_PCBA_TOP_FP9,1020,TWB_ICT3,TWB_PCBA_ICT,PN-337126,00F5DB75,00F5DB75,PN-337126,00F5DB75,E45,FAILED ANALOG POWERED TEST,PROCESS,94474092,00F5DB75T-20180726182319,U4,1,R3,483,483,-3.29,3.73,127,GOOD,GOOD,121.7019,167.4211,92.31896,0,0.9055,7/26/2018 22:29
1560,1020,FP9,TOP,4009456762,7/26/2018 0:05,1532563200,TWB_SM3,TWB_PCBA_SM3_TOP_FP,TWB_PCBA_TOP_FP9,1020,TWB_ICT3,TWB_PCBA_ICT,PN-337126,00F5DB75,00F5DB75,PN-337126,00F5DB75,E45,FAILED ANALOG POWERED TEST,PROCESS,94474092,00F5DB75T-20180726182319,U4,1,A8,483,483,-8.82,-13.05,127,GOOD,GOOD,122.8974,160.1712,97.44556,0,0.9055,7/26/2018 22:29
1561,1020,FP9,TOP,4009456762,7/26/2018 0:05,1532563200,TWB_SM3,TWB_PCBA_SM3_TOP_FP,TWB_PCBA_TOP_FP9,1020,TWB_ICT3,TWB_PCBA_ICT,PN-337126,00F5DB75,00F5DB75,PN-337126,00F5DB75,E45,FAILED ANALOG POWERED TEST,PROCESS,94474092,00F5DB75T-20180726182319,U4,1,D14,483,483,0.25,-3.64,127,GOOD,GOOD,117.2772,175.44400000000002,84.89429,0,0.9055,7/26/2018 22:29
1562,1020,FP9,TOP,4009456762,7/26/2018 0:05,1532563200,TWB_SM3,TWB_PCBA_SM3_TOP_FP,TWB_PCBA_TOP_FP9,1020,TWB_ICT3,TWB_PCBA_ICT,PN-337126,00F5DB75,00F5DB75,PN-337126,00F5DB75,E45,FAILED ANALOG POWERED TEST,PROCESS,94474092,00F5DB75T-20180726182319,U4,1,H1,483,483,1.65,4.37,127,GOOD,GOOD,115.7302,171.1443,85.87917,0,0.9055,7/26/2018 22:29
1563,1020,FP9,TOP,4009456762,7/26/2018 0:05,1532563200,TWB_SM3,TWB_PCBA_SM3_TOP_FP,TWB_PCBA_TOP_FP9,1020,TWB_ICT3,TWB_PCBA_ICT,PN-337126,00F5DB75,00F5DB75,PN-337126,00F5DB75,E45,FAILED ANALOG POWERED TEST,PROCESS,94474092,00F5DB75T-20180726182319,U4,1,L12,483,483,-6.71,3.74,127,GOOD,GOOD,116.9503,156.3234,95.01257,0,0.9055,7/26/2018 22:29
1564,1020,FP9,TOP,4009456762,7/26/2018 0:05,1532563200,TWB_SM3,TWB_PCBA_SM3_TOP_FP,TWB_PCBA_TOP_FP9,1020,TWB_ICT3,TWB_PCBA_ICT,PN-337126,00F5DB75,00F5DB75,PN-337126,00F5DB75,E45,FAILED ANALOG POWERED TEST,PROCESS,94474092,00F5DB75T-20180726182319,U4,1,L3,483,483,4.55,1.79,127,GOOD,GOOD,128.4595,175.6435,92.88335,0,0.9055,7/26/2018 22:29
1565,1020,FP9,TOP,4009456762,7/26/2018 0:05,1532563200,TWB_SM3,TWB_PCBA_SM3_TOP_FP,TWB_PCBA_TOP_FP9,1020,TWB_ICT3,TWB_PCBA_ICT,PN-337126,00F5DB75,00F5DB75,PN-337126,00F5DB75,E45,FAILED ANALOG POWERED TEST,PROCESS,94474092,00F5DB75T-20180726182319,U4,1,P5,483,483,-5.26,-0.76,127,GOOD,GOOD,130.6346,171.9667,96.47561999999999,0,0.9055,7/26/2018 22:29
1566,1020,FP9,TOP,4009456762,7/26/2018 0:05,1532563200,TWB_SM3,TWB_PCBA_SM3_TOP_FP,TWB_PCBA_TOP_FP9,1020,TWB_ICT3,TWB_PCBA_ICT,PN-337126,00F5DB75,00F5DB75,PN-337126,00F5DB75,E45,FAILED ANALOG POWERED TEST,PROCESS,94474092,00F5DB75T-20180726182319,U4,1,T10,483,483,1.29,-9.82,127,GOOD,GOOD,135.0824,190.5178,90.04654000000001,0,0.9055,7/26/2018 22:29
1567,1020,FP9,TOP,4009456762,7/26/2018 0:05,1532563200,TWB_SM3,TWB_PCBA_SM3_TOP_FP,TWB_PCBA_TOP_FP9,1020,TWB_ICT3,TWB_PCBA_ICT,PN-337126,00F5DB75,00F5DB75,PN-337126,00F5DB75,E45,FAILED ANALOG POWERED TEST,PROCESS,94474092,00F5DB75T-20180726182319,U4,1,T7,483,483,0.75,-3.8,127,GOOD,GOOD,121.7987,174.4591,88.66507,0,0.9055,7/26/2018 22:29
1683,1020,FP9,TOP,4009456762,7/26/2018 0:05,1532563200,TWB_SM3,TWB_PCBA_SM3_TOP_FP,TWB_PCBA_TOP_FP9,1020,TWB_ICT3,TWB_PCBA_ICT,PN-337126,00F5DB75,00F5DB75,PN-337126,00F5DB75,E45,FAILED ANALOG POWERED TEST,PROCESS,94474092,00F5DB75T-20180726182319,U4,1,B4,483,483,-8.85,-4.55,127,GOOD,GOOD,133.0158,173.56400000000002,97.33013000000001,0,0.9055,7/26/2018 22:29
1684,1020,FP9,TOP,4009456762,7/26/2018 0:05,1532563200,TWB_SM3,TWB_PCBA_SM3_TOP_FP,TWB_PCBA_TOP_FP9,1020,TWB_ICT3,TWB_PCBA_ICT,PN-337126,00F5DB75,00F5DB75,PN-337126,00F5DB75,E45,FAILED ANALOG POWERED TEST,PROCESS,94474092,00F5DB75T-20180726182319,U4,1,F6,483,483,-3.96,-6.63,127,GOOD,GOOD,126.8353,166.7792,96.5833,0,0.9055,7/26/2018 22:29
1685,1020,FP9,TOP,4009456762,7/26/2018 0:05,1532563200,TWB_SM3,TWB_PCBA_SM3_TOP_FP,TWB_PCBA_TOP_FP9,1020,TWB_ICT3,TWB_PCBA_ICT,PN-337126,00F5DB75,00F5DB75,PN-337126,00F5DB75,E45,FAILED ANALOG POWERED TEST,PROCESS,94474092,00F5DB75T-20180726182319,U4,1,G14,483,483,6.27,-1.18,127,GOOD,GOOD,129.8673,182.1224,90.56079,0,0.9055,7/26/2018 22:29
1686,1020,FP9,TOP,4009456762,7/26/2018 0:05,1532563200,TWB_SM3,TWB_PCBA_SM3_TOP_FP,TWB_PCBA_TOP_FP9,1020,TWB_ICT3,TWB_PCBA_ICT,PN-337126,00F5DB75,00F5DB75,PN-337126,00F5DB75,E45,FAILED ANALOG POWERED TEST,PROCESS,94474092,00F5DB75T-20180726182319,U4,1,J8,483,483,7.23,-9.2,127,GOOD,GOOD,126.3408,182.8573,87.74759,0,0.9055,7/26/2018 22:29
3126,1020,FP9,TOP,4009456762,7/26/2018 0:05,1532563200,TWB_SM3,TWB_PCBA_SM3_TOP_FP,TWB_PCBA_TOP_FP9,1020,TWB_ICT3,TWB_PCBA_ICT,PN-337126,00F5DB75,00F5DB75,PN-337126,00F5DB75,E45,FAILED ANALOG POWERED TEST,PROCESS,94474092,00F5DB75T-20180726182319,U4,1,B6,483,483,-7.84,-8.56,127,GOOD,GOOD,124.9388,176.8486,89.72211999999999,0,0.9055,7/26/2018 22:29
3127,1020,FP9,TOP,4009456762,7/26/2018 0:05,1532563200,TWB_SM3,TWB_PCBA_SM3_TOP_FP,TWB_PCBA_TOP_FP9,1020,TWB_ICT3,TWB_PCBA_ICT,PN-337126,00F5DB75,00F5DB75,PN-337126,00F5DB75,E45,FAILED ANALOG POWERED TEST,PROCESS,94474092,00F5DB75T-20180726182319,U4,1,F11,483,483,2.75,3.34,127,GOOD,GOOD,127.0691,172.3953,93.60914,0,0.9055,7/26/2018 22:29
3128,1020,FP9,TOP,4009456762,7/26/2018 0:05,1532563200,TWB_SM3,TWB_PCBA_SM3_TOP_FP,TWB_PCBA_TOP_FP9,1020,TWB_ICT3,TWB_PCBA_ICT,PN-337126,00F5DB75,00F5DB75,PN-337126,00F5DB75,E45,FAILED ANALOG POWERED TEST,PROCESS,94474092,00F5DB75T-20180726182319,U4,1,F8,483,483,1.21,-10.64,127,GOOD,GOOD,112.3671,144.7218,98.60722,0,0.9055,7/26/2018 22:29
3129,1020,FP9,TOP,4009456762,7/26/2018 0:05,1532563200,TWB_SM3,TWB_PCBA_SM3_TOP_FP,TWB_PCBA_TOP_FP9,1020,TWB_ICT3,TWB_PCBA_ICT,PN-337126,00F5DB75,00F5DB75,PN-337126,00F5DB75,E45,FAILED ANALOG POWERED TEST,PROCESS,94474092,00F5DB75T-20180726182319,U4,1,G16,483,483,7.3,-5.19,127,GOOD,GOOD,123.3286,177.1421,88.41901999999999,0,0.9055,7/26/2018 22:29
3130,1020,FP9,TOP,4009456762,7/26/2018 0:05,1532563200,TWB_SM3,TWB_PCBA_SM3_TOP_FP,TWB_PCBA_TOP_FP9,1020,TWB_ICT3,TWB_PCBA_ICT,PN-337126,00F5DB75,00F5DB75,PN-337126,00F5DB75,E45,FAILED ANALOG POWERED TEST,PROCESS,94474092,00F5DB75T-20180726182319,U4,1,M1,483,483,-10.33,6.3,127,GOOD,GOOD,117.5565,173.2981,86.15028000000001,0,0.9055,7/26/2018 22:29
4743,1020,FP9,TOP,4009456762,7/26/2018 0:05,1532563200,TWB_SM3,TWB_PCBA_SM3_TOP_FP,TWB_PCBA_TOP_FP9,1020,TWB_ICT3,TWB_PCBA_ICT,PN-337126,00F5DB75,00F5DB75,PN-337126,00F5DB75,E45,FAILED ANALOG POWERED TEST,PROCESS,94474092,00F5DB75T-20180726182319,U4,1,A13,483,483,-6.28,-3.08,127,GOOD,GOOD,118.4118,166.3117,90.42241,0,0.9055,7/26/2018 22:29
4744,1020,FP9,TOP,4009456762,7/26/2018 0:05,1532563200,TWB_SM3,TWB_PCBA_SM3_TOP_FP,TWB_PCBA_TOP_FP9,1020,TWB_ICT3,TWB_PCBA_ICT,PN-337126,00F5DB75,00F5DB75,PN-337126,00F5DB75,E45,FAILED ANALOG POWERED TEST,PROCESS,94474092,00F5DB75T-20180726182319,U4,1,C2,483,483,-7.87,-0.05,127,GOOD,GOOD,121.1862,169.4264,90.83976,0,0.9055,7/26/2018 22:29
4745,1020,FP9,TOP,4009456762,7/26/2018 0:05,1532563200,TWB_SM3,TWB_PCBA_SM3_TOP_FP,TWB_PCBA_TOP_FP9,1020,TWB_ICT3,TWB_PCBA_ICT,PN-337126,00F5DB75,00F5DB75,PN-337126,00F5DB75,E45,FAILED ANALOG POWERED TEST,PROCESS,94474092,00F5DB75T-20180726182319,U4,1,G4,483,483,1.17,-1.12,127,GOOD,GOOD,132.0142,180.2692,93.00426999999999,0,0.9055,7/26/2018 22:29
4746,1020,FP9,TOP,4009456762,7/26/2018 0:05,1532563200,TWB_SM3,TWB_PCBA_SM3_TOP_FP,TWB_PCBA_TOP_FP9,1020,TWB_ICT3,TWB_PCBA_ICT,PN-337126,00F5DB75,00F5DB75,PN-337126,00F5DB75,E45,FAILED ANALOG POWERED TEST,PROCESS,94474092,00F5DB75T-20180726182319,U4,1,J16,483,483,-8.69,-5.25,127,GOOD,GOOD,124.1313,182.8273,86.22712,0,0.9055,7/26/2018 22:29
4747,1020,FP9,TOP,4009456762,7/26/2018 0:05,1532563200,TWB_SM3,TWB_PCBA_SM3_TOP_FP,TWB_PCBA_TOP_FP9,1020,TWB_ICT3,TWB_PCBA_ICT,PN-337126,00F5DB75,00F5DB75,PN-337126,00F5DB75,E45,FAILED ANALOG POWERED TEST,PROCESS,94474092,00F5DB75T-20180726182319,U4,1,K6,483,483,8.21,-5.69,127,GOOD,GOOD,129.394,170.38,96.44928,0,0.9055,7/26/2018 22:29
4748,1020,FP9,TOP,4009456762,7/26/2018 0:05,1532563200,TWB_SM3,TWB_PCBA_SM3_TOP_FP,TWB_PCBA_TOP_FP9,1020,TWB_ICT3,TWB_PCBA_ICT,PN-337126,00F5DB75,00F5DB75,PN-337126,00F5DB75,E45,FAILED ANALOG POWERED TEST,PROCESS,94474092,00F5DB75T-20180726182319,U4,1,R14,483,483,2.32,1.67,127,GOOD,GOOD,120.9464,181.1157,84.80872,0,0.9055,7/26/2018 22:29
6116,1020,FP9,TOP,4009456762,7/26/2018 0:05,1532563200,TWB_SM3,TWB_PCBA_SM3_TOP_FP,TWB_PCBA_TOP_FP9,1020,TWB_ICT3,TWB_PCBA_ICT,PN-337126,00F5DB75,00F5DB75,PN-337126,00F5DB75,E45,FAILED ANALOG POWERED TEST,PROCESS,94474092,00F5DB75T-20180726182319,U4,1,C11,483,483,-3.27,1.9,127,GOOD,GOOD,111.3187,198.6798,71.15704000000001,0,0.9055,7/26/2018 22:29
6117,1020,FP9,TOP,4009456762,7/26/2018 0:05,1532563200,TWB_SM3,TWB_PCBA_SM3_TOP_FP,TWB_PCBA_TOP_FP9,1020,TWB_ICT3,TWB_PCBA_ICT,PN-337126,00F5DB75,00F5DB75,PN-337126,00F5DB75,E45,FAILED ANALOG POWERED TEST,PROCESS,94474092,00F5DB75T-20180726182319,U4,1,D1,483,483,-6.37,2.44,127,GOOD,GOOD,120.0512,164.44099999999997,92.71717,0,0.9055,7/26/2018 22:29
6118,1020,FP9,TOP,4009456762,7/26/2018 0:05,1532563200,TWB_SM3,TWB_PCBA_SM3_TOP_FP,TWB_PCBA_TOP_FP9,1020,TWB_ICT3,TWB_PCBA_ICT,PN-337126,00F5DB75,00F5DB75,PN-337126,00F5DB75,E45,FAILED ANALOG POWERED TEST,PROCESS,94474092,00F5DB75T-20180726182319,U4,1,D16,483,483,1.28,-7.65,127,GOOD,GOOD,120.1258,187.0963,81.54075999999999,0,0.9055,7/26/2018 22:29
6119,1020,FP9,TOP,4009456762,7/26/2018 0:05,1532563200,TWB_SM3,TWB_PCBA_SM3_TOP_FP,TWB_PCBA_TOP_FP9,1020,TWB_ICT3,TWB_PCBA_ICT,PN-337126,00F5DB75,00F5DB75,PN-337126,00F5DB75,E45,FAILED ANALOG POWERED TEST,PROCESS,94474092,00F5DB75T-20180726182319,U4,1,H3,483,483,2.67,0.36,127,GOOD,GOOD,143.5335,202.7586,89.90369,0,0.9055,7/26/2018 22:29
6120,1020,FP9,TOP,4009456762,7/26/2018 0:05,1532563200,TWB_SM3,TWB_PCBA_SM3_TOP_FP,TWB_PCBA_TOP_FP9,1020,TWB_ICT3,TWB_PCBA_ICT,PN-337126,00F5DB75,00F5DB75,PN-337126,00F5DB75,E45,FAILED ANALOG POWERED TEST,PROCESS,94474092,00F5DB75T-20180726182319,U4,1,L14,483,483,-5.7,-0.27,127,GOOD,GOOD,126.0976,193.572,82.73096,0,0.9055,7/26/2018 22:29
6121,1020,FP9,TOP,4009456762,7/26/2018 0:05,1532563200,TWB_SM3,TWB_PCBA_SM3_TOP_FP,TWB_PCBA_TOP_FP9,1020,TWB_ICT3,TWB_PCBA_ICT,PN-337126,00F5DB75,00F5DB75,PN-337126,00F5DB75,E45,FAILED ANALOG POWERED TEST,PROCESS,94474092,00F5DB75T-20180726182319,U4,1,L5,483,483,-11.28,-2.22,127,GOOD,GOOD,126.9401,162.3397,99.30653000000001,0,0.9055,7/26/2018 22:29
6122,1020,FP9,TOP,4009456762,7/26/2018 0:05,1532563200,TWB_SM3,TWB_PCBA_SM3_TOP_FP,TWB_PCBA_TOP_FP9,1020,TWB_ICT3,TWB_PCBA_ICT,PN-337126,00F5DB75,00F5DB75,PN-337126,00F5DB75,E45,FAILED ANALOG POWERED TEST,PROCESS,94474092,00F5DB75T-20180726182319,U4,1,P7,483,483,-3.26,-4.77,127,GOOD,GOOD,114.77,166.8394,87.36417,0,0.9055,7/26/2018 22:29
6123,1020,FP9,TOP,4009456762,7/26/2018 0:05,1532563200,TWB_SM3,TWB_PCBA_SM3_TOP_FP,TWB_PCBA_TOP_FP9,1020,TWB_ICT3,TWB_PCBA_ICT,PN-337126,00F5DB75,00F5DB75,PN-337126,00F5DB75,E45,FAILED ANALOG POWERED TEST,PROCESS,94474092,00F5DB75T-20180726182319,U4,1,T12,483,483,3.32,6.17,127,GOOD,GOOD,121.6546,173.3925,89.10499,0,0.9055,7/26/2018 22:29
6124,1020,FP9,TOP,4009456762,7/26/2018 0:05,1532563200,TWB_SM3,TWB_PCBA_SM3_TOP_FP,TWB_PCBA_TOP_FP9,1020,TWB_ICT3,TWB_PCBA_ICT,PN-337126,00F5DB75,00F5DB75,PN-337126,00F5DB75,E45,FAILED ANALOG POWERED TEST,PROCESS,94474092,00F5DB75T-20180726182319,U4,1,T9,483,483,1.78,-7.82,127,GOOD,GOOD,119.4697,172.6036,87.9046,0,0.9055,7/26/2018 22:29
6456,1020,FP9,TOP,4009456762,7/26/2018 0:05,1532563200,TWB_SM3,TWB_PCBA_SM3_TOP_FP,TWB_PCBA_TOP_FP9,1020,TWB_ICT3,TWB_PCBA_ICT,PN-337126,00F5DB75,00F5DB75,PN-337126,00F5DB75,E45,FAILED ANALOG POWERED TEST,PROCESS,94474092,00F5DB75T-20180726182319,U4,1,B9,483,483,-6.3,5.43,127,GOOD,GOOD,128.89,169.21099999999998,96.73742,0,0.9055,7/26/2018 22:29
6457,1020,FP9,TOP,4009456762,7/26/2018 0:05,1532563200,TWB_SM3,TWB_PCBA_SM3_TOP_FP,TWB_PCBA_TOP_FP9,1020,TWB_ICT3,TWB_PCBA_ICT,PN-337126,00F5DB75,00F5DB75,PN-337126,00F5DB75,E45,FAILED ANALOG POWERED TEST,PROCESS,94474092,00F5DB75T-20180726182319,U4,1,F14,483,483,4.27,-2.67,127,GOOD,GOOD,118.9919,169.2946,89.26434,0,0.9055,7/26/2018 22:29
6458,1020,FP9,TOP,4009456762,7/26/2018 0:05,1532563200,TWB_SM3,TWB_PCBA_SM3_TOP_FP,TWB_PCBA_TOP_FP9,1020,TWB_ICT3,TWB_PCBA_ICT,PN-337126,00F5DB75,00F5DB75,PN-337126,00F5DB75,E45,FAILED ANALOG POWERED TEST,PROCESS,94474092,00F5DB75T-20180726182319,U4,1,M4,483,483,-8.8,0.28,127,GOOD,GOOD,134.9662,181.6722,94.34964000000001,0,0.9055,7/26/2018 22:29
6459,1020,FP9,TOP,4009456762,7/26/2018 0:05,1532563200,TWB_SM3,TWB_PCBA_SM3_TOP_FP,TWB_PCBA_TOP_FP9,1020,TWB_ICT3,TWB_PCBA_ICT,PN-337126,00F5DB75,00F5DB75,PN-337126,00F5DB75,E45,FAILED ANALOG POWERED TEST,PROCESS,94474092,00F5DB75T-20180726182319,U4,1,N12,483,483,-2.7,4.71,127,GOOD,GOOD,120.7294,166.7859,91.93006,0,0.9055,7/26/2018 22:29
6751,1020,FP9,TOP,4009456762,7/26/2018 0:05,1532563200,TWB_SM3,TWB_PCBA_SM3_TOP_FP,TWB_PCBA_TOP_FP9,1020,TWB_ICT3,TWB_PCBA_ICT,PN-337126,00F5DB75,00F5DB75,PN-337126,00F5DB75,E45,FAILED ANALOG POWERED TEST,PROCESS,94474092,00F5DB75T-20180726182319,U4,1,A15,483,483,-6.25,-7.09,127,GOOD,GOOD,120.4345,173.0319,88.39519,0,0.9055,7/26/2018 22:29
6752,1020,FP9,TOP,4009456762,7/26/2018 0:05,1532563200,TWB_SM3,TWB_PCBA_SM3_TOP_FP,TWB_PCBA_TOP_FP9,1020,TWB_ICT3,TWB_PCBA_ICT,PN-337126,00F5DB75,00F5DB75,PN-337126,00F5DB75,E45,FAILED ANALOG POWERED TEST,PROCESS,94474092,00F5DB75T-20180726182319,U4,1,C4,483,483,-6.85,-4.06,127,GOOD,GOOD,131.1986,179.9296,92.60413,0,0.9055,7/26/2018 22:29
6753,1020,FP9,TOP,4009456762,7/26/2018 0:05,1532563200,TWB_SM3,TWB_PCBA_SM3_TOP_FP,TWB_PCBA_TOP_FP9,1020,TWB_ICT3,TWB_PCBA_ICT,PN-337126,00F5DB75,00F5DB75,PN-337126,00F5DB75,E45,FAILED ANALOG POWERED TEST,PROCESS,94474092,00F5DB75T-20180726182319,U4,1,G6,483,483,-0.3,-5.13,127,GOOD,GOOD,128.418,170.0715,95.89544000000001,0,0.9055,7/26/2018 22:29
6754,1020,FP9,TOP,4009456762,7/26/2018 0:05,1532563200,TWB_SM3,TWB_PCBA_SM3_TOP_FP,TWB_PCBA_TOP_FP9,1020,TWB_ICT3,TWB_PCBA_ICT,PN-337126,00F5DB75,00F5DB75,PN-337126,00F5DB75,E45,FAILED ANALOG POWERED TEST,PROCESS,94474092,00F5DB75T-20180726182319,U4,1,K8,483,483,9.23,-9.71,127,GOOD,GOOD,121.9492,167.3833,92.52741,0,0.9055,7/26/2018 22:29
6755,1020,FP9,TOP,4009456762,7/26/2018 0:05,1532563200,TWB_SM3,TWB_PCBA_SM3_TOP_FP,TWB_PCBA_TOP_FP9,1020,TWB_ICT3,TWB_PCBA_ICT,PN-337126,00F5DB75,00F5DB75,PN-337126,00F5DB75,E45,FAILED ANALOG POWERED TEST,PROCESS,94474092,00F5DB75T-20180726182319,U4,1,R1,483,483,-4.31,7.74,127,GOOD,GOOD,125.3771,164.1975,96.97403,0,0.9055,7/26/2018 22:29
6756,1020,FP9,TOP,4009456762,7/26/2018 0:05,1532563200,TWB_SM3,TWB_PCBA_SM3_TOP_FP,TWB_PCBA_TOP_FP9,1020,TWB_ICT3,TWB_PCBA_ICT,PN-337126,00F5DB75,00F5DB75,PN-337126,00F5DB75,E45,FAILED ANALOG POWERED TEST,PROCESS,94474092,00F5DB75T-20180726182319,U4,1,R16,483,483,3.35,-2.35,127,GOOD,GOOD,122.2089,171.3608,90.57222,0,0.9055,7/26/2018 22:29
7793,1020,FP9,TOP,4009456762,7/26/2018 0:05,1532563200,TWB_SM3,TWB_PCBA_SM3_TOP_FP,TWB_PCBA_TOP_FP9,1020,TWB_ICT3,TWB_PCBA_ICT,PN-337126,00F5DB75,00F5DB75,PN-337126,00F5DB75,E45,FAILED ANALOG POWERED TEST,PROCESS,94474092,00F5DB75T-20180726182319,U4,1,B13,483,483,-4.27,-2.6,127,GOOD,GOOD,114.1097,182.8303,79.26443,0,0.9055,7/26/2018 22:29
7794,1020,FP9,TOP,4009456762,7/26/2018 0:05,1532563200,TWB_SM3,TWB_PCBA_SM3_TOP_FP,TWB_PCBA_TOP_FP9,1020,TWB_ICT3,TWB_PCBA_ICT,PN-337126,00F5DB75,00F5DB75,PN-337126,00F5DB75,E45,FAILED ANALOG POWERED TEST,PROCESS,94474092,00F5DB75T-20180726182319,U4,1,D8,483,483,-2.8,-11.6,127,GOOD,GOOD,125.9813,179.6777,89.04624,0,0.9055,7/26/2018 22:29
7795,1020,FP9,TOP,4009456762,7/26/2018 0:05,1532563200,TWB_SM3,TWB_PCBA_SM3_TOP_FP,TWB_PCBA_TOP_FP9,1020,TWB_ICT3,TWB_PCBA_ICT,PN-337126,00F5DB75,00F5DB75,PN-337126,00F5DB75,E45,FAILED ANALOG POWERED TEST,PROCESS,94474092,00F5DB75T-20180726182319,U4,1,J11,483,483,8.77,4.78,127,GOOD,GOOD,130.7007,183.3851,90.5144,0,0.9055,7/26/2018 22:29
7796,1020,FP9,TOP,4009456762,7/26/2018 0:05,1532563200,TWB_SM3,TWB_PCBA_SM3_TOP_FP,TWB_PCBA_TOP_FP9,1020,TWB_ICT3,TWB_PCBA_ICT,PN-337126,00F5DB75,00F5DB75,PN-337126,00F5DB75,E45,FAILED ANALOG POWERED TEST,PROCESS,94474092,00F5DB75T-20180726182319,U4,1,K1,483,483,5.66,4.34,127,GOOD,GOOD,117.9301,164.2898,91.16284,0,0.9055,7/26/2018 22:29
7797,1020,FP9,TOP,4009456762,7/26/2018 0:05,1532563200,TWB_SM3,TWB_PCBA_SM3_TOP_FP,TWB_PCBA_TOP_FP9,1020,TWB_ICT3,TWB_PCBA_ICT,PN-337126,00F5DB75,00F5DB75,PN-337126,00F5DB75,E45,FAILED ANALOG POWERED TEST,PROCESS,94474092,00F5DB75T-20180726182319,U4,1,K16,483,483,-6.69,-5.75,127,GOOD,GOOD,124.5823,180.3984,87.70562,0,0.9055,7/26/2018 22:29
7902,1020,FP9,TOP,4009456762,7/26/2018 0:05,1532563200,TWB_SM3,TWB_PCBA_SM3_TOP_FP,TWB_PCBA_TOP_FP9,1020,TWB_ICT3,TWB_PCBA_ICT,PN-337126,00F5DB75,00F5DB75,PN-337126,00F5DB75,E45,FAILED ANALOG POWERED TEST,PROCESS,94474092,00F5DB75T-20180726182319,U4,1,A5,483,483,-11.34,-7.04,127,GOOD,GOOD,119.6105,171.9133,88.3616,0,0.9055,7/26/2018 22:29
7903,1020,FP9,TOP,4009456762,7/26/2018 0:05,1532563200,TWB_SM3,TWB_PCBA_SM3_TOP_FP,TWB_PCBA_TOP_FP9,1020,TWB_ICT3,TWB_PCBA_ICT,PN-337126,00F5DB75,00F5DB75,PN-337126,00F5DB75,E45,FAILED ANALOG POWERED TEST,PROCESS,94474092,00F5DB75T-20180726182319,U4,1,D11,483,483,-1.26,2.38,127,GOOD,GOOD,115.3982,175.4452,83.53363,0,0.9055,7/26/2018 22:29
7904,1020,FP9,TOP,4009456762,7/26/2018 0:05,1532563200,TWB_SM3,TWB_PCBA_SM3_TOP_FP,TWB_PCBA_TOP_FP9,1020,TWB_ICT3,TWB_PCBA_ICT,PN-337126,00F5DB75,00F5DB75,PN-337126,00F5DB75,E45,FAILED ANALOG POWERED TEST,PROCESS,94474092,00F5DB75T-20180726182319,U4,1,E16,483,483,3.29,-8.17,127,GOOD,GOOD,115.7151,170.9155,85.98295999999999,0,0.9055,7/26/2018 22:29
7905,1020,FP9,TOP,4009456762,7/26/2018 0:05,1532563200,TWB_SM3,TWB_PCBA_SM3_TOP_FP,TWB_PCBA_TOP_FP9,1020,TWB_ICT3,TWB_PCBA_ICT,PN-337126,00F5DB75,00F5DB75,PN-337126,00F5DB75,E45,FAILED ANALOG POWERED TEST,PROCESS,94474092,00F5DB75T-20180726182319,U4,1,E7,483,483,-1.31,-10.11,127,GOOD,GOOD,118.8887,169.7817,88.93105,0,0.9055,7/26/2018 22:29
7906,1020,FP9,TOP,4009456762,7/26/2018 0:05,1532563200,TWB_SM3,TWB_PCBA_SM3_TOP_FP,TWB_PCBA_TOP_FP9,1020,TWB_ICT3,TWB_PCBA_ICT,PN-337126,00F5DB75,00F5DB75,PN-337126,00F5DB75,E45,FAILED ANALOG POWERED TEST,PROCESS,94474092,00F5DB75T-20180726182319,U4,1,M14,483,483,-3.7,0.22,127,GOOD,GOOD,118.7762,166.6206,90.53244000000001,0,0.9055,7/26/2018 22:29
7907,1020,FP9,TOP,4009456762,7/26/2018 0:05,1532563200,TWB_SM3,TWB_PCBA_SM3_TOP_FP,TWB_PCBA_TOP_FP9,1020,TWB_ICT3,TWB_PCBA_ICT,PN-337126,00F5DB75,00F5DB75,PN-337126,00F5DB75,E45,FAILED ANALOG POWERED TEST,PROCESS,94474092,00F5DB75T-20180726182319,U4,1,P2,483,483,-5.8,5.26,127,GOOD,GOOD,121.9883,181.3266,85.43978,0,0.9055,7/26/2018 22:29
7908,1020,FP9,TOP,4009456762,7/26/2018 0:05,1532563200,TWB_SM3,TWB_PCBA_SM3_TOP_FP,TWB_PCBA_TOP_FP9,1020,TWB_ICT3,TWB_PCBA_ICT,PN-337126,00F5DB75,00F5DB75,PN-337126,00F5DB75,E45,FAILED ANALOG POWERED TEST,PROCESS,94474092,00F5DB75T-20180726182319,U4,1,T4,483,483,-0.77,2.21,127,GOOD,GOOD,130.5085,178.696,92.75293,0,0.9055,7/26/2018 22:29
8146,1020,FP9,TOP,4009456762,7/26/2018 0:05,1532563200,TWB_SM3,TWB_PCBA_SM3_TOP_FP,TWB_PCBA_TOP_FP9,1020,TWB_ICT3,TWB_PCBA_ICT,PN-337126,00F5DB75,00F5DB75,PN-337126,00F5DB75,E45,FAILED ANALOG POWERED TEST,PROCESS,94474092,00F5DB75T-20180726182319,U4,1,C14,483,483,-1.75,-4.12,127,GOOD,GOOD,120.6154,182.41400000000002,83.97466,0,0.9055,7/26/2018 22:29
8147,1020,FP9,TOP,4009456762,7/26/2018 0:05,1532563200,TWB_SM3,TWB_PCBA_SM3_TOP_FP,TWB_PCBA_TOP_FP9,1020,TWB_ICT3,TWB_PCBA_ICT,PN-337126,00F5DB75,00F5DB75,PN-337126,00F5DB75,E45,FAILED ANALOG POWERED TEST,PROCESS,94474092,00F5DB75T-20180726182319,U4,1,D4,483,483,-4.84,-3.58,127,GOOD,GOOD,128.6802,171.3621,95.36759,0,0.9055,7/26/2018 22:29
8148,1020,FP9,TOP,4009456762,7/26/2018 0:05,1532563200,TWB_SM3,TWB_PCBA_SM3_TOP_FP,TWB_PCBA_TOP_FP9,1020,TWB_ICT3,TWB_PCBA_ICT,PN-337126,00F5DB75,00F5DB75,PN-337126,00F5DB75,E45,FAILED ANALOG POWERED TEST,PROCESS,94474092,00F5DB75T-20180726182319,U4,1,H6,483,483,4.19,-5.66,127,GOOD,GOOD,122.4913,172.1048,90.38909,0,0.9055,7/26/2018 22:29
8149,1020,FP9,TOP,4009456762,7/26/2018 0:05,1532563200,TWB_SM3,TWB_PCBA_SM3_TOP_FP,TWB_PCBA_TOP_FP9,1020,TWB_ICT3,TWB_PCBA_ICT,PN-337126,00F5DB75,00F5DB75,PN-337126,00F5DB75,E45,FAILED ANALOG POWERED TEST,PROCESS,94474092,00F5DB75T-20180726182319,U4,1,K12,483,483,-8.72,2.27,127,GOOD,GOOD,112.8723,153.2621,93.53116,0,0.9055,7/26/2018 22:29
8150,1020,FP9,TOP,4009456762,7/26/2018 0:05,1532563200,TWB_SM3,TWB_PCBA_SM3_TOP_FP,TWB_PCBA_TOP_FP9,1020,TWB_ICT3,TWB_PCBA_ICT,PN-337126,00F5DB75,00F5DB75,PN-337126,00F5DB75,E45,FAILED ANALOG POWERED TEST,PROCESS,94474092,00F5DB75T-20180726182319,U4,1,L8,483,483,-8.76,-8.24,127,GOOD,GOOD,122.454,154.7611,100.4882,0,0.9055,7/26/2018 22:29
8151,1020,FP9,TOP,4009456762,7/26/2018 0:05,1532563200,TWB_SM3,TWB_PCBA_SM3_TOP_FP,TWB_PCBA_TOP_FP9,1020,TWB_ICT3,TWB_PCBA_ICT,PN-337126,00F5DB75,00F5DB75,PN-337126,00F5DB75,E45,FAILED ANALOG POWERED TEST,PROCESS,94474092,00F5DB75T-20180726182319,U4,1,T15,483,483,3.84,0.15,127,GOOD,GOOD,121.4243,175.7302,87.7532,0,0.9055,7/26/2018 22:29
8267,1020,FP9,TOP,4009456762,7/26/2018 0:05,1532563200,TWB_SM3,TWB_PCBA_SM3_TOP_FP,TWB_PCBA_TOP_FP9,1020,TWB_ICT3,TWB_PCBA_ICT,PN-337126,00F5DB75,00F5DB75,PN-337126,00F5DB75,E45,FAILED ANALOG POWERED TEST,PROCESS,94474092,00F5DB75T-20180726182319,U4,1,B12,483,483,-4.76,-0.59,127,GOOD,GOOD,112.4723,159.3301,89.65029,0,0.9055,7/26/2018 22:29
8268,1020,FP9,TOP,4009456762,7/26/2018 0:05,1532563200,TWB_SM3,TWB_PCBA_SM3_TOP_FP,TWB_PCBA_TOP_FP9,1020,TWB_ICT3,TWB_PCBA_ICT,PN-337126,00F5DB75,00F5DB75,PN-337126,00F5DB75,E45,FAILED ANALOG POWERED TEST,PROCESS,94474092,00F5DB75T-20180726182319,U4,1,D7,483,483,-4.15,-9.6,127,GOOD,GOOD,130.3085,177.3472,93.31514,0,0.9055,7/26/2018 22:29
8269,1020,FP9,TOP,4009456762,7/26/2018 0:05,1532563200,TWB_SM3,TWB_PCBA_SM3_TOP_FP,TWB_PCBA_TOP_FP9,1020,TWB_ICT3,TWB_PCBA_ICT,PN-337126,00F5DB75,00F5DB75,PN-337126,00F5DB75,E45,FAILED ANALOG POWERED TEST,PROCESS,94474092,00F5DB75T-20180726182319,U4,1,H9,483,483,4.91,-11.68,127,GOOD,GOOD,143.3731,203.4232,89.50985,0,0.9055,7/26/2018 22:29
8270,1020,FP9,TOP,4009456762,7/26/2018 0:05,1532563200,TWB_SM3,TWB_PCBA_SM3_TOP_FP,TWB_PCBA_TOP_FP9,1020,TWB_ICT3,TWB_PCBA_ICT,PN-337126,00F5DB75,00F5DB75,PN-337126,00F5DB75,E45,FAILED ANALOG POWERED TEST,PROCESS,94474092,00F5DB75T-20180726182319,U4,1,J10,483,483,7.25,6.79,127,GOOD,GOOD,125.6458,173.1316,92.16698000000001,0,0.9055,7/26/2018 22:29
8271,1020,FP9,TOP,4009456762,7/26/2018 0:05,1532563200,TWB_SM3,TWB_PCBA_SM3_TOP_FP,TWB_PCBA_TOP_FP9,1020,TWB_ICT3,TWB_PCBA_ICT,PN-337126,00F5DB75,00F5DB75,PN-337126,00F5DB75,E45,FAILED ANALOG POWERED TEST,PROCESS,94474092,00F5DB75T-20180726182319,U4,1,K15,483,483,-8.2,-3.75,127,GOOD,GOOD,127.2932,183.4009,88.14699,0,0.9055,7/26/2018 22:29
8788,1020,FP9,TOP,4009456762,7/26/2018 0:05,1532563200,TWB_SM3,TWB_PCBA_SM3_TOP_FP,TWB_PCBA_TOP_FP9,1020,TWB_ICT3,TWB_PCBA_ICT,PN-337126,00F5DB75,00F5DB75,PN-337126,00F5DB75,E45,FAILED ANALOG POWERED TEST,PROCESS,94474092,00F5DB75T-20180726182319,U4,1,A1,483,483,5.95,0.99,127,GOOD,GOOD,128.846,183.1941,89.32298,0,0.9055,7/26/2018 22:29
8789,1020,FP9,TOP,4009456762,7/26/2018 0:05,1532563200,TWB_SM3,TWB_PCBA_SM3_TOP_FP,TWB_PCBA_TOP_FP9,1020,TWB_ICT3,TWB_PCBA_ICT,PN-337126,00F5DB75,00F5DB75,PN-337126,00F5DB75,E45,FAILED ANALOG POWERED TEST,PROCESS,94474092,00F5DB75T-20180726182319,U4,1,E12,483,483,1.26,-0.14,127,GOOD,GOOD,106.6424,140.9569,96.08315999999999,0,0.9055,7/26/2018 22:29
8790,1020,FP9,TOP,4009456762,7/26/2018 0:05,1532563200,TWB_SM3,TWB_PCBA_SM3_TOP_FP,TWB_PCBA_TOP_FP9,1020,TWB_ICT3,TWB_PCBA_ICT,PN-337126,00F5DB75,00F5DB75,PN-337126,00F5DB75,E45,FAILED ANALOG POWERED TEST,PROCESS,94474092,00F5DB75T-20180726182319,U4,1,E3,483,483,-3.34,-2.09,127,GOOD,GOOD,127.9643,177.1864,91.7196,0,0.9055,7/26/2018 22:29
8791,1020,FP9,TOP,4009456762,7/26/2018 0:05,1532563200,TWB_SM3,TWB_PCBA_SM3_TOP_FP,TWB_PCBA_TOP_FP9,1020,TWB_ICT3,TWB_PCBA_ICT,PN-337126,00F5DB75,00F5DB75,PN-337126,00F5DB75,E45,FAILED ANALOG POWERED TEST,PROCESS,94474092,00F5DB75T-20180726182319,U4,1,M10,483,483,-6.73,-11.75,127,GOOD,GOOD,121.1149,161.1431,95.45295,0,0.9055,7/26/2018 22:29
8792,1020,FP9,TOP,4009456762,7/26/2018 0:05,1532563200,TWB_SM3,TWB_PCBA_SM3_TOP_FP,TWB_PCBA_TOP_FP9,1020,TWB_ICT3,TWB_PCBA_ICT,PN-337126,00F5DB75,00F5DB75,PN-337126,00F5DB75,E45,FAILED ANALOG POWERED TEST,PROCESS,94474092,00F5DB75T-20180726182319,U4,1,M7,483,483,-7.27,-5.73,127,GOOD,GOOD,125.4506,157.2894,101.2924,0,0.9055,7/26/2018 22:29
8793,1020,FP9,TOP,4009456762,7/26/2018 0:05,1532563200,TWB_SM3,TWB_PCBA_SM3_TOP_FP,TWB_PCBA_TOP_FP9,1020,TWB_ICT3,TWB_PCBA_ICT,PN-337126,00F5DB75,00F5DB75,PN-337126,00F5DB75,E45,FAILED ANALOG POWERED TEST,PROCESS,94474092,00F5DB75T-20180726182319,U4,1,N15,483,483,-2.18,-1.31,127,GOOD,GOOD,126.281,164.1817,97.68257,0,0.9055,7/26/2018 22:29
9277,1020,FP9,TOP,4009456762,7/26/2018 0:05,1532563200,TWB_SM3,TWB_PCBA_SM3_TOP_FP,TWB_PCBA_TOP_FP9,1020,TWB_ICT3,TWB_PCBA_ICT,PN-337126,00F5DB75,00F5DB75,PN-337126,00F5DB75,E45,FAILED ANALOG POWERED TEST,PROCESS,94474092,00F5DB75T-20180726182319,U4,1,B8,483,483,-6.82,-12.57,127,GOOD,GOOD,124.0008,175.2903,89.84017,0,0.9055,7/26/2018 22:29
9278,1020,FP9,TOP,4009456762,7/26/2018 0:05,1532563200,TWB_SM3,TWB_PCBA_SM3_TOP_FP,TWB_PCBA_TOP_FP9,1020,TWB_ICT3,TWB_PCBA_ICT,PN-337126,00F5DB75,00F5DB75,PN-337126,00F5DB75,E45,FAILED ANALOG POWERED TEST,PROCESS,94474092,00F5DB75T-20180726182319,U4,1,F13,483,483,3.75,-0.67,127,GOOD,GOOD,128.1814,188.9667,86.14764,0,0.9055,7/26/2018 22:29
9279,1020,FP9,TOP,4009456762,7/26/2018 0:05,1532563200,TWB_SM3,TWB_PCBA_SM3_TOP_FP,TWB_PCBA_TOP_FP9,1020,TWB_ICT3,TWB_PCBA_ICT,PN-337126,00F5DB75,00F5DB75,PN-337126,00F5DB75,E45,FAILED ANALOG POWERED TEST,PROCESS,94474092,00F5DB75T-20180726182319,U4,1,M3,483,483,-9.31,2.29,127,GOOD,GOOD,129.8791,168.4826,97.90113000000001,0,0.9055,7/26/2018 22:29
9280,1020,FP9,TOP,4009456762,7/26/2018 0:05,1532563200,TWB_SM3,TWB_PCBA_SM3_TOP_FP,TWB_PCBA_TOP_FP9,1020,TWB_ICT3,TWB_PCBA_ICT,PN-337126,00F5DB75,00F5DB75,PN-337126,00F5DB75,E45,FAILED ANALOG POWERED TEST,PROCESS,94474092,00F5DB75T-20180726182319,U4,1,N11,483,483,-3.21,6.71,127,GOOD,GOOD,128.8411,188.4714,86.8186,0,0.9055,7/26/2018 22:29
9439,1020,FP9,TOP,4009456762,7/26/2018 0:05,1532563200,TWB_SM3,TWB_PCBA_SM3_TOP_FP,TWB_PCBA_TOP_FP9,1020,TWB_ICT3,TWB_PCBA_ICT,PN-337126,00F5DB75,00F5DB75,PN-337126,00F5DB75,E45,FAILED ANALOG POWERED TEST,PROCESS,94474092,00F5DB75T-20180726182319,U4,1,E1,483,483,-4.37,1.92,127,GOOD,GOOD,121.4139,174.2291,88.50166999999999,0,0.9055,7/26/2018 22:29
9440,1020,FP9,TOP,4009456762,7/26/2018 0:05,1532563200,TWB_SM3,TWB_PCBA_SM3_TOP_FP,TWB_PCBA_TOP_FP9,1020,TWB_ICT3,TWB_PCBA_ICT,PN-337126,00F5DB75,00F5DB75,PN-337126,00F5DB75,E45,FAILED ANALOG POWERED TEST,PROCESS,94474092,00F5DB75T-20180726182319,U4,1,E10,483,483,-0.77,3.87,127,GOOD,GOOD,113.2038,169.4802,84.82925,0,0.9055,7/26/2018 22:29
9441,1020,FP9,TOP,4009456762,7/26/2018 0:05,1532563200,TWB_SM3,TWB_PCBA_SM3_TOP_FP,TWB_PCBA_TOP_FP9,1020,TWB_ICT3,TWB_PCBA_ICT,PN-337126,00F5DB75,00F5DB75,PN-337126,00F5DB75,E45,FAILED ANALOG POWERED TEST,PROCESS,94474092,00F5DB75T-20180726182319,U4,1,F15,483,483,3.78,-4.68,127,GOOD,GOOD,119.4523,202.0704,75.07507,0,0.9055,7/26/2018 22:29
9442,1020,FP9,TOP,4009456762,7/26/2018 0:05,1532563200,TWB_SM3,TWB_PCBA_SM3_TOP_FP,TWB_PCBA_TOP_FP9,1020,TWB_ICT3,TWB_PCBA_ICT,PN-337126,00F5DB75,00F5DB75,PN-337126,00F5DB75,E45,FAILED ANALOG POWERED TEST,PROCESS,94474092,00F5DB75T-20180726182319,U4,1,M5,483,483,-9.28,-1.72,127,GOOD,GOOD,128.9296,180.0709,90.93119,0,0.9055,7/26/2018 22:29
9443,1020,FP9,TOP,4009456762,7/26/2018 0:05,1532563200,TWB_SM3,TWB_PCBA_SM3_TOP_FP,TWB_PCBA_TOP_FP9,1020,TWB_ICT3,TWB_PCBA_ICT,PN-337126,00F5DB75,00F5DB75,PN-337126,00F5DB75,E45,FAILED ANALOG POWERED TEST,PROCESS,94474092,00F5DB75T-20180726182319,U4,1,N13,483,483,-2.21,2.7,127,GOOD,GOOD,120.8716,162.9669,94.19518000000001,0,0.9055,7/26/2018 22:29
9890,1020,FP9,TOP,4009456762,7/26/2018 0:05,1532563200,TWB_SM3,TWB_PCBA_SM3_TOP_FP,TWB_PCBA_TOP_FP9,1020,TWB_ICT3,TWB_PCBA_ICT,PN-337126,00F5DB75,00F5DB75,PN-337126,00F5DB75,E45,FAILED ANALOG POWERED TEST,PROCESS,94474092,00F5DB75T-20180726182319,U4,1,C8,483,483,-4.81,-12.09,127,GOOD,GOOD,116.3381,172.3849,85.70896,0,0.9055,7/26/2018 22:29
9891,1020,FP9,TOP,4009456762,7/26/2018 0:05,1532563200,TWB_SM3,TWB_PCBA_SM3_TOP_FP,TWB_PCBA_TOP_FP9,1020,TWB_ICT3,TWB_PCBA_ICT,PN-337126,00F5DB75,00F5DB75,PN-337126,00F5DB75,E45,FAILED ANALOG POWERED TEST,PROCESS,94474092,00F5DB75T-20180726182319,U4,1,H12,483,483,7.27,2.3,127,GOOD,GOOD,111.9349,160.1921,88.74181,0,0.9055,7/26/2018 22:29
9892,1020,FP9,TOP,4009456762,7/26/2018 0:05,1532563200,TWB_SM3,TWB_PCBA_SM3_TOP_FP,TWB_PCBA_TOP_FP9,1020,TWB_ICT3,TWB_PCBA_ICT,PN-337126,00F5DB75,00F5DB75,PN-337126,00F5DB75,E45,FAILED ANALOG POWERED TEST,PROCESS,94474092,00F5DB75T-20180726182319,U4,1,J1,483,483,2.0,4.84,127,GOOD,GOOD,114.7314,167.338,87.07464,0,0.9055,7/26/2018 22:29
9893,1020,FP9,TOP,4009456762,7/26/2018 0:05,1532563200,TWB_SM3,TWB_PCBA_SM3_TOP_FP,TWB_PCBA_TOP_FP9,1020,TWB_ICT3,TWB_PCBA_ICT,PN-337126,00F5DB75,00F5DB75,PN-337126,00F5DB75,E45,FAILED ANALOG POWERED TEST,PROCESS,94474092,00F5DB75T-20180726182319,U4,1,N3,483,483,-7.3,2.76,127,GOOD,GOOD,136.0279,199.0572,86.78686,0,0.9055,7/26/2018 22:29
9894,1020,FP9,TOP,4009456762,7/26/2018 0:05,1532563200,TWB_SM3,TWB_PCBA_SM3_TOP_FP,TWB_PCBA_TOP_FP9,1020,TWB_ICT3,TWB_PCBA_ICT,PN-337126,00F5DB75,00F5DB75,PN-337126,00F5DB75,E45,FAILED ANALOG POWERED TEST,PROCESS,94474092,00F5DB75T-20180726182319,U4,1,P10,483,483,-2.72,-10.79,127,GOOD,GOOD,130.3798,178.6037,92.70936,0,0.9055,7/26/2018 22:29
9895,1020,FP9,TOP,4009456762,7/26/2018 0:05,1532563200,TWB_SM3,TWB_PCBA_SM3_TOP_FP,TWB_PCBA_TOP_FP9,1020,TWB_ICT3,TWB_PCBA_ICT,PN-337126,00F5DB75,00F5DB75,PN-337126,00F5DB75,E45,FAILED ANALOG POWERED TEST,PROCESS,94474092,00F5DB75T-20180726182319,U4,1,R5,483,483,-3.26,-0.29,127,GOOD,GOOD,127.3743,186.1012,86.92333,0,0.9055,7/26/2018 22:29
10757,1020,FP9,TOP,4009456762,7/26/2018 0:05,1532563200,TWB_SM3,TWB_PCBA_SM3_TOP_FP,TWB_PCBA_TOP_FP9,1020,TWB_ICT3,TWB_PCBA_ICT,PN-337126,00F5DB75,00F5DB75,PN-337126,00F5DB75,E45,FAILED ANALOG POWERED TEST,PROCESS,94474092,00F5DB75T-20180726182319,U4,1,A3,483,483,2.01,-3.02,127,GOOD,GOOD,119.7241,156.6524,97.06178,0,0.9055,7/26/2018 22:29
10758,1020,FP9,TOP,4009456762,7/26/2018 0:05,1532563200,TWB_SM3,TWB_PCBA_SM3_TOP_FP,TWB_PCBA_TOP_FP9,1020,TWB_ICT3,TWB_PCBA_ICT,PN-337126,00F5DB75,00F5DB75,PN-337126,00F5DB75,E45,FAILED ANALOG POWERED TEST,PROCESS,94474092,00F5DB75T-20180726182319,U4,1,E14,483,483,2.26,-4.15,127,GOOD,GOOD,118.3196,201.3126,74.64305999999999,0,0.9055,7/26/2018 22:29
10759,1020,FP9,TOP,4009456762,7/26/2018 0:05,1532563200,TWB_SM3,TWB_PCBA_SM3_TOP_FP,TWB_PCBA_TOP_FP9,1020,TWB_ICT3,TWB_PCBA_ICT,PN-337126,00F5DB75,00F5DB75,PN-337126,00F5DB75,E45,FAILED ANALOG POWERED TEST,PROCESS,94474092,00F5DB75T-20180726182319,U4,1,E5,483,483,-3.32,-6.1,127,GOOD,GOOD,104.4178,150.8121,87.93101,0,0.9055,7/26/2018 22:29
10760,1020,FP9,TOP,4009456762,7/26/2018 0:05,1532563200,TWB_SM3,TWB_PCBA_SM3_TOP_FP,TWB_PCBA_TOP_FP9,1020,TWB_ICT3,TWB_PCBA_ICT,PN-337126,00F5DB75,00F5DB75,PN-337126,00F5DB75,E45,FAILED ANALOG POWERED TEST,PROCESS,94474092,00F5DB75T-20180726182319,U4,1,M12,483,483,-4.71,4.24,127,GOOD,GOOD,112.8963,155.8468,91.99947,0,0.9055,7/26/2018 22:29
10761,1020,FP9,TOP,4009456762,7/26/2018 0:05,1532563200,TWB_SM3,TWB_PCBA_SM3_TOP_FP,TWB_PCBA_TOP_FP9,1020,TWB_ICT3,TWB_PCBA_ICT,PN-337126,00F5DB75,00F5DB75,PN-337126,00F5DB75,E45,FAILED ANALOG POWERED TEST,PROCESS,94474092,00F5DB75T-20180726182319,U4,1,M9,483,483,-6.25,-9.75,127,GOOD,GOOD,121.7961,167.6915,92.24149,0,0.9055,7/26/2018 22:29
10762,1020,FP9,TOP,4009456762,7/26/2018 0:05,1532563200,TWB_SM3,TWB_PCBA_SM3_TOP_FP,TWB_PCBA_TOP_FP9,1020,TWB_ICT3,TWB_PCBA_ICT,PN-337126,00F5DB75,00F5DB75,PN-337126,00F5DB75,E45,FAILED ANALOG POWERED TEST,PROCESS,94474092,00F5DB75T-20180726182319,U4,1,T2,483,483,-1.79,6.23,127,GOOD,GOOD,129.9218,170.2655,96.90788,0,0.9055,7/26/2018 22:29
11154,1020,FP9,TOP,4009456762,7/26/2018 0:05,1532563200,TWB_SM3,TWB_PCBA_SM3_TOP_FP,TWB_PCBA_TOP_FP9,1020,TWB_ICT3,TWB_PCBA_ICT,PN-337126,00F5DB75,00F5DB75,PN-337126,00F5DB75,E45,FAILED ANALOG POWERED TEST,PROCESS,94474092,00F5DB75T-20180726182319,U4,1,A7,483,483,-9.34,-11.05,127,GOOD,GOOD,127.821,183.2173,88.60119,0,0.9055,7/26/2018 22:29
11155,1020,FP9,TOP,4009456762,7/26/2018 0:05,1532563200,TWB_SM3,TWB_PCBA_SM3_TOP_FP,TWB_PCBA_TOP_FP9,1020,TWB_ICT3,TWB_PCBA_ICT,PN-337126,00F5DB75,00F5DB75,PN-337126,00F5DB75,E45,FAILED ANALOG POWERED TEST,PROCESS,94474092,00F5DB75T-20180726182319,U4,1,D13,483,483,-0.26,-1.63,127,GOOD,GOOD,126.1408,180.5823,88.71234,0,0.9055,7/26/2018 22:29
11156,1020,FP9,TOP,4009456762,7/26/2018 0:05,1532563200,TWB_SM3,TWB_PCBA_SM3_TOP_FP,TWB_PCBA_TOP_FP9,1020,TWB_ICT3,TWB_PCBA_ICT,PN-337126,00F5DB75,00F5DB75,PN-337126,00F5DB75,E45,FAILED ANALOG POWERED TEST,PROCESS,94474092,00F5DB75T-20180726182319,U4,1,E9,483,483,-0.28,5.88,127,GOOD,GOOD,117.8759,190.8249,78.45013,0,0.9055,7/26/2018 22:29
11157,1020,FP9,TOP,4009456762,7/26/2018 0:05,1532563200,TWB_SM3,TWB_PCBA_SM3_TOP_FP,TWB_PCBA_TOP_FP9,1020,TWB_ICT3,TWB_PCBA_ICT,PN-337126,00F5DB75,00F5DB75,PN-337126,00F5DB75,E45,FAILED ANALOG POWERED TEST,PROCESS,94474092,00F5DB75T-20180726182319,U4,1,L11,483,483,-7.23,5.75,127,GOOD,GOOD,125.1549,161.781,98.24806,0,0.9055,7/26/2018 22:29
11158,1020,FP9,TOP,4009456762,7/26/2018 0:05,1532563200,TWB_SM3,TWB_PCBA_SM3_TOP_FP,TWB_PCBA_TOP_FP9,1020,TWB_ICT3,TWB_PCBA_ICT,PN-337126,00F5DB75,00F5DB75,PN-337126,00F5DB75,E45,FAILED ANALOG POWERED TEST,PROCESS,94474092,00F5DB75T-20180726182319,U4,1,L2,483,483,8.18,3.8,127,GOOD,GOOD,114.2255,157.5122,92.09848000000001,0,0.9055,7/26/2018 22:29
11159,1020,FP9,TOP,4009456762,7/26/2018 0:05,1532563200,TWB_SM3,TWB_PCBA_SM3_TOP_FP,TWB_PCBA_TOP_FP9,1020,TWB_ICT3,TWB_PCBA_ICT,PN-337126,00F5DB75,00F5DB75,PN-337126,00F5DB75,E45,FAILED ANALOG POWERED TEST,PROCESS,94474092,00F5DB75T-20180726182319,U4,1,M16,483,483,-2.68,-3.79,127,GOOD,GOOD,122.8342,175.0972,89.09303,0,0.9055,7/26/2018 22:29
11160,1020,FP9,TOP,4009456762,7/26/2018 0:05,1532563200,TWB_SM3,TWB_PCBA_SM3_TOP_FP,TWB_PCBA_TOP_FP9,1020,TWB_ICT3,TWB_PCBA_ICT,PN-337126,00F5DB75,00F5DB75,PN-337126,00F5DB75,E45,FAILED ANALOG POWERED TEST,PROCESS,94474092,00F5DB75T-20180726182319,U4,1,P4,483,483,-4.78,1.25,127,GOOD,GOOD,129.0186,170.2888,96.22099,0,0.9055,7/26/2018 22:29
11161,1020,FP9,TOP,4009456762,7/26/2018 0:05,1532563200,TWB_SM3,TWB_PCBA_SM3_TOP_FP,TWB_PCBA_TOP_FP9,1020,TWB_ICT3,TWB_PCBA_ICT,PN-337126,00F5DB75,00F5DB75,PN-337126,00F5DB75,E45,FAILED ANALOG POWERED TEST,PROCESS,94474092,00F5DB75T-20180726182319,U4,1,T6,483,483,0.24,-1.8,127,GOOD,GOOD,129.4373,187.7068,87.57567,0,0.9055,7/26/2018 22:29
11491,1020,FP9,TOP,4009456762,7/26/2018 0:05,1532563200,TWB_SM3,TWB_PCBA_SM3_TOP_FP,TWB_PCBA_TOP_FP9,1020,TWB_ICT3,TWB_PCBA_ICT,PN-337126,00F5DB75,00F5DB75,PN-337126,00F5DB75,E45,FAILED ANALOG POWERED TEST,PROCESS,94474092,00F5DB75T-20180726182319,U4,1,B7,483,483,-7.33,-10.56,127,GOOD,GOOD,118.5515,178.467,84.3632,0,0.9055,7/26/2018 22:29
11492,1020,FP9,TOP,4009456762,7/26/2018 0:05,1532563200,TWB_SM3,TWB_PCBA_SM3_TOP_FP,TWB_PCBA_TOP_FP9,1020,TWB_ICT3,TWB_PCBA_ICT,PN-337126,00F5DB75,00F5DB75,PN-337126,00F5DB75,E45,FAILED ANALOG POWERED TEST,PROCESS,94474092,00F5DB75T-20180726182319,U4,1,F12,483,483,3.26,1.34,127,GOOD,GOOD,121.1,163.4892,94.07166,0,0.9055,7/26/2018 22:29
11493,1020,FP9,TOP,4009456762,7/26/2018 0:05,1532563200,TWB_SM3,TWB_PCBA_SM3_TOP_FP,TWB_PCBA_TOP_FP9,1020,TWB_ICT3,TWB_PCBA_ICT,PN-337126,00F5DB75,00F5DB75,PN-337126,00F5DB75,E45,FAILED ANALOG POWERED TEST,PROCESS,94474092,00F5DB75T-20180726182319,U4,1,F9,483,483,1.72,-12.65,127,GOOD,GOOD,119.4703,167.0023,90.85344,0,0.9055,7/26/2018 22:29
11494,1020,FP9,TOP,4009456762,7/26/2018 0:05,1532563200,TWB_SM3,TWB_PCBA_SM3_TOP_FP,TWB_PCBA_TOP_FP9,1020,TWB_ICT3,TWB_PCBA_ICT,PN-337126,00F5DB75,00F5DB75,PN-337126,00F5DB75,E45,FAILED ANALOG POWERED TEST,PROCESS,94474092,00F5DB75T-20180726182319,U4,1,M2,483,483,-9.82,4.3,127,GOOD,GOOD,128.1809,190.6959,85.36615,0,0.9055,7/26/2018 22:29
11495,1020,FP9,TOP,4009456762,7/26/2018 0:05,1532563200,TWB_SM3,TWB_PCBA_SM3_TOP_FP,TWB_PCBA_TOP_FP9,1020,TWB_ICT3,TWB_PCBA_ICT,PN-337126,00F5DB75,00F5DB75,PN-337126,00F5DB75,E45,FAILED ANALOG POWERED TEST,PROCESS,94474092,00F5DB75T-20180726182319,U4,1,N10,483,483,-4.72,-11.28,127,GOOD,GOOD,121.8638,166.00900000000001,93.22807,0,0.9055,7/26/2018 22:29
11559,1020,FP9,TOP,4009456762,7/26/2018 0:05,1532563200,TWB_SM3,TWB_PCBA_SM3_TOP_FP,TWB_PCBA_TOP_FP9,1020,TWB_ICT3,TWB_PCBA_ICT,PN-337126,00F5DB75,00F5DB75,PN-337126,00F5DB75,E45,FAILED ANALOG POWERED TEST,PROCESS,94474092,00F5DB75T-20180726182319,U4,1,F2,483,483,-11.79,1.4,127,GOOD,GOOD,126.4482,170.7856,94.02972,0,0.9055,7/26/2018 22:29
11560,1020,FP9,TOP,4009456762,7/26/2018 0:05,1532563200,TWB_SM3,TWB_PCBA_SM3_TOP_FP,TWB_PCBA_TOP_FP9,1020,TWB_ICT3,TWB_PCBA_ICT,PN-337126,00F5DB75,00F5DB75,PN-337126,00F5DB75,E45,FAILED ANALOG POWERED TEST,PROCESS,94474092,00F5DB75T-20180726182319,U4,1,G10,483,483,3.24,6.84,127,GOOD,GOOD,125.5696,171.3064,93.0925,0,0.9055,7/26/2018 22:29
11561,1020,FP9,TOP,4009456762,7/26/2018 0:05,1532563200,TWB_SM3,TWB_PCBA_SM3_TOP_FP,TWB_PCBA_TOP_FP9,1020,TWB_ICT3,TWB_PCBA_ICT,PN-337126,00F5DB75,00F5DB75,PN-337126,00F5DB75,E45,FAILED ANALOG POWERED TEST,PROCESS,94474092,00F5DB75T-20180726182319,U4,1,H15,483,483,7.79,-3.72,127,GOOD,GOOD,123.8193,184.5499,85.20758000000001,0,0.9055,7/26/2018 22:29
11562,1020,FP9,TOP,4009456762,7/26/2018 0:05,1532563200,TWB_SM3,TWB_PCBA_SM3_TOP_FP,TWB_PCBA_TOP_FP9,1020,TWB_ICT3,TWB_PCBA_ICT,PN-337126,00F5DB75,00F5DB75,PN-337126,00F5DB75,E45,FAILED ANALOG POWERED TEST,PROCESS,94474092,00F5DB75T-20180726182319,U4,1,J4,483,483,5.19,-1.18,127,GOOD,GOOD,134.5763,181.0845,94.38239,0,0.9055,7/26/2018 22:29
11563,1020,FP9,TOP,4009456762,7/26/2018 0:05,1532563200,TWB_SM3,TWB_PCBA_SM3_TOP_FP,TWB_PCBA_TOP_FP9,1020,TWB_ICT3,TWB_PCBA_ICT,PN-337126,00F5DB75,00F5DB75,PN-337126,00F5DB75,E45,FAILED ANALOG POWERED TEST,PROCESS,94474092,00F5DB75T-20180726182319,U4,1,N6,483,483,-5.78,-3.26,127,GOOD,GOOD,127.9972,176.6512,92.02113,0,0.9055,7/26/2018 22:29
11564,1020,FP9,TOP,4009456762,7/26/2018 0:05,1532563200,TWB_SM3,TWB_PCBA_SM3_TOP_FP,TWB_PCBA_TOP_FP9,1020,TWB_ICT3,TWB_PCBA_ICT,PN-337126,00F5DB75,00F5DB75,PN-337126,00F5DB75,E45,FAILED ANALOG POWERED TEST,PROCESS,94474092,00F5DB75T-20180726182319,U4,1,P13,483,483,-0.2,3.2,127,GOOD,GOOD,132.0403,175.998,95.28018,0,0.9055,7/26/2018 22:29
11565,1020,FP9,TOP,4009456762,7/26/2018 0:05,1532563200,TWB_SM3,TWB_PCBA_SM3_TOP_FP,TWB_PCBA_TOP_FP9,1020,TWB_ICT3,TWB_PCBA_ICT,PN-337126,00F5DB75,00F5DB75,PN-337126,00F5DB75,E45,FAILED ANALOG POWERED TEST,PROCESS,94474092,00F5DB75T-20180726182319,U4,1,R8,483,483,-0.74,-6.3,127,GOOD,GOOD,126.0296,169.209,94.59168000000001,0,0.9055,7/26/2018 22:29
11698,1020,FP9,TOP,4009456762,7/26/2018 0:05,1532563200,TWB_SM3,TWB_PCBA_SM3_TOP_FP,TWB_PCBA_TOP_FP9,1020,TWB_ICT3,TWB_PCBA_ICT,PN-337126,00F5DB75,00F5DB75,PN-337126,00F5DB75,E45,FAILED ANALOG POWERED TEST,PROCESS,94474092,00F5DB75T-20180726182319,U4,1,B11,483,483,-5.28,1.41,127,GOOD,GOOD,116.0715,180.4283,81.7005,0,0.9055,7/26/2018 22:29
11699,1020,FP9,TOP,4009456762,7/26/2018 0:05,1532563200,TWB_SM3,TWB_PCBA_SM3_TOP_FP,TWB_PCBA_TOP_FP9,1020,TWB_ICT3,TWB_PCBA_ICT,PN-337126,00F5DB75,00F5DB75,PN-337126,00F5DB75,E45,FAILED ANALOG POWERED TEST,PROCESS,94474092,00F5DB75T-20180726182319,U4,1,C16,483,483,-0.73,-8.13,127,GOOD,GOOD,123.5522,173.9852,90.18658,0,0.9055,7/26/2018 22:29
11700,1020,FP9,TOP,4009456762,7/26/2018 0:05,1532563200,TWB_SM3,TWB_PCBA_SM3_TOP_FP,TWB_PCBA_TOP_FP9,1020,TWB_ICT3,TWB_PCBA_ICT,PN-337126,00F5DB75,00F5DB75,PN-337126,00F5DB75,E45,FAILED ANALOG POWERED TEST,PROCESS,94474092,00F5DB75T-20180726182319,U4,1,D6,483,483,-3.83,-7.59,127,GOOD,GOOD,126.6801,173.7335,92.60374,0,0.9055,7/26/2018 22:29
11701,1020,FP9,TOP,4009456762,7/26/2018 0:05,1532563200,TWB_SM3,TWB_PCBA_SM3_TOP_FP,TWB_PCBA_TOP_FP9,1020,TWB_ICT3,TWB_PCBA_ICT,PN-337126,00F5DB75,00F5DB75,PN-337126,00F5DB75,E45,FAILED ANALOG POWERED TEST,PROCESS,94474092,00F5DB75T-20180726182319,U4,1,H8,483,483,5.22,-9.67,127,GOOD,GOOD,126.8261,172.4613,93.39435999999999,0,0.9055,7/26/2018 22:29
11702,1020,FP9,TOP,4009456762,7/26/2018 0:05,1532563200,TWB_SM3,TWB_PCBA_SM3_TOP_FP,TWB_PCBA_TOP_FP9,1020,TWB_ICT3,TWB_PCBA_ICT,PN-337126,00F5DB75,00F5DB75,PN-337126,00F5DB75,E45,FAILED ANALOG POWERED TEST,PROCESS,94474092,00F5DB75T-20180726182319,U4,1,K14,483,483,-7.71,-1.74,127,GOOD,GOOD,131.7165,199.1886,83.98068,0,0.9055,7/26/2018 22:29
13677,1020,FP9,TOP,4009456762,7/26/2018 0:05,1532563200,TWB_SM3,TWB_PCBA_SM3_TOP_FP,TWB_PCBA_TOP_FP9,1020,TWB_ICT3,TWB_PCBA_ICT,PN-337126,00F5DB75,00F5DB75,PN-337126,00F5DB75,E45,FAILED ANALOG POWERED TEST,PROCESS,94474092,00F5DB75T-20180726182319,U4,1,B2,483,483,-9.87,-0.53,127,GOOD,GOOD,102.8871,158.6368,82.3684,0,0.9055,7/26/2018 22:29
13678,1020,FP9,TOP,4009456762,7/26/2018 0:05,1532563200,TWB_SM3,TWB_PCBA_SM3_TOP_FP,TWB_PCBA_TOP_FP9,1020,TWB_ICT3,TWB_PCBA_ICT,PN-337126,00F5DB75,00F5DB75,PN-337126,00F5DB75,E45,FAILED ANALOG POWERED TEST,PROCESS,94474092,00F5DB75T-20180726182319,U4,1,F4,483,483,-0.83,-2.62,127,GOOD,GOOD,129.3459,179.6771,91.42466,0,0.9055,7/26/2018 22:29
13679,1020,FP9,TOP,4009456762,7/26/2018 0:05,1532563200,TWB_SM3,TWB_PCBA_SM3_TOP_FP,TWB_PCBA_TOP_FP9,1020,TWB_ICT3,TWB_PCBA_ICT,PN-337126,00F5DB75,00F5DB75,PN-337126,00F5DB75,E45,FAILED ANALOG POWERED TEST,PROCESS,94474092,00F5DB75T-20180726182319,U4,1,G12,483,483,5.26,2.83,127,GOOD,GOOD,112.7313,159.9612,89.5022,0,0.9055,7/26/2018 22:29
13680,1020,FP9,TOP,4009456762,7/26/2018 0:05,1532563200,TWB_SM3,TWB_PCBA_SM3_TOP_FP,TWB_PCBA_TOP_FP9,1020,TWB_ICT3,TWB_PCBA_ICT,PN-337126,00F5DB75,00F5DB75,PN-337126,00F5DB75,E45,FAILED ANALOG POWERED TEST,PROCESS,94474092,00F5DB75T-20180726182319,U4,1,J6,483,483,4.54,-5.19,127,GOOD,GOOD,130.7377,174.9363,94.91277,0,0.9055,7/26/2018 22:29
13681,1020,FP9,TOP,4009456762,7/26/2018 0:05,1532563200,TWB_SM3,TWB_PCBA_SM3_TOP_FP,TWB_PCBA_TOP_FP9,1020,TWB_ICT3,TWB_PCBA_ICT,PN-337126,00F5DB75,00F5DB75,PN-337126,00F5DB75,E45,FAILED ANALOG POWERED TEST,PROCESS,94474092,00F5DB75T-20180726182319,U4,1,N8,483,483,-4.75,-7.27,127,GOOD,GOOD,119.6699,170.0426,89.37810999999999,0,0.9055,7/26/2018 22:29
13682,1020,FP9,TOP,4009456762,7/26/2018 0:05,1532563200,TWB_SM3,TWB_PCBA_SM3_TOP_FP,TWB_PCBA_TOP_FP9,1020,TWB_ICT3,TWB_PCBA_ICT,PN-337126,00F5DB75,00F5DB75,PN-337126,00F5DB75,E45,FAILED ANALOG POWERED TEST,PROCESS,94474092,00F5DB75T-20180726182319,U4,1,P15,483,483,-0.18,-0.82,127,GOOD,GOOD,122.9447,168.4821,92.67437,0,0.9055,7/26/2018 22:29
17470,1020,FP9,TOP,4009456762,7/26/2018 0:05,1532563200,TWB_SM3,TWB_PCBA_SM3_TOP_FP,TWB_PCBA_TOP_FP9,1020,TWB_ICT3,TWB_PCBA_ICT,PN-337126,00F5DB75,00F5DB75,PN-337126,00F5DB75,E45,FAILED ANALOG POWERED TEST,PROCESS,94474092,00F5DB75T-20180726182319,U4,1,B14,483,483,-3.76,-4.6,127,GOOD,GOOD,119.6059,181.3089,83.7794,0,0.9055,7/26/2018 22:29
17471,1020,FP9,TOP,4009456762,7/26/2018 0:05,1532563200,TWB_SM3,TWB_PCBA_SM3_TOP_FP,TWB_PCBA_TOP_FP9,1020,TWB_ICT3,TWB_PCBA_ICT,PN-337126,00F5DB75,00F5DB75,PN-337126,00F5DB75,E45,FAILED ANALOG POWERED TEST,PROCESS,94474092,00F5DB75T-20180726182319,U4,1,D9,483,483,-2.29,6.39,127,GOOD,GOOD,134.05,193.4171,88.0189,0,0.9055,7/26/2018 22:29
17472,1020,FP9,TOP,4009456762,7/26/2018 0:05,1532563200,TWB_SM3,TWB_PCBA_SM3_TOP_FP,TWB_PCBA_TOP_FP9,1020,TWB_ICT3,TWB_PCBA_ICT,PN-337126,00F5DB75,00F5DB75,PN-337126,00F5DB75,E45,FAILED ANALOG POWERED TEST,PROCESS,94474092,00F5DB75T-20180726182319,U4,1,J12,483,483,9.28,2.78,127,GOOD,GOOD,122.7747,172.9257,90.16812,0,0.9055,7/26/2018 22:29
17473,1020,FP9,TOP,4009456762,7/26/2018 0:05,1532563200,TWB_SM3,TWB_PCBA_SM3_TOP_FP,TWB_PCBA_TOP_FP9,1020,TWB_ICT3,TWB_PCBA_ICT,PN-337126,00F5DB75,00F5DB75,PN-337126,00F5DB75,E45,FAILED ANALOG POWERED TEST,PROCESS,94474092,00F5DB75T-20180726182319,U4,1,K2,483,483,2.86,2.33,127,GOOD,GOOD,124.6574,168.22799999999998,94.10738,0,0.9055,7/26/2018 22:29
17474,1020,FP9,TOP,4009456762,7/26/2018 0:05,1532563200,TWB_SM3,TWB_PCBA_SM3_TOP_FP,TWB_PCBA_TOP_FP9,1020,TWB_ICT3,TWB_PCBA_ICT,PN-337126,00F5DB75,00F5DB75,PN-337126,00F5DB75,E45,FAILED ANALOG POWERED TEST,PROCESS,94474092,00F5DB75T-20180726182319,U4,1,R10,483,483,-0.71,-10.32,127,GOOD,GOOD,111.8352,160.9391,88.25119000000001,0,0.9055,7/26/2018 22:29
18036,1020,FP9,TOP,4009456762,7/26/2018 0:05,1532563200,TWB_SM3,TWB_PCBA_SM3_TOP_FP,TWB_PCBA_TOP_FP9,1020,TWB_ICT3,TWB_PCBA_ICT,PN-337126,00F5DB75,00F5DB75,PN-337126,00F5DB75,E45,FAILED ANALOG POWERED TEST,PROCESS,94474092,00F5DB75T-20180726182319,U4,1,A9,483,483,-8.31,4.94,127,GOOD,GOOD,121.8166,166.3866,92.98049,0,0.9055,7/26/2018 22:29
18037,1020,FP9,TOP,4009456762,7/26/2018 0:05,1532563200,TWB_SM3,TWB_PCBA_SM3_TOP_FP,TWB_PCBA_TOP_FP9,1020,TWB_ICT3,TWB_PCBA_ICT,PN-337126,00F5DB75,00F5DB75,PN-337126,00F5DB75,E45,FAILED ANALOG POWERED TEST,PROCESS,94474092,00F5DB75T-20180726182319,U4,1,C10,483,483,-4.78,3.9,127,GOOD,GOOD,125.0751,192.0745,82.6999,0,0.9055,7/26/2018 22:29
18038,1020,FP9,TOP,4009456762,7/26/2018 0:05,1532563200,TWB_SM3,TWB_PCBA_SM3_TOP_FP,TWB_PCBA_TOP_FP9,1020,TWB_ICT3,TWB_PCBA_ICT,PN-337126,00F5DB75,00F5DB75,PN-337126,00F5DB75,E45,FAILED ANALOG POWERED TEST,PROCESS,94474092,00F5DB75T-20180726182319,U4,1,D15,483,483,-0.23,-5.65,127,GOOD,GOOD,117.6638,168.7883,88.53281,0,0.9055,7/26/2018 22:29
18039,1020,FP9,TOP,4009456762,7/26/2018 0:05,1532563200,TWB_SM3,TWB_PCBA_SM3_TOP_FP,TWB_PCBA_TOP_FP9,1020,TWB_ICT3,TWB_PCBA_ICT,PN-337126,00F5DB75,00F5DB75,PN-337126,00F5DB75,E45,FAILED ANALOG POWERED TEST,PROCESS,94474092,00F5DB75T-20180726182319,U4,1,H2,483,483,-0.32,2.36,127,GOOD,GOOD,117.3994,168.5973,88.43395,0,0.9055,7/26/2018 22:29
18040,1020,FP9,TOP,4009456762,7/26/2018 0:05,1532563200,TWB_SM3,TWB_PCBA_SM3_TOP_FP,TWB_PCBA_TOP_FP9,1020,TWB_ICT3,TWB_PCBA_ICT,PN-337126,00F5DB75,00F5DB75,PN-337126,00F5DB75,E45,FAILED ANALOG POWERED TEST,PROCESS,94474092,00F5DB75T-20180726182319,U4,1,L13,483,483,-6.22,1.74,127,GOOD,GOOD,118.8454,192.2312,78.51671999999999,0,0.9055,7/26/2018 22:29
18041,1020,FP9,TOP,4009456762,7/26/2018 0:05,1532563200,TWB_SM3,TWB_PCBA_SM3_TOP_FP,TWB_PCBA_TOP_FP9,1020,TWB_ICT3,TWB_PCBA_ICT,PN-337126,00F5DB75,00F5DB75,PN-337126,00F5DB75,E45,FAILED ANALOG POWERED TEST,PROCESS,94474092,00F5DB75T-20180726182319,U4,1,L4,483,483,9.2,-0.21,127,GOOD,GOOD,133.2906,183.4763,92.2621,0,0.9055,7/26/2018 22:29
18042,1020,FP9,TOP,4009456762,7/26/2018 0:05,1532563200,TWB_SM3,TWB_PCBA_SM3_TOP_FP,TWB_PCBA_TOP_FP9,1020,TWB_ICT3,TWB_PCBA_ICT,PN-337126,00F5DB75,00F5DB75,PN-337126,00F5DB75,E45,FAILED ANALOG POWERED TEST,PROCESS,94474092,00F5DB75T-20180726182319,U4,1,P6,483,483,-3.77,-2.76,127,GOOD,GOOD,119.1528,165.0462,91.68593,0,0.9055,7/26/2018 22:29
18043,1020,FP9,TOP,4009456762,7/26/2018 0:05,1532563200,TWB_SM3,TWB_PCBA_SM3_TOP_FP,TWB_PCBA_TOP_FP9,1020,TWB_ICT3,TWB_PCBA_ICT,PN-337126,00F5DB75,00F5DB75,PN-337126,00F5DB75,E45,FAILED ANALOG POWERED TEST,PROCESS,94474092,00F5DB75T-20180726182319,U4,1,T11,483,483,2.81,-11.83,127,GOOD,GOOD,120.0941,191.266,79.7421,0,0.9055,7/26/2018 22:29
18044,1020,FP9,TOP,4009456762,7/26/2018 0:05,1532563200,TWB_SM3,TWB_PCBA_SM3_TOP_FP,TWB_PCBA_TOP_FP9,1020,TWB_ICT3,TWB_PCBA_ICT,PN-337126,00F5DB75,00F5DB75,PN-337126,00F5DB75,E45,FAILED ANALOG POWERED TEST,PROCESS,94474092,00F5DB75T-20180726182319,U4,1,T8,483,483,-0.39,-5.81,127,GOOD,GOOD,122.3444,156.4697,99.30187,0,0.9055,7/26/2018 22:29
21157,1020,FP9,TOP,4009456762,7/26/2018 0:05,1532563200,TWB_SM3,TWB_PCBA_SM3_TOP_FP,TWB_PCBA_TOP_FP9,1020,TWB_ICT3,TWB_PCBA_ICT,PN-337126,00F5DB75,00F5DB75,PN-337126,00F5DB75,E45,FAILED ANALOG POWERED TEST,PROCESS,94474092,00F5DB75T-20180726182319,U4,1,A2,483,483,0.67,-1.02,127,GOOD,GOOD,120.6176,162.1595,94.46521,0,0.9055,7/26/2018 22:29
21158,1020,FP9,TOP,4009456762,7/26/2018 0:05,1532563200,TWB_SM3,TWB_PCBA_SM3_TOP_FP,TWB_PCBA_TOP_FP9,1020,TWB_ICT3,TWB_PCBA_ICT,PN-337126,00F5DB75,00F5DB75,PN-337126,00F5DB75,E45,FAILED ANALOG POWERED TEST,PROCESS,94474092,00F5DB75T-20180726182319,U4,1,E13,483,483,1.75,-2.15,127,GOOD,GOOD,121.99799999999999,177.5524,87.26293000000001,0,0.9055,7/26/2018 22:29
21159,1020,FP9,TOP,4009456762,7/26/2018 0:05,1532563200,TWB_SM3,TWB_PCBA_SM3_TOP_FP,TWB_PCBA_TOP_FP9,1020,TWB_ICT3,TWB_PCBA_ICT,PN-337126,00F5DB75,00F5DB75,PN-337126,00F5DB75,E45,FAILED ANALOG POWERED TEST,PROCESS,94474092,00F5DB75T-20180726182319,U4,1,E4,483,483,-6.15,-4.1,127,GOOD,GOOD,130.2789,167.1678,98.97491,0,0.9055,7/26/2018 22:29
21160,1020,FP9,TOP,4009456762,7/26/2018 0:05,1532563200,TWB_SM3,TWB_PCBA_SM3_TOP_FP,TWB_PCBA_TOP_FP9,1020,TWB_ICT3,TWB_PCBA_ICT,PN-337126,00F5DB75,00F5DB75,PN-337126,00F5DB75,E45,FAILED ANALOG POWERED TEST,PROCESS,94474092,00F5DB75T-20180726182319,U4,1,M11,483,483,-5.22,6.24,127,GOOD,GOOD,119.3695,167.7891,90.35104,0,0.9055,7/26/2018 22:29
21161,1020,FP9,TOP,4009456762,7/26/2018 0:05,1532563200,TWB_SM3,TWB_PCBA_SM3_TOP_FP,TWB_PCBA_TOP_FP9,1020,TWB_ICT3,TWB_PCBA_ICT,PN-337126,00F5DB75,00F5DB75,PN-337126,00F5DB75,E45,FAILED ANALOG POWERED TEST,PROCESS,94474092,00F5DB75T-20180726182319,U4,1,M8,483,483,-6.76,-7.74,127,GOOD,GOOD,133.1322,181.0076,93.40928000000001,0,0.9055,7/26/2018 22:29
21162,1020,FP9,TOP,4009456762,7/26/2018 0:05,1532563200,TWB_SM3,TWB_PCBA_SM3_TOP_FP,TWB_PCBA_TOP_FP9,1020,TWB_ICT3,TWB_PCBA_ICT,PN-337126,00F5DB75,00F5DB75,PN-337126,00F5DB75,E45,FAILED ANALOG POWERED TEST,PROCESS,94474092,00F5DB75T-20180726182319,U4,1,N16,483,483,-0.67,-3.32,127,GOOD,GOOD,123.885,168.3021,93.48302,0,0.9055,7/26/2018 22:29
21163,1020,FP9,TOP,4009456762,7/26/2018 0:05,1532563200,TWB_SM3,TWB_PCBA_SM3_TOP_FP,TWB_PCBA_TOP_FP9,1020,TWB_ICT3,TWB_PCBA_ICT,PN-337126,00F5DB75,00F5DB75,PN-337126,00F5DB75,E45,FAILED ANALOG POWERED TEST,PROCESS,94474092,00F5DB75T-20180726182319,U4,1,T1,483,483,-2.3,-11.77,127,GOOD,GOOD,130.2505,174.0884,95.01964,0,0.9055,7/26/2018 22:29
21602,1020,FP9,TOP,4009456762,7/26/2018 0:05,1532563200,TWB_SM3,TWB_PCBA_SM3_TOP_FP,TWB_PCBA_TOP_FP9,1020,TWB_ICT3,TWB_PCBA_ICT,PN-337126,00F5DB75,00F5DB75,PN-337126,00F5DB75,E45,FAILED ANALOG POWERED TEST,PROCESS,94474092,00F5DB75T-20180726182319,U4,1,B1,483,483,-10.39,1.47,127,GOOD,GOOD,120.5155,166.0795,92.15754,0,0.9055,7/26/2018 22:29
21603,1020,FP9,TOP,4009456762,7/26/2018 0:05,1532563200,TWB_SM3,TWB_PCBA_SM3_TOP_FP,TWB_PCBA_TOP_FP9,1020,TWB_ICT3,TWB_PCBA_ICT,PN-337126,00F5DB75,00F5DB75,PN-337126,00F5DB75,E45,FAILED ANALOG POWERED TEST,PROCESS,94474092,00F5DB75T-20180726182319,U4,1,F3,483,483,-4.65,-0.61,127,GOOD,GOOD,129.8595,173.3853,95.11851,0,0.9055,7/26/2018 22:29
21604,1020,FP9,TOP,4009456762,7/26/2018 0:05,1532563200,TWB_SM3,TWB_PCBA_SM3_TOP_FP,TWB_PCBA_TOP_FP9,1020,TWB_ICT3,TWB_PCBA_ICT,PN-337126,00F5DB75,00F5DB75,PN-337126,00F5DB75,E45,FAILED ANALOG POWERED TEST,PROCESS,94474092,00F5DB75T-20180726182319,U4,1,G11,483,483,4.75,4.84,127,GOOD,GOOD,123.0514,168.8347,92.56111,0,0.9055,7/26/2018 22:29
21605,1020,FP9,TOP,4009456762,7/26/2018 0:05,1532563200,TWB_SM3,TWB_PCBA_SM3_TOP_FP,TWB_PCBA_TOP_FP9,1020,TWB_ICT3,TWB_PCBA_ICT,PN-337126,00F5DB75,00F5DB75,PN-337126,00F5DB75,E45,FAILED ANALOG POWERED TEST,PROCESS,94474092,00F5DB75T-20180726182319,U4,1,H16,483,483,9.3,-5.72,127,GOOD,GOOD,125.9968,182.7552,87.55753,0,0.9055,7/26/2018 22:29
21606,1020,FP9,TOP,4009456762,7/26/2018 0:05,1532563200,TWB_SM3,TWB_PCBA_SM3_TOP_FP,TWB_PCBA_TOP_FP9,1020,TWB_ICT3,TWB_PCBA_ICT,PN-337126,00F5DB75,00F5DB75,PN-337126,00F5DB75,E45,FAILED ANALOG POWERED TEST,PROCESS,94474092,00F5DB75T-20180726182319,U4,1,J5,483,483,3.05,-3.18,127,GOOD,GOOD,125.1291,167.9984,94.59251,0,0.9055,7/26/2018 22:29
21607,1020,FP9,TOP,4009456762,7/26/2018 0:05,1532563200,TWB_SM3,TWB_PCBA_SM3_TOP_FP,TWB_PCBA_TOP_FP9,1020,TWB_ICT3,TWB_PCBA_ICT,PN-337126,00F5DB75,00F5DB75,PN-337126,00F5DB75,E45,FAILED ANALOG POWERED TEST,PROCESS,94474092,00F5DB75T-20180726182319,U4,1,N7,483,483,-5.27,-5.26,127,GOOD,GOOD,123.6456,189.71400000000003,82.77193,0,0.9055,7/26/2018 22:29
21608,1020,FP9,TOP,4009456762,7/26/2018 0:05,1532563200,TWB_SM3,TWB_PCBA_SM3_TOP_FP,TWB_PCBA_TOP_FP9,1020,TWB_ICT3,TWB_PCBA_ICT,PN-337126,00F5DB75,00F5DB75,PN-337126,00F5DB75,E45,FAILED ANALOG POWERED TEST,PROCESS,94474092,00F5DB75T-20180726182319,U4,1,P14,483,483,0.31,1.19,127,GOOD,GOOD,108.0077,161.2955,85.0425,0,0.9055,7/26/2018 22:29
21609,1020,FP9,TOP,4009456762,7/26/2018 0:05,1532563200,TWB_SM3,TWB_PCBA_SM3_TOP_FP,TWB_PCBA_TOP_FP9,1020,TWB_ICT3,TWB_PCBA_ICT,PN-337126,00F5DB75,00F5DB75,PN-337126,00F5DB75,E45,FAILED ANALOG POWERED TEST,PROCESS,94474092,00F5DB75T-20180726182319,U4,1,R9,483,483,-0.23,-8.31,127,GOOD,GOOD,121.5828,183.5226,84.13684,0,0.9055,7/26/2018 22:29
22062,1020,FP9,TOP,4009456762,7/26/2018 0:05,1532563200,TWB_SM3,TWB_PCBA_SM3_TOP_FP,TWB_PCBA_TOP_FP9,1020,TWB_ICT3,TWB_PCBA_ICT,PN-337126,00F5DB75,00F5DB75,PN-337126,00F5DB75,E45,FAILED ANALOG POWERED TEST,PROCESS,94474092,00F5DB75T-20180726182319,U4,1,E11,483,483,0.74,1.86,127,GOOD,GOOD,123.2899,161.9514,96.68224000000001,0,0.9055,7/26/2018 22:29
22063,1020,FP9,TOP,4009456762,7/26/2018 0:05,1532563200,TWB_SM3,TWB_PCBA_SM3_TOP_FP,TWB_PCBA_TOP_FP9,1020,TWB_ICT3,TWB_PCBA_ICT,PN-337126,00F5DB75,00F5DB75,PN-337126,00F5DB75,E45,FAILED ANALOG POWERED TEST,PROCESS,94474092,00F5DB75T-20180726182319,U4,1,E2,483,483,-3.85,-0.08,127,GOOD,GOOD,131.3767,173.2218,96.32065,0,0.9055,7/26/2018 22:29
22064,1020,FP9,TOP,4009456762,7/26/2018 0:05,1532563200,TWB_SM3,TWB_PCBA_SM3_TOP_FP,TWB_PCBA_TOP_FP9,1020,TWB_ICT3,TWB_PCBA_ICT,PN-337126,00F5DB75,00F5DB75,PN-337126,00F5DB75,E45,FAILED ANALOG POWERED TEST,PROCESS,94474092,00F5DB75T-20180726182319,U4,1,F16,483,483,5.29,-6.69,127,GOOD,GOOD,123.7236,180.3748,87.11253,0,0.9055,7/26/2018 22:29
22065,1020,FP9,TOP,4009456762,7/26/2018 0:05,1532563200,TWB_SM3,TWB_PCBA_SM3_TOP_FP,TWB_PCBA_TOP_FP9,1020,TWB_ICT3,TWB_PCBA_ICT,PN-337126,00F5DB75,00F5DB75,PN-337126,00F5DB75,E45,FAILED ANALOG POWERED TEST,PROCESS,94474092,00F5DB75T-20180726182319,U4,1,M6,483,483,-7.78,-3.73,127,GOOD,GOOD,125.0538,171.6569,92.52081,0,0.9055,7/26/2018 22:29
22066,1020,FP9,TOP,4009456762,7/26/2018 0:05,1532563200,TWB_SM3,TWB_PCBA_SM3_TOP_FP,TWB_PCBA_TOP_FP9,1020,TWB_ICT3,TWB_PCBA_ICT,PN-337126,00F5DB75,00F5DB75,PN-337126,00F5DB75,E45,FAILED ANALOG POWERED TEST,PROCESS,94474092,00F5DB75T-20180726182319,U4,1,N14,483,483,-1.69,0.7,127,GOOD,GOOD,134.8152,205.8302,83.18283000000001,0,0.9055,7/26/2018 22:29
22234,1020,FP9,TOP,4009456762,7/26/2018 0:05,1532563200,TWB_SM3,TWB_PCBA_SM3_TOP_FP,TWB_PCBA_TOP_FP9,1020,TWB_ICT3,TWB_PCBA_ICT,PN-337126,00F5DB75,00F5DB75,PN-337126,00F5DB75,E45,FAILED ANALOG POWERED TEST,PROCESS,94474092,00F5DB75T-20180726182319,U4,1,A16,483,483,-4.74,-9.1,127,GOOD,GOOD,124.5865,197.5475,80.09458000000001,0,0.9055,7/26/2018 22:29
22235,1020,FP9,TOP,4009456762,7/26/2018 0:05,1532563200,TWB_SM3,TWB_PCBA_SM3_TOP_FP,TWB_PCBA_TOP_FP9,1020,TWB_ICT3,TWB_PCBA_ICT,PN-337126,00F5DB75,00F5DB75,PN-337126,00F5DB75,E45,FAILED ANALOG POWERED TEST,PROCESS,94474092,00F5DB75T-20180726182319,U4,1,C5,483,483,-7.33,-6.07,127,GOOD,GOOD,119.7537,165.7,91.78471,0,0.9055,7/26/2018 22:29
22236,1020,FP9,TOP,4009456762,7/26/2018 0:05,1532563200,TWB_SM3,TWB_PCBA_SM3_TOP_FP,TWB_PCBA_TOP_FP9,1020,TWB_ICT3,TWB_PCBA_ICT,PN-337126,00F5DB75,00F5DB75,PN-337126,00F5DB75,E45,FAILED ANALOG POWERED TEST,PROCESS,94474092,00F5DB75T-20180726182319,U4,1,G7,483,483,2.7,-7.14,127,GOOD,GOOD,122.8287,168.632,92.50465,0,0.9055,7/26/2018 22:29
22237,1020,FP9,TOP,4009456762,7/26/2018 0:05,1532563200,TWB_SM3,TWB_PCBA_SM3_TOP_FP,TWB_PCBA_TOP_FP9,1020,TWB_ICT3,TWB_PCBA_ICT,PN-337126,00F5DB75,00F5DB75,PN-337126,00F5DB75,E45,FAILED ANALOG POWERED TEST,PROCESS,94474092,00F5DB75T-20180726182319,U4,1,K9,483,483,9.75,-11.71,127,GOOD,GOOD,124.3669,176.5011,89.48724,0,0.9055,7/26/2018 22:29
22238,1020,FP9,TOP,4009456762,7/26/2018 0:05,1532563200,TWB_SM3,TWB_PCBA_SM3_TOP_FP,TWB_PCBA_TOP_FP9,1020,TWB_ICT3,TWB_PCBA_ICT,PN-337126,00F5DB75,00F5DB75,PN-337126,00F5DB75,E45,FAILED ANALOG POWERED TEST,PROCESS,94474092,00F5DB75T-20180726182319,U4,1,R2,483,483,-3.8,5.73,127,GOOD,GOOD,121.7098,165.2064,93.56260999999999,0,0.9055,7/26/2018 22:29
23812,1020,FP9,TOP,4009456762,7/26/2018 0:05,1532563200,TWB_SM3,TWB_PCBA_SM3_TOP_FP,TWB_PCBA_TOP_FP9,1020,TWB_ICT3,TWB_PCBA_ICT,PN-337126,00F5DB75,00F5DB75,PN-337126,00F5DB75,E45,FAILED ANALOG POWERED TEST,PROCESS,94474092,00F5DB75T-20180726182319,U4,1,A6,483,483,-9.85,-9.04,127,GOOD,GOOD,129.0611,166.1968,98.6226,0,0.9055,7/26/2018 22:29
23813,1020,FP9,TOP,4009456762,7/26/2018 0:05,1532563200,TWB_SM3,TWB_PCBA_SM3_TOP_FP,TWB_PCBA_TOP_FP9,1020,TWB_ICT3,TWB_PCBA_ICT,PN-337126,00F5DB75,00F5DB75,PN-337126,00F5DB75,E45,FAILED ANALOG POWERED TEST,PROCESS,94474092,00F5DB75T-20180726182319,U4,1,D12,483,483,-0.75,0.37,127,GOOD,GOOD,115.009,191.9631,76.08825999999999,0,0.9055,7/26/2018 22:29
23814,1020,FP9,TOP,4009456762,7/26/2018 0:05,1532563200,TWB_SM3,TWB_PCBA_SM3_TOP_FP,TWB_PCBA_TOP_FP9,1020,TWB_ICT3,TWB_PCBA_ICT,PN-337126,00F5DB75,00F5DB75,PN-337126,00F5DB75,E45,FAILED ANALOG POWERED TEST,PROCESS,94474092,00F5DB75T-20180726182319,U4,1,E8,483,483,-0.8,-12.12,127,GOOD,GOOD,123.4479,172.5909,90.83842,0,0.9055,7/26/2018 22:29
23815,1020,FP9,TOP,4009456762,7/26/2018 0:05,1532563200,TWB_SM3,TWB_PCBA_SM3_TOP_FP,TWB_PCBA_TOP_FP9,1020,TWB_ICT3,TWB_PCBA_ICT,PN-337126,00F5DB75,00F5DB75,PN-337126,00F5DB75,E45,FAILED ANALOG POWERED TEST,PROCESS,94474092,00F5DB75T-20180726182319,U4,1,L1,483,483,3.53,5.81,127,GOOD,GOOD,119.0636,166.2023,90.98,0,0.9055,7/26/2018 22:29
23816,1020,FP9,TOP,4009456762,7/26/2018 0:05,1532563200,TWB_SM3,TWB_PCBA_SM3_TOP_FP,TWB_PCBA_TOP_FP9,1020,TWB_ICT3,TWB_PCBA_ICT,PN-337126,00F5DB75,00F5DB75,PN-337126,00F5DB75,E45,FAILED ANALOG POWERED TEST,PROCESS,94474092,00F5DB75T-20180726182319,U4,1,L10,483,483,-8.74,-12.25,127,GOOD,GOOD,125.5499,156.7747,101.7054,0,0.9055,7/26/2018 22:29
23817,1020,FP9,TOP,4009456762,7/26/2018 0:05,1532563200,TWB_SM3,TWB_PCBA_SM3_TOP_FP,TWB_PCBA_TOP_FP9,1020,TWB_ICT3,TWB_PCBA_ICT,PN-337126,00F5DB75,00F5DB75,PN-337126,00F5DB75,E45,FAILED ANALOG POWERED TEST,PROCESS,94474092,00F5DB75T-20180726182319,U4,1,M15,483,483,-4.19,-1.78,127,GOOD,GOOD,129.3716,187.0867,87.82124,0,0.9055,7/26/2018 22:29
23818,1020,FP9,TOP,4009456762,7/26/2018 0:05,1532563200,TWB_SM3,TWB_PCBA_SM3_TOP_FP,TWB_PCBA_TOP_FP9,1020,TWB_ICT3,TWB_PCBA_ICT,PN-337126,00F5DB75,00F5DB75,PN-337126,00F5DB75,E45,FAILED ANALOG POWERED TEST,PROCESS,94474092,00F5DB75T-20180726182319,U4,1,P3,483,483,-5.29,3.26,127,GOOD,GOOD,122.3992,170.5375,91.15123,0,0.9055,7/26/2018 22:29
23819,1020,FP9,TOP,4009456762,7/26/2018 0:05,1532563200,TWB_SM3,TWB_PCBA_SM3_TOP_FP,TWB_PCBA_TOP_FP9,1020,TWB_ICT3,TWB_PCBA_ICT,PN-337126,00F5DB75,00F5DB75,PN-337126,00F5DB75,E45,FAILED ANALOG POWERED TEST,PROCESS,94474092,00F5DB75T-20180726182319,U4,1,T5,483,483,-3.74,0.21,127,GOOD,GOOD,132.0703,173.1759,96.85481999999999,0,0.9055,7/26/2018 22:29
24126,1020,FP9,TOP,4009456762,7/26/2018 0:05,1532563200,TWB_SM3,TWB_PCBA_SM3_TOP_FP,TWB_PCBA_TOP_FP9,1020,TWB_ICT3,TWB_PCBA_ICT,PN-337126,00F5DB75,00F5DB75,PN-337126,00F5DB75,E45,FAILED ANALOG POWERED TEST,PROCESS,94474092,00F5DB75T-20180726182319,U4,1,F1,483,483,-2.36,3.4,127,GOOD,GOOD,109.7221,160.1294,87.02149,0,0.9055,7/26/2018 22:29
24127,1020,FP9,TOP,4009456762,7/26/2018 0:05,1532563200,TWB_SM3,TWB_PCBA_SM3_TOP_FP,TWB_PCBA_TOP_FP9,1020,TWB_ICT3,TWB_PCBA_ICT,PN-337126,00F5DB75,00F5DB75,PN-337126,00F5DB75,E45,FAILED ANALOG POWERED TEST,PROCESS,94474092,00F5DB75T-20180726182319,U4,1,H14,483,483,8.28,-1.71,127,GOOD,GOOD,119.2128,168.5388,89.83109,0,0.9055,7/26/2018 22:29
24128,1020,FP9,TOP,4009456762,7/26/2018 0:05,1532563200,TWB_SM3,TWB_PCBA_SM3_TOP_FP,TWB_PCBA_TOP_FP9,1020,TWB_ICT3,TWB_PCBA_ICT,PN-337126,00F5DB75,00F5DB75,PN-337126,00F5DB75,E45,FAILED ANALOG POWERED TEST,PROCESS,94474092,00F5DB75T-20180726182319,U4,1,J3,483,483,3.02,0.83,127,GOOD,GOOD,129.7697,175.3327,93.99700000000001,0,0.9055,7/26/2018 22:29
24129,1020,FP9,TOP,4009456762,7/26/2018 0:05,1532563200,TWB_SM3,TWB_PCBA_SM3_TOP_FP,TWB_PCBA_TOP_FP9,1020,TWB_ICT3,TWB_PCBA_ICT,PN-337126,00F5DB75,00F5DB75,PN-337126,00F5DB75,E45,FAILED ANALOG POWERED TEST,PROCESS,94474092,00F5DB75T-20180726182319,U4,1,N5,483,483,-7.27,-1.25,127,GOOD,GOOD,129.0679,173.188,94.6464,0,0.9055,7/26/2018 22:29
24130,1020,FP9,TOP,4009456762,7/26/2018 0:05,1532563200,TWB_SM3,TWB_PCBA_SM3_TOP_FP,TWB_PCBA_TOP_FP9,1020,TWB_ICT3,TWB_PCBA_ICT,PN-337126,00F5DB75,00F5DB75,PN-337126,00F5DB75,E45,FAILED ANALOG POWERED TEST,PROCESS,94474092,00F5DB75T-20180726182319,U4,1,P12,483,483,-0.69,5.2,127,GOOD,GOOD,120.9618,160.2313,95.87486,0,0.9055,7/26/2018 22:29
24131,1020,FP9,TOP,4009456762,7/26/2018 0:05,1532563200,TWB_SM3,TWB_PCBA_SM3_TOP_FP,TWB_PCBA_TOP_FP9,1020,TWB_ICT3,TWB_PCBA_ICT,PN-337126,00F5DB75,00F5DB75,PN-337126,00F5DB75,E45,FAILED ANALOG POWERED TEST,PROCESS,94474092,00F5DB75T-20180726182319,U4,1,R7,483,483,-1.25,-4.29,127,GOOD,GOOD,121.4462,167.6236,92.0137,0,0.9055,7/26/2018 22:29
24178,1020,FP9,TOP,4009456762,7/26/2018 0:05,1532563200,TWB_SM3,TWB_PCBA_SM3_TOP_FP,TWB_PCBA_TOP_FP9,1020,TWB_ICT3,TWB_PCBA_ICT,PN-337126,00F5DB75,00F5DB75,PN-337126,00F5DB75,E45,FAILED ANALOG POWERED TEST,PROCESS,94474092,00F5DB75T-20180726182319,U4,1,C9,483,483,-4.3,5.91,127,GOOD,GOOD,117.9446,169.0205,88.62217,0,0.9055,7/26/2018 22:29
24179,1020,FP9,TOP,4009456762,7/26/2018 0:05,1532563200,TWB_SM3,TWB_PCBA_SM3_TOP_FP,TWB_PCBA_TOP_FP9,1020,TWB_ICT3,TWB_PCBA_ICT,PN-337126,00F5DB75,00F5DB75,PN-337126,00F5DB75,E45,FAILED ANALOG POWERED TEST,PROCESS,94474092,00F5DB75T-20180726182319,U4,1,H13,483,483,7.76,0.3,127,GOOD,GOOD,134.4528,184.304,92.64859,0,0.9055,7/26/2018 22:29
24180,1020,FP9,TOP,4009456762,7/26/2018 0:05,1532563200,TWB_SM3,TWB_PCBA_SM3_TOP_FP,TWB_PCBA_TOP_FP9,1020,TWB_ICT3,TWB_PCBA_ICT,PN-337126,00F5DB75,00F5DB75,PN-337126,00F5DB75,E45,FAILED ANALOG POWERED TEST,PROCESS,94474092,00F5DB75T-20180726182319,U4,1,J2,483,483,4.17,2.83,127,GOOD,GOOD,124.5572,189.7254,83.37713000000001,0,0.9055,7/26/2018 22:29
24181,1020,FP9,TOP,4009456762,7/26/2018 0:05,1532563200,TWB_SM3,TWB_PCBA_SM3_TOP_FP,TWB_PCBA_TOP_FP9,1020,TWB_ICT3,TWB_PCBA_ICT,PN-337126,00F5DB75,00F5DB75,PN-337126,00F5DB75,E45,FAILED ANALOG POWERED TEST,PROCESS,94474092,00F5DB75T-20180726182319,U4,1,N4,483,483,-6.79,0.75,127,GOOD,GOOD,128.4222,169.7785,96.06413,0,0.9055,7/26/2018 22:29
24182,1020,FP9,TOP,4009456762,7/26/2018 0:05,1532563200,TWB_SM3,TWB_PCBA_SM3_TOP_FP,TWB_PCBA_TOP_FP9,1020,TWB_ICT3,TWB_PCBA_ICT,PN-337126,00F5DB75,00F5DB75,PN-337126,00F5DB75,E45,FAILED ANALOG POWERED TEST,PROCESS,94474092,00F5DB75T-20180726182319,U4,1,P11,483,483,-1.21,7.21,127,GOOD,GOOD,137.6633,190.0397,91.9978,0,0.9055,7/26/2018 22:29
24183,1020,FP9,TOP,4009456762,7/26/2018 0:05,1532563200,TWB_SM3,TWB_PCBA_SM3_TOP_FP,TWB_PCBA_TOP_FP9,1020,TWB_ICT3,TWB_PCBA_ICT,PN-337126,00F5DB75,00F5DB75,PN-337126,00F5DB75,E45,FAILED ANALOG POWERED TEST,PROCESS,94474092,00F5DB75T-20180726182319,U4,1,R6,483,483,-1.77,-2.29,127,GOOD,GOOD,127.0432,173.035,93.24409,0,0.9055,7/26/2018 22:29
24240,1020,FP9,TOP,4009456762,7/26/2018 0:05,1532563200,TWB_SM3,TWB_PCBA_SM3_TOP_FP,TWB_PCBA_TOP_FP9,1020,TWB_ICT3,TWB_PCBA_ICT,PN-337126,00F5DB75,00F5DB75,PN-337126,00F5DB75,E45,FAILED ANALOG POWERED TEST,PROCESS,94474092,00F5DB75T-20180726182319,U4,1,B5,483,483,-9.34,-6.55,127,GOOD,GOOD,123.5774,166.2255,94.4159,0,0.9055,7/26/2018 22:29
24241,1020,FP9,TOP,4009456762,7/26/2018 0:05,1532563200,TWB_SM3,TWB_PCBA_SM3_TOP_FP,TWB_PCBA_TOP_FP9,1020,TWB_ICT3,TWB_PCBA_ICT,PN-337126,00F5DB75,00F5DB75,PN-337126,00F5DB75,E45,FAILED ANALOG POWERED TEST,PROCESS,94474092,00F5DB75T-20180726182319,U4,1,F10,483,483,1.24,5.35,127,GOOD,GOOD,117.9418,172.3116,86.92744,0,0.9055,7/26/2018 22:29
24242,1020,FP9,TOP,4009456762,7/26/2018 0:05,1532563200,TWB_SM3,TWB_PCBA_SM3_TOP_FP,TWB_PCBA_TOP_FP9,1020,TWB_ICT3,TWB_PCBA_ICT,PN-337126,00F5DB75,00F5DB75,PN-337126,00F5DB75,E45,FAILED ANALOG POWERED TEST,PROCESS,94474092,00F5DB75T-20180726182319,U4,1,F7,483,483,0.69,-8.63,127,GOOD,GOOD,130.4206,181.7784,91.11874,0,0.9055,7/26/2018 22:29
24243,1020,FP9,TOP,4009456762,7/26/2018 0:05,1532563200,TWB_SM3,TWB_PCBA_SM3_TOP_FP,TWB_PCBA_TOP_FP9,1020,TWB_ICT3,TWB_PCBA_ICT,PN-337126,00F5DB75,00F5DB75,PN-337126,00F5DB75,E45,FAILED ANALOG POWERED TEST,PROCESS,94474092,00F5DB75T-20180726182319,U4,1,G15,483,483,5.78,-3.19,127,GOOD,GOOD,115.3689,175.3891,83.53913,0,0.9055,7/26/2018 22:29
24244,1020,FP9,TOP,4009456762,7/26/2018 0:05,1532563200,TWB_SM3,TWB_PCBA_SM3_TOP_FP,TWB_PCBA_TOP_FP9,1020,TWB_ICT3,TWB_PCBA_ICT,PN-337126,00F5DB75,00F5DB75,PN-337126,00F5DB75,E45,FAILED ANALOG POWERED TEST,PROCESS,94474092,00F5DB75T-20180726182319,U4,1,J9,483,483,7.74,-11.21,127,GOOD,GOOD,117.0934,174.362,85.28735,0,0.9055,7/26/2018 22:29
24481,1020,FP9,TOP,4009456762,7/26/2018 0:05,1532563200,TWB_SM3,TWB_PCBA_SM3_TOP_FP,TWB_PCBA_TOP_FP9,1020,TWB_ICT3,TWB_PCBA_ICT,PN-337126,00F5DB75,00F5DB75,PN-337126,00F5DB75,E45,FAILED ANALOG POWERED TEST,PROCESS,94474092,00F5DB75T-20180726182319,U4,1,B10,483,483,-6.79,3.42,127,GOOD,GOOD,119.3657,173.1329,87.55959,0,0.9055,7/26/2018 22:29
24482,1020,FP9,TOP,4009456762,7/26/2018 0:05,1532563200,TWB_SM3,TWB_PCBA_SM3_TOP_FP,TWB_PCBA_TOP_FP9,1020,TWB_ICT3,TWB_PCBA_ICT,PN-337126,00F5DB75,00F5DB75,PN-337126,00F5DB75,E45,FAILED ANALOG POWERED TEST,PROCESS,94474092,00F5DB75T-20180726182319,U4,1,C15,483,483,-2.24,-6.13,127,GOOD,GOOD,119.0163,171.9695,87.8939,0,0.9055,7/26/2018 22:29
24483,1020,FP9,TOP,4009456762,7/26/2018 0:05,1532563200,TWB_SM3,TWB_PCBA_SM3_TOP_FP,TWB_PCBA_TOP_FP9,1020,TWB_ICT3,TWB_PCBA_ICT,PN-337126,00F5DB75,00F5DB75,PN-337126,00F5DB75,E45,FAILED ANALOG POWERED TEST,PROCESS,94474092,00F5DB75T-20180726182319,U4,1,D5,483,483,-5.32,-5.59,127,GOOD,GOOD,110.5387,165.5193,84.8144,0,0.9055,7/26/2018 22:29
24484,1020,FP9,TOP,4009456762,7/26/2018 0:05,1532563200,TWB_SM3,TWB_PCBA_SM3_TOP_FP,TWB_PCBA_TOP_FP9,1020,TWB_ICT3,TWB_PCBA_ICT,PN-337126,00F5DB75,00F5DB75,PN-337126,00F5DB75,E45,FAILED ANALOG POWERED TEST,PROCESS,94474092,00F5DB75T-20180726182319,U4,1,H7,483,483,4.71,-7.67,127,GOOD,GOOD,119.0482,169.0755,89.42227,0,0.9055,7/26/2018 22:29
24485,1020,FP9,TOP,4009456762,7/26/2018 0:05,1532563200,TWB_SM3,TWB_PCBA_SM3_TOP_FP,TWB_PCBA_TOP_FP9,1020,TWB_ICT3,TWB_PCBA_ICT,PN-337126,00F5DB75,00F5DB75,PN-337126,00F5DB75,E45,FAILED ANALOG POWERED TEST,PROCESS,94474092,00F5DB75T-20180726182319,U4,1,K13,483,483,-8.22,0.26,127,GOOD,GOOD,130.757,184.6959,89.91074,0,0.9055,7/26/2018 22:29
24486,1020,FP9,TOP,4009456762,7/26/2018 0:05,1532563200,TWB_SM3,TWB_PCBA_SM3_TOP_FP,TWB_PCBA_TOP_FP9,1020,TWB_ICT3,TWB_PCBA_ICT,PN-337126,00F5DB75,00F5DB75,PN-337126,00F5DB75,E45,FAILED ANALOG POWERED TEST,PROCESS,94474092,00F5DB75T-20180726182319,U4,1,L9,483,483,-8.25,-10.24,127,GOOD,GOOD,124.2316,163.2687,96.63467,0,0.9055,7/26/2018 22:29
24487,1020,FP9,TOP,4009456762,7/26/2018 0:05,1532563200,TWB_SM3,TWB_PCBA_SM3_TOP_FP,TWB_PCBA_TOP_FP9,1020,TWB_ICT3,TWB_PCBA_ICT,PN-337126,00F5DB75,00F5DB75,PN-337126,00F5DB75,E45,FAILED ANALOG POWERED TEST,PROCESS,94474092,00F5DB75T-20180726182319,U4,1,T16,483,483,5.35,-1.86,127,GOOD,GOOD,121.9787,176.0284,88.00452,0,0.9055,7/26/2018 22:29
24823,1020,FP9,TOP,4009456762,7/26/2018 0:05,1532563200,TWB_SM3,TWB_PCBA_SM3_TOP_FP,TWB_PCBA_TOP_FP9,1020,TWB_ICT3,TWB_PCBA_ICT,PN-337126,00F5DB75,00F5DB75,PN-337126,00F5DB75,E45,FAILED ANALOG POWERED TEST,PROCESS,94474092,00F5DB75T-20180726182319,U4,1,C7,483,483,-5.33,-10.08,127,GOOD,GOOD,137.5401,202.3656,86.31699,0,0.9055,7/26/2018 22:29
24824,1020,FP9,TOP,4009456762,7/26/2018 0:05,1532563200,TWB_SM3,TWB_PCBA_SM3_TOP_FP,TWB_PCBA_TOP_FP9,1020,TWB_ICT3,TWB_PCBA_ICT,PN-337126,00F5DB75,00F5DB75,PN-337126,00F5DB75,E45,FAILED ANALOG POWERED TEST,PROCESS,94474092,00F5DB75T-20180726182319,U4,1,G9,483,483,3.73,-11.15,127,GOOD,GOOD,121.5078,172.7728,89.31666,0,0.9055,7/26/2018 22:29
24825,1020,FP9,TOP,4009456762,7/26/2018 0:05,1532563200,TWB_SM3,TWB_PCBA_SM3_TOP_FP,TWB_PCBA_TOP_FP9,1020,TWB_ICT3,TWB_PCBA_ICT,PN-337126,00F5DB75,00F5DB75,PN-337126,00F5DB75,E45,FAILED ANALOG POWERED TEST,PROCESS,94474092,00F5DB75T-20180726182319,U4,1,H11,483,483,6.76,4.31,127,GOOD,GOOD,118.0431,171.9275,87.1965,0,0.9055,7/26/2018 22:29
24826,1020,FP9,TOP,4009456762,7/26/2018 0:05,1532563200,TWB_SM3,TWB_PCBA_SM3_TOP_FP,TWB_PCBA_TOP_FP9,1020,TWB_ICT3,TWB_PCBA_ICT,PN-337126,00F5DB75,00F5DB75,PN-337126,00F5DB75,E45,FAILED ANALOG POWERED TEST,PROCESS,94474092,00F5DB75T-20180726182319,U4,1,N2,483,483,-7.81,4.77,127,GOOD,GOOD,135.82299999999998,193.6678,89.06759,0,0.9055,7/26/2018 22:29
24827,1020,FP9,TOP,4009456762,7/26/2018 0:05,1532563200,TWB_SM3,TWB_PCBA_SM3_TOP_FP,TWB_PCBA_TOP_FP9,1020,TWB_ICT3,TWB_PCBA_ICT,PN-337126,00F5DB75,00F5DB75,PN-337126,00F5DB75,E45,FAILED ANALOG POWERED TEST,PROCESS,94474092,00F5DB75T-20180726182319,U4,1,R4,483,483,-2.78,1.72,127,GOOD,GOOD,131.9538,174.82,95.85932,0,0.9055,7/26/2018 22:29
25173,1020,FP9,TOP,4009456762,7/26/2018 0:05,1532563200,TWB_SM3,TWB_PCBA_SM3_TOP_FP,TWB_PCBA_TOP_FP9,1020,TWB_ICT3,TWB_PCBA_ICT,PN-337126,00F5DB75,00F5DB75,PN-337126,00F5DB75,E45,FAILED ANALOG POWERED TEST,PROCESS,94474092,00F5DB75T-20180726182319,U4,1,B3,483,483,-9.36,-2.54,127,GOOD,GOOD,133.7937,183.1938,92.75310999999999,0,0.9055,7/26/2018 22:29
25174,1020,FP9,TOP,4009456762,7/26/2018 0:05,1532563200,TWB_SM3,TWB_PCBA_SM3_TOP_FP,TWB_PCBA_TOP_FP9,1020,TWB_ICT3,TWB_PCBA_ICT,PN-337126,00F5DB75,00F5DB75,PN-337126,00F5DB75,E45,FAILED ANALOG POWERED TEST,PROCESS,94474092,00F5DB75T-20180726182319,U4,1,F5,483,483,-1.31,-4.62,127,GOOD,GOOD,113.3318,157.4804,91.39635,0,0.9055,7/26/2018 22:29
25175,1020,FP9,TOP,4009456762,7/26/2018 0:05,1532563200,TWB_SM3,TWB_PCBA_SM3_TOP_FP,TWB_PCBA_TOP_FP9,1020,TWB_ICT3,TWB_PCBA_ICT,PN-337126,00F5DB75,00F5DB75,PN-337126,00F5DB75,E45,FAILED ANALOG POWERED TEST,PROCESS,94474092,00F5DB75T-20180726182319,U4,1,G13,483,483,5.76,0.83,127,GOOD,GOOD,122.7844,182.4867,85.45069000000001,0,0.9055,7/26/2018 22:29
25176,1020,FP9,TOP,4009456762,7/26/2018 0:05,1532563200,TWB_SM3,TWB_PCBA_SM3_TOP_FP,TWB_PCBA_TOP_FP9,1020,TWB_ICT3,TWB_PCBA_ICT,PN-337126,00F5DB75,00F5DB75,PN-337126,00F5DB75,E45,FAILED ANALOG POWERED TEST,PROCESS,94474092,00F5DB75T-20180726182319,U4,1,J7,483,483,6.71,-7.2,127,GOOD,GOOD,124.6429,172.4151,91.81123000000001,0,0.9055,7/26/2018 22:29
25177,1020,FP9,TOP,4009456762,7/26/2018 0:05,1532563200,TWB_SM3,TWB_PCBA_SM3_TOP_FP,TWB_PCBA_TOP_FP9,1020,TWB_ICT3,TWB_PCBA_ICT,PN-337126,00F5DB75,00F5DB75,PN-337126,00F5DB75,E45,FAILED ANALOG POWERED TEST,PROCESS,94474092,00F5DB75T-20180726182319,U4,1,N9,483,483,-4.24,-9.28,127,GOOD,GOOD,122.6786,162.0511,96.14368,0,0.9055,7/26/2018 22:29
25178,1020,FP9,TOP,4009456762,7/26/2018 0:05,1532563200,TWB_SM3,TWB_PCBA_SM3_TOP_FP,TWB_PCBA_TOP_FP9,1020,TWB_ICT3,TWB_PCBA_ICT,PN-337126,00F5DB75,00F5DB75,PN-337126,00F5DB75,E45,FAILED ANALOG POWERED TEST,PROCESS,94474092,00F5DB75T-20180726182319,U4,1,P16,483,483,1.34,-2.82,127,GOOD,GOOD,117.2032,158.1056,94.14471999999999,0,0.9055,7/26/2018 22:29
25824,1020,FP9,TOP,4009456762,7/26/2018 0:05,1532563200,TWB_SM3,TWB_PCBA_SM3_TOP_FP,TWB_PCBA_TOP_FP9,1020,TWB_ICT3,TWB_PCBA_ICT,PN-337126,00F5DB75,00F5DB75,PN-337126,00F5DB75,E45,FAILED ANALOG POWERED TEST,PROCESS,94474092,00F5DB75T-20180726182319,U4,1,A4,483,483,9.14,-5.03,127,GOOD,GOOD,122.0707,181.6596,85.34079,0,0.9055,7/26/2018 22:29
25825,1020,FP9,TOP,4009456762,7/26/2018 0:05,1532563200,TWB_SM3,TWB_PCBA_SM3_TOP_FP,TWB_PCBA_TOP_FP9,1020,TWB_ICT3,TWB_PCBA_ICT,PN-337126,00F5DB75,00F5DB75,PN-337126,00F5DB75,E45,FAILED ANALOG POWERED TEST,PROCESS,94474092,00F5DB75T-20180726182319,U4,1,D10,483,483,-2.78,4.38,127,GOOD,GOOD,126.0138,184.1376,86.91192,0,0.9055,7/26/2018 22:29
25826,1020,FP9,TOP,4009456762,7/26/2018 0:05,1532563200,TWB_SM3,TWB_PCBA_SM3_TOP_FP,TWB_PCBA_TOP_FP9,1020,TWB_ICT3,TWB_PCBA_ICT,PN-337126,00F5DB75,00F5DB75,PN-337126,00F5DB75,E45,FAILED ANALOG POWERED TEST,PROCESS,94474092,00F5DB75T-20180726182319,U4,1,E15,483,483,1.78,-6.16,127,GOOD,GOOD,125.7905,190.1983,83.99332,0,0.9055,7/26/2018 22:29
25827,1020,FP9,TOP,4009456762,7/26/2018 0:05,1532563200,TWB_SM3,TWB_PCBA_SM3_TOP_FP,TWB_PCBA_TOP_FP9,1020,TWB_ICT3,TWB_PCBA_ICT,PN-337126,00F5DB75,00F5DB75,PN-337126,00F5DB75,E45,FAILED ANALOG POWERED TEST,PROCESS,94474092,00F5DB75T-20180726182319,U4,1,E6,483,483,-1.82,-8.11,127,GOOD,GOOD,116.3221,160.9976,91.75856999999999,0,0.9055,7/26/2018 22:29
25828,1020,FP9,TOP,4009456762,7/26/2018 0:05,1532563200,TWB_SM3,TWB_PCBA_SM3_TOP_FP,TWB_PCBA_TOP_FP9,1020,TWB_ICT3,TWB_PCBA_ICT,PN-337126,00F5DB75,00F5DB75,PN-337126,00F5DB75,E45,FAILED ANALOG POWERED TEST,PROCESS,94474092,00F5DB75T-20180726182319,U4,1,M13,483,483,-4.21,2.23,127,GOOD,GOOD,132.4943,192.0276,87.62684,0,0.9055,7/26/2018 22:29
25829,1020,FP9,TOP,4009456762,7/26/2018 0:05,1532563200,TWB_SM3,TWB_PCBA_SM3_TOP_FP,TWB_PCBA_TOP_FP9,1020,TWB_ICT3,TWB_PCBA_ICT,PN-337126,00F5DB75,00F5DB75,PN-337126,00F5DB75,E45,FAILED ANALOG POWERED TEST,PROCESS,94474092,00F5DB75T-20180726182319,U4,1,P1,483,483,-6.31,7.27,127,GOOD,GOOD,117.2876,158.1406,94.1916,0,0.9055,7/26/2018 22:29
25830,1020,FP9,TOP,4009456762,7/26/2018 0:05,1532563200,TWB_SM3,TWB_PCBA_SM3_TOP_FP,TWB_PCBA_TOP_FP9,1020,TWB_ICT3,TWB_PCBA_ICT,PN-337126,00F5DB75,00F5DB75,PN-337126,00F5DB75,E45,FAILED ANALOG POWERED TEST,PROCESS,94474092,00F5DB75T-20180726182319,U4,1,T3,483,483,-1.28,4.22,127,GOOD,GOOD,129.92600000000002,189.3815,87.12892,0,0.9055,7/26/2018 22:29
28131,1020,FP9,TOP,4009456762,7/26/2018 0:05,1532563200,TWB_SM3,TWB_PCBA_SM3_TOP_FP,TWB_PCBA_TOP_FP9,1020,TWB_ICT3,TWB_PCBA_ICT,PN-337126,00F5DB75,00F5DB75,PN-337126,00F5DB75,E45,FAILED ANALOG POWERED TEST,PROCESS,94474092,00F5DB75T-20180726182319,U4,1,A10,483,483,-8.8,2.94,127,GOOD,GOOD,125.2292,173.6199,91.60298,0,0.9055,7/26/2018 22:29
28132,1020,FP9,TOP,4009456762,7/26/2018 0:05,1532563200,TWB_SM3,TWB_PCBA_SM3_TOP_FP,TWB_PCBA_TOP_FP9,1020,TWB_ICT3,TWB_PCBA_ICT,PN-337126,00F5DB75,00F5DB75,PN-337126,00F5DB75,E45,FAILED ANALOG POWERED TEST,PROCESS,94474092,00F5DB75T-20180726182319,U4,1,B15,483,483,-4.25,-6.61,127,GOOD,GOOD,115.4129,172.9973,84.72635,0,0.9055,7/26/2018 22:29
28133,1020,FP9,TOP,4009456762,7/26/2018 0:05,1532563200,TWB_SM3,TWB_PCBA_SM3_TOP_FP,TWB_PCBA_TOP_FP9,1020,TWB_ICT3,TWB_PCBA_ICT,PN-337126,00F5DB75,00F5DB75,PN-337126,00F5DB75,E45,FAILED ANALOG POWERED TEST,PROCESS,94474092,00F5DB75T-20180726182319,U4,1,G1,483,483,-0.36,4.9,127,GOOD,GOOD,114.9624,173.3805,84.20914,0,0.9055,7/26/2018 22:29
28134,1020,FP9,TOP,4009456762,7/26/2018 0:05,1532563200,TWB_SM3,TWB_PCBA_SM3_TOP_FP,TWB_PCBA_TOP_FP9,1020,TWB_ICT3,TWB_PCBA_ICT,PN-337126,00F5DB75,00F5DB75,PN-337126,00F5DB75,E45,FAILED ANALOG POWERED TEST,PROCESS,94474092,00F5DB75T-20180726182319,U4,1,J13,483,483,9.77,0.77,127,GOOD,GOOD,126.1303,191.4098,83.68719,0,0.9055,7/26/2018 22:29
28135,1020,FP9,TOP,4009456762,7/26/2018 0:05,1532563200,TWB_SM3,TWB_PCBA_SM3_TOP_FP,TWB_PCBA_TOP_FP9,1020,TWB_ICT3,TWB_PCBA_ICT,PN-337126,00F5DB75,00F5DB75,PN-337126,00F5DB75,E45,FAILED ANALOG POWERED TEST,PROCESS,94474092,00F5DB75T-20180726182319,U4,1,K3,483,483,3.37,0.32,127,GOOD,GOOD,120.3996,162.5063,94.09328000000001,0,0.9055,7/26/2018 22:29
28136,1020,FP9,TOP,4009456762,7/26/2018 0:05,1532563200,TWB_SM3,TWB_PCBA_SM3_TOP_FP,TWB_PCBA_TOP_FP9,1020,TWB_ICT3,TWB_PCBA_ICT,PN-337126,00F5DB75,00F5DB75,PN-337126,00F5DB75,E45,FAILED ANALOG POWERED TEST,PROCESS,94474092,00F5DB75T-20180726182319,U4,1,R11,483,483,0.8,7.68,127,GOOD,GOOD,114.7235,167.0182,87.23528,0,0.9055,7/26/2018 22:29
28296,1020,FP9,TOP,4009456762,7/26/2018 0:05,1532563200,TWB_SM3,TWB_PCBA_SM3_TOP_FP,TWB_PCBA_TOP_FP9,1020,TWB_ICT3,TWB_PCBA_ICT,PN-337126,00F5DB75,00F5DB75,PN-337126,00F5DB75,E45,FAILED ANALOG POWERED TEST,PROCESS,94474092,00F5DB75T-20180726182319,U4,1,A11,483,483,-7.28,0.93,127,GOOD,GOOD,118.9628,164.4609,91.8655,0,0.9055,7/26/2018 22:29
28297,1020,FP9,TOP,4009456762,7/26/2018 0:05,1532563200,TWB_SM3,TWB_PCBA_SM3_TOP_FP,TWB_PCBA_TOP_FP9,1020,TWB_ICT3,TWB_PCBA_ICT,PN-337126,00F5DB75,00F5DB75,PN-337126,00F5DB75,E45,FAILED ANALOG POWERED TEST,PROCESS,94474092,00F5DB75T-20180726182319,U4,1,B16,483,483,-2.73,-8.62,127,GOOD,GOOD,123.3615,188.8525,82.9585,0,0.9055,7/26/2018 22:29
28298,1020,FP9,TOP,4009456762,7/26/2018 0:05,1532563200,TWB_SM3,TWB_PCBA_SM3_TOP_FP,TWB_PCBA_TOP_FP9,1020,TWB_ICT3,TWB_PCBA_ICT,PN-337126,00F5DB75,00F5DB75,PN-337126,00F5DB75,E45,FAILED ANALOG POWERED TEST,PROCESS,94474092,00F5DB75T-20180726182319,U4,1,G2,483,483,0.15,2.89,127,GOOD,GOOD,125.0103,169.0035,93.94072,0,0.9055,7/26/2018 22:29
28299,1020,FP9,TOP,4009456762,7/26/2018 0:05,1532563200,TWB_SM3,TWB_PCBA_SM3_TOP_FP,TWB_PCBA_TOP_FP9,1020,TWB_ICT3,TWB_PCBA_ICT,PN-337126,00F5DB75,00F5DB75,PN-337126,00F5DB75,E45,FAILED ANALOG POWERED TEST,PROCESS,94474092,00F5DB75T-20180726182319,U4,1,J14,483,483,10.28,-1.24,127,GOOD,GOOD,116.6977,169.4365,87.47003000000001,0,0.9055,7/26/2018 22:29
28300,1020,FP9,TOP,4009456762,7/26/2018 0:05,1532563200,TWB_SM3,TWB_PCBA_SM3_TOP_FP,TWB_PCBA_TOP_FP9,1020,TWB_ICT3,TWB_PCBA_ICT,PN-337126,00F5DB75,00F5DB75,PN-337126,00F5DB75,E45,FAILED ANALOG POWERED TEST,PROCESS,94474092,00F5DB75T-20180726182319,U4,1,K4,483,483,-3.57,-1.68,127,GOOD,GOOD,137.0194,175.8282,98.96855,0,0.9055,7/26/2018 22:29
28301,1020,FP9,TOP,4009456762,7/26/2018 0:05,1532563200,TWB_SM3,TWB_PCBA_SM3_TOP_FP,TWB_PCBA_TOP_FP9,1020,TWB_ICT3,TWB_PCBA_ICT,PN-337126,00F5DB75,00F5DB75,PN-337126,00F5DB75,E45,FAILED ANALOG POWERED TEST,PROCESS,94474092,00F5DB75T-20180726182319,U4,1,R12,483,483,1.31,5.68,127,GOOD,GOOD,123.7116,165.6926,94.82236,0,0.9055,7/26/2018 22:29
29298,1020,FP9,TOP,4009456762,7/26/2018 0:05,1532563200,TWB_SM3,TWB_PCBA_SM3_TOP_FP,TWB_PCBA_TOP_FP9,1020,TWB_ICT3,TWB_PCBA_ICT,PN-337126,00F5DB75,00F5DB75,PN-337126,00F5DB75,E45,FAILED ANALOG POWERED TEST,PROCESS,94474092,00F5DB75T-20180726182319,U4,1,A14,483,483,-5.76,-5.09,127,GOOD,GOOD,119.6899,181.4862,83.75634000000001,0,0.9055,7/26/2018 22:29
29299,1020,FP9,TOP,4009456762,7/26/2018 0:05,1532563200,TWB_SM3,TWB_PCBA_SM3_TOP_FP,TWB_PCBA_TOP_FP9,1020,TWB_ICT3,TWB_PCBA_ICT,PN-337126,00F5DB75,00F5DB75,PN-337126,00F5DB75,E45,FAILED ANALOG POWERED TEST,PROCESS,94474092,00F5DB75T-20180726182319,U4,1,C3,483,483,-7.36,-2.06,127,GOOD,GOOD,133.7619,187.4072,90.64623,0,0.9055,7/26/2018 22:29
29300,1020,FP9,TOP,4009456762,7/26/2018 0:05,1532563200,TWB_SM3,TWB_PCBA_SM3_TOP_FP,TWB_PCBA_TOP_FP9,1020,TWB_ICT3,TWB_PCBA_ICT,PN-337126,00F5DB75,00F5DB75,PN-337126,00F5DB75,E45,FAILED ANALOG POWERED TEST,PROCESS,94474092,00F5DB75T-20180726182319,U4,1,G5,483,483,0.69,-3.13,127,GOOD,GOOD,120.458,162.9222,93.8986,0,0.9055,7/26/2018 22:29
29301,1020,FP9,TOP,4009456762,7/26/2018 0:05,1532563200,TWB_SM3,TWB_PCBA_SM3_TOP_FP,TWB_PCBA_TOP_FP9,1020,TWB_ICT3,TWB_PCBA_ICT,PN-337126,00F5DB75,00F5DB75,PN-337126,00F5DB75,E45,FAILED ANALOG POWERED TEST,PROCESS,94474092,00F5DB75T-20180726182319,U4,1,K7,483,483,8.72,-7.7,127,GOOD,GOOD,117.20200000000001,158.2938,94.03186,0,0.9055,7/26/2018 22:29
29302,1020,FP9,TOP,4009456762,7/26/2018 0:05,1532563200,TWB_SM3,TWB_PCBA_SM3_TOP_FP,TWB_PCBA_TOP_FP9,1020,TWB_ICT3,TWB_PCBA_ICT,PN-337126,00F5DB75,00F5DB75,PN-337126,00F5DB75,E45,FAILED ANALOG POWERED TEST,PROCESS,94474092,00F5DB75T-20180726182319,U4,1,R15,483,483,1.83,-0.34,127,GOOD,GOOD,129.9487,190.8038,86.49452,0,0.9055,7/26/2018 22:29
31075,1020,FP9,TOP,4009456762,7/26/2018 0:05,1532563200,TWB_SM3,TWB_PCBA_SM3_TOP_FP,TWB_PCBA_TOP_FP9,1020,TWB_ICT3,TWB_PCBA_ICT,PN-337126,00F5DB75,00F5DB75,PN-337126,00F5DB75,E45,FAILED ANALOG POWERED TEST,PROCESS,94474092,00F5DB75T-20180726182319,U4,1,A12,483,483,-6.77,-1.07,127,GOOD,GOOD,115.544,174.8247,83.93597,0,0.9055,7/26/2018 22:29
31076,1020,FP9,TOP,4009456762,7/26/2018 0:05,1532563200,TWB_SM3,TWB_PCBA_SM3_TOP_FP,TWB_PCBA_TOP_FP9,1020,TWB_ICT3,TWB_PCBA_ICT,PN-337126,00F5DB75,00F5DB75,PN-337126,00F5DB75,E45,FAILED ANALOG POWERED TEST,PROCESS,94474092,00F5DB75T-20180726182319,U4,1,C1,483,483,-8.38,1.96,127,GOOD,GOOD,120.3346,160.5651,95.17938000000001,0,0.9055,7/26/2018 22:29
31077,1020,FP9,TOP,4009456762,7/26/2018 0:05,1532563200,TWB_SM3,TWB_PCBA_SM3_TOP_FP,TWB_PCBA_TOP_FP9,1020,TWB_ICT3,TWB_PCBA_ICT,PN-337126,00F5DB75,00F5DB75,PN-337126,00F5DB75,E45,FAILED ANALOG POWERED TEST,PROCESS,94474092,00F5DB75T-20180726182319,U4,1,G3,483,483,0.66,0.88,127,GOOD,GOOD,132.5448,183.265,91.85159,0,0.9055,7/26/2018 22:29
31078,1020,FP9,TOP,4009456762,7/26/2018 0:05,1532563200,TWB_SM3,TWB_PCBA_SM3_TOP_FP,TWB_PCBA_TOP_FP9,1020,TWB_ICT3,TWB_PCBA_ICT,PN-337126,00F5DB75,00F5DB75,PN-337126,00F5DB75,E45,FAILED ANALOG POWERED TEST,PROCESS,94474092,00F5DB75T-20180726182319,U4,1,J15,483,483,-10.21,-3.24,127,GOOD,GOOD,116.6043,161.6768,91.59481,0,0.9055,7/26/2018 22:29
31079,1020,FP9,TOP,4009456762,7/26/2018 0:05,1532563200,TWB_SM3,TWB_PCBA_SM3_TOP_FP,TWB_PCBA_TOP_FP9,1020,TWB_ICT3,TWB_PCBA_ICT,PN-337126,00F5DB75,00F5DB75,PN-337126,00F5DB75,E45,FAILED ANALOG POWERED TEST,PROCESS,94474092,00F5DB75T-20180726182319,U4,1,K5,483,483,-1.57,-3.69,127,GOOD,GOOD,119.8413,155.7168,97.74056,0,0.9055,7/26/2018 22:29
31080,1020,FP9,TOP,4009456762,7/26/2018 0:05,1532563200,TWB_SM3,TWB_PCBA_SM3_TOP_FP,TWB_PCBA_TOP_FP9,1020,TWB_ICT3,TWB_PCBA_ICT,PN-337126,00F5DB75,00F5DB75,PN-337126,00F5DB75,E45,FAILED ANALOG POWERED TEST,PROCESS,94474092,00F5DB75T-20180726182319,U4,1,R13,483,483,1.8,3.67,127,GOOD,GOOD,127.5762,184.206,87.95684,0,0.9055,7/26/2018 22:29
31144,1020,FP9,TOP,4009456762,7/26/2018 0:05,1532563200,TWB_SM3,TWB_PCBA_SM3_TOP_FP,TWB_PCBA_TOP_FP9,1020,TWB_ICT3,TWB_PCBA_ICT,PN-337126,00F5DB75,00F5DB75,PN-337126,00F5DB75,E45,FAILED ANALOG POWERED TEST,PROCESS,94474092,00F5DB75T-20180726182319,U4,1,C13,483,483,-2.27,-2.11,127,GOOD,GOOD,131.4118,192.601,86.65221,0,0.9055,7/26/2018 22:29
31145,1020,FP9,TOP,4009456762,7/26/2018 0:05,1532563200,TWB_SM3,TWB_PCBA_SM3_TOP_FP,TWB_PCBA_TOP_FP9,1020,TWB_ICT3,TWB_PCBA_ICT,PN-337126,00F5DB75,00F5DB75,PN-337126,00F5DB75,E45,FAILED ANALOG POWERED TEST,PROCESS,94474092,00F5DB75T-20180726182319,U4,1,D3,483,483,-5.35,-1.57,127,GOOD,GOOD,126.7312,180.1164,89.35808,0,0.9055,7/26/2018 22:29
31146,1020,FP9,TOP,4009456762,7/26/2018 0:05,1532563200,TWB_SM3,TWB_PCBA_SM3_TOP_FP,TWB_PCBA_TOP_FP9,1020,TWB_ICT3,TWB_PCBA_ICT,PN-337126,00F5DB75,00F5DB75,PN-337126,00F5DB75,E45,FAILED ANALOG POWERED TEST,PROCESS,94474092,00F5DB75T-20180726182319,U4,1,H5,483,483,2.7,-3.66,127,GOOD,GOOD,118.0996,154.9092,96.82214,0,0.9055,7/26/2018 22:29
31147,1020,FP9,TOP,4009456762,7/26/2018 0:05,1532563200,TWB_SM3,TWB_PCBA_SM3_TOP_FP,TWB_PCBA_TOP_FP9,1020,TWB_ICT3,TWB_PCBA_ICT,PN-337126,00F5DB75,00F5DB75,PN-337126,00F5DB75,E45,FAILED ANALOG POWERED TEST,PROCESS,94474092,00F5DB75T-20180726182319,U4,1,K11,483,483,-9.23,4.28,127,GOOD,GOOD,135.8069,192.3141,89.68388,0,0.9055,7/26/2018 22:29
31148,1020,FP9,TOP,4009456762,7/26/2018 0:05,1532563200,TWB_SM3,TWB_PCBA_SM3_TOP_FP,TWB_PCBA_TOP_FP9,1020,TWB_ICT3,TWB_PCBA_ICT,PN-337126,00F5DB75,00F5DB75,PN-337126,00F5DB75,E45,FAILED ANALOG POWERED TEST,PROCESS,94474092,00F5DB75T-20180726182319,U4,1,L16,483,483,-4.68,-4.28,127,GOOD,GOOD,125.7782,170.6981,93.57942,0,0.9055,7/26/2018 22:29
31149,1020,FP9,TOP,4009456762,7/26/2018 0:05,1532563200,TWB_SM3,TWB_PCBA_SM3_TOP_FP,TWB_PCBA_TOP_FP9,1020,TWB_ICT3,TWB_PCBA_ICT,PN-337126,00F5DB75,00F5DB75,PN-337126,00F5DB75,E45,FAILED ANALOG POWERED TEST,PROCESS,94474092,00F5DB75T-20180726182319,U4,1,L7,483,483,-9.28,-6.23,127,GOOD,GOOD,119.3662,152.5597,99.36771,0,0.9055,7/26/2018 22:29
31150,1020,FP9,TOP,4009456762,7/26/2018 0:05,1532563200,TWB_SM3,TWB_PCBA_SM3_TOP_FP,TWB_PCBA_TOP_FP9,1020,TWB_ICT3,TWB_PCBA_ICT,PN-337126,00F5DB75,00F5DB75,PN-337126,00F5DB75,E45,FAILED ANALOG POWERED TEST,PROCESS,94474092,00F5DB75T-20180726182319,U4,1,P9,483,483,-2.23,-8.78,127,GOOD,GOOD,117.6409,162.8704,91.73179,0,0.9055,7/26/2018 22:29
31151,1020,FP9,TOP,4009456762,7/26/2018 0:05,1532563200,TWB_SM3,TWB_PCBA_SM3_TOP_FP,TWB_PCBA_TOP_FP9,1020,TWB_ICT3,TWB_PCBA_ICT,PN-337126,00F5DB75,00F5DB75,PN-337126,00F5DB75,E45,FAILED ANALOG POWERED TEST,PROCESS,94474092,00F5DB75T-20180726182319,U4,1,T14,483,483,4.33,2.16,127,GOOD,GOOD,124.9635,181.9856,87.20673000000001,0,0.9055,7/26/2018 22:29
31279,1020,FP9,TOP,4009456762,7/26/2018 0:05,1532563200,TWB_SM3,TWB_PCBA_SM3_TOP_FP,TWB_PCBA_TOP_FP9,1020,TWB_ICT3,TWB_PCBA_ICT,PN-337126,00F5DB75,00F5DB75,PN-337126,00F5DB75,E45,FAILED ANALOG POWERED TEST,PROCESS,94474092,00F5DB75T-20180726182319,U4,1,C12,483,483,-2.76,-0.11,127,GOOD,GOOD,126.5764,189.3805,84.88306,0,0.9055,7/26/2018 22:29
31280,1020,FP9,TOP,4009456762,7/26/2018 0:05,1532563200,TWB_SM3,TWB_PCBA_SM3_TOP_FP,TWB_PCBA_TOP_FP9,1020,TWB_ICT3,TWB_PCBA_ICT,PN-337126,00F5DB75,00F5DB75,PN-337126,00F5DB75,E45,FAILED ANALOG POWERED TEST,PROCESS,94474092,00F5DB75T-20180726182319,U4,1,D2,483,483,-5.86,0.43,127,GOOD,GOOD,130.3465,189.4458,87.38124,0,0.9055,7/26/2018 22:29
31281,1020,FP9,TOP,4009456762,7/26/2018 0:05,1532563200,TWB_SM3,TWB_PCBA_SM3_TOP_FP,TWB_PCBA_TOP_FP9,1020,TWB_ICT3,TWB_PCBA_ICT,PN-337126,00F5DB75,00F5DB75,PN-337126,00F5DB75,E45,FAILED ANALOG POWERED TEST,PROCESS,94474092,00F5DB75T-20180726182319,U4,1,H4,483,483,-1.79,-1.65,127,GOOD,GOOD,128.1774,169.8166,95.85945,0,0.9055,7/26/2018 22:29
31282,1020,FP9,TOP,4009456762,7/26/2018 0:05,1532563200,TWB_SM3,TWB_PCBA_SM3_TOP_FP,TWB_PCBA_TOP_FP9,1020,TWB_ICT3,TWB_PCBA_ICT,PN-337126,00F5DB75,00F5DB75,PN-337126,00F5DB75,E45,FAILED ANALOG POWERED TEST,PROCESS,94474092,00F5DB75T-20180726182319,U4,1,K10,483,483,-10.74,6.28,127,GOOD,GOOD,117.0142,165.6401,89.71739000000001,0,0.9055,7/26/2018 22:29
31283,1020,FP9,TOP,4009456762,7/26/2018 0:05,1532563200,TWB_SM3,TWB_PCBA_SM3_TOP_FP,TWB_PCBA_TOP_FP9,1020,TWB_ICT3,TWB_PCBA_ICT,PN-337126,00F5DB75,00F5DB75,PN-337126,00F5DB75,E45,FAILED ANALOG POWERED TEST,PROCESS,94474092,00F5DB75T-20180726182319,U4,1,L15,483,483,-6.19,-2.28,127,GOOD,GOOD,128.6205,176.5087,92.54392,0,0.9055,7/26/2018 22:29
31284,1020,FP9,TOP,4009456762,7/26/2018 0:05,1532563200,TWB_SM3,TWB_PCBA_SM3_TOP_FP,TWB_PCBA_TOP_FP9,1020,TWB_ICT3,TWB_PCBA_ICT,PN-337126,00F5DB75,00F5DB75,PN-337126,00F5DB75,E45,FAILED ANALOG POWERED TEST,PROCESS,94474092,00F5DB75T-20180726182319,U4,1,L6,483,483,-9.79,-4.22,127,GOOD,GOOD,134.7072,160.2627,106.7485,0,0.9055,7/26/2018 22:29
31285,1020,FP9,TOP,4009456762,7/26/2018 0:05,1532563200,TWB_SM3,TWB_PCBA_SM3_TOP_FP,TWB_PCBA_TOP_FP9,1020,TWB_ICT3,TWB_PCBA_ICT,PN-337126,00F5DB75,00F5DB75,PN-337126,00F5DB75,E45,FAILED ANALOG POWERED TEST,PROCESS,94474092,00F5DB75T-20180726182319,U4,1,P8,483,483,-2.74,-6.77,127,GOOD,GOOD,123.8074,171.0977,91.89801,0,0.9055,7/26/2018 22:29
31286,1020,FP9,TOP,4009456762,7/26/2018 0:05,1532563200,TWB_SM3,TWB_PCBA_SM3_TOP_FP,TWB_PCBA_TOP_FP9,1020,TWB_ICT3,TWB_PCBA_ICT,PN-337126,00F5DB75,00F5DB75,PN-337126,00F5DB75,E45,FAILED ANALOG POWERED TEST,PROCESS,94474092,00F5DB75T-20180726182319,U4,1,T13,483,483,3.81,4.16,127,GOOD,GOOD,124.8277,193.7803,81.80976,0,0.9055,7/26/2018 22:29
