,plcng_plant_cd,mach_id,pcb_side_inspd,wo_num,defct_dttm,intrvl_key,plcng_area_cd,plcng_prcs_cd,plcng_wrk_ctr_cd,fndng_plant_cd,fndng_area_cd,fndng_prcs_cd,bld_part_no,bld_serial_no,barcd,assy_part_no,assy_serial_no,defct_cd,failed_test_code,fail_type,cmpnt_part_no,spi_test_id,ref_id,silkscrn_nbr,cmpntpin_nbr,cmpntpin_size_x_axis,cmpntpin_size_y_axis,solder_paste_offst_x_axis,solder_paste_offst_y_axis,pad_stncl_hgt,pad_spi_result,pad_spi_defct_type,solder_paste_vol_pct,solder_paste_hgt,solder_paste_area_pct,pkg_type,stncl_surf_area_ratio,extract_dttm
342,1020,FP9,TOP,4009593237,8/29/2018 13:58,1535550300,TWB_SM3,TWB_PCBA_SM3_TOP_FP,TWB_PCBA_TOP_FP9,1020,TWB_ICT3,TWB_PCBA_ICT,PN-337126,00F7DED8,00F7DED8,PN-337126,00F7DED8,T27,FAILED ANALOG POWERED TEST,PROCESS,94474092,00F7DED8T-20180827162203,U4,1,A1,483,483,-18.65,0.18,127,GOOD,GOOD,107.6812,143.7803,95.11395,0,0.9055,8/27/2018 20:22
343,1020,FP9,TOP,4009593237,8/29/2018 13:58,1535550300,TWB_SM3,TWB_PCBA_SM3_TOP_FP,TWB_PCBA_TOP_FP9,1020,TWB_ICT3,TWB_PCBA_ICT,PN-337126,00F7DED8,00F7DED8,PN-337126,00F7DED8,T27,FAILED ANALOG POWERED TEST,PROCESS,94474092,00F7DED8T-20180827162203,U4,1,A10,483,483,-17.33,5.39,127,GOOD,GOOD,109.1241,141.5685,97.89439,0,0.9055,8/27/2018 20:22
344,1020,FP9,TOP,4009593237,8/29/2018 13:58,1535550300,TWB_SM3,TWB_PCBA_SM3_TOP_FP,TWB_PCBA_TOP_FP9,1020,TWB_ICT3,TWB_PCBA_ICT,PN-337126,00F7DED8,00F7DED8,PN-337126,00F7DED8,T27,FAILED ANALOG POWERED TEST,PROCESS,94474092,00F7DED8T-20180827162203,U4,1,A12,483,483,-5.5,2.1,127,GOOD,GOOD,101.7029,141.5903,91.22285,0,0.9055,8/27/2018 20:22
345,1020,FP9,TOP,4009593237,8/29/2018 13:58,1535550300,TWB_SM3,TWB_PCBA_SM3_TOP_FP,TWB_PCBA_TOP_FP9,1020,TWB_ICT3,TWB_PCBA_ICT,PN-337126,00F7DED8,00F7DED8,PN-337126,00F7DED8,T27,FAILED ANALOG POWERED TEST,PROCESS,94474092,00F7DED8T-20180827162203,U4,1,A14,483,483,-10.43,-1.19,127,GOOD,GOOD,102.0816,130.1073,99.64364,0,0.9055,8/27/2018 20:22
346,1020,FP9,TOP,4009593237,8/29/2018 13:58,1535550300,TWB_SM3,TWB_PCBA_SM3_TOP_FP,TWB_PCBA_TOP_FP9,1020,TWB_ICT3,TWB_PCBA_ICT,PN-337126,00F7DED8,00F7DED8,PN-337126,00F7DED8,T27,FAILED ANALOG POWERED TEST,PROCESS,94474092,00F7DED8T-20180827162203,U4,1,A16,483,483,-11.2,-4.48,127,GOOD,GOOD,101.0307,138.4816,92.65420999999999,0,0.9055,8/27/2018 20:22
347,1020,FP9,TOP,4009593237,8/29/2018 13:58,1535550300,TWB_SM3,TWB_PCBA_SM3_TOP_FP,TWB_PCBA_TOP_FP9,1020,TWB_ICT3,TWB_PCBA_ICT,PN-337126,00F7DED8,00F7DED8,PN-337126,00F7DED8,T27,FAILED ANALOG POWERED TEST,PROCESS,94474092,00F7DED8T-20180827162203,U4,1,A3,483,483,-18.59,-3.11,127,GOOD,GOOD,105.2791,142.1802,94.03872,0,0.9055,8/27/2018 20:22
348,1020,FP9,TOP,4009593237,8/29/2018 13:58,1535550300,TWB_SM3,TWB_PCBA_SM3_TOP_FP,TWB_PCBA_TOP_FP9,1020,TWB_ICT3,TWB_PCBA_ICT,PN-337126,00F7DED8,00F7DED8,PN-337126,00F7DED8,T27,FAILED ANALOG POWERED TEST,PROCESS,94474092,00F7DED8T-20180827162203,U4,1,A5,483,483,-17.87,-6.4,127,GOOD,GOOD,108.1816,140.2221,97.98069,0,0.9055,8/27/2018 20:22
349,1020,FP9,TOP,4009593237,8/29/2018 13:58,1535550300,TWB_SM3,TWB_PCBA_SM3_TOP_FP,TWB_PCBA_TOP_FP9,1020,TWB_ICT3,TWB_PCBA_ICT,PN-337126,00F7DED8,00F7DED8,PN-337126,00F7DED8,T27,FAILED ANALOG POWERED TEST,PROCESS,94474092,00F7DED8T-20180827162203,U4,1,A7,483,483,-14.35,-9.68,127,GOOD,GOOD,108.8897,143.8242,96.15205,0,0.9055,8/27/2018 20:22
350,1020,FP9,TOP,4009593237,8/29/2018 13:58,1535550300,TWB_SM3,TWB_PCBA_SM3_TOP_FP,TWB_PCBA_TOP_FP9,1020,TWB_ICT3,TWB_PCBA_ICT,PN-337126,00F7DED8,00F7DED8,PN-337126,00F7DED8,T27,FAILED ANALOG POWERED TEST,PROCESS,94474092,00F7DED8T-20180827162203,U4,1,A9,483,483,-15.11,-12.97,127,GOOD,GOOD,100.7761,137.4496,93.11463,0,0.9055,8/27/2018 20:22
351,1020,FP9,TOP,4009593237,8/29/2018 13:58,1535550300,TWB_SM3,TWB_PCBA_SM3_TOP_FP,TWB_PCBA_TOP_FP9,1020,TWB_ICT3,TWB_PCBA_ICT,PN-337126,00F7DED8,00F7DED8,PN-337126,00F7DED8,T27,FAILED ANALOG POWERED TEST,PROCESS,94474092,00F7DED8T-20180827162203,U4,1,B11,483,483,-12.58,4.16,127,GOOD,GOOD,106.7827,146.1212,92.80933,0,0.9055,8/27/2018 20:22
352,1020,FP9,TOP,4009593237,8/29/2018 13:58,1535550300,TWB_SM3,TWB_PCBA_SM3_TOP_FP,TWB_PCBA_TOP_FP9,1020,TWB_ICT3,TWB_PCBA_ICT,PN-337126,00F7DED8,00F7DED8,PN-337126,00F7DED8,T27,FAILED ANALOG POWERED TEST,PROCESS,94474092,00F7DED8T-20180827162203,U4,1,B13,483,483,-13.37,0.87,127,GOOD,GOOD,103.6498,134.4392,97.91429000000001,0,0.9055,8/27/2018 20:22
353,1020,FP9,TOP,4009593237,8/29/2018 13:58,1535550300,TWB_SM3,TWB_PCBA_SM3_TOP_FP,TWB_PCBA_TOP_FP9,1020,TWB_ICT3,TWB_PCBA_ICT,PN-337126,00F7DED8,00F7DED8,PN-337126,00F7DED8,T27,FAILED ANALOG POWERED TEST,PROCESS,94474092,00F7DED8T-20180827162203,U4,1,B15,483,483,-12.65,-2.42,127,GOOD,GOOD,101.4615,132.1714,97.49168,0,0.9055,8/27/2018 20:22
354,1020,FP9,TOP,4009593237,8/29/2018 13:58,1535550300,TWB_SM3,TWB_PCBA_SM3_TOP_FP,TWB_PCBA_TOP_FP9,1020,TWB_ICT3,TWB_PCBA_ICT,PN-337126,00F7DED8,00F7DED8,PN-337126,00F7DED8,T27,FAILED ANALOG POWERED TEST,PROCESS,94474092,00F7DED8T-20180827162203,U4,1,B2,483,483,-15.73,-1.05,127,GOOD,GOOD,105.0298,136.3501,97.82744,0,0.9055,8/27/2018 20:22
355,1020,FP9,TOP,4009593237,8/29/2018 13:58,1535550300,TWB_SM3,TWB_PCBA_SM3_TOP_FP,TWB_PCBA_TOP_FP9,1020,TWB_ICT3,TWB_PCBA_ICT,PN-337126,00F7DED8,00F7DED8,PN-337126,00F7DED8,T27,FAILED ANALOG POWERED TEST,PROCESS,94474092,00F7DED8T-20180827162203,U4,1,B4,483,483,-16.51,-4.34,127,GOOD,GOOD,110.8618,142.9383,98.50016,0,0.9055,8/27/2018 20:22
356,1020,FP9,TOP,4009593237,8/29/2018 13:58,1535550300,TWB_SM3,TWB_PCBA_SM3_TOP_FP,TWB_PCBA_TOP_FP9,1020,TWB_ICT3,TWB_PCBA_ICT,PN-337126,00F7DED8,00F7DED8,PN-337126,00F7DED8,T27,FAILED ANALOG POWERED TEST,PROCESS,94474092,00F7DED8T-20180827162203,U4,1,B6,483,483,-13.98,-7.63,127,GOOD,GOOD,110.7162,143.9789,97.65986,0,0.9055,8/27/2018 20:22
357,1020,FP9,TOP,4009593237,8/29/2018 13:58,1535550300,TWB_SM3,TWB_PCBA_SM3_TOP_FP,TWB_PCBA_TOP_FP9,1020,TWB_ICT3,TWB_PCBA_ICT,PN-337126,00F7DED8,00F7DED8,PN-337126,00F7DED8,T27,FAILED ANALOG POWERED TEST,PROCESS,94474092,00F7DED8T-20180827162203,U4,1,B8,483,483,-12.26,-10.92,127,GOOD,GOOD,102.8997,140.9509,92.71495999999999,0,0.9055,8/27/2018 20:22
358,1020,FP9,TOP,4009593237,8/29/2018 13:58,1535550300,TWB_SM3,TWB_PCBA_SM3_TOP_FP,TWB_PCBA_TOP_FP9,1020,TWB_ICT3,TWB_PCBA_ICT,PN-337126,00F7DED8,00F7DED8,PN-337126,00F7DED8,T27,FAILED ANALOG POWERED TEST,PROCESS,94474092,00F7DED8T-20180827162203,U4,1,C1,483,483,-15.36,1.0,127,GOOD,GOOD,99.68533000000001,140.2318,90.27935,0,0.9055,8/27/2018 20:22
359,1020,FP9,TOP,4009593237,8/29/2018 13:58,1535550300,TWB_SM3,TWB_PCBA_SM3_TOP_FP,TWB_PCBA_TOP_FP9,1020,TWB_ICT3,TWB_PCBA_ICT,PN-337126,00F7DED8,00F7DED8,PN-337126,00F7DED8,T27,FAILED ANALOG POWERED TEST,PROCESS,94474092,00F7DED8T-20180827162203,U4,1,C10,483,483,-11.55,6.21,127,GOOD,GOOD,103.6959,135.4962,97.19368,0,0.9055,8/27/2018 20:22
360,1020,FP9,TOP,4009593237,8/29/2018 13:58,1535550300,TWB_SM3,TWB_PCBA_SM3_TOP_FP,TWB_PCBA_TOP_FP9,1020,TWB_ICT3,TWB_PCBA_ICT,PN-337126,00F7DED8,00F7DED8,PN-337126,00F7DED8,T27,FAILED ANALOG POWERED TEST,PROCESS,94474092,00F7DED8T-20180827162203,U4,1,C12,483,483,-6.35,2.93,127,GOOD,GOOD,101.1144,143.0786,89.75157,0,0.9055,8/27/2018 20:22
361,1020,FP9,TOP,4009593237,8/29/2018 13:58,1535550300,TWB_SM3,TWB_PCBA_SM3_TOP_FP,TWB_PCBA_TOP_FP9,1020,TWB_ICT3,TWB_PCBA_ICT,PN-337126,00F7DED8,00F7DED8,PN-337126,00F7DED8,T27,FAILED ANALOG POWERED TEST,PROCESS,94474092,00F7DED8T-20180827162203,U4,1,C14,483,483,-8.8,-0.36,127,GOOD,GOOD,95.99106,140.6317,86.68647,0,0.9055,8/27/2018 20:22
362,1020,FP9,TOP,4009593237,8/29/2018 13:58,1535550300,TWB_SM3,TWB_PCBA_SM3_TOP_FP,TWB_PCBA_TOP_FP9,1020,TWB_ICT3,TWB_PCBA_ICT,PN-337126,00F7DED8,00F7DED8,PN-337126,00F7DED8,T27,FAILED ANALOG POWERED TEST,PROCESS,94474092,00F7DED8T-20180827162203,U4,1,C16,483,483,-3.77,-3.65,127,GOOD,GOOD,100.1526,139.7709,91.00168000000001,0,0.9055,8/27/2018 20:22
363,1020,FP9,TOP,4009593237,8/29/2018 13:58,1535550300,TWB_SM3,TWB_PCBA_SM3_TOP_FP,TWB_PCBA_TOP_FP9,1020,TWB_ICT3,TWB_PCBA_ICT,PN-337126,00F7DED8,00F7DED8,PN-337126,00F7DED8,T27,FAILED ANALOG POWERED TEST,PROCESS,94474092,00F7DED8T-20180827162203,U4,1,C3,483,483,-15.31,-2.28,127,GOOD,GOOD,106.1168,143.6064,93.84566,0,0.9055,8/27/2018 20:22
364,1020,FP9,TOP,4009593237,8/29/2018 13:58,1535550300,TWB_SM3,TWB_PCBA_SM3_TOP_FP,TWB_PCBA_TOP_FP9,1020,TWB_ICT3,TWB_PCBA_ICT,PN-337126,00F7DED8,00F7DED8,PN-337126,00F7DED8,T27,FAILED ANALOG POWERED TEST,PROCESS,94474092,00F7DED8T-20180827162203,U4,1,C5,483,483,-10.45,-5.57,127,GOOD,GOOD,104.4443,142.4205,93.1356,0,0.9055,8/27/2018 20:22
365,1020,FP9,TOP,4009593237,8/29/2018 13:58,1535550300,TWB_SM3,TWB_PCBA_SM3_TOP_FP,TWB_PCBA_TOP_FP9,1020,TWB_ICT3,TWB_PCBA_ICT,PN-337126,00F7DED8,00F7DED8,PN-337126,00F7DED8,T27,FAILED ANALOG POWERED TEST,PROCESS,94474092,00F7DED8T-20180827162203,U4,1,C7,483,483,-4.43,-8.86,127,GOOD,GOOD,104.9561,138.687,96.1116,0,0.9055,8/27/2018 20:22
366,1020,FP9,TOP,4009593237,8/29/2018 13:58,1535550300,TWB_SM3,TWB_PCBA_SM3_TOP_FP,TWB_PCBA_TOP_FP9,1020,TWB_ICT3,TWB_PCBA_ICT,PN-337126,00F7DED8,00F7DED8,PN-337126,00F7DED8,T27,FAILED ANALOG POWERED TEST,PROCESS,94474092,00F7DED8T-20180827162203,U4,1,C9,483,483,-5.2,-12.14,127,GOOD,GOOD,101.6598,138.1154,93.47829,0,0.9055,8/27/2018 20:22
367,1020,FP9,TOP,4009593237,8/29/2018 13:58,1535550300,TWB_SM3,TWB_PCBA_SM3_TOP_FP,TWB_PCBA_TOP_FP9,1020,TWB_ICT3,TWB_PCBA_ICT,PN-337126,00F7DED8,00F7DED8,PN-337126,00F7DED8,T27,FAILED ANALOG POWERED TEST,PROCESS,94474092,00F7DED8T-20180827162203,U4,1,D11,483,483,-7.64,4.98,127,GOOD,GOOD,106.3011,139.07,97.07519,0,0.9055,8/27/2018 20:22
368,1020,FP9,TOP,4009593237,8/29/2018 13:58,1535550300,TWB_SM3,TWB_PCBA_SM3_TOP_FP,TWB_PCBA_TOP_FP9,1020,TWB_ICT3,TWB_PCBA_ICT,PN-337126,00F7DED8,00F7DED8,PN-337126,00F7DED8,T27,FAILED ANALOG POWERED TEST,PROCESS,94474092,00F7DED8T-20180827162203,U4,1,D13,483,483,-8.43,1.7,127,GOOD,GOOD,109.8372,143.2473,97.37931,0,0.9055,8/27/2018 20:22
369,1020,FP9,TOP,4009593237,8/29/2018 13:58,1535550300,TWB_SM3,TWB_PCBA_SM3_TOP_FP,TWB_PCBA_TOP_FP9,1020,TWB_ICT3,TWB_PCBA_ICT,PN-337126,00F7DED8,00F7DED8,PN-337126,00F7DED8,T27,FAILED ANALOG POWERED TEST,PROCESS,94474092,00F7DED8T-20180827162203,U4,1,D15,483,483,-8.54,-1.59,127,GOOD,GOOD,105.0927,132.2488,100.9218,0,0.9055,8/27/2018 20:22
370,1020,FP9,TOP,4009593237,8/29/2018 13:58,1535550300,TWB_SM3,TWB_PCBA_SM3_TOP_FP,TWB_PCBA_TOP_FP9,1020,TWB_ICT3,TWB_PCBA_ICT,PN-337126,00F7DED8,00F7DED8,PN-337126,00F7DED8,T27,FAILED ANALOG POWERED TEST,PROCESS,94474092,00F7DED8T-20180827162203,U4,1,D2,483,483,-15.76,-0.22,127,GOOD,GOOD,108.0584,146.4682,93.69554000000001,0,0.9055,8/27/2018 20:22
371,1020,FP9,TOP,4009593237,8/29/2018 13:58,1535550300,TWB_SM3,TWB_PCBA_SM3_TOP_FP,TWB_PCBA_TOP_FP9,1020,TWB_ICT3,TWB_PCBA_ICT,PN-337126,00F7DED8,00F7DED8,PN-337126,00F7DED8,T27,FAILED ANALOG POWERED TEST,PROCESS,94474092,00F7DED8T-20180827162203,U4,1,D4,483,483,-12.39,-3.51,127,GOOD,GOOD,106.2461,137.3393,98.24758,0,0.9055,8/27/2018 20:22
372,1020,FP9,TOP,4009593237,8/29/2018 13:58,1535550300,TWB_SM3,TWB_PCBA_SM3_TOP_FP,TWB_PCBA_TOP_FP9,1020,TWB_ICT3,TWB_PCBA_ICT,PN-337126,00F7DED8,00F7DED8,PN-337126,00F7DED8,T27,FAILED ANALOG POWERED TEST,PROCESS,94474092,00F7DED8T-20180827162203,U4,1,D6,483,483,-3.24,-6.8,127,GOOD,GOOD,105.8943,145.189,92.62805,0,0.9055,8/27/2018 20:22
373,1020,FP9,TOP,4009593237,8/29/2018 13:58,1535550300,TWB_SM3,TWB_PCBA_SM3_TOP_FP,TWB_PCBA_TOP_FP9,1020,TWB_ICT3,TWB_PCBA_ICT,PN-337126,00F7DED8,00F7DED8,PN-337126,00F7DED8,T27,FAILED ANALOG POWERED TEST,PROCESS,94474092,00F7DED8T-20180827162203,U4,1,D8,483,483,-9.8,-10.09,127,GOOD,GOOD,99.06924000000001,138.5242,90.82741,0,0.9055,8/27/2018 20:22
374,1020,FP9,TOP,4009593237,8/29/2018 13:58,1535550300,TWB_SM3,TWB_PCBA_SM3_TOP_FP,TWB_PCBA_TOP_FP9,1020,TWB_ICT3,TWB_PCBA_ICT,PN-337126,00F7DED8,00F7DED8,PN-337126,00F7DED8,T27,FAILED ANALOG POWERED TEST,PROCESS,94474092,00F7DED8T-20180827162203,U4,1,E1,483,483,-12.9,0.83,127,GOOD,GOOD,100.7598,139.9893,91.41051999999999,0,0.9055,8/27/2018 20:22
375,1020,FP9,TOP,4009593237,8/29/2018 13:58,1535550300,TWB_SM3,TWB_PCBA_SM3_TOP_FP,TWB_PCBA_TOP_FP9,1020,TWB_ICT3,TWB_PCBA_ICT,PN-337126,00F7DED8,00F7DED8,PN-337126,00F7DED8,T27,FAILED ANALOG POWERED TEST,PROCESS,94474092,00F7DED8T-20180827162203,U4,1,E10,483,483,-11.58,-13.96,127,GOOD,GOOD,101.8898,136.6281,94.7097,0,0.9055,8/27/2018 20:22
376,1020,FP9,TOP,4009593237,8/29/2018 13:58,1535550300,TWB_SM3,TWB_PCBA_SM3_TOP_FP,TWB_PCBA_TOP_FP9,1020,TWB_ICT3,TWB_PCBA_ICT,PN-337126,00F7DED8,00F7DED8,PN-337126,00F7DED8,T27,FAILED ANALOG POWERED TEST,PROCESS,94474092,00F7DED8T-20180827162203,U4,1,E12,483,483,1.08,2.76,127,GOOD,GOOD,94.74083,130.0826,92.49577,0,0.9055,8/27/2018 20:22
377,1020,FP9,TOP,4009593237,8/29/2018 13:58,1535550300,TWB_SM3,TWB_PCBA_SM3_TOP_FP,TWB_PCBA_TOP_FP9,1020,TWB_ICT3,TWB_PCBA_ICT,PN-337126,00F7DED8,00F7DED8,PN-337126,00F7DED8,T27,FAILED ANALOG POWERED TEST,PROCESS,94474092,00F7DED8T-20180827162203,U4,1,E14,483,483,-5.51,-0.53,127,GOOD,GOOD,96.7076,140.4139,87.46899,0,0.9055,8/27/2018 20:22
378,1020,FP9,TOP,4009593237,8/29/2018 13:58,1535550300,TWB_SM3,TWB_PCBA_SM3_TOP_FP,TWB_PCBA_TOP_FP9,1020,TWB_ICT3,TWB_PCBA_ICT,PN-337126,00F7DED8,00F7DED8,PN-337126,00F7DED8,T27,FAILED ANALOG POWERED TEST,PROCESS,94474092,00F7DED8T-20180827162203,U4,1,E16,483,483,-4.62,-3.82,127,GOOD,GOOD,103.6961,144.3799,91.21355,0,0.9055,8/27/2018 20:22
379,1020,FP9,TOP,4009593237,8/29/2018 13:58,1535550300,TWB_SM3,TWB_PCBA_SM3_TOP_FP,TWB_PCBA_TOP_FP9,1020,TWB_ICT3,TWB_PCBA_ICT,PN-337126,00F7DED8,00F7DED8,PN-337126,00F7DED8,T27,FAILED ANALOG POWERED TEST,PROCESS,94474092,00F7DED8T-20180827162203,U4,1,E3,483,483,-11.19,-2.45,127,GOOD,GOOD,104.0952,143.4758,92.14159000000001,0,0.9055,8/27/2018 20:22
380,1020,FP9,TOP,4009593237,8/29/2018 13:58,1535550300,TWB_SM3,TWB_PCBA_SM3_TOP_FP,TWB_PCBA_TOP_FP9,1020,TWB_ICT3,TWB_PCBA_ICT,PN-337126,00F7DED8,00F7DED8,PN-337126,00F7DED8,T27,FAILED ANALOG POWERED TEST,PROCESS,94474092,00F7DED8T-20180827162203,U4,1,E5,483,483,-6.33,-5.74,127,GOOD,GOOD,94.36058,127.4726,94.01075,0,0.9055,8/27/2018 20:22
381,1020,FP9,TOP,4009593237,8/29/2018 13:58,1535550300,TWB_SM3,TWB_PCBA_SM3_TOP_FP,TWB_PCBA_TOP_FP9,1020,TWB_ICT3,TWB_PCBA_ICT,PN-337126,00F7DED8,00F7DED8,PN-337126,00F7DED8,T27,FAILED ANALOG POWERED TEST,PROCESS,94474092,00F7DED8T-20180827162203,U4,1,E7,483,483,-11.09,-9.03,127,GOOD,GOOD,100.3997,135.0429,94.42009,0,0.9055,8/27/2018 20:22
382,1020,FP9,TOP,4009593237,8/29/2018 13:58,1535550300,TWB_SM3,TWB_PCBA_SM3_TOP_FP,TWB_PCBA_TOP_FP9,1020,TWB_ICT3,TWB_PCBA_ICT,PN-337126,00F7DED8,00F7DED8,PN-337126,00F7DED8,T27,FAILED ANALOG POWERED TEST,PROCESS,94474092,00F7DED8T-20180827162203,U4,1,E9,483,483,-12.68,-12.32,127,GOOD,GOOD,104.8483,141.2212,94.28992,0,0.9055,8/27/2018 20:22
383,1020,FP9,TOP,4009593237,8/29/2018 13:58,1535550300,TWB_SM3,TWB_PCBA_SM3_TOP_FP,TWB_PCBA_TOP_FP9,1020,TWB_ICT3,TWB_PCBA_ICT,PN-337126,00F7DED8,00F7DED8,PN-337126,00F7DED8,T27,FAILED ANALOG POWERED TEST,PROCESS,94474092,00F7DED8T-20180827162203,U4,1,F11,483,483,-4.35,5.81,127,GOOD,GOOD,100.2074,138.4364,91.92916,0,0.9055,8/27/2018 20:22
384,1020,FP9,TOP,4009593237,8/29/2018 13:58,1535550300,TWB_SM3,TWB_PCBA_SM3_TOP_FP,TWB_PCBA_TOP_FP9,1020,TWB_ICT3,TWB_PCBA_ICT,PN-337126,00F7DED8,00F7DED8,PN-337126,00F7DED8,T27,FAILED ANALOG POWERED TEST,PROCESS,94474092,00F7DED8T-20180827162203,U4,1,F13,483,483,-7.62,2.52,127,GOOD,GOOD,107.12700000000001,142.1861,95.68536,0,0.9055,8/27/2018 20:22
385,1020,FP9,TOP,4009593237,8/29/2018 13:58,1535550300,TWB_SM3,TWB_PCBA_SM3_TOP_FP,TWB_PCBA_TOP_FP9,1020,TWB_ICT3,TWB_PCBA_ICT,PN-337126,00F7DED8,00F7DED8,PN-337126,00F7DED8,T27,FAILED ANALOG POWERED TEST,PROCESS,94474092,00F7DED8T-20180827162203,U4,1,F15,483,483,-7.74,-0.76,127,GOOD,GOOD,106.0453,138.7521,97.06335,0,0.9055,8/27/2018 20:22
386,1020,FP9,TOP,4009593237,8/29/2018 13:58,1535550300,TWB_SM3,TWB_PCBA_SM3_TOP_FP,TWB_PCBA_TOP_FP9,1020,TWB_ICT3,TWB_PCBA_ICT,PN-337126,00F7DED8,00F7DED8,PN-337126,00F7DED8,T27,FAILED ANALOG POWERED TEST,PROCESS,94474092,00F7DED8T-20180827162203,U4,1,F2,483,483,-9.99,0.6,127,GOOD,GOOD,105.3579,142.4188,93.95145,0,0.9055,8/27/2018 20:22
387,1020,FP9,TOP,4009593237,8/29/2018 13:58,1535550300,TWB_SM3,TWB_PCBA_SM3_TOP_FP,TWB_PCBA_TOP_FP9,1020,TWB_ICT3,TWB_PCBA_ICT,PN-337126,00F7DED8,00F7DED8,PN-337126,00F7DED8,T27,FAILED ANALOG POWERED TEST,PROCESS,94474092,00F7DED8T-20180827162203,U4,1,F4,483,483,-14.08,-2.69,127,GOOD,GOOD,104.986,136.6779,97.55221,0,0.9055,8/27/2018 20:22
388,1020,FP9,TOP,4009593237,8/29/2018 13:58,1535550300,TWB_SM3,TWB_PCBA_SM3_TOP_FP,TWB_PCBA_TOP_FP9,1020,TWB_ICT3,TWB_PCBA_ICT,PN-337126,00F7DED8,00F7DED8,PN-337126,00F7DED8,T27,FAILED ANALOG POWERED TEST,PROCESS,94474092,00F7DED8T-20180827162203,U4,1,F6,483,483,-18.17,-5.97,127,GOOD,GOOD,101.6293,132.9797,97.05933,0,0.9055,8/27/2018 20:22
389,1020,FP9,TOP,4009593237,8/29/2018 13:58,1535550300,TWB_SM3,TWB_PCBA_SM3_TOP_FP,TWB_PCBA_TOP_FP9,1020,TWB_ICT3,TWB_PCBA_ICT,PN-337126,00F7DED8,00F7DED8,PN-337126,00F7DED8,T27,FAILED ANALOG POWERED TEST,PROCESS,94474092,00F7DED8T-20180827162203,U4,1,F8,483,483,-3.2,-9.26,127,GOOD,GOOD,96.7178,133.2635,92.17196,0,0.9055,8/27/2018 20:22
390,1020,FP9,TOP,4009593237,8/29/2018 13:58,1535550300,TWB_SM3,TWB_PCBA_SM3_TOP_FP,TWB_PCBA_TOP_FP9,1020,TWB_ICT3,TWB_PCBA_ICT,PN-337126,00F7DED8,00F7DED8,PN-337126,00F7DED8,T27,FAILED ANALOG POWERED TEST,PROCESS,94474092,00F7DED8T-20180827162203,U4,1,G1,483,483,-11.27,3.67,127,GOOD,GOOD,105.351,139.6832,95.78517,0,0.9055,8/27/2018 20:22
391,1020,FP9,TOP,4009593237,8/29/2018 13:58,1535550300,TWB_SM3,TWB_PCBA_SM3_TOP_FP,TWB_PCBA_TOP_FP9,1020,TWB_ICT3,TWB_PCBA_ICT,PN-337126,00F7DED8,00F7DED8,PN-337126,00F7DED8,T27,FAILED ANALOG POWERED TEST,PROCESS,94474092,00F7DED8T-20180827162203,U4,1,G10,483,483,-8.29,-11.12,127,GOOD,GOOD,102.4492,140.1806,92.81634,0,0.9055,8/27/2018 20:22
392,1020,FP9,TOP,4009593237,8/29/2018 13:58,1535550300,TWB_SM3,TWB_PCBA_SM3_TOP_FP,TWB_PCBA_TOP_FP9,1020,TWB_ICT3,TWB_PCBA_ICT,PN-337126,00F7DED8,00F7DED8,PN-337126,00F7DED8,T27,FAILED ANALOG POWERED TEST,PROCESS,94474092,00F7DED8T-20180827162203,U4,1,G12,483,483,-5.58,5.59,127,GOOD,GOOD,99.11484,133.9869,93.94637,0,0.9055,8/27/2018 20:22
393,1020,FP9,TOP,4009593237,8/29/2018 13:58,1535550300,TWB_SM3,TWB_PCBA_SM3_TOP_FP,TWB_PCBA_TOP_FP9,1020,TWB_ICT3,TWB_PCBA_ICT,PN-337126,00F7DED8,00F7DED8,PN-337126,00F7DED8,T27,FAILED ANALOG POWERED TEST,PROCESS,94474092,00F7DED8T-20180827162203,U4,1,G14,483,483,-3.88,2.3,127,GOOD,GOOD,104.48200000000001,138.8387,95.57288,0,0.9055,8/27/2018 20:22
394,1020,FP9,TOP,4009593237,8/29/2018 13:58,1535550300,TWB_SM3,TWB_PCBA_SM3_TOP_FP,TWB_PCBA_TOP_FP9,1020,TWB_ICT3,TWB_PCBA_ICT,PN-337126,00F7DED8,00F7DED8,PN-337126,00F7DED8,T27,FAILED ANALOG POWERED TEST,PROCESS,94474092,00F7DED8T-20180827162203,U4,1,G16,483,483,-3.82,-0.98,127,GOOD,GOOD,102.2659,139.5599,93.06239000000001,0,0.9055,8/27/2018 20:22
395,1020,FP9,TOP,4009593237,8/29/2018 13:58,1535550300,TWB_SM3,TWB_PCBA_SM3_TOP_FP,TWB_PCBA_TOP_FP9,1020,TWB_ICT3,TWB_PCBA_ICT,PN-337126,00F7DED8,00F7DED8,PN-337126,00F7DED8,T27,FAILED ANALOG POWERED TEST,PROCESS,94474092,00F7DED8T-20180827162203,U4,1,G3,483,483,-13.7,0.38,127,GOOD,GOOD,101.0742,137.2463,93.52835,0,0.9055,8/27/2018 20:22
396,1020,FP9,TOP,4009593237,8/29/2018 13:58,1535550300,TWB_SM3,TWB_PCBA_SM3_TOP_FP,TWB_PCBA_TOP_FP9,1020,TWB_ICT3,TWB_PCBA_ICT,PN-337126,00F7DED8,00F7DED8,PN-337126,00F7DED8,T27,FAILED ANALOG POWERED TEST,PROCESS,94474092,00F7DED8T-20180827162203,U4,1,G5,483,483,-12.16,-2.91,127,GOOD,GOOD,102.9785,137.046,95.42981,0,0.9055,8/27/2018 20:22
397,1020,FP9,TOP,4009593237,8/29/2018 13:58,1535550300,TWB_SM3,TWB_PCBA_SM3_TOP_FP,TWB_PCBA_TOP_FP9,1020,TWB_ICT3,TWB_PCBA_ICT,PN-337126,00F7DED8,00F7DED8,PN-337126,00F7DED8,T27,FAILED ANALOG POWERED TEST,PROCESS,94474092,00F7DED8T-20180827162203,U4,1,G7,483,483,-3.66,-6.19,127,GOOD,GOOD,101.1265,140.1451,91.64121999999999,0,0.9055,8/27/2018 20:22
398,1020,FP9,TOP,4009593237,8/29/2018 13:58,1535550300,TWB_SM3,TWB_PCBA_SM3_TOP_FP,TWB_PCBA_TOP_FP9,1020,TWB_ICT3,TWB_PCBA_ICT,PN-337126,00F7DED8,00F7DED8,PN-337126,00F7DED8,T27,FAILED ANALOG POWERED TEST,PROCESS,94474092,00F7DED8T-20180827162203,U4,1,G9,483,483,-5.25,-9.48,127,GOOD,GOOD,97.56456999999999,146.2061,84.74819000000001,0,0.9055,8/27/2018 20:22
399,1020,FP9,TOP,4009593237,8/29/2018 13:58,1535550300,TWB_SM3,TWB_PCBA_SM3_TOP_FP,TWB_PCBA_TOP_FP9,1020,TWB_ICT3,TWB_PCBA_ICT,PN-337126,00F7DED8,00F7DED8,PN-337126,00F7DED8,T27,FAILED ANALOG POWERED TEST,PROCESS,94474092,00F7DED8T-20180827162203,U4,1,H11,483,483,-3.55,6.64,127,GOOD,GOOD,100.9804,143.8194,89.17093,0,0.9055,8/27/2018 20:22
400,1020,FP9,TOP,4009593237,8/29/2018 13:58,1535550300,TWB_SM3,TWB_PCBA_SM3_TOP_FP,TWB_PCBA_TOP_FP9,1020,TWB_ICT3,TWB_PCBA_ICT,PN-337126,00F7DED8,00F7DED8,PN-337126,00F7DED8,T27,FAILED ANALOG POWERED TEST,PROCESS,94474092,00F7DED8T-20180827162203,U4,1,H13,483,483,-2.68,3.35,127,GOOD,GOOD,103.8155,139.1071,94.77996,0,0.9055,8/27/2018 20:22
401,1020,FP9,TOP,4009593237,8/29/2018 13:58,1535550300,TWB_SM3,TWB_PCBA_SM3_TOP_FP,TWB_PCBA_TOP_FP9,1020,TWB_ICT3,TWB_PCBA_ICT,PN-337126,00F7DED8,00F7DED8,PN-337126,00F7DED8,T27,FAILED ANALOG POWERED TEST,PROCESS,94474092,00F7DED8T-20180827162203,U4,1,H15,483,483,-1.14,0.06,127,GOOD,GOOD,104.0989,141.5012,93.43075999999999,0,0.9055,8/27/2018 20:22
402,1020,FP9,TOP,4009593237,8/29/2018 13:58,1535550300,TWB_SM3,TWB_PCBA_SM3_TOP_FP,TWB_PCBA_TOP_FP9,1020,TWB_ICT3,TWB_PCBA_ICT,PN-337126,00F7DED8,00F7DED8,PN-337126,00F7DED8,T27,FAILED ANALOG POWERED TEST,PROCESS,94474092,00F7DED8T-20180827162203,U4,1,H2,483,483,-8.36,1.43,127,GOOD,GOOD,100.09200000000001,135.1896,94.02853,0,0.9055,8/27/2018 20:22
403,1020,FP9,TOP,4009593237,8/29/2018 13:58,1535550300,TWB_SM3,TWB_PCBA_SM3_TOP_FP,TWB_PCBA_TOP_FP9,1020,TWB_ICT3,TWB_PCBA_ICT,PN-337126,00F7DED8,00F7DED8,PN-337126,00F7DED8,T27,FAILED ANALOG POWERED TEST,PROCESS,94474092,00F7DED8T-20180827162203,U4,1,H4,483,483,-8.3,-1.86,127,GOOD,GOOD,100.7907,139.6014,91.69266999999999,0,0.9055,8/27/2018 20:22
404,1020,FP9,TOP,4009593237,8/29/2018 13:58,1535550300,TWB_SM3,TWB_PCBA_SM3_TOP_FP,TWB_PCBA_TOP_FP9,1020,TWB_ICT3,TWB_PCBA_ICT,PN-337126,00F7DED8,00F7DED8,PN-337126,00F7DED8,T27,FAILED ANALOG POWERED TEST,PROCESS,94474092,00F7DED8T-20180827162203,U4,1,H6,483,483,-7.43,-5.14,127,GOOD,GOOD,101.8885,137.0421,94.42236,0,0.9055,8/27/2018 20:22
405,1020,FP9,TOP,4009593237,8/29/2018 13:58,1535550300,TWB_SM3,TWB_PCBA_SM3_TOP_FP,TWB_PCBA_TOP_FP9,1020,TWB_ICT3,TWB_PCBA_ICT,PN-337126,00F7DED8,00F7DED8,PN-337126,00F7DED8,T27,FAILED ANALOG POWERED TEST,PROCESS,94474092,00F7DED8T-20180827162203,U4,1,H8,483,483,-6.54,-8.43,127,GOOD,GOOD,99.46458,133.6004,94.55064,0,0.9055,8/27/2018 20:22
406,1020,FP9,TOP,4009593237,8/29/2018 13:58,1535550300,TWB_SM3,TWB_PCBA_SM3_TOP_FP,TWB_PCBA_TOP_FP9,1020,TWB_ICT3,TWB_PCBA_ICT,PN-337126,00F7DED8,00F7DED8,PN-337126,00F7DED8,T27,FAILED ANALOG POWERED TEST,PROCESS,94474092,00F7DED8T-20180827162203,U4,1,J11,483,483,-1.9,7.04,127,GOOD,GOOD,104.2865,139.8645,94.69433000000001,0,0.9055,8/27/2018 20:22
407,1020,FP9,TOP,4009593237,8/29/2018 13:58,1535550300,TWB_SM3,TWB_PCBA_SM3_TOP_FP,TWB_PCBA_TOP_FP9,1020,TWB_ICT3,TWB_PCBA_ICT,PN-337126,00F7DED8,00F7DED8,PN-337126,00F7DED8,T27,FAILED ANALOG POWERED TEST,PROCESS,94474092,00F7DED8T-20180827162203,U4,1,J13,483,483,-2.69,3.76,127,GOOD,GOOD,104.329,136.8376,96.82859,0,0.9055,8/27/2018 20:22
408,1020,FP9,TOP,4009593237,8/29/2018 13:58,1535550300,TWB_SM3,TWB_PCBA_SM3_TOP_FP,TWB_PCBA_TOP_FP9,1020,TWB_ICT3,TWB_PCBA_ICT,PN-337126,00F7DED8,00F7DED8,PN-337126,00F7DED8,T27,FAILED ANALOG POWERED TEST,PROCESS,94474092,00F7DED8T-20180827162203,U4,1,J15,483,483,0.51,0.47,127,GOOD,GOOD,102.0533,139.5814,92.85455,0,0.9055,8/27/2018 20:22
409,1020,FP9,TOP,4009593237,8/29/2018 13:58,1535550300,TWB_SM3,TWB_PCBA_SM3_TOP_FP,TWB_PCBA_TOP_FP9,1020,TWB_ICT3,TWB_PCBA_ICT,PN-337126,00F7DED8,00F7DED8,PN-337126,00F7DED8,T27,FAILED ANALOG POWERED TEST,PROCESS,94474092,00F7DED8T-20180827162203,U4,1,J2,483,483,-16.66,1.84,127,GOOD,GOOD,101.8752,139.2237,92.93065,0,0.9055,8/27/2018 20:22
410,1020,FP9,TOP,4009593237,8/29/2018 13:58,1535550300,TWB_SM3,TWB_PCBA_SM3_TOP_FP,TWB_PCBA_TOP_FP9,1020,TWB_ICT3,TWB_PCBA_ICT,PN-337126,00F7DED8,00F7DED8,PN-337126,00F7DED8,T27,FAILED ANALOG POWERED TEST,PROCESS,94474092,00F7DED8T-20180827162203,U4,1,J4,483,483,-4.18,-1.45,127,GOOD,GOOD,103.0997,138.8531,94.29868,0,0.9055,8/27/2018 20:22
411,1020,FP9,TOP,4009593237,8/29/2018 13:58,1535550300,TWB_SM3,TWB_PCBA_SM3_TOP_FP,TWB_PCBA_TOP_FP9,1020,TWB_ICT3,TWB_PCBA_ICT,PN-337126,00F7DED8,00F7DED8,PN-337126,00F7DED8,T27,FAILED ANALOG POWERED TEST,PROCESS,94474092,00F7DED8T-20180827162203,U4,1,J6,483,483,-4.96,-4.74,127,GOOD,GOOD,101.2559,138.457,92.8772,0,0.9055,8/27/2018 20:22
412,1020,FP9,TOP,4009593237,8/29/2018 13:58,1535550300,TWB_SM3,TWB_PCBA_SM3_TOP_FP,TWB_PCBA_TOP_FP9,1020,TWB_ICT3,TWB_PCBA_ICT,PN-337126,00F7DED8,00F7DED8,PN-337126,00F7DED8,T27,FAILED ANALOG POWERED TEST,PROCESS,94474092,00F7DED8T-20180827162203,U4,1,J8,483,483,-0.75,-8.03,127,GOOD,GOOD,100.7969,136.2284,93.9687,0,0.9055,8/27/2018 20:22
413,1020,FP9,TOP,4009593237,8/29/2018 13:58,1535550300,TWB_SM3,TWB_PCBA_SM3_TOP_FP,TWB_PCBA_TOP_FP9,1020,TWB_ICT3,TWB_PCBA_ICT,PN-337126,00F7DED8,00F7DED8,PN-337126,00F7DED8,T27,FAILED ANALOG POWERED TEST,PROCESS,94474092,00F7DED8T-20180827162203,U4,1,K1,483,483,-14.62,2.91,127,GOOD,GOOD,103.1868,136.0569,96.31796999999999,0,0.9055,8/27/2018 20:22
414,1020,FP9,TOP,4009593237,8/29/2018 13:58,1535550300,TWB_SM3,TWB_PCBA_SM3_TOP_FP,TWB_PCBA_TOP_FP9,1020,TWB_ICT3,TWB_PCBA_ICT,PN-337126,00F7DED8,00F7DED8,PN-337126,00F7DED8,T27,FAILED ANALOG POWERED TEST,PROCESS,94474092,00F7DED8T-20180827162203,U4,1,K10,483,483,-5.02,-11.89,127,GOOD,GOOD,102.065,138.4008,93.65738,0,0.9055,8/27/2018 20:22
415,1020,FP9,TOP,4009593237,8/29/2018 13:58,1535550300,TWB_SM3,TWB_PCBA_SM3_TOP_FP,TWB_PCBA_TOP_FP9,1020,TWB_ICT3,TWB_PCBA_ICT,PN-337126,00F7DED8,00F7DED8,PN-337126,00F7DED8,T27,FAILED ANALOG POWERED TEST,PROCESS,94474092,00F7DED8T-20180827162203,U4,1,K12,483,483,-1.47,4.83,127,GOOD,GOOD,103.0446,136.9795,95.53735,0,0.9055,8/27/2018 20:22
416,1020,FP9,TOP,4009593237,8/29/2018 13:58,1535550300,TWB_SM3,TWB_PCBA_SM3_TOP_FP,TWB_PCBA_TOP_FP9,1020,TWB_ICT3,TWB_PCBA_ICT,PN-337126,00F7DED8,00F7DED8,PN-337126,00F7DED8,T27,FAILED ANALOG POWERED TEST,PROCESS,94474092,00F7DED8T-20180827162203,U4,1,K14,483,483,-0.6,1.54,127,GOOD,GOOD,95.84843000000001,133.77,90.99763,0,0.9055,8/27/2018 20:22
417,1020,FP9,TOP,4009593237,8/29/2018 13:58,1535550300,TWB_SM3,TWB_PCBA_SM3_TOP_FP,TWB_PCBA_TOP_FP9,1020,TWB_ICT3,TWB_PCBA_ICT,PN-337126,00F7DED8,00F7DED8,PN-337126,00F7DED8,T27,FAILED ANALOG POWERED TEST,PROCESS,94474092,00F7DED8T-20180827162203,U4,1,K16,483,483,-8.95,-1.75,127,GOOD,GOOD,99.56191,148.0088,85.42979,0,0.9055,8/27/2018 20:22
418,1020,FP9,TOP,4009593237,8/29/2018 13:58,1535550300,TWB_SM3,TWB_PCBA_SM3_TOP_FP,TWB_PCBA_TOP_FP9,1020,TWB_ICT3,TWB_PCBA_ICT,PN-337126,00F7DED8,00F7DED8,PN-337126,00F7DED8,T27,FAILED ANALOG POWERED TEST,PROCESS,94474092,00F7DED8T-20180827162203,U4,1,K3,483,483,-2.14,-0.38,127,GOOD,GOOD,98.86514,134.9472,93.04287,0,0.9055,8/27/2018 20:22
419,1020,FP9,TOP,4009593237,8/29/2018 13:58,1535550300,TWB_SM3,TWB_PCBA_SM3_TOP_FP,TWB_PCBA_TOP_FP9,1020,TWB_ICT3,TWB_PCBA_ICT,PN-337126,00F7DED8,00F7DED8,PN-337126,00F7DED8,T27,FAILED ANALOG POWERED TEST,PROCESS,94474092,00F7DED8T-20180827162203,U4,1,K5,483,483,1.06,-3.67,127,GOOD,GOOD,95.18585999999999,126.721,95.39543,0,0.9055,8/27/2018 20:22
420,1020,FP9,TOP,4009593237,8/29/2018 13:58,1535550300,TWB_SM3,TWB_PCBA_SM3_TOP_FP,TWB_PCBA_TOP_FP9,1020,TWB_ICT3,TWB_PCBA_ICT,PN-337126,00F7DED8,00F7DED8,PN-337126,00F7DED8,T27,FAILED ANALOG POWERED TEST,PROCESS,94474092,00F7DED8T-20180827162203,U4,1,K7,483,483,-1.21,-6.96,127,GOOD,GOOD,99.81560999999999,135.4116,93.61519,0,0.9055,8/27/2018 20:22
421,1020,FP9,TOP,4009593237,8/29/2018 13:58,1535550300,TWB_SM3,TWB_PCBA_SM3_TOP_FP,TWB_PCBA_TOP_FP9,1020,TWB_ICT3,TWB_PCBA_ICT,PN-337126,00F7DED8,00F7DED8,PN-337126,00F7DED8,T27,FAILED ANALOG POWERED TEST,PROCESS,94474092,00F7DED8T-20180827162203,U4,1,K9,483,483,-4.46,-10.25,127,GOOD,GOOD,102.6368,138.7046,93.97582,0,0.9055,8/27/2018 20:22
422,1020,FP9,TOP,4009593237,8/29/2018 13:58,1535550300,TWB_SM3,TWB_PCBA_SM3_TOP_FP,TWB_PCBA_TOP_FP9,1020,TWB_ICT3,TWB_PCBA_ICT,PN-337126,00F7DED8,00F7DED8,PN-337126,00F7DED8,T27,FAILED ANALOG POWERED TEST,PROCESS,94474092,00F7DED8T-20180827162203,U4,1,L11,483,483,-10.34,-12.13,127,GOOD,GOOD,101.3608,139.3049,92.40751,0,0.9055,8/27/2018 20:22
423,1020,FP9,TOP,4009593237,8/29/2018 13:58,1535550300,TWB_SM3,TWB_PCBA_SM3_TOP_FP,TWB_PCBA_TOP_FP9,1020,TWB_ICT3,TWB_PCBA_ICT,PN-337126,00F7DED8,00F7DED8,PN-337126,00F7DED8,T27,FAILED ANALOG POWERED TEST,PROCESS,94474092,00F7DED8T-20180827162203,U4,1,L13,483,483,-15.27,4.59,127,GOOD,GOOD,105.1564,140.2732,95.20605,0,0.9055,8/27/2018 20:22
424,1020,FP9,TOP,4009593237,8/29/2018 13:58,1535550300,TWB_SM3,TWB_PCBA_SM3_TOP_FP,TWB_PCBA_TOP_FP9,1020,TWB_ICT3,TWB_PCBA_ICT,PN-337126,00F7DED8,00F7DED8,PN-337126,00F7DED8,T27,FAILED ANALOG POWERED TEST,PROCESS,94474092,00F7DED8T-20180827162203,U4,1,L15,483,483,-14.55,1.3,127,GOOD,GOOD,106.6561,140.803,96.20057,0,0.9055,8/27/2018 20:22
425,1020,FP9,TOP,4009593237,8/29/2018 13:58,1535550300,TWB_SM3,TWB_PCBA_SM3_TOP_FP,TWB_PCBA_TOP_FP9,1020,TWB_ICT3,TWB_PCBA_ICT,PN-337126,00F7DED8,00F7DED8,PN-337126,00F7DED8,T27,FAILED ANALOG POWERED TEST,PROCESS,94474092,00F7DED8T-20180827162203,U4,1,L2,483,483,-2.6,2.66,127,GOOD,GOOD,97.86833,139.2014,89.2899,0,0.9055,8/27/2018 20:22
426,1020,FP9,TOP,4009593237,8/29/2018 13:58,1535550300,TWB_SM3,TWB_PCBA_SM3_TOP_FP,TWB_PCBA_TOP_FP9,1020,TWB_ICT3,TWB_PCBA_ICT,PN-337126,00F7DED8,00F7DED8,PN-337126,00F7DED8,T27,FAILED ANALOG POWERED TEST,PROCESS,94474092,00F7DED8T-20180827162203,U4,1,L4,483,483,-4.2,-0.62,127,GOOD,GOOD,102.1566,139.2317,93.18200999999999,0,0.9055,8/27/2018 20:22
427,1020,FP9,TOP,4009593237,8/29/2018 13:58,1535550300,TWB_SM3,TWB_PCBA_SM3_TOP_FP,TWB_PCBA_TOP_FP9,1020,TWB_ICT3,TWB_PCBA_ICT,PN-337126,00F7DED8,00F7DED8,PN-337126,00F7DED8,T27,FAILED ANALOG POWERED TEST,PROCESS,94474092,00F7DED8T-20180827162203,U4,1,L6,483,483,-7.47,-3.91,127,GOOD,GOOD,109.085,142.0805,97.50659,0,0.9055,8/27/2018 20:22
428,1020,FP9,TOP,4009593237,8/29/2018 13:58,1535550300,TWB_SM3,TWB_PCBA_SM3_TOP_FP,TWB_PCBA_TOP_FP9,1020,TWB_ICT3,TWB_PCBA_ICT,PN-337126,00F7DED8,00F7DED8,PN-337126,00F7DED8,T27,FAILED ANALOG POWERED TEST,PROCESS,94474092,00F7DED8T-20180827162203,U4,1,L8,483,483,-2.44,-7.2,127,GOOD,GOOD,101.15799999999999,132.1431,97.22081,0,0.9055,8/27/2018 20:22
429,1020,FP9,TOP,4009593237,8/29/2018 13:58,1535550300,TWB_SM3,TWB_PCBA_SM3_TOP_FP,TWB_PCBA_TOP_FP9,1020,TWB_ICT3,TWB_PCBA_ICT,PN-337126,00F7DED8,00F7DED8,PN-337126,00F7DED8,T27,FAILED ANALOG POWERED TEST,PROCESS,94474092,00F7DED8T-20180827162203,U4,1,M1,483,483,-2.23,4.73,127,GOOD,GOOD,98.06255,139.6212,89.19807,0,0.9055,8/27/2018 20:22
430,1020,FP9,TOP,4009593237,8/29/2018 13:58,1535550300,TWB_SM3,TWB_PCBA_SM3_TOP_FP,TWB_PCBA_TOP_FP9,1020,TWB_ICT3,TWB_PCBA_ICT,PN-337126,00F7DED8,00F7DED8,PN-337126,00F7DED8,T27,FAILED ANALOG POWERED TEST,PROCESS,94474092,00F7DED8T-20180827162203,U4,1,M10,483,483,-15.11,-10.06,127,GOOD,GOOD,100.3592,132.9034,95.90139,0,0.9055,8/27/2018 20:22
431,1020,FP9,TOP,4009593237,8/29/2018 13:58,1535550300,TWB_SM3,TWB_PCBA_SM3_TOP_FP,TWB_PCBA_TOP_FP9,1020,TWB_ICT3,TWB_PCBA_ICT,PN-337126,00F7DED8,00F7DED8,PN-337126,00F7DED8,T27,FAILED ANALOG POWERED TEST,PROCESS,94474092,00F7DED8T-20180827162203,U4,1,M12,483,483,-7.42,6.66,127,GOOD,GOOD,96.18777,131.7947,92.68842,0,0.9055,8/27/2018 20:22
432,1020,FP9,TOP,4009593237,8/29/2018 13:58,1535550300,TWB_SM3,TWB_PCBA_SM3_TOP_FP,TWB_PCBA_TOP_FP9,1020,TWB_ICT3,TWB_PCBA_ICT,PN-337126,00F7DED8,00F7DED8,PN-337126,00F7DED8,T27,FAILED ANALOG POWERED TEST,PROCESS,94474092,00F7DED8T-20180827162203,U4,1,M14,483,483,-6.55,3.37,127,GOOD,GOOD,97.36451,136.9889,90.26494,0,0.9055,8/27/2018 20:22
433,1020,FP9,TOP,4009593237,8/29/2018 13:58,1535550300,TWB_SM3,TWB_PCBA_SM3_TOP_FP,TWB_PCBA_TOP_FP9,1020,TWB_ICT3,TWB_PCBA_ICT,PN-337126,00F7DED8,00F7DED8,PN-337126,00F7DED8,T27,FAILED ANALOG POWERED TEST,PROCESS,94474092,00F7DED8T-20180827162203,U4,1,M16,483,483,-8.98,0.08,127,GOOD,GOOD,102.5113,142.96,91.06696,0,0.9055,8/27/2018 20:22
434,1020,FP9,TOP,4009593237,8/29/2018 13:58,1535550300,TWB_SM3,TWB_PCBA_SM3_TOP_FP,TWB_PCBA_TOP_FP9,1020,TWB_ICT3,TWB_PCBA_ICT,PN-337126,00F7DED8,00F7DED8,PN-337126,00F7DED8,T27,FAILED ANALOG POWERED TEST,PROCESS,94474092,00F7DED8T-20180827162203,U4,1,M3,483,483,-8.8,1.45,127,GOOD,GOOD,108.7258,140.1784,98.5043,0,0.9055,8/27/2018 20:22
435,1020,FP9,TOP,4009593237,8/29/2018 13:58,1535550300,TWB_SM3,TWB_PCBA_SM3_TOP_FP,TWB_PCBA_TOP_FP9,1020,TWB_ICT3,TWB_PCBA_ICT,PN-337126,00F7DED8,00F7DED8,PN-337126,00F7DED8,T27,FAILED ANALOG POWERED TEST,PROCESS,94474092,00F7DED8T-20180827162203,U4,1,M5,483,483,-11.51,-1.84,127,GOOD,GOOD,99.46008,135.6734,93.10175,0,0.9055,8/27/2018 20:22
436,1020,FP9,TOP,4009593237,8/29/2018 13:58,1535550300,TWB_SM3,TWB_PCBA_SM3_TOP_FP,TWB_PCBA_TOP_FP9,1020,TWB_ICT3,TWB_PCBA_ICT,PN-337126,00F7DED8,00F7DED8,PN-337126,00F7DED8,T27,FAILED ANALOG POWERED TEST,PROCESS,94474092,00F7DED8T-20180827162203,U4,1,M7,483,483,-9.64,-5.13,127,GOOD,GOOD,101.6068,135.3585,95.33249,0,0.9055,8/27/2018 20:22
437,1020,FP9,TOP,4009593237,8/29/2018 13:58,1535550300,TWB_SM3,TWB_PCBA_SM3_TOP_FP,TWB_PCBA_TOP_FP9,1020,TWB_ICT3,TWB_PCBA_ICT,PN-337126,00F7DED8,00F7DED8,PN-337126,00F7DED8,T27,FAILED ANALOG POWERED TEST,PROCESS,94474092,00F7DED8T-20180827162203,U4,1,M9,483,483,-8.75,-8.41,127,GOOD,GOOD,103.5618,139.6567,94.17629000000001,0,0.9055,8/27/2018 20:22
438,1020,FP9,TOP,4009593237,8/29/2018 13:58,1535550300,TWB_SM3,TWB_PCBA_SM3_TOP_FP,TWB_PCBA_TOP_FP9,1020,TWB_ICT3,TWB_PCBA_ICT,PN-337126,00F7DED8,00F7DED8,PN-337126,00F7DED8,T27,FAILED ANALOG POWERED TEST,PROCESS,94474092,00F7DED8T-20180827162203,U4,1,N11,483,483,-12.02,-11.3,127,GOOD,GOOD,108.8097,147.3469,93.78434,0,0.9055,8/27/2018 20:22
439,1020,FP9,TOP,4009593237,8/29/2018 13:58,1535550300,TWB_SM3,TWB_PCBA_SM3_TOP_FP,TWB_PCBA_TOP_FP9,1020,TWB_ICT3,TWB_PCBA_ICT,PN-337126,00F7DED8,00F7DED8,PN-337126,00F7DED8,T27,FAILED ANALOG POWERED TEST,PROCESS,94474092,00F7DED8T-20180827162203,U4,1,N13,483,483,-5.35,5.42,127,GOOD,GOOD,97.00124,135.8115,90.70777,0,0.9055,8/27/2018 20:22
440,1020,FP9,TOP,4009593237,8/29/2018 13:58,1535550300,TWB_SM3,TWB_PCBA_SM3_TOP_FP,TWB_PCBA_TOP_FP9,1020,TWB_ICT3,TWB_PCBA_ICT,PN-337126,00F7DED8,00F7DED8,PN-337126,00F7DED8,T27,FAILED ANALOG POWERED TEST,PROCESS,94474092,00F7DED8T-20180827162203,U4,1,N15,483,483,-7.12,2.13,127,GOOD,GOOD,99.0717,130.5496,96.37796999999999,0,0.9055,8/27/2018 20:22
441,1020,FP9,TOP,4009593237,8/29/2018 13:58,1535550300,TWB_SM3,TWB_PCBA_SM3_TOP_FP,TWB_PCBA_TOP_FP9,1020,TWB_ICT3,TWB_PCBA_ICT,PN-337126,00F7DED8,00F7DED8,PN-337126,00F7DED8,T27,FAILED ANALOG POWERED TEST,PROCESS,94474092,00F7DED8T-20180827162203,U4,1,N2,483,483,-16.0,3.49,127,GOOD,GOOD,98.2546,134.1327,93.02979,0,0.9055,8/27/2018 20:22
442,1020,FP9,TOP,4009593237,8/29/2018 13:58,1535550300,TWB_SM3,TWB_PCBA_SM3_TOP_FP,TWB_PCBA_TOP_FP9,1020,TWB_ICT3,TWB_PCBA_ICT,PN-337126,00F7DED8,00F7DED8,PN-337126,00F7DED8,T27,FAILED ANALOG POWERED TEST,PROCESS,94474092,00F7DED8T-20180827162203,U4,1,N4,483,483,-15.95,0.21,127,GOOD,GOOD,106.412,137.1798,98.51545,0,0.9055,8/27/2018 20:22
443,1020,FP9,TOP,4009593237,8/29/2018 13:58,1535550300,TWB_SM3,TWB_PCBA_SM3_TOP_FP,TWB_PCBA_TOP_FP9,1020,TWB_ICT3,TWB_PCBA_ICT,PN-337126,00F7DED8,00F7DED8,PN-337126,00F7DED8,T27,FAILED ANALOG POWERED TEST,PROCESS,94474092,00F7DED8T-20180827162203,U4,1,N6,483,483,-10.93,-3.08,127,GOOD,GOOD,101.2173,136.768,93.98831,0,0.9055,8/27/2018 20:22
444,1020,FP9,TOP,4009593237,8/29/2018 13:58,1535550300,TWB_SM3,TWB_PCBA_SM3_TOP_FP,TWB_PCBA_TOP_FP9,1020,TWB_ICT3,TWB_PCBA_ICT,PN-337126,00F7DED8,00F7DED8,PN-337126,00F7DED8,T27,FAILED ANALOG POWERED TEST,PROCESS,94474092,00F7DED8T-20180827162203,U4,1,N8,483,483,-15.84,-6.37,127,GOOD,GOOD,99.48084,135.6325,93.14924,0,0.9055,8/27/2018 20:22
445,1020,FP9,TOP,4009593237,8/29/2018 13:58,1535550300,TWB_SM3,TWB_PCBA_SM3_TOP_FP,TWB_PCBA_TOP_FP9,1020,TWB_ICT3,TWB_PCBA_ICT,PN-337126,00F7DED8,00F7DED8,PN-337126,00F7DED8,T27,FAILED ANALOG POWERED TEST,PROCESS,94474092,00F7DED8T-20180827162203,U4,1,P11,483,483,-7.89,-10.87,127,GOOD,GOOD,106.9053,144.1074,94.21429,0,0.9055,8/27/2018 20:22
446,1020,FP9,TOP,4009593237,8/29/2018 13:58,1535550300,TWB_SM3,TWB_PCBA_SM3_TOP_FP,TWB_PCBA_TOP_FP9,1020,TWB_ICT3,TWB_PCBA_ICT,PN-337126,00F7DED8,00F7DED8,PN-337126,00F7DED8,T27,FAILED ANALOG POWERED TEST,PROCESS,94474092,00F7DED8T-20180827162203,U4,1,P13,483,483,-8.68,5.84,127,GOOD,GOOD,100.7742,144.9414,88.30004,0,0.9055,8/27/2018 20:22
447,1020,FP9,TOP,4009593237,8/29/2018 13:58,1535550300,TWB_SM3,TWB_PCBA_SM3_TOP_FP,TWB_PCBA_TOP_FP9,1020,TWB_ICT3,TWB_PCBA_ICT,PN-337126,00F7DED8,00F7DED8,PN-337126,00F7DED8,T27,FAILED ANALOG POWERED TEST,PROCESS,94474092,00F7DED8T-20180827162203,U4,1,P15,483,483,-7.96,2.55,127,GOOD,GOOD,101.4056,135.3045,95.18175,0,0.9055,8/27/2018 20:22
448,1020,FP9,TOP,4009593237,8/29/2018 13:58,1535550300,TWB_SM3,TWB_PCBA_SM3_TOP_FP,TWB_PCBA_TOP_FP9,1020,TWB_ICT3,TWB_PCBA_ICT,PN-337126,00F7DED8,00F7DED8,PN-337126,00F7DED8,T27,FAILED ANALOG POWERED TEST,PROCESS,94474092,00F7DED8T-20180827162203,U4,1,P2,483,483,-8.56,3.92,127,GOOD,GOOD,97.66724,135.2608,91.70238,0,0.9055,8/27/2018 20:22
449,1020,FP9,TOP,4009593237,8/29/2018 13:58,1535550300,TWB_SM3,TWB_PCBA_SM3_TOP_FP,TWB_PCBA_TOP_FP9,1020,TWB_ICT3,TWB_PCBA_ICT,PN-337126,00F7DED8,00F7DED8,PN-337126,00F7DED8,T27,FAILED ANALOG POWERED TEST,PROCESS,94474092,00F7DED8T-20180827162203,U4,1,P4,483,483,-15.96,0.63,127,GOOD,GOOD,106.3089,142.8102,94.53967,0,0.9055,8/27/2018 20:22
450,1020,FP9,TOP,4009593237,8/29/2018 13:58,1535550300,TWB_SM3,TWB_PCBA_SM3_TOP_FP,TWB_PCBA_TOP_FP9,1020,TWB_ICT3,TWB_PCBA_ICT,PN-337126,00F7DED8,00F7DED8,PN-337126,00F7DED8,T27,FAILED ANALOG POWERED TEST,PROCESS,94474092,00F7DED8T-20180827162203,U4,1,P6,483,483,-12.6,-2.66,127,GOOD,GOOD,100.9718,139.9978,91.59729,0,0.9055,8/27/2018 20:22
451,1020,FP9,TOP,4009593237,8/29/2018 13:58,1535550300,TWB_SM3,TWB_PCBA_SM3_TOP_FP,TWB_PCBA_TOP_FP9,1020,TWB_ICT3,TWB_PCBA_ICT,PN-337126,00F7DED8,00F7DED8,PN-337126,00F7DED8,T27,FAILED ANALOG POWERED TEST,PROCESS,94474092,00F7DED8T-20180827162203,U4,1,P8,483,483,-15.02,-5.94,127,GOOD,GOOD,104.0639,134.8416,98.01214,0,0.9055,8/27/2018 20:22
452,1020,FP9,TOP,4009593237,8/29/2018 13:58,1535550300,TWB_SM3,TWB_PCBA_SM3_TOP_FP,TWB_PCBA_TOP_FP9,1020,TWB_ICT3,TWB_PCBA_ICT,PN-337126,00F7DED8,00F7DED8,PN-337126,00F7DED8,T27,FAILED ANALOG POWERED TEST,PROCESS,94474092,00F7DED8T-20180827162203,U4,1,R11,483,483,-11.22,-10.47,127,GOOD,GOOD,102.5764,139.5063,93.38078,0,0.9055,8/27/2018 20:22
453,1020,FP9,TOP,4009593237,8/29/2018 13:58,1535550300,TWB_SM3,TWB_PCBA_SM3_TOP_FP,TWB_PCBA_TOP_FP9,1020,TWB_ICT3,TWB_PCBA_ICT,PN-337126,00F7DED8,00F7DED8,PN-337126,00F7DED8,T27,FAILED ANALOG POWERED TEST,PROCESS,94474092,00F7DED8T-20180827162203,U4,1,R13,483,483,-6.21,6.25,127,GOOD,GOOD,98.78044,137.7002,91.10453000000001,0,0.9055,8/27/2018 20:22
454,1020,FP9,TOP,4009593237,8/29/2018 13:58,1535550300,TWB_SM3,TWB_PCBA_SM3_TOP_FP,TWB_PCBA_TOP_FP9,1020,TWB_ICT3,TWB_PCBA_ICT,PN-337126,00F7DED8,00F7DED8,PN-337126,00F7DED8,T27,FAILED ANALOG POWERED TEST,PROCESS,94474092,00F7DED8T-20180827162203,U4,1,R15,483,483,-12.12,2.96,127,GOOD,GOOD,106.6162,137.4594,98.50363,0,0.9055,8/27/2018 20:22
455,1020,FP9,TOP,4009593237,8/29/2018 13:58,1535550300,TWB_SM3,TWB_PCBA_SM3_TOP_FP,TWB_PCBA_TOP_FP9,1020,TWB_ICT3,TWB_PCBA_ICT,PN-337126,00F7DED8,00F7DED8,PN-337126,00F7DED8,T27,FAILED ANALOG POWERED TEST,PROCESS,94474092,00F7DED8T-20180827162203,U4,1,R2,483,483,-16.03,4.32,127,GOOD,GOOD,105.7376,137.3533,97.76744000000001,0,0.9055,8/27/2018 20:22
456,1020,FP9,TOP,4009593237,8/29/2018 13:58,1535550300,TWB_SM3,TWB_PCBA_SM3_TOP_FP,TWB_PCBA_TOP_FP9,1020,TWB_ICT3,TWB_PCBA_ICT,PN-337126,00F7DED8,00F7DED8,PN-337126,00F7DED8,T27,FAILED ANALOG POWERED TEST,PROCESS,94474092,00F7DED8T-20180827162203,U4,1,R4,483,483,-13.49,1.04,127,GOOD,GOOD,105.178,136.5053,97.85407,0,0.9055,8/27/2018 20:22
457,1020,FP9,TOP,4009593237,8/29/2018 13:58,1535550300,TWB_SM3,TWB_PCBA_SM3_TOP_FP,TWB_PCBA_TOP_FP9,1020,TWB_ICT3,TWB_PCBA_ICT,PN-337126,00F7DED8,00F7DED8,PN-337126,00F7DED8,T27,FAILED ANALOG POWERED TEST,PROCESS,94474092,00F7DED8T-20180827162203,U4,1,R6,483,483,-12.61,-2.25,127,GOOD,GOOD,100.0596,134.1244,94.74464,0,0.9055,8/27/2018 20:22
458,1020,FP9,TOP,4009593237,8/29/2018 13:58,1535550300,TWB_SM3,TWB_PCBA_SM3_TOP_FP,TWB_PCBA_TOP_FP9,1020,TWB_ICT3,TWB_PCBA_ICT,PN-337126,00F7DED8,00F7DED8,PN-337126,00F7DED8,T27,FAILED ANALOG POWERED TEST,PROCESS,94474092,00F7DED8T-20180827162203,U4,1,R8,483,483,-11.72,-5.54,127,GOOD,GOOD,102.7157,138.3053,94.31951,0,0.9055,8/27/2018 20:22
459,1020,FP9,TOP,4009593237,8/29/2018 13:58,1535550300,TWB_SM3,TWB_PCBA_SM3_TOP_FP,TWB_PCBA_TOP_FP9,1020,TWB_ICT3,TWB_PCBA_ICT,PN-337126,00F7DED8,00F7DED8,PN-337126,00F7DED8,T27,FAILED ANALOG POWERED TEST,PROCESS,94474092,00F7DED8T-20180827162203,U4,1,T11,483,483,-4.6,-10.05,127,GOOD,GOOD,99.72765,141.3287,89.61667,0,0.9055,8/27/2018 20:22
460,1020,FP9,TOP,4009593237,8/29/2018 13:58,1535550300,TWB_SM3,TWB_PCBA_SM3_TOP_FP,TWB_PCBA_TOP_FP9,1020,TWB_ICT3,TWB_PCBA_ICT,PN-337126,00F7DED8,00F7DED8,PN-337126,00F7DED8,T27,FAILED ANALOG POWERED TEST,PROCESS,94474092,00F7DED8T-20180827162203,U4,1,T13,483,483,-5.39,6.67,127,GOOD,GOOD,103.7335,138.3616,95.21538000000001,0,0.9055,8/27/2018 20:22
461,1020,FP9,TOP,4009593237,8/29/2018 13:58,1535550300,TWB_SM3,TWB_PCBA_SM3_TOP_FP,TWB_PCBA_TOP_FP9,1020,TWB_ICT3,TWB_PCBA_ICT,PN-337126,00F7DED8,00F7DED8,PN-337126,00F7DED8,T27,FAILED ANALOG POWERED TEST,PROCESS,94474092,00F7DED8T-20180827162203,U4,1,T15,483,483,-7.16,3.38,127,GOOD,GOOD,104.3262,137.7204,96.2053,0,0.9055,8/27/2018 20:22
462,1020,FP9,TOP,4009593237,8/29/2018 13:58,1535550300,TWB_SM3,TWB_PCBA_SM3_TOP_FP,TWB_PCBA_TOP_FP9,1020,TWB_ICT3,TWB_PCBA_ICT,PN-337126,00F7DED8,00F7DED8,PN-337126,00F7DED8,T27,FAILED ANALOG POWERED TEST,PROCESS,94474092,00F7DED8T-20180827162203,U4,1,T2,483,483,-13.55,4.75,127,GOOD,GOOD,101.822,142.3748,90.82645,0,0.9055,8/27/2018 20:22
463,1020,FP9,TOP,4009593237,8/29/2018 13:58,1535550300,TWB_SM3,TWB_PCBA_SM3_TOP_FP,TWB_PCBA_TOP_FP9,1020,TWB_ICT3,TWB_PCBA_ICT,PN-337126,00F7DED8,00F7DED8,PN-337126,00F7DED8,T27,FAILED ANALOG POWERED TEST,PROCESS,94474092,00F7DED8T-20180827162203,U4,1,T4,483,483,-11.84,1.46,127,GOOD,GOOD,100.9024,142.9315,89.65550999999999,0,0.9055,8/27/2018 20:22
464,1020,FP9,TOP,4009593237,8/29/2018 13:58,1535550300,TWB_SM3,TWB_PCBA_SM3_TOP_FP,TWB_PCBA_TOP_FP9,1020,TWB_ICT3,TWB_PCBA_ICT,PN-337126,00F7DED8,00F7DED8,PN-337126,00F7DED8,T27,FAILED ANALOG POWERED TEST,PROCESS,94474092,00F7DED8T-20180827162203,U4,1,T6,483,483,-9.31,-1.83,127,GOOD,GOOD,97.05206,133.6092,92.25126,0,0.9055,8/27/2018 20:22
465,1020,FP9,TOP,4009593237,8/29/2018 13:58,1535550300,TWB_SM3,TWB_PCBA_SM3_TOP_FP,TWB_PCBA_TOP_FP9,1020,TWB_ICT3,TWB_PCBA_ICT,PN-337126,00F7DED8,00F7DED8,PN-337126,00F7DED8,T27,FAILED ANALOG POWERED TEST,PROCESS,94474092,00F7DED8T-20180827162203,U4,1,T8,483,483,-10.08,-5.11,127,GOOD,GOOD,101.3182,137.6613,93.47147,0,0.9055,8/27/2018 20:22
23634,1020,FP9,TOP,4009593237,8/29/2018 13:58,1535550300,TWB_SM3,TWB_PCBA_SM3_TOP_FP,TWB_PCBA_TOP_FP9,1020,TWB_ICT3,TWB_PCBA_ICT,PN-337126,00F7DED8,00F7DED8,PN-337126,00F7DED8,T27,FAILED ANALOG POWERED TEST,PROCESS,94474092,00F7DED8T-20180827162203,U4,1,A11,483,483,-13.4,3.74,127,GOOD,GOOD,106.9133,142.7681,95.10514,0,0.9055,8/27/2018 20:22
23635,1020,FP9,TOP,4009593237,8/29/2018 13:58,1535550300,TWB_SM3,TWB_PCBA_SM3_TOP_FP,TWB_PCBA_TOP_FP9,1020,TWB_ICT3,TWB_PCBA_ICT,PN-337126,00F7DED8,00F7DED8,PN-337126,00F7DED8,T27,FAILED ANALOG POWERED TEST,PROCESS,94474092,00F7DED8T-20180827162203,U4,1,A13,483,483,-10.87,0.46,127,GOOD,GOOD,105.5176,137.4458,97.49831,0,0.9055,8/27/2018 20:22
23636,1020,FP9,TOP,4009593237,8/29/2018 13:58,1535550300,TWB_SM3,TWB_PCBA_SM3_TOP_FP,TWB_PCBA_TOP_FP9,1020,TWB_ICT3,TWB_PCBA_ICT,PN-337126,00F7DED8,00F7DED8,PN-337126,00F7DED8,T27,FAILED ANALOG POWERED TEST,PROCESS,94474092,00F7DED8T-20180827162203,U4,1,A15,483,483,-8.5,-2.83,127,GOOD,GOOD,101.1981,136.5946,94.0898,0,0.9055,8/27/2018 20:22
23637,1020,FP9,TOP,4009593237,8/29/2018 13:58,1535550300,TWB_SM3,TWB_PCBA_SM3_TOP_FP,TWB_PCBA_TOP_FP9,1020,TWB_ICT3,TWB_PCBA_ICT,PN-337126,00F7DED8,00F7DED8,PN-337126,00F7DED8,T27,FAILED ANALOG POWERED TEST,PROCESS,94474092,00F7DED8T-20180827162203,U4,1,A2,483,483,-20.69,-1.47,127,GOOD,GOOD,105.1875,138.7956,96.24805,0,0.9055,8/27/2018 20:22
23638,1020,FP9,TOP,4009593237,8/29/2018 13:58,1535550300,TWB_SM3,TWB_PCBA_SM3_TOP_FP,TWB_PCBA_TOP_FP9,1020,TWB_ICT3,TWB_PCBA_ICT,PN-337126,00F7DED8,00F7DED8,PN-337126,00F7DED8,T27,FAILED ANALOG POWERED TEST,PROCESS,94474092,00F7DED8T-20180827162203,U4,1,A4,483,483,-16.5,-4.75,127,GOOD,GOOD,105.6251,141.3411,94.90795,0,0.9055,8/27/2018 20:22
23639,1020,FP9,TOP,4009593237,8/29/2018 13:58,1535550300,TWB_SM3,TWB_PCBA_SM3_TOP_FP,TWB_PCBA_TOP_FP9,1020,TWB_ICT3,TWB_PCBA_ICT,PN-337126,00F7DED8,00F7DED8,PN-337126,00F7DED8,T27,FAILED ANALOG POWERED TEST,PROCESS,94474092,00F7DED8T-20180827162203,U4,1,A6,483,483,-12.31,-8.04,127,GOOD,GOOD,101.397,134.003,96.09801,0,0.9055,8/27/2018 20:22
23640,1020,FP9,TOP,4009593237,8/29/2018 13:58,1535550300,TWB_SM3,TWB_PCBA_SM3_TOP_FP,TWB_PCBA_TOP_FP9,1020,TWB_ICT3,TWB_PCBA_ICT,PN-337126,00F7DED8,00F7DED8,PN-337126,00F7DED8,T27,FAILED ANALOG POWERED TEST,PROCESS,94474092,00F7DED8T-20180827162203,U4,1,A8,483,483,-14.73,-11.33,127,GOOD,GOOD,103.8445,131.6739,100.1584,0,0.9055,8/27/2018 20:22
23641,1020,FP9,TOP,4009593237,8/29/2018 13:58,1535550300,TWB_SM3,TWB_PCBA_SM3_TOP_FP,TWB_PCBA_TOP_FP9,1020,TWB_ICT3,TWB_PCBA_ICT,PN-337126,00F7DED8,00F7DED8,PN-337126,00F7DED8,T27,FAILED ANALOG POWERED TEST,PROCESS,94474092,00F7DED8T-20180827162203,U4,1,B1,483,483,-19.49,0.59,127,GOOD,GOOD,106.19200000000001,140.6748,95.86921,0,0.9055,8/27/2018 20:22
23642,1020,FP9,TOP,4009593237,8/29/2018 13:58,1535550300,TWB_SM3,TWB_PCBA_SM3_TOP_FP,TWB_PCBA_TOP_FP9,1020,TWB_ICT3,TWB_PCBA_ICT,PN-337126,00F7DED8,00F7DED8,PN-337126,00F7DED8,T27,FAILED ANALOG POWERED TEST,PROCESS,94474092,00F7DED8T-20180827162203,U4,1,B10,483,483,-10.71,5.8,127,GOOD,GOOD,108.4711,143.114,96.25771999999999,0,0.9055,8/27/2018 20:22
23643,1020,FP9,TOP,4009593237,8/29/2018 13:58,1535550300,TWB_SM3,TWB_PCBA_SM3_TOP_FP,TWB_PCBA_TOP_FP9,1020,TWB_ICT3,TWB_PCBA_ICT,PN-337126,00F7DED8,00F7DED8,PN-337126,00F7DED8,T27,FAILED ANALOG POWERED TEST,PROCESS,94474092,00F7DED8T-20180827162203,U4,1,B12,483,483,-3.86,2.51,127,GOOD,GOOD,96.818,133.0663,92.4042,0,0.9055,8/27/2018 20:22
23644,1020,FP9,TOP,4009593237,8/29/2018 13:58,1535550300,TWB_SM3,TWB_PCBA_SM3_TOP_FP,TWB_PCBA_TOP_FP9,1020,TWB_ICT3,TWB_PCBA_ICT,PN-337126,00F7DED8,00F7DED8,PN-337126,00F7DED8,T27,FAILED ANALOG POWERED TEST,PROCESS,94474092,00F7DED8T-20180827162203,U4,1,B14,483,483,-10.44,-0.77,127,GOOD,GOOD,97.78146,132.9866,93.37968000000001,0,0.9055,8/27/2018 20:22
23645,1020,FP9,TOP,4009593237,8/29/2018 13:58,1535550300,TWB_SM3,TWB_PCBA_SM3_TOP_FP,TWB_PCBA_TOP_FP9,1020,TWB_ICT3,TWB_PCBA_ICT,PN-337126,00F7DED8,00F7DED8,PN-337126,00F7DED8,T27,FAILED ANALOG POWERED TEST,PROCESS,94474092,00F7DED8T-20180827162203,U4,1,B16,483,483,-7.9,-4.06,127,GOOD,GOOD,97.28765,137.6107,89.78616,0,0.9055,8/27/2018 20:22
23646,1020,FP9,TOP,4009593237,8/29/2018 13:58,1535550300,TWB_SM3,TWB_PCBA_SM3_TOP_FP,TWB_PCBA_TOP_FP9,1020,TWB_ICT3,TWB_PCBA_ICT,PN-337126,00F7DED8,00F7DED8,PN-337126,00F7DED8,T27,FAILED ANALOG POWERED TEST,PROCESS,94474092,00F7DED8T-20180827162203,U4,1,B3,483,483,-17.78,-2.7,127,GOOD,GOOD,107.2961,140.0705,97.28394,0,0.9055,8/27/2018 20:22
23647,1020,FP9,TOP,4009593237,8/29/2018 13:58,1535550300,TWB_SM3,TWB_PCBA_SM3_TOP_FP,TWB_PCBA_TOP_FP9,1020,TWB_ICT3,TWB_PCBA_ICT,PN-337126,00F7DED8,00F7DED8,PN-337126,00F7DED8,T27,FAILED ANALOG POWERED TEST,PROCESS,94474092,00F7DED8T-20180827162203,U4,1,B5,483,483,-15.4,-5.99,127,GOOD,GOOD,103.2475,138.9347,94.37836,0,0.9055,8/27/2018 20:22
23648,1020,FP9,TOP,4009593237,8/29/2018 13:58,1535550300,TWB_SM3,TWB_PCBA_SM3_TOP_FP,TWB_PCBA_TOP_FP9,1020,TWB_ICT3,TWB_PCBA_ICT,PN-337126,00F7DED8,00F7DED8,PN-337126,00F7DED8,T27,FAILED ANALOG POWERED TEST,PROCESS,94474092,00F7DED8T-20180827162203,U4,1,B7,483,483,-11.05,-9.27,127,GOOD,GOOD,105.6367,141.5415,94.78396,0,0.9055,8/27/2018 20:22
23649,1020,FP9,TOP,4009593237,8/29/2018 13:58,1535550300,TWB_SM3,TWB_PCBA_SM3_TOP_FP,TWB_PCBA_TOP_FP9,1020,TWB_ICT3,TWB_PCBA_ICT,PN-337126,00F7DED8,00F7DED8,PN-337126,00F7DED8,T27,FAILED ANALOG POWERED TEST,PROCESS,94474092,00F7DED8T-20180827162203,U4,1,B9,483,483,-6.84,-12.56,127,GOOD,GOOD,105.3872,140.0119,95.59311,0,0.9055,8/27/2018 20:22
23650,1020,FP9,TOP,4009593237,8/29/2018 13:58,1535550300,TWB_SM3,TWB_PCBA_SM3_TOP_FP,TWB_PCBA_TOP_FP9,1020,TWB_ICT3,TWB_PCBA_ICT,PN-337126,00F7DED8,00F7DED8,PN-337126,00F7DED8,T27,FAILED ANALOG POWERED TEST,PROCESS,94474092,00F7DED8T-20180827162203,U4,1,C11,483,483,-9.28,4.57,127,GOOD,GOOD,103.8365,139.9533,94.22594000000001,0,0.9055,8/27/2018 20:22
23651,1020,FP9,TOP,4009593237,8/29/2018 13:58,1535550300,TWB_SM3,TWB_PCBA_SM3_TOP_FP,TWB_PCBA_TOP_FP9,1020,TWB_ICT3,TWB_PCBA_ICT,PN-337126,00F7DED8,00F7DED8,PN-337126,00F7DED8,T27,FAILED ANALOG POWERED TEST,PROCESS,94474092,00F7DED8T-20180827162203,U4,1,C13,483,483,-9.24,1.28,127,GOOD,GOOD,102.7242,142.8279,91.34048,0,0.9055,8/27/2018 20:22
23652,1020,FP9,TOP,4009593237,8/29/2018 13:58,1535550300,TWB_SM3,TWB_PCBA_SM3_TOP_FP,TWB_PCBA_TOP_FP9,1020,TWB_ICT3,TWB_PCBA_ICT,PN-337126,00F7DED8,00F7DED8,PN-337126,00F7DED8,T27,FAILED ANALOG POWERED TEST,PROCESS,94474092,00F7DED8T-20180827162203,U4,1,C15,483,483,-9.35,-2.01,127,GOOD,GOOD,101.5173,142.4979,90.47636,0,0.9055,8/27/2018 20:22
23653,1020,FP9,TOP,4009593237,8/29/2018 13:58,1535550300,TWB_SM3,TWB_PCBA_SM3_TOP_FP,TWB_PCBA_TOP_FP9,1020,TWB_ICT3,TWB_PCBA_ICT,PN-337126,00F7DED8,00F7DED8,PN-337126,00F7DED8,T27,FAILED ANALOG POWERED TEST,PROCESS,94474092,00F7DED8T-20180827162203,U4,1,C2,483,483,-16.58,-0.64,127,GOOD,GOOD,104.12899999999999,143.1704,92.36815,0,0.9055,8/27/2018 20:22
23654,1020,FP9,TOP,4009593237,8/29/2018 13:58,1535550300,TWB_SM3,TWB_PCBA_SM3_TOP_FP,TWB_PCBA_TOP_FP9,1020,TWB_ICT3,TWB_PCBA_ICT,PN-337126,00F7DED8,00F7DED8,PN-337126,00F7DED8,T27,FAILED ANALOG POWERED TEST,PROCESS,94474092,00F7DED8T-20180827162203,U4,1,C4,483,483,-16.52,-3.93,127,GOOD,GOOD,106.9329,139.253,97.52383,0,0.9055,8/27/2018 20:22
23655,1020,FP9,TOP,4009593237,8/29/2018 13:58,1535550300,TWB_SM3,TWB_PCBA_SM3_TOP_FP,TWB_PCBA_TOP_FP9,1020,TWB_ICT3,TWB_PCBA_ICT,PN-337126,00F7DED8,00F7DED8,PN-337126,00F7DED8,T27,FAILED ANALOG POWERED TEST,PROCESS,94474092,00F7DED8T-20180827162203,U4,1,C6,483,483,-11.51,-7.21,127,GOOD,GOOD,98.7858,136.812,91.70098,0,0.9055,8/27/2018 20:22
23656,1020,FP9,TOP,4009593237,8/29/2018 13:58,1535550300,TWB_SM3,TWB_PCBA_SM3_TOP_FP,TWB_PCBA_TOP_FP9,1020,TWB_ICT3,TWB_PCBA_ICT,PN-337126,00F7DED8,00F7DED8,PN-337126,00F7DED8,T27,FAILED ANALOG POWERED TEST,PROCESS,94474092,00F7DED8T-20180827162203,U4,1,C8,483,483,-11.44,-10.5,127,GOOD,GOOD,105.5709,140.9024,95.15451,0,0.9055,8/27/2018 20:22
23657,1020,FP9,TOP,4009593237,8/29/2018 13:58,1535550300,TWB_SM3,TWB_PCBA_SM3_TOP_FP,TWB_PCBA_TOP_FP9,1020,TWB_ICT3,TWB_PCBA_ICT,PN-337126,00F7DED8,00F7DED8,PN-337126,00F7DED8,T27,FAILED ANALOG POWERED TEST,PROCESS,94474092,00F7DED8T-20180827162203,U4,1,D1,483,483,-17.86,1.42,127,GOOD,GOOD,102.9781,135.5383,96.49096,0,0.9055,8/27/2018 20:22
23658,1020,FP9,TOP,4009593237,8/29/2018 13:58,1535550300,TWB_SM3,TWB_PCBA_SM3_TOP_FP,TWB_PCBA_TOP_FP9,1020,TWB_ICT3,TWB_PCBA_ICT,PN-337126,00F7DED8,00F7DED8,PN-337126,00F7DED8,T27,FAILED ANALOG POWERED TEST,PROCESS,94474092,00F7DED8T-20180827162203,U4,1,D10,483,483,-9.91,6.63,127,GOOD,GOOD,102.3225,138.4819,93.83867,0,0.9055,8/27/2018 20:22
23659,1020,FP9,TOP,4009593237,8/29/2018 13:58,1535550300,TWB_SM3,TWB_PCBA_SM3_TOP_FP,TWB_PCBA_TOP_FP9,1020,TWB_ICT3,TWB_PCBA_ICT,PN-337126,00F7DED8,00F7DED8,PN-337126,00F7DED8,T27,FAILED ANALOG POWERED TEST,PROCESS,94474092,00F7DED8T-20180827162203,U4,1,D12,483,483,-7.19,3.34,127,GOOD,GOOD,107.5717,145.0989,94.1538,0,0.9055,8/27/2018 20:22
23660,1020,FP9,TOP,4009593237,8/29/2018 13:58,1535550300,TWB_SM3,TWB_PCBA_SM3_TOP_FP,TWB_PCBA_TOP_FP9,1020,TWB_ICT3,TWB_PCBA_ICT,PN-337126,00F7DED8,00F7DED8,PN-337126,00F7DED8,T27,FAILED ANALOG POWERED TEST,PROCESS,94474092,00F7DED8T-20180827162203,U4,1,D14,483,483,-7.15,0.05,127,GOOD,GOOD,99.67387,137.2084,92.25806,0,0.9055,8/27/2018 20:22
23661,1020,FP9,TOP,4009593237,8/29/2018 13:58,1535550300,TWB_SM3,TWB_PCBA_SM3_TOP_FP,TWB_PCBA_TOP_FP9,1020,TWB_ICT3,TWB_PCBA_ICT,PN-337126,00F7DED8,00F7DED8,PN-337126,00F7DED8,T27,FAILED ANALOG POWERED TEST,PROCESS,94474092,00F7DED8T-20180827162203,U4,1,D16,483,483,1.19,-3.23,127,GOOD,GOOD,101.4851,138.7961,92.85999,0,0.9055,8/27/2018 20:22
23662,1020,FP9,TOP,4009593237,8/29/2018 13:58,1535550300,TWB_SM3,TWB_PCBA_SM3_TOP_FP,TWB_PCBA_TOP_FP9,1020,TWB_ICT3,TWB_PCBA_ICT,PN-337126,00F7DED8,00F7DED8,PN-337126,00F7DED8,T27,FAILED ANALOG POWERED TEST,PROCESS,94474092,00F7DED8T-20180827162203,U4,1,D3,483,483,-12.83,-1.87,127,GOOD,GOOD,109.4735,146.3076,95.02673,0,0.9055,8/27/2018 20:22
23663,1020,FP9,TOP,4009593237,8/29/2018 13:58,1535550300,TWB_SM3,TWB_PCBA_SM3_TOP_FP,TWB_PCBA_TOP_FP9,1020,TWB_ICT3,TWB_PCBA_ICT,PN-337126,00F7DED8,00F7DED8,PN-337126,00F7DED8,T27,FAILED ANALOG POWERED TEST,PROCESS,94474092,00F7DED8T-20180827162203,U4,1,D5,483,483,-12.11,-5.16,127,GOOD,GOOD,102.2222,138.9341,93.44154,0,0.9055,8/27/2018 20:22
23664,1020,FP9,TOP,4009593237,8/29/2018 13:58,1535550300,TWB_SM3,TWB_PCBA_SM3_TOP_FP,TWB_PCBA_TOP_FP9,1020,TWB_ICT3,TWB_PCBA_ICT,PN-337126,00F7DED8,00F7DED8,PN-337126,00F7DED8,T27,FAILED ANALOG POWERED TEST,PROCESS,94474092,00F7DED8T-20180827162203,U4,1,D7,483,483,-12.73,-8.44,127,GOOD,GOOD,106.8861,145.64600000000002,93.20229,0,0.9055,8/27/2018 20:22
23665,1020,FP9,TOP,4009593237,8/29/2018 13:58,1535550300,TWB_SM3,TWB_PCBA_SM3_TOP_FP,TWB_PCBA_TOP_FP9,1020,TWB_ICT3,TWB_PCBA_ICT,PN-337126,00F7DED8,00F7DED8,PN-337126,00F7DED8,T27,FAILED ANALOG POWERED TEST,PROCESS,94474092,00F7DED8T-20180827162203,U4,1,D9,483,483,-11.84,-11.73,127,GOOD,GOOD,106.7156,141.2754,95.93239,0,0.9055,8/27/2018 20:22
23666,1020,FP9,TOP,4009593237,8/29/2018 13:58,1535550300,TWB_SM3,TWB_PCBA_SM3_TOP_FP,TWB_PCBA_TOP_FP9,1020,TWB_ICT3,TWB_PCBA_ICT,PN-337126,00F7DED8,00F7DED8,PN-337126,00F7DED8,T27,FAILED ANALOG POWERED TEST,PROCESS,94474092,00F7DED8T-20180827162203,U4,1,E11,483,483,-6.82,4.4,127,GOOD,GOOD,107.8216,146.562,93.43042,0,0.9055,8/27/2018 20:22
23667,1020,FP9,TOP,4009593237,8/29/2018 13:58,1535550300,TWB_SM3,TWB_PCBA_SM3_TOP_FP,TWB_PCBA_TOP_FP9,1020,TWB_ICT3,TWB_PCBA_ICT,PN-337126,00F7DED8,00F7DED8,PN-337126,00F7DED8,T27,FAILED ANALOG POWERED TEST,PROCESS,94474092,00F7DED8T-20180827162203,U4,1,E13,483,483,-5.95,1.11,127,GOOD,GOOD,105.7781,144.5541,92.93279,0,0.9055,8/27/2018 20:22
23668,1020,FP9,TOP,4009593237,8/29/2018 13:58,1535550300,TWB_SM3,TWB_PCBA_SM3_TOP_FP,TWB_PCBA_TOP_FP9,1020,TWB_ICT3,TWB_PCBA_ICT,PN-337126,00F7DED8,00F7DED8,PN-337126,00F7DED8,T27,FAILED ANALOG POWERED TEST,PROCESS,94474092,00F7DED8T-20180827162203,U4,1,E15,483,483,-5.24,-2.18,127,GOOD,GOOD,102.3571,140.09,92.79292,0,0.9055,8/27/2018 20:22
23669,1020,FP9,TOP,4009593237,8/29/2018 13:58,1535550300,TWB_SM3,TWB_PCBA_SM3_TOP_FP,TWB_PCBA_TOP_FP9,1020,TWB_ICT3,TWB_PCBA_ICT,PN-337126,00F7DED8,00F7DED8,PN-337126,00F7DED8,T27,FAILED ANALOG POWERED TEST,PROCESS,94474092,00F7DED8T-20180827162203,U4,1,E2,483,483,-16.6,-0.81,127,GOOD,GOOD,105.0076,137.2583,97.15965,0,0.9055,8/27/2018 20:22
23670,1020,FP9,TOP,4009593237,8/29/2018 13:58,1535550300,TWB_SM3,TWB_PCBA_SM3_TOP_FP,TWB_PCBA_TOP_FP9,1020,TWB_ICT3,TWB_PCBA_ICT,PN-337126,00F7DED8,00F7DED8,PN-337126,00F7DED8,T27,FAILED ANALOG POWERED TEST,PROCESS,94474092,00F7DED8T-20180827162203,U4,1,E4,483,483,-14.06,-4.1,127,GOOD,GOOD,107.243,139.8237,97.40743,0,0.9055,8/27/2018 20:22
23671,1020,FP9,TOP,4009593237,8/29/2018 13:58,1535550300,TWB_SM3,TWB_PCBA_SM3_TOP_FP,TWB_PCBA_TOP_FP9,1020,TWB_ICT3,TWB_PCBA_ICT,PN-337126,00F7DED8,00F7DED8,PN-337126,00F7DED8,T27,FAILED ANALOG POWERED TEST,PROCESS,94474092,00F7DED8T-20180827162203,U4,1,E6,483,483,-8.22,-7.38,127,GOOD,GOOD,97.52503,133.2564,92.94619,0,0.9055,8/27/2018 20:22
23672,1020,FP9,TOP,4009593237,8/29/2018 13:58,1535550300,TWB_SM3,TWB_PCBA_SM3_TOP_FP,TWB_PCBA_TOP_FP9,1020,TWB_ICT3,TWB_PCBA_ICT,PN-337126,00F7DED8,00F7DED8,PN-337126,00F7DED8,T27,FAILED ANALOG POWERED TEST,PROCESS,94474092,00F7DED8T-20180827162203,U4,1,E8,483,483,-6.5,-10.67,127,GOOD,GOOD,100.5753,138.7442,92.06195,0,0.9055,8/27/2018 20:22
23673,1020,FP9,TOP,4009593237,8/29/2018 13:58,1535550300,TWB_SM3,TWB_PCBA_SM3_TOP_FP,TWB_PCBA_TOP_FP9,1020,TWB_ICT3,TWB_PCBA_ICT,PN-337126,00F7DED8,00F7DED8,PN-337126,00F7DED8,T27,FAILED ANALOG POWERED TEST,PROCESS,94474092,00F7DED8T-20180827162203,U4,1,F1,483,483,-12.92,2.25,127,GOOD,GOOD,96.88671,137.0688,89.76958,0,0.9055,8/27/2018 20:22
23674,1020,FP9,TOP,4009593237,8/29/2018 13:58,1535550300,TWB_SM3,TWB_PCBA_SM3_TOP_FP,TWB_PCBA_TOP_FP9,1020,TWB_ICT3,TWB_PCBA_ICT,PN-337126,00F7DED8,00F7DED8,PN-337126,00F7DED8,T27,FAILED ANALOG POWERED TEST,PROCESS,94474092,00F7DED8T-20180827162203,U4,1,F10,483,483,-7.45,-12.55,127,GOOD,GOOD,104.3688,141.3452,93.77635,0,0.9055,8/27/2018 20:22
23675,1020,FP9,TOP,4009593237,8/29/2018 13:58,1535550300,TWB_SM3,TWB_PCBA_SM3_TOP_FP,TWB_PCBA_TOP_FP9,1020,TWB_ICT3,TWB_PCBA_ICT,PN-337126,00F7DED8,00F7DED8,PN-337126,00F7DED8,T27,FAILED ANALOG POWERED TEST,PROCESS,94474092,00F7DED8T-20180827162203,U4,1,F12,483,483,1.89,4.17,127,GOOD,GOOD,99.02943,134.0013,93.85538000000001,0,0.9055,8/27/2018 20:22
23676,1020,FP9,TOP,4009593237,8/29/2018 13:58,1535550300,TWB_SM3,TWB_PCBA_SM3_TOP_FP,TWB_PCBA_TOP_FP9,1020,TWB_ICT3,TWB_PCBA_ICT,PN-337126,00F7DED8,00F7DED8,PN-337126,00F7DED8,T27,FAILED ANALOG POWERED TEST,PROCESS,94474092,00F7DED8T-20180827162203,U4,1,F14,483,483,-3.04,0.88,127,GOOD,GOOD,101.5189,139.0031,92.75261,0,0.9055,8/27/2018 20:22
23677,1020,FP9,TOP,4009593237,8/29/2018 13:58,1535550300,TWB_SM3,TWB_PCBA_SM3_TOP_FP,TWB_PCBA_TOP_FP9,1020,TWB_ICT3,TWB_PCBA_ICT,PN-337126,00F7DED8,00F7DED8,PN-337126,00F7DED8,T27,FAILED ANALOG POWERED TEST,PROCESS,94474092,00F7DED8T-20180827162203,U4,1,F16,483,483,-1.32,-2.41,127,GOOD,GOOD,102.0425,138.0524,93.87303,0,0.9055,8/27/2018 20:22
23678,1020,FP9,TOP,4009593237,8/29/2018 13:58,1535550300,TWB_SM3,TWB_PCBA_SM3_TOP_FP,TWB_PCBA_TOP_FP9,1020,TWB_ICT3,TWB_PCBA_ICT,PN-337126,00F7DED8,00F7DED8,PN-337126,00F7DED8,T27,FAILED ANALOG POWERED TEST,PROCESS,94474092,00F7DED8T-20180827162203,U4,1,F3,483,483,-13.69,-1.04,127,GOOD,GOOD,106.7098,139.6004,97.0782,0,0.9055,8/27/2018 20:22
23679,1020,FP9,TOP,4009593237,8/29/2018 13:58,1535550300,TWB_SM3,TWB_PCBA_SM3_TOP_FP,TWB_PCBA_TOP_FP9,1020,TWB_ICT3,TWB_PCBA_ICT,PN-337126,00F7DED8,00F7DED8,PN-337126,00F7DED8,T27,FAILED ANALOG POWERED TEST,PROCESS,94474092,00F7DED8T-20180827162203,U4,1,F5,483,483,-9.65,-4.33,127,GOOD,GOOD,101.4001,137.2502,93.82728,0,0.9055,8/27/2018 20:22
23680,1020,FP9,TOP,4009593237,8/29/2018 13:58,1535550300,TWB_SM3,TWB_PCBA_SM3_TOP_FP,TWB_PCBA_TOP_FP9,1020,TWB_ICT3,TWB_PCBA_ICT,PN-337126,00F7DED8,00F7DED8,PN-337126,00F7DED8,T27,FAILED ANALOG POWERED TEST,PROCESS,94474092,00F7DED8T-20180827162203,U4,1,F7,483,483,-6.13,-7.62,127,GOOD,GOOD,98.11107,137.218,90.8052,0,0.9055,8/27/2018 20:22
23681,1020,FP9,TOP,4009593237,8/29/2018 13:58,1535550300,TWB_SM3,TWB_PCBA_SM3_TOP_FP,TWB_PCBA_TOP_FP9,1020,TWB_ICT3,TWB_PCBA_ICT,PN-337126,00F7DED8,00F7DED8,PN-337126,00F7DED8,T27,FAILED ANALOG POWERED TEST,PROCESS,94474092,00F7DED8T-20180827162203,U4,1,F9,483,483,-7.73,-10.9,127,GOOD,GOOD,102.6916,136.9981,95.19718,0,0.9055,8/27/2018 20:22
23682,1020,FP9,TOP,4009593237,8/29/2018 13:58,1535550300,TWB_SM3,TWB_PCBA_SM3_TOP_FP,TWB_PCBA_TOP_FP9,1020,TWB_ICT3,TWB_PCBA_ICT,PN-337126,00F7DED8,00F7DED8,PN-337126,00F7DED8,T27,FAILED ANALOG POWERED TEST,PROCESS,94474092,00F7DED8T-20180827162203,U4,1,G11,483,483,-5.2,7.24,127,GOOD,GOOD,101.6999,139.4937,92.59115,0,0.9055,8/27/2018 20:22
23683,1020,FP9,TOP,4009593237,8/29/2018 13:58,1535550300,TWB_SM3,TWB_PCBA_SM3_TOP_FP,TWB_PCBA_TOP_FP9,1020,TWB_ICT3,TWB_PCBA_ICT,PN-337126,00F7DED8,00F7DED8,PN-337126,00F7DED8,T27,FAILED ANALOG POWERED TEST,PROCESS,94474092,00F7DED8T-20180827162203,U4,1,G13,483,483,-5.98,3.95,127,GOOD,GOOD,105.6004,140.5723,95.40467,0,0.9055,8/27/2018 20:22
23684,1020,FP9,TOP,4009593237,8/29/2018 13:58,1535550300,TWB_SM3,TWB_PCBA_SM3_TOP_FP,TWB_PCBA_TOP_FP9,1020,TWB_ICT3,TWB_PCBA_ICT,PN-337126,00F7DED8,00F7DED8,PN-337126,00F7DED8,T27,FAILED ANALOG POWERED TEST,PROCESS,94474092,00F7DED8T-20180827162203,U4,1,G15,483,483,-1.12,0.66,127,GOOD,GOOD,100.1481,137.8794,92.24589,0,0.9055,8/27/2018 20:22
23685,1020,FP9,TOP,4009593237,8/29/2018 13:58,1535550300,TWB_SM3,TWB_PCBA_SM3_TOP_FP,TWB_PCBA_TOP_FP9,1020,TWB_ICT3,TWB_PCBA_ICT,PN-337126,00F7DED8,00F7DED8,PN-337126,00F7DED8,T27,FAILED ANALOG POWERED TEST,PROCESS,94474092,00F7DED8T-20180827162203,U4,1,G2,483,483,-10.83,2.03,127,GOOD,GOOD,100.9979,134.689,95.2323,0,0.9055,8/27/2018 20:22
23686,1020,FP9,TOP,4009593237,8/29/2018 13:58,1535550300,TWB_SM3,TWB_PCBA_SM3_TOP_FP,TWB_PCBA_TOP_FP9,1020,TWB_ICT3,TWB_PCBA_ICT,PN-337126,00F7DED8,00F7DED8,PN-337126,00F7DED8,T27,FAILED ANALOG POWERED TEST,PROCESS,94474092,00F7DED8T-20180827162203,U4,1,G4,483,483,-9.12,-1.26,127,GOOD,GOOD,103.9998,136.9064,96.47447,0,0.9055,8/27/2018 20:22
23687,1020,FP9,TOP,4009593237,8/29/2018 13:58,1535550300,TWB_SM3,TWB_PCBA_SM3_TOP_FP,TWB_PCBA_TOP_FP9,1020,TWB_ICT3,TWB_PCBA_ICT,PN-337126,00F7DED8,00F7DED8,PN-337126,00F7DED8,T27,FAILED ANALOG POWERED TEST,PROCESS,94474092,00F7DED8T-20180827162203,U4,1,G6,483,483,-7.42,-4.55,127,GOOD,GOOD,110.1426,148.9471,93.9133,0,0.9055,8/27/2018 20:22
23688,1020,FP9,TOP,4009593237,8/29/2018 13:58,1535550300,TWB_SM3,TWB_PCBA_SM3_TOP_FP,TWB_PCBA_TOP_FP9,1020,TWB_ICT3,TWB_PCBA_ICT,PN-337126,00F7DED8,00F7DED8,PN-337126,00F7DED8,T27,FAILED ANALOG POWERED TEST,PROCESS,94474092,00F7DED8T-20180827162203,U4,1,G8,483,483,-9.84,-7.84,127,GOOD,GOOD,98.75795,133.5782,93.89447,0,0.9055,8/27/2018 20:22
23689,1020,FP9,TOP,4009593237,8/29/2018 13:58,1535550300,TWB_SM3,TWB_PCBA_SM3_TOP_FP,TWB_PCBA_TOP_FP9,1020,TWB_ICT3,TWB_PCBA_ICT,PN-337126,00F7DED8,00F7DED8,PN-337126,00F7DED8,T27,FAILED ANALOG POWERED TEST,PROCESS,94474092,00F7DED8T-20180827162203,U4,1,H1,483,483,-6.31,3.07,127,GOOD,GOOD,98.75027,139.6114,89.82993,0,0.9055,8/27/2018 20:22
23690,1020,FP9,TOP,4009593237,8/29/2018 13:58,1535550300,TWB_SM3,TWB_PCBA_SM3_TOP_FP,TWB_PCBA_TOP_FP9,1020,TWB_ICT3,TWB_PCBA_ICT,PN-337126,00F7DED8,00F7DED8,PN-337126,00F7DED8,T27,FAILED ANALOG POWERED TEST,PROCESS,94474092,00F7DED8T-20180827162203,U4,1,H10,483,483,-4.16,-11.72,127,GOOD,GOOD,99.82054000000001,140.1143,90.47758,0,0.9055,8/27/2018 20:22
23691,1020,FP9,TOP,4009593237,8/29/2018 13:58,1535550300,TWB_SM3,TWB_PCBA_SM3_TOP_FP,TWB_PCBA_TOP_FP9,1020,TWB_ICT3,TWB_PCBA_ICT,PN-337126,00F7DED8,00F7DED8,PN-337126,00F7DED8,T27,FAILED ANALOG POWERED TEST,PROCESS,94474092,00F7DED8T-20180827162203,U4,1,H12,483,483,-2.28,5.0,127,GOOD,GOOD,99.0576,136.09799999999998,92.43571,0,0.9055,8/27/2018 20:22
23692,1020,FP9,TOP,4009593237,8/29/2018 13:58,1535550300,TWB_SM3,TWB_PCBA_SM3_TOP_FP,TWB_PCBA_TOP_FP9,1020,TWB_ICT3,TWB_PCBA_ICT,PN-337126,00F7DED8,00F7DED8,PN-337126,00F7DED8,T27,FAILED ANALOG POWERED TEST,PROCESS,94474092,00F7DED8T-20180827162203,U4,1,H14,483,483,-1.41,1.71,127,GOOD,GOOD,101.5014,137.3309,93.86577,0,0.9055,8/27/2018 20:22
23693,1020,FP9,TOP,4009593237,8/29/2018 13:58,1535550300,TWB_SM3,TWB_PCBA_SM3_TOP_FP,TWB_PCBA_TOP_FP9,1020,TWB_ICT3,TWB_PCBA_ICT,PN-337126,00F7DED8,00F7DED8,PN-337126,00F7DED8,T27,FAILED ANALOG POWERED TEST,PROCESS,94474092,00F7DED8T-20180827162203,U4,1,H16,483,483,-0.52,-1.58,127,GOOD,GOOD,104.7721,142.8168,93.16869,0,0.9055,8/27/2018 20:22
23694,1020,FP9,TOP,4009593237,8/29/2018 13:58,1535550300,TWB_SM3,TWB_PCBA_SM3_TOP_FP,TWB_PCBA_TOP_FP9,1020,TWB_ICT3,TWB_PCBA_ICT,PN-337126,00F7DED8,00F7DED8,PN-337126,00F7DED8,T27,FAILED ANALOG POWERED TEST,PROCESS,94474092,00F7DED8T-20180827162203,U4,1,H3,483,483,-7.92,-0.21,127,GOOD,GOOD,107.6702,141.6968,96.50265999999999,0,0.9055,8/27/2018 20:22
23695,1020,FP9,TOP,4009593237,8/29/2018 13:58,1535550300,TWB_SM3,TWB_PCBA_SM3_TOP_FP,TWB_PCBA_TOP_FP9,1020,TWB_ICT3,TWB_PCBA_ICT,PN-337126,00F7DED8,00F7DED8,PN-337126,00F7DED8,T27,FAILED ANALOG POWERED TEST,PROCESS,94474092,00F7DED8T-20180827162203,U4,1,H5,483,483,-10.51,-3.5,127,GOOD,GOOD,100.5937,132.453,96.45234,0,0.9055,8/27/2018 20:22
23696,1020,FP9,TOP,4009593237,8/29/2018 13:58,1535550300,TWB_SM3,TWB_PCBA_SM3_TOP_FP,TWB_PCBA_TOP_FP9,1020,TWB_ICT3,TWB_PCBA_ICT,PN-337126,00F7DED8,00F7DED8,PN-337126,00F7DED8,T27,FAILED ANALOG POWERED TEST,PROCESS,94474092,00F7DED8T-20180827162203,U4,1,H7,483,483,-4.5,-6.79,127,GOOD,GOOD,98.88474000000001,134.245,93.54807,0,0.9055,8/27/2018 20:22
23697,1020,FP9,TOP,4009593237,8/29/2018 13:58,1535550300,TWB_SM3,TWB_PCBA_SM3_TOP_FP,TWB_PCBA_TOP_FP9,1020,TWB_ICT3,TWB_PCBA_ICT,PN-337126,00F7DED8,00F7DED8,PN-337126,00F7DED8,T27,FAILED ANALOG POWERED TEST,PROCESS,94474092,00F7DED8T-20180827162203,U4,1,H9,483,483,-9.41,-10.07,127,GOOD,GOOD,100.7963,138.3564,92.52283,0,0.9055,8/27/2018 20:22
23698,1020,FP9,TOP,4009593237,8/29/2018 13:58,1535550300,TWB_SM3,TWB_PCBA_SM3_TOP_FP,TWB_PCBA_TOP_FP9,1020,TWB_ICT3,TWB_PCBA_ICT,PN-337126,00F7DED8,00F7DED8,PN-337126,00F7DED8,T27,FAILED ANALOG POWERED TEST,PROCESS,94474092,00F7DED8T-20180827162203,U4,1,J1,483,483,-7.98,3.48,127,GOOD,GOOD,98.28265,136.5321,91.42096,0,0.9055,8/27/2018 20:22
23699,1020,FP9,TOP,4009593237,8/29/2018 13:58,1535550300,TWB_SM3,TWB_PCBA_SM3_TOP_FP,TWB_PCBA_TOP_FP9,1020,TWB_ICT3,TWB_PCBA_ICT,PN-337126,00F7DED8,00F7DED8,PN-337126,00F7DED8,T27,FAILED ANALOG POWERED TEST,PROCESS,94474092,00F7DED8T-20180827162203,U4,1,J10,483,483,-4.18,-11.31,127,GOOD,GOOD,103.6959,141.1465,93.30289,0,0.9055,8/27/2018 20:22
23700,1020,FP9,TOP,4009593237,8/29/2018 13:58,1535550300,TWB_SM3,TWB_PCBA_SM3_TOP_FP,TWB_PCBA_TOP_FP9,1020,TWB_ICT3,TWB_PCBA_ICT,PN-337126,00F7DED8,00F7DED8,PN-337126,00F7DED8,T27,FAILED ANALOG POWERED TEST,PROCESS,94474092,00F7DED8T-20180827162203,U4,1,J12,483,483,2.68,5.4,127,GOOD,GOOD,99.61357,134.7452,93.88774000000001,0,0.9055,8/27/2018 20:22
23701,1020,FP9,TOP,4009593237,8/29/2018 13:58,1535550300,TWB_SM3,TWB_PCBA_SM3_TOP_FP,TWB_PCBA_TOP_FP9,1020,TWB_ICT3,TWB_PCBA_ICT,PN-337126,00F7DED8,00F7DED8,PN-337126,00F7DED8,T27,FAILED ANALOG POWERED TEST,PROCESS,94474092,00F7DED8T-20180827162203,U4,1,J14,483,483,3.55,2.11,127,GOOD,GOOD,95.11198,137.0704,88.12418000000001,0,0.9055,8/27/2018 20:22
23702,1020,FP9,TOP,4009593237,8/29/2018 13:58,1535550300,TWB_SM3,TWB_PCBA_SM3_TOP_FP,TWB_PCBA_TOP_FP9,1020,TWB_ICT3,TWB_PCBA_ICT,PN-337126,00F7DED8,00F7DED8,PN-337126,00F7DED8,T27,FAILED ANALOG POWERED TEST,PROCESS,94474092,00F7DED8T-20180827162203,U4,1,J16,483,483,0.3,-1.17,127,GOOD,GOOD,100.0885,138.8595,91.54030999999999,0,0.9055,8/27/2018 20:22
23703,1020,FP9,TOP,4009593237,8/29/2018 13:58,1535550300,TWB_SM3,TWB_PCBA_SM3_TOP_FP,TWB_PCBA_TOP_FP9,1020,TWB_ICT3,TWB_PCBA_ICT,PN-337126,00F7DED8,00F7DED8,PN-337126,00F7DED8,T27,FAILED ANALOG POWERED TEST,PROCESS,94474092,00F7DED8T-20180827162203,U4,1,J3,483,483,-11.24,0.19,127,GOOD,GOOD,104.6742,138.1756,96.20812,0,0.9055,8/27/2018 20:22
23704,1020,FP9,TOP,4009593237,8/29/2018 13:58,1535550300,TWB_SM3,TWB_PCBA_SM3_TOP_FP,TWB_PCBA_TOP_FP9,1020,TWB_ICT3,TWB_PCBA_ICT,PN-337126,00F7DED8,00F7DED8,PN-337126,00F7DED8,T27,FAILED ANALOG POWERED TEST,PROCESS,94474092,00F7DED8T-20180827162203,U4,1,J5,483,483,-3.9,-3.1,127,GOOD,GOOD,97.5386,133.4313,92.83729,0,0.9055,8/27/2018 20:22
23705,1020,FP9,TOP,4009593237,8/29/2018 13:58,1535550300,TWB_SM3,TWB_PCBA_SM3_TOP_FP,TWB_PCBA_TOP_FP9,1020,TWB_ICT3,TWB_PCBA_ICT,PN-337126,00F7DED8,00F7DED8,PN-337126,00F7DED8,T27,FAILED ANALOG POWERED TEST,PROCESS,94474092,00F7DED8T-20180827162203,U4,1,J7,483,483,-5.34,-6.38,127,GOOD,GOOD,101.4767,136.2611,94.5798,0,0.9055,8/27/2018 20:22
23706,1020,FP9,TOP,4009593237,8/29/2018 13:58,1535550300,TWB_SM3,TWB_PCBA_SM3_TOP_FP,TWB_PCBA_TOP_FP9,1020,TWB_ICT3,TWB_PCBA_ICT,PN-337126,00F7DED8,00F7DED8,PN-337126,00F7DED8,T27,FAILED ANALOG POWERED TEST,PROCESS,94474092,00F7DED8T-20180827162203,U4,1,J9,483,483,-3.62,-9.67,127,GOOD,GOOD,100.719,140.1706,91.25534,0,0.9055,8/27/2018 20:22
23707,1020,FP9,TOP,4009593237,8/29/2018 13:58,1535550300,TWB_SM3,TWB_PCBA_SM3_TOP_FP,TWB_PCBA_TOP_FP9,1020,TWB_ICT3,TWB_PCBA_ICT,PN-337126,00F7DED8,00F7DED8,PN-337126,00F7DED8,T27,FAILED ANALOG POWERED TEST,PROCESS,94474092,00F7DED8T-20180827162203,U4,1,K11,483,483,-0.26,-13.53,127,GOOD,GOOD,103.2419,135.4846,96.77644000000001,0,0.9055,8/27/2018 20:22
23708,1020,FP9,TOP,4009593237,8/29/2018 13:58,1535550300,TWB_SM3,TWB_PCBA_SM3_TOP_FP,TWB_PCBA_TOP_FP9,1020,TWB_ICT3,TWB_PCBA_ICT,PN-337126,00F7DED8,00F7DED8,PN-337126,00F7DED8,T27,FAILED ANALOG POWERED TEST,PROCESS,94474092,00F7DED8T-20180827162203,U4,1,K13,483,483,-2.71,3.18,127,GOOD,GOOD,102.9486,138.4853,94.41055,0,0.9055,8/27/2018 20:22
23709,1020,FP9,TOP,4009593237,8/29/2018 13:58,1535550300,TWB_SM3,TWB_PCBA_SM3_TOP_FP,TWB_PCBA_TOP_FP9,1020,TWB_ICT3,TWB_PCBA_ICT,PN-337126,00F7DED8,00F7DED8,PN-337126,00F7DED8,T27,FAILED ANALOG POWERED TEST,PROCESS,94474092,00F7DED8T-20180827162203,U4,1,K15,483,483,2.98,-0.1,127,GOOD,GOOD,102.6733,137.082,95.12196999999999,0,0.9055,8/27/2018 20:22
23710,1020,FP9,TOP,4009593237,8/29/2018 13:58,1535550300,TWB_SM3,TWB_PCBA_SM3_TOP_FP,TWB_PCBA_TOP_FP9,1020,TWB_ICT3,TWB_PCBA_ICT,PN-337126,00F7DED8,00F7DED8,PN-337126,00F7DED8,T27,FAILED ANALOG POWERED TEST,PROCESS,94474092,00F7DED8T-20180827162203,U4,1,K2,483,483,-8.38,1.26,127,GOOD,GOOD,99.11095,136.7555,92.04087,0,0.9055,8/27/2018 20:22
23711,1020,FP9,TOP,4009593237,8/29/2018 13:58,1535550300,TWB_SM3,TWB_PCBA_SM3_TOP_FP,TWB_PCBA_TOP_FP9,1020,TWB_ICT3,TWB_PCBA_ICT,PN-337126,00F7DED8,00F7DED8,PN-337126,00F7DED8,T27,FAILED ANALOG POWERED TEST,PROCESS,94474092,00F7DED8T-20180827162203,U4,1,K4,483,483,-10.81,-2.03,127,GOOD,GOOD,102.4291,138.381,94.00497,0,0.9055,8/27/2018 20:22
23712,1020,FP9,TOP,4009593237,8/29/2018 13:58,1535550300,TWB_SM3,TWB_PCBA_SM3_TOP_FP,TWB_PCBA_TOP_FP9,1020,TWB_ICT3,TWB_PCBA_ICT,PN-337126,00F7DED8,00F7DED8,PN-337126,00F7DED8,T27,FAILED ANALOG POWERED TEST,PROCESS,94474092,00F7DED8T-20180827162203,U4,1,K6,483,483,-2.48,-5.31,127,GOOD,GOOD,98.96600000000001,139.3657,90.18491999999999,0,0.9055,8/27/2018 20:22
23713,1020,FP9,TOP,4009593237,8/29/2018 13:58,1535550300,TWB_SM3,TWB_PCBA_SM3_TOP_FP,TWB_PCBA_TOP_FP9,1020,TWB_ICT3,TWB_PCBA_ICT,PN-337126,00F7DED8,00F7DED8,PN-337126,00F7DED8,T27,FAILED ANALOG POWERED TEST,PROCESS,94474092,00F7DED8T-20180827162203,U4,1,K8,483,483,2.55,-8.6,127,GOOD,GOOD,96.92121999999999,135.6712,90.72665,0,0.9055,8/27/2018 20:22
23714,1020,FP9,TOP,4009593237,8/29/2018 13:58,1535550300,TWB_SM3,TWB_PCBA_SM3_TOP_FP,TWB_PCBA_TOP_FP9,1020,TWB_ICT3,TWB_PCBA_ICT,PN-337126,00F7DED8,00F7DED8,PN-337126,00F7DED8,T27,FAILED ANALOG POWERED TEST,PROCESS,94474092,00F7DED8T-20180827162203,U4,1,L1,483,483,-12.15,4.31,127,GOOD,GOOD,102.2292,140.6087,92.33505,0,0.9055,8/27/2018 20:22
23715,1020,FP9,TOP,4009593237,8/29/2018 13:58,1535550300,TWB_SM3,TWB_PCBA_SM3_TOP_FP,TWB_PCBA_TOP_FP9,1020,TWB_ICT3,TWB_PCBA_ICT,PN-337126,00F7DED8,00F7DED8,PN-337126,00F7DED8,T27,FAILED ANALOG POWERED TEST,PROCESS,94474092,00F7DED8T-20180827162203,U4,1,L10,483,483,-16.75,-10.49,127,GOOD,GOOD,105.7513,142.5688,94.20307,0,0.9055,8/27/2018 20:22
23716,1020,FP9,TOP,4009593237,8/29/2018 13:58,1535550300,TWB_SM3,TWB_PCBA_SM3_TOP_FP,TWB_PCBA_TOP_FP9,1020,TWB_ICT3,TWB_PCBA_ICT,PN-337126,00F7DED8,00F7DED8,PN-337126,00F7DED8,T27,FAILED ANALOG POWERED TEST,PROCESS,94474092,00F7DED8T-20180827162203,U4,1,L12,483,483,-9.06,6.23,127,GOOD,GOOD,96.51496999999999,134.3533,91.23257,0,0.9055,8/27/2018 20:22
23717,1020,FP9,TOP,4009593237,8/29/2018 13:58,1535550300,TWB_SM3,TWB_PCBA_SM3_TOP_FP,TWB_PCBA_TOP_FP9,1020,TWB_ICT3,TWB_PCBA_ICT,PN-337126,00F7DED8,00F7DED8,PN-337126,00F7DED8,T27,FAILED ANALOG POWERED TEST,PROCESS,94474092,00F7DED8T-20180827162203,U4,1,L14,483,483,-15.65,2.94,127,GOOD,GOOD,102.4915,136.4607,95.38586,0,0.9055,8/27/2018 20:22
23718,1020,FP9,TOP,4009593237,8/29/2018 13:58,1535550300,TWB_SM3,TWB_PCBA_SM3_TOP_FP,TWB_PCBA_TOP_FP9,1020,TWB_ICT3,TWB_PCBA_ICT,PN-337126,00F7DED8,00F7DED8,PN-337126,00F7DED8,T27,FAILED ANALOG POWERED TEST,PROCESS,94474092,00F7DED8T-20180827162203,U4,1,L16,483,483,-7.31,-0.34,127,GOOD,GOOD,103.8821,142.269,92.73302,0,0.9055,8/27/2018 20:22
23719,1020,FP9,TOP,4009593237,8/29/2018 13:58,1535550300,TWB_SM3,TWB_PCBA_SM3_TOP_FP,TWB_PCBA_TOP_FP9,1020,TWB_ICT3,TWB_PCBA_ICT,PN-337126,00F7DED8,00F7DED8,PN-337126,00F7DED8,T27,FAILED ANALOG POWERED TEST,PROCESS,94474092,00F7DED8T-20180827162203,U4,1,L3,483,483,-3.81,1.02,127,GOOD,GOOD,104.7781,140.8747,94.4585,0,0.9055,8/27/2018 20:22
23720,1020,FP9,TOP,4009593237,8/29/2018 13:58,1535550300,TWB_SM3,TWB_PCBA_SM3_TOP_FP,TWB_PCBA_TOP_FP9,1020,TWB_ICT3,TWB_PCBA_ICT,PN-337126,00F7DED8,00F7DED8,PN-337126,00F7DED8,T27,FAILED ANALOG POWERED TEST,PROCESS,94474092,00F7DED8T-20180827162203,U4,1,L5,483,483,-7.23,-2.27,127,GOOD,GOOD,99.13525,128.4431,98.02145,0,0.9055,8/27/2018 20:22
23721,1020,FP9,TOP,4009593237,8/29/2018 13:58,1535550300,TWB_SM3,TWB_PCBA_SM3_TOP_FP,TWB_PCBA_TOP_FP9,1020,TWB_ICT3,TWB_PCBA_ICT,PN-337126,00F7DED8,00F7DED8,PN-337126,00F7DED8,T27,FAILED ANALOG POWERED TEST,PROCESS,94474092,00F7DED8T-20180827162203,U4,1,L7,483,483,-1.23,-5.55,127,GOOD,GOOD,101.8608,138.9648,93.09068,0,0.9055,8/27/2018 20:22
23722,1020,FP9,TOP,4009593237,8/29/2018 13:58,1535550300,TWB_SM3,TWB_PCBA_SM3_TOP_FP,TWB_PCBA_TOP_FP9,1020,TWB_ICT3,TWB_PCBA_ICT,PN-337126,00F7DED8,00F7DED8,PN-337126,00F7DED8,T27,FAILED ANALOG POWERED TEST,PROCESS,94474092,00F7DED8T-20180827162203,U4,1,L9,483,483,0.49,-8.84,127,GOOD,GOOD,101.5271,140.1135,92.02494,0,0.9055,8/27/2018 20:22
23723,1020,FP9,TOP,4009593237,8/29/2018 13:58,1535550300,TWB_SM3,TWB_PCBA_SM3_TOP_FP,TWB_PCBA_TOP_FP9,1020,TWB_ICT3,TWB_PCBA_ICT,PN-337126,00F7DED8,00F7DED8,PN-337126,00F7DED8,T27,FAILED ANALOG POWERED TEST,PROCESS,94474092,00F7DED8T-20180827162203,U4,1,M11,483,483,-9.52,-11.7,127,GOOD,GOOD,97.2952,134.9721,91.54845,0,0.9055,8/27/2018 20:22
23724,1020,FP9,TOP,4009593237,8/29/2018 13:58,1535550300,TWB_SM3,TWB_PCBA_SM3_TOP_FP,TWB_PCBA_TOP_FP9,1020,TWB_ICT3,TWB_PCBA_ICT,PN-337126,00F7DED8,00F7DED8,PN-337126,00F7DED8,T27,FAILED ANALOG POWERED TEST,PROCESS,94474092,00F7DED8T-20180827162203,U4,1,M13,483,483,-10.31,5.01,127,GOOD,GOOD,100.2374,143.4336,88.75288,0,0.9055,8/27/2018 20:22
23725,1020,FP9,TOP,4009593237,8/29/2018 13:58,1535550300,TWB_SM3,TWB_PCBA_SM3_TOP_FP,TWB_PCBA_TOP_FP9,1020,TWB_ICT3,TWB_PCBA_ICT,PN-337126,00F7DED8,00F7DED8,PN-337126,00F7DED8,T27,FAILED ANALOG POWERED TEST,PROCESS,94474092,00F7DED8T-20180827162203,U4,1,M15,483,483,-7.11,1.72,127,GOOD,GOOD,107.4727,140.5858,97.08691,0,0.9055,8/27/2018 20:22
23726,1020,FP9,TOP,4009593237,8/29/2018 13:58,1535550300,TWB_SM3,TWB_PCBA_SM3_TOP_FP,TWB_PCBA_TOP_FP9,1020,TWB_ICT3,TWB_PCBA_ICT,PN-337126,00F7DED8,00F7DED8,PN-337126,00F7DED8,T27,FAILED ANALOG POWERED TEST,PROCESS,94474092,00F7DED8T-20180827162203,U4,1,M2,483,483,-0.13,3.09,127,GOOD,GOOD,98.37810999999999,134.5288,92.87246999999999,0,0.9055,8/27/2018 20:22
23727,1020,FP9,TOP,4009593237,8/29/2018 13:58,1535550300,TWB_SM3,TWB_PCBA_SM3_TOP_FP,TWB_PCBA_TOP_FP9,1020,TWB_ICT3,TWB_PCBA_ICT,PN-337126,00F7DED8,00F7DED8,PN-337126,00F7DED8,T27,FAILED ANALOG POWERED TEST,PROCESS,94474092,00F7DED8T-20180827162203,U4,1,M4,483,483,-1.73,-0.2,127,GOOD,GOOD,104.62799999999999,137.5799,96.58211,0,0.9055,8/27/2018 20:22
23728,1020,FP9,TOP,4009593237,8/29/2018 13:58,1535550300,TWB_SM3,TWB_PCBA_SM3_TOP_FP,TWB_PCBA_TOP_FP9,1020,TWB_ICT3,TWB_PCBA_ICT,PN-337126,00F7DED8,00F7DED8,PN-337126,00F7DED8,T27,FAILED ANALOG POWERED TEST,PROCESS,94474092,00F7DED8T-20180827162203,U4,1,M6,483,483,-18.37,-3.48,127,GOOD,GOOD,105.4589,138.7952,96.4967,0,0.9055,8/27/2018 20:22
23729,1020,FP9,TOP,4009593237,8/29/2018 13:58,1535550300,TWB_SM3,TWB_PCBA_SM3_TOP_FP,TWB_PCBA_TOP_FP9,1020,TWB_ICT3,TWB_PCBA_ICT,PN-337126,00F7DED8,00F7DED8,PN-337126,00F7DED8,T27,FAILED ANALOG POWERED TEST,PROCESS,94474092,00F7DED8T-20180827162203,U4,1,M8,483,483,-17.48,-6.77,127,GOOD,GOOD,102.9707,136.092,96.09146,0,0.9055,8/27/2018 20:22
23730,1020,FP9,TOP,4009593237,8/29/2018 13:58,1535550300,TWB_SM3,TWB_PCBA_SM3_TOP_FP,TWB_PCBA_TOP_FP9,1020,TWB_ICT3,TWB_PCBA_ICT,PN-337126,00F7DED8,00F7DED8,PN-337126,00F7DED8,T27,FAILED ANALOG POWERED TEST,PROCESS,94474092,00F7DED8T-20180827162203,U4,1,N1,483,483,-18.93,5.14,127,GOOD,GOOD,100.6581,136.8172,93.43549,0,0.9055,8/27/2018 20:22
23731,1020,FP9,TOP,4009593237,8/29/2018 13:58,1535550300,TWB_SM3,TWB_PCBA_SM3_TOP_FP,TWB_PCBA_TOP_FP9,1020,TWB_ICT3,TWB_PCBA_ICT,PN-337126,00F7DED8,00F7DED8,PN-337126,00F7DED8,T27,FAILED ANALOG POWERED TEST,PROCESS,94474092,00F7DED8T-20180827162203,U4,1,N10,483,483,-7.66,-9.66,127,GOOD,GOOD,102.3013,143.2741,90.68119,0,0.9055,8/27/2018 20:22
23732,1020,FP9,TOP,4009593237,8/29/2018 13:58,1535550300,TWB_SM3,TWB_PCBA_SM3_TOP_FP,TWB_PCBA_TOP_FP9,1020,TWB_ICT3,TWB_PCBA_ICT,PN-337126,00F7DED8,00F7DED8,PN-337126,00F7DED8,T27,FAILED ANALOG POWERED TEST,PROCESS,94474092,00F7DED8T-20180827162203,U4,1,N12,483,483,-5.78,7.06,127,GOOD,GOOD,101.6139,139.7646,92.33359,0,0.9055,8/27/2018 20:22
23733,1020,FP9,TOP,4009593237,8/29/2018 13:58,1535550300,TWB_SM3,TWB_PCBA_SM3_TOP_FP,TWB_PCBA_TOP_FP9,1020,TWB_ICT3,TWB_PCBA_ICT,PN-337126,00F7DED8,00F7DED8,PN-337126,00F7DED8,T27,FAILED ANALOG POWERED TEST,PROCESS,94474092,00F7DED8T-20180827162203,U4,1,N14,483,483,-4.91,3.77,127,GOOD,GOOD,103.8488,135.7038,97.18809,0,0.9055,8/27/2018 20:22
23734,1020,FP9,TOP,4009593237,8/29/2018 13:58,1535550300,TWB_SM3,TWB_PCBA_SM3_TOP_FP,TWB_PCBA_TOP_FP9,1020,TWB_ICT3,TWB_PCBA_ICT,PN-337126,00F7DED8,00F7DED8,PN-337126,00F7DED8,T27,FAILED ANALOG POWERED TEST,PROCESS,94474092,00F7DED8T-20180827162203,U4,1,N16,483,483,-4.02,0.48,127,GOOD,GOOD,99.00971,140.8814,89.25404,0,0.9055,8/27/2018 20:22
23735,1020,FP9,TOP,4009593237,8/29/2018 13:58,1535550300,TWB_SM3,TWB_PCBA_SM3_TOP_FP,TWB_PCBA_TOP_FP9,1020,TWB_ICT3,TWB_PCBA_ICT,PN-337126,00F7DED8,00F7DED8,PN-337126,00F7DED8,T27,FAILED ANALOG POWERED TEST,PROCESS,94474092,00F7DED8T-20180827162203,U4,1,N3,483,483,-16.39,1.85,127,GOOD,GOOD,104.6054,138.7649,95.73668,0,0.9055,8/27/2018 20:22
23736,1020,FP9,TOP,4009593237,8/29/2018 13:58,1535550300,TWB_SM3,TWB_PCBA_SM3_TOP_FP,TWB_PCBA_TOP_FP9,1020,TWB_ICT3,TWB_PCBA_ICT,PN-337126,00F7DED8,00F7DED8,PN-337126,00F7DED8,T27,FAILED ANALOG POWERED TEST,PROCESS,94474092,00F7DED8T-20180827162203,U4,1,N5,483,483,-16.5,-1.44,127,GOOD,GOOD,101.9017,135.9259,95.21003,0,0.9055,8/27/2018 20:22
23737,1020,FP9,TOP,4009593237,8/29/2018 13:58,1535550300,TWB_SM3,TWB_PCBA_SM3_TOP_FP,TWB_PCBA_TOP_FP9,1020,TWB_ICT3,TWB_PCBA_ICT,PN-337126,00F7DED8,00F7DED8,PN-337126,00F7DED8,T27,FAILED ANALOG POWERED TEST,PROCESS,94474092,00F7DED8T-20180827162203,U4,1,N7,483,483,-8.0,-4.72,127,GOOD,GOOD,99.69518000000001,139.4498,90.79460999999999,0,0.9055,8/27/2018 20:22
23738,1020,FP9,TOP,4009593237,8/29/2018 13:58,1535550300,TWB_SM3,TWB_PCBA_SM3_TOP_FP,TWB_PCBA_TOP_FP9,1020,TWB_ICT3,TWB_PCBA_ICT,PN-337126,00F7DED8,00F7DED8,PN-337126,00F7DED8,T27,FAILED ANALOG POWERED TEST,PROCESS,94474092,00F7DED8T-20180827162203,U4,1,N9,483,483,-7.11,-8.01,127,GOOD,GOOD,101.0752,140.9359,91.0808,0,0.9055,8/27/2018 20:22
23739,1020,FP9,TOP,4009593237,8/29/2018 13:58,1535550300,TWB_SM3,TWB_PCBA_SM3_TOP_FP,TWB_PCBA_TOP_FP9,1020,TWB_ICT3,TWB_PCBA_ICT,PN-337126,00F7DED8,00F7DED8,PN-337126,00F7DED8,T27,FAILED ANALOG POWERED TEST,PROCESS,94474092,00F7DED8T-20180827162203,U4,1,P1,483,483,-20.6,5.56,127,GOOD,GOOD,103.4255,135.6968,96.79694,0,0.9055,8/27/2018 20:22
23740,1020,FP9,TOP,4009593237,8/29/2018 13:58,1535550300,TWB_SM3,TWB_PCBA_SM3_TOP_FP,TWB_PCBA_TOP_FP9,1020,TWB_ICT3,TWB_PCBA_ICT,PN-337126,00F7DED8,00F7DED8,PN-337126,00F7DED8,T27,FAILED ANALOG POWERED TEST,PROCESS,94474092,00F7DED8T-20180827162203,U4,1,P10,483,483,-11.82,-9.23,127,GOOD,GOOD,101.9528,140.4603,92.18266,0,0.9055,8/27/2018 20:22
23741,1020,FP9,TOP,4009593237,8/29/2018 13:58,1535550300,TWB_SM3,TWB_PCBA_SM3_TOP_FP,TWB_PCBA_TOP_FP9,1020,TWB_ICT3,TWB_PCBA_ICT,PN-337126,00F7DED8,00F7DED8,PN-337126,00F7DED8,T27,FAILED ANALOG POWERED TEST,PROCESS,94474092,00F7DED8T-20180827162203,U4,1,P12,483,483,-9.11,7.49,127,GOOD,GOOD,103.085,141.7631,92.34979,0,0.9055,8/27/2018 20:22
23742,1020,FP9,TOP,4009593237,8/29/2018 13:58,1535550300,TWB_SM3,TWB_PCBA_SM3_TOP_FP,TWB_PCBA_TOP_FP9,1020,TWB_ICT3,TWB_PCBA_ICT,PN-337126,00F7DED8,00F7DED8,PN-337126,00F7DED8,T27,FAILED ANALOG POWERED TEST,PROCESS,94474092,00F7DED8T-20180827162203,U4,1,P14,483,483,-5.75,4.2,127,GOOD,GOOD,97.60696,138.9531,89.21053,0,0.9055,8/27/2018 20:22
23743,1020,FP9,TOP,4009593237,8/29/2018 13:58,1535550300,TWB_SM3,TWB_PCBA_SM3_TOP_FP,TWB_PCBA_TOP_FP9,1020,TWB_ICT3,TWB_PCBA_ICT,PN-337126,00F7DED8,00F7DED8,PN-337126,00F7DED8,T27,FAILED ANALOG POWERED TEST,PROCESS,94474092,00F7DED8T-20180827162203,U4,1,P16,483,483,-5.69,0.91,127,GOOD,GOOD,101.0234,137.1039,93.57843000000001,0,0.9055,8/27/2018 20:22
23744,1020,FP9,TOP,4009593237,8/29/2018 13:58,1535550300,TWB_SM3,TWB_PCBA_SM3_TOP_FP,TWB_PCBA_TOP_FP9,1020,TWB_ICT3,TWB_PCBA_ICT,PN-337126,00F7DED8,00F7DED8,PN-337126,00F7DED8,T27,FAILED ANALOG POWERED TEST,PROCESS,94474092,00F7DED8T-20180827162203,U4,1,P3,483,483,-15.57,2.28,127,GOOD,GOOD,102.4227,137.8213,94.38081,0,0.9055,8/27/2018 20:22
23745,1020,FP9,TOP,4009593237,8/29/2018 13:58,1535550300,TWB_SM3,TWB_PCBA_SM3_TOP_FP,TWB_PCBA_TOP_FP9,1020,TWB_ICT3,TWB_PCBA_ICT,PN-337126,00F7DED8,00F7DED8,PN-337126,00F7DED8,T27,FAILED ANALOG POWERED TEST,PROCESS,94474092,00F7DED8T-20180827162203,U4,1,P5,483,483,-17.34,-1.01,127,GOOD,GOOD,104.3781,136.7406,96.94278,0,0.9055,8/27/2018 20:22
23746,1020,FP9,TOP,4009593237,8/29/2018 13:58,1535550300,TWB_SM3,TWB_PCBA_SM3_TOP_FP,TWB_PCBA_TOP_FP9,1020,TWB_ICT3,TWB_PCBA_ICT,PN-337126,00F7DED8,00F7DED8,PN-337126,00F7DED8,T27,FAILED ANALOG POWERED TEST,PROCESS,94474092,00F7DED8T-20180827162203,U4,1,P7,483,483,-10.5,-4.3,127,GOOD,GOOD,103.7206,141.474,93.10913000000001,0,0.9055,8/27/2018 20:22
23747,1020,FP9,TOP,4009593237,8/29/2018 13:58,1535550300,TWB_SM3,TWB_PCBA_SM3_TOP_FP,TWB_PCBA_TOP_FP9,1020,TWB_ICT3,TWB_PCBA_ICT,PN-337126,00F7DED8,00F7DED8,PN-337126,00F7DED8,T27,FAILED ANALOG POWERED TEST,PROCESS,94474092,00F7DED8T-20180827162203,U4,1,P9,483,483,-9.61,-7.59,127,GOOD,GOOD,99.30502,143.3466,87.98071,0,0.9055,8/27/2018 20:22
23748,1020,FP9,TOP,4009593237,8/29/2018 13:58,1535550300,TWB_SM3,TWB_PCBA_SM3_TOP_FP,TWB_PCBA_TOP_FP9,1020,TWB_ICT3,TWB_PCBA_ICT,PN-337126,00F7DED8,00F7DED8,PN-337126,00F7DED8,T27,FAILED ANALOG POWERED TEST,PROCESS,94474092,00F7DED8T-20180827162203,U4,1,R1,483,483,-15.64,5.97,127,GOOD,GOOD,102.3639,137.0075,94.88691999999999,0,0.9055,8/27/2018 20:22
23749,1020,FP9,TOP,4009593237,8/29/2018 13:58,1535550300,TWB_SM3,TWB_PCBA_SM3_TOP_FP,TWB_PCBA_TOP_FP9,1020,TWB_ICT3,TWB_PCBA_ICT,PN-337126,00F7DED8,00F7DED8,PN-337126,00F7DED8,T27,FAILED ANALOG POWERED TEST,PROCESS,94474092,00F7DED8T-20180827162203,U4,1,R10,483,483,-11.0,-8.83,127,GOOD,GOOD,102.9482,137.58700000000002,95.02656999999999,0,0.9055,8/27/2018 20:22
23750,1020,FP9,TOP,4009593237,8/29/2018 13:58,1535550300,TWB_SM3,TWB_PCBA_SM3_TOP_FP,TWB_PCBA_TOP_FP9,1020,TWB_ICT3,TWB_PCBA_ICT,PN-337126,00F7DED8,00F7DED8,PN-337126,00F7DED8,T27,FAILED ANALOG POWERED TEST,PROCESS,94474092,00F7DED8T-20180827162203,U4,1,R12,483,483,-2.49,7.89,127,GOOD,GOOD,99.50525999999999,135.6086,93.18856,0,0.9055,8/27/2018 20:22
23751,1020,FP9,TOP,4009593237,8/29/2018 13:58,1535550300,TWB_SM3,TWB_PCBA_SM3_TOP_FP,TWB_PCBA_TOP_FP9,1020,TWB_ICT3,TWB_PCBA_ICT,PN-337126,00F7DED8,00F7DED8,PN-337126,00F7DED8,T27,FAILED ANALOG POWERED TEST,PROCESS,94474092,00F7DED8T-20180827162203,U4,1,R14,483,483,-7.42,4.6,127,GOOD,GOOD,98.00397,134.3429,92.64731,0,0.9055,8/27/2018 20:22
23752,1020,FP9,TOP,4009593237,8/29/2018 13:58,1535550300,TWB_SM3,TWB_PCBA_SM3_TOP_FP,TWB_PCBA_TOP_FP9,1020,TWB_ICT3,TWB_PCBA_ICT,PN-337126,00F7DED8,00F7DED8,PN-337126,00F7DED8,T27,FAILED ANALOG POWERED TEST,PROCESS,94474092,00F7DED8T-20180827162203,U4,1,R16,483,483,-3.22,1.32,127,GOOD,GOOD,98.32343,129.8578,96.15964,0,0.9055,8/27/2018 20:22
23753,1020,FP9,TOP,4009593237,8/29/2018 13:58,1535550300,TWB_SM3,TWB_PCBA_SM3_TOP_FP,TWB_PCBA_TOP_FP9,1020,TWB_ICT3,TWB_PCBA_ICT,PN-337126,00F7DED8,00F7DED8,PN-337126,00F7DED8,T27,FAILED ANALOG POWERED TEST,PROCESS,94474092,00F7DED8T-20180827162203,U4,1,R3,483,483,-16.41,2.68,127,GOOD,GOOD,104.2787,142.6721,92.82404,0,0.9055,8/27/2018 20:22
23754,1020,FP9,TOP,4009593237,8/29/2018 13:58,1535550300,TWB_SM3,TWB_PCBA_SM3_TOP_FP,TWB_PCBA_TOP_FP9,1020,TWB_ICT3,TWB_PCBA_ICT,PN-337126,00F7DED8,00F7DED8,PN-337126,00F7DED8,T27,FAILED ANALOG POWERED TEST,PROCESS,94474092,00F7DED8T-20180827162203,U4,1,R5,483,483,-14.04,-0.61,127,GOOD,GOOD,107.5741,139.8065,97.72012,0,0.9055,8/27/2018 20:22
23755,1020,FP9,TOP,4009593237,8/29/2018 13:58,1535550300,TWB_SM3,TWB_PCBA_SM3_TOP_FP,TWB_PCBA_TOP_FP9,1020,TWB_ICT3,TWB_PCBA_ICT,PN-337126,00F7DED8,00F7DED8,PN-337126,00F7DED8,T27,FAILED ANALOG POWERED TEST,PROCESS,94474092,00F7DED8T-20180827162203,U4,1,R7,483,483,-9.68,-3.89,127,GOOD,GOOD,98.18016,137.8244,90.46935,0,0.9055,8/27/2018 20:22
23756,1020,FP9,TOP,4009593237,8/29/2018 13:58,1535550300,TWB_SM3,TWB_PCBA_SM3_TOP_FP,TWB_PCBA_TOP_FP9,1020,TWB_ICT3,TWB_PCBA_ICT,PN-337126,00F7DED8,00F7DED8,PN-337126,00F7DED8,T27,FAILED ANALOG POWERED TEST,PROCESS,94474092,00F7DED8T-20180827162203,U4,1,R9,483,483,-12.94,-7.18,127,GOOD,GOOD,103.0238,141.2927,92.60223,0,0.9055,8/27/2018 20:22
23757,1020,FP9,TOP,4009593237,8/29/2018 13:58,1535550300,TWB_SM3,TWB_PCBA_SM3_TOP_FP,TWB_PCBA_TOP_FP9,1020,TWB_ICT3,TWB_PCBA_ICT,PN-337126,00F7DED8,00F7DED8,PN-337126,00F7DED8,T27,FAILED ANALOG POWERED TEST,PROCESS,94474092,00F7DED8T-20180827162203,U4,1,T1,483,483,-15.65,6.39,127,GOOD,GOOD,106.185,143.6833,93.85564000000001,0,0.9055,8/27/2018 20:22
23758,1020,FP9,TOP,4009593237,8/29/2018 13:58,1535550300,TWB_SM3,TWB_PCBA_SM3_TOP_FP,TWB_PCBA_TOP_FP9,1020,TWB_ICT3,TWB_PCBA_ICT,PN-337126,00F7DED8,00F7DED8,PN-337126,00F7DED8,T27,FAILED ANALOG POWERED TEST,PROCESS,94474092,00F7DED8T-20180827162203,U4,1,T10,483,483,-12.68,-8.4,127,GOOD,GOOD,104.6249,147.1875,90.27505,0,0.9055,8/27/2018 20:22
23759,1020,FP9,TOP,4009593237,8/29/2018 13:58,1535550300,TWB_SM3,TWB_PCBA_SM3_TOP_FP,TWB_PCBA_TOP_FP9,1020,TWB_ICT3,TWB_PCBA_ICT,PN-337126,00F7DED8,00F7DED8,PN-337126,00F7DED8,T27,FAILED ANALOG POWERED TEST,PROCESS,94474092,00F7DED8T-20180827162203,U4,1,T12,483,483,-3.33,-11.69,127,GOOD,GOOD,95.7473,133.8954,90.81649,0,0.9055,8/27/2018 20:22
23760,1020,FP9,TOP,4009593237,8/29/2018 13:58,1535550300,TWB_SM3,TWB_PCBA_SM3_TOP_FP,TWB_PCBA_TOP_FP9,1020,TWB_ICT3,TWB_PCBA_ICT,PN-337126,00F7DED8,00F7DED8,PN-337126,00F7DED8,T27,FAILED ANALOG POWERED TEST,PROCESS,94474092,00F7DED8T-20180827162203,U4,1,T14,483,483,-7.43,5.03,127,GOOD,GOOD,100.7544,135.9214,94.14126999999999,0,0.9055,8/27/2018 20:22
23761,1020,FP9,TOP,4009593237,8/29/2018 13:58,1535550300,TWB_SM3,TWB_PCBA_SM3_TOP_FP,TWB_PCBA_TOP_FP9,1020,TWB_ICT3,TWB_PCBA_ICT,PN-337126,00F7DED8,00F7DED8,PN-337126,00F7DED8,T27,FAILED ANALOG POWERED TEST,PROCESS,94474092,00F7DED8T-20180827162203,U4,1,T16,483,483,0.91,1.74,127,GOOD,GOOD,100.7992,137.8022,92.89766999999999,0,0.9055,8/27/2018 20:22
23762,1020,FP9,TOP,4009593237,8/29/2018 13:58,1535550300,TWB_SM3,TWB_PCBA_SM3_TOP_FP,TWB_PCBA_TOP_FP9,1020,TWB_ICT3,TWB_PCBA_ICT,PN-337126,00F7DED8,00F7DED8,PN-337126,00F7DED8,T27,FAILED ANALOG POWERED TEST,PROCESS,94474092,00F7DED8T-20180827162203,U4,1,T3,483,483,-13.11,3.11,127,GOOD,GOOD,104.9033,138.8308,95.96373,0,0.9055,8/27/2018 20:22
23763,1020,FP9,TOP,4009593237,8/29/2018 13:58,1535550300,TWB_SM3,TWB_PCBA_SM3_TOP_FP,TWB_PCBA_TOP_FP9,1020,TWB_ICT3,TWB_PCBA_ICT,PN-337126,00F7DED8,00F7DED8,PN-337126,00F7DED8,T27,FAILED ANALOG POWERED TEST,PROCESS,94474092,00F7DED8T-20180827162203,U4,1,T5,483,483,-9.91,-0.19,127,GOOD,GOOD,100.7784,136.9045,93.4875,0,0.9055,8/27/2018 20:22
23764,1020,FP9,TOP,4009593237,8/29/2018 13:58,1535550300,TWB_SM3,TWB_PCBA_SM3_TOP_FP,TWB_PCBA_TOP_FP9,1020,TWB_ICT3,TWB_PCBA_ICT,PN-337126,00F7DED8,00F7DED8,PN-337126,00F7DED8,T27,FAILED ANALOG POWERED TEST,PROCESS,94474092,00F7DED8T-20180827162203,U4,1,T7,483,483,-3.9,-3.47,127,GOOD,GOOD,101.8148,140.0742,92.31165,0,0.9055,8/27/2018 20:22
23765,1020,FP9,TOP,4009593237,8/29/2018 13:58,1535550300,TWB_SM3,TWB_PCBA_SM3_TOP_FP,TWB_PCBA_TOP_FP9,1020,TWB_ICT3,TWB_PCBA_ICT,PN-337126,00F7DED8,00F7DED8,PN-337126,00F7DED8,T27,FAILED ANALOG POWERED TEST,PROCESS,94474092,00F7DED8T-20180827162203,U4,1,T9,483,483,-7.98,-6.76,127,GOOD,GOOD,99.83063,135.3395,93.67918,0,0.9055,8/27/2018 20:22
