,plcng_plant_cd,mach_id,pcb_side_inspd,wo_num,defct_dttm,intrvl_key,plcng_area_cd,plcng_prcs_cd,plcng_wrk_ctr_cd,fndng_plant_cd,fndng_area_cd,fndng_prcs_cd,bld_part_no,bld_serial_no,barcd,assy_part_no,assy_serial_no,defct_cd,failed_test_code,fail_type,cmpnt_part_no,spi_test_id,ref_id,silkscrn_nbr,cmpntpin_nbr,cmpntpin_size_x_axis,cmpntpin_size_y_axis,solder_paste_offst_x_axis,solder_paste_offst_y_axis,pad_stncl_hgt,pad_spi_result,pad_spi_defct_type,solder_paste_vol_pct,solder_paste_hgt,solder_paste_area_pct,pkg_type,stncl_surf_area_ratio,extract_dttm
314,1020,FP9,TOP,4009610126,9/6/2018 9:39,1536226200,TWB_SM3,TWB_PCBA_SM3_TOP_FP,TWB_PCBA_TOP_FP9,1020,TWB_SM3,TWB_PCBA_PASTE_INSPECTION_TOP,PN-337126,00F86E67,00F86E67,PN-337126,00F86E67,T27,,PROCESS,94474092,00F86E67T-20180907113815,U4,1,A14,483,483,-6.19,-3.36,127,GOOD,GOOD,126.5868,183.3407,87.68661999999999,0,0.9055,9/7/2018 15:47
315,1020,FP9,TOP,4009610126,9/6/2018 9:39,1536226200,TWB_SM3,TWB_PCBA_SM3_TOP_FP,TWB_PCBA_TOP_FP9,1020,TWB_SM3,TWB_PCBA_PASTE_INSPECTION_TOP,PN-337126,00F86E67,00F86E67,PN-337126,00F86E67,T27,,PROCESS,94474092,00F86E67T-20180907113815,U4,1,C16,483,483,-1.61,-6.38,127,GOOD,GOOD,138.02200000000002,202.4113,86.59992,0,0.9055,9/7/2018 15:47
316,1020,FP9,TOP,4009610126,9/6/2018 9:39,1536226200,TWB_SM3,TWB_PCBA_SM3_TOP_FP,TWB_PCBA_TOP_FP9,1020,TWB_SM3,TWB_PCBA_PASTE_INSPECTION_TOP,PN-337126,00F86E67,00F86E67,PN-337126,00F86E67,T27,,PROCESS,94474092,00F86E67T-20180907113815,U4,1,N2,483,483,-8.44,3.76,127,GOOD,GOOD,121.3578,164.4261,93.73473,0,0.9055,9/7/2018 15:47
758,1020,FP9,TOP,4009610126,9/6/2018 9:39,1536226200,TWB_SM3,TWB_PCBA_SM3_TOP_FP,TWB_PCBA_TOP_FP9,1020,TWB_SM3,TWB_PCBA_PASTE_INSPECTION_TOP,PN-337126,00F86E67,00F86E67,PN-337126,00F86E67,T27,,PROCESS,94474092,00F86E67T-20180907113815,U4,1,C8,483,483,-4.85,-11.31,127,GOOD,GOOD,129.9222,189.75400000000002,86.95533,0,0.9055,9/7/2018 15:47
759,1020,FP9,TOP,4009610126,9/6/2018 9:39,1536226200,TWB_SM3,TWB_PCBA_SM3_TOP_FP,TWB_PCBA_TOP_FP9,1020,TWB_SM3,TWB_PCBA_PASTE_INSPECTION_TOP,PN-337126,00F86E67,00F86E67,PN-337126,00F86E67,T27,,PROCESS,94474092,00F86E67T-20180907113815,U4,1,H9,483,483,4.98,-11.3,127,GOOD,GOOD,134.4002,172.68099999999998,98.84599,0,0.9055,9/7/2018 15:47
760,1020,FP9,TOP,4009610126,9/6/2018 9:39,1536226200,TWB_SM3,TWB_PCBA_SM3_TOP_FP,TWB_PCBA_TOP_FP9,1020,TWB_SM3,TWB_PCBA_PASTE_INSPECTION_TOP,PN-337126,00F86E67,00F86E67,PN-337126,00F86E67,T27,,PROCESS,94474092,00F86E67T-20180907113815,U4,1,T1,483,483,-3.19,6.79,127,GOOD,GOOD,118.1625,155.0469,96.78771,0,0.9055,9/7/2018 15:47
780,1020,FP9,TOP,4009610126,9/6/2018 9:39,1536226200,TWB_SM3,TWB_PCBA_SM3_TOP_FP,TWB_PCBA_TOP_FP9,1020,TWB_SM3,TWB_PCBA_PASTE_INSPECTION_TOP,PN-337126,00F86E67,00F86E67,PN-337126,00F86E67,T27,,PROCESS,94474092,00F86E67T-20180907113815,U4,1,B11,483,483,-5.51,-0.65,127,GOOD,GOOD,136.8844,186.9546,92.98686,0,0.9055,9/7/2018 15:47
781,1020,FP9,TOP,4009610126,9/6/2018 9:39,1536226200,TWB_SM3,TWB_PCBA_SM3_TOP_FP,TWB_PCBA_TOP_FP9,1020,TWB_SM3,TWB_PCBA_PASTE_INSPECTION_TOP,PN-337126,00F86E67,00F86E67,PN-337126,00F86E67,T27,,PROCESS,94474092,00F86E67T-20180907113815,U4,1,C1,483,483,-7.68,1.05,127,GOOD,GOOD,128.2268,175.1742,92.96345,0,0.9055,9/7/2018 15:47
782,1020,FP9,TOP,4009610126,9/6/2018 9:39,1536226200,TWB_SM3,TWB_PCBA_SM3_TOP_FP,TWB_PCBA_TOP_FP9,1020,TWB_SM3,TWB_PCBA_PASTE_INSPECTION_TOP,PN-337126,00F86E67,00F86E67,PN-337126,00F86E67,T27,,PROCESS,94474092,00F86E67T-20180907113815,U4,1,D13,483,483,-0.95,-3.66,127,GOOD,GOOD,133.1938,178.9038,94.55147,0,0.9055,9/7/2018 15:47
783,1020,FP9,TOP,4009610126,9/6/2018 9:39,1536226200,TWB_SM3,TWB_PCBA_SM3_TOP_FP,TWB_PCBA_TOP_FP9,1020,TWB_SM3,TWB_PCBA_PASTE_INSPECTION_TOP,PN-337126,00F86E67,00F86E67,PN-337126,00F86E67,T27,,PROCESS,94474092,00F86E67T-20180907113815,U4,1,F15,483,483,2.64,-3.36,127,GOOD,GOOD,127.8619,176.3586,92.0764,0,0.9055,9/7/2018 15:47
784,1020,FP9,TOP,4009610126,9/6/2018 9:39,1536226200,TWB_SM3,TWB_PCBA_SM3_TOP_FP,TWB_PCBA_TOP_FP9,1020,TWB_SM3,TWB_PCBA_PASTE_INSPECTION_TOP,PN-337126,00F86E67,00F86E67,PN-337126,00F86E67,T27,,PROCESS,94474092,00F86E67T-20180907113815,U4,1,H2,483,483,-1.99,1.88,127,GOOD,GOOD,125.4758,168.2327,94.72256,0,0.9055,9/7/2018 15:47
785,1020,FP9,TOP,4009610126,9/6/2018 9:39,1536226200,TWB_SM3,TWB_PCBA_SM3_TOP_FP,TWB_PCBA_TOP_FP9,1020,TWB_SM3,TWB_PCBA_PASTE_INSPECTION_TOP,PN-337126,00F86E67,00F86E67,PN-337126,00F86E67,T27,,PROCESS,94474092,00F86E67T-20180907113815,U4,1,M3,483,483,-9.91,1.51,127,GOOD,GOOD,131.3145,183.3884,90.93784000000001,0,0.9055,9/7/2018 15:47
786,1020,FP9,TOP,4009610126,9/6/2018 9:39,1536226200,TWB_SM3,TWB_PCBA_SM3_TOP_FP,TWB_PCBA_TOP_FP9,1020,TWB_SM3,TWB_PCBA_PASTE_INSPECTION_TOP,PN-337126,00F86E67,00F86E67,PN-337126,00F86E67,T27,,PROCESS,94474092,00F86E67T-20180907113815,U4,1,R4,483,483,-3.86,0.75,127,GOOD,GOOD,119.8929,166.6618,91.36105,0,0.9055,9/7/2018 15:47
821,1020,FP9,TOP,4009610126,9/6/2018 9:39,1536226200,TWB_SM3,TWB_PCBA_SM3_TOP_FP,TWB_PCBA_TOP_FP9,1020,TWB_SM3,TWB_PCBA_PASTE_INSPECTION_TOP,PN-337126,00F86E67,00F86E67,PN-337126,00F86E67,T27,,PROCESS,94474092,00F86E67T-20180907113815,U4,1,A11,483,483,-7.39,-6.82,127,GOOD,GOOD,137.6831,184.5744,94.73550999999999,0,0.9055,9/7/2018 15:47
822,1020,FP9,TOP,4009610126,9/6/2018 9:39,1536226200,TWB_SM3,TWB_PCBA_SM3_TOP_FP,TWB_PCBA_TOP_FP9,1020,TWB_SM3,TWB_PCBA_PASTE_INSPECTION_TOP,PN-337126,00F86E67,00F86E67,PN-337126,00F86E67,T27,,PROCESS,94474092,00F86E67T-20180907113815,U4,1,B7,483,483,-7.14,-9.8,127,GOOD,GOOD,133.0983,206.5927,81.82034,0,0.9055,9/7/2018 15:47
823,1020,FP9,TOP,4009610126,9/6/2018 9:39,1536226200,TWB_SM3,TWB_PCBA_SM3_TOP_FP,TWB_PCBA_TOP_FP9,1020,TWB_SM3,TWB_PCBA_PASTE_INSPECTION_TOP,PN-337126,00F86E67,00F86E67,PN-337126,00F86E67,T27,,PROCESS,94474092,00F86E67T-20180907113815,U4,1,C13,483,483,-2.83,-0.72,127,GOOD,GOOD,137.7112,199.3672,87.72417,0,0.9055,9/7/2018 15:47
824,1020,FP9,TOP,4009610126,9/6/2018 9:39,1536226200,TWB_SM3,TWB_PCBA_SM3_TOP_FP,TWB_PCBA_TOP_FP9,1020,TWB_SM3,TWB_PCBA_PASTE_INSPECTION_TOP,PN-337126,00F86E67,00F86E67,PN-337126,00F86E67,T27,,PROCESS,94474092,00F86E67T-20180907113815,U4,1,E15,483,483,0.75,-4.74,127,GOOD,GOOD,146.0128,212.2997,87.34645,0,0.9055,9/7/2018 15:47
825,1020,FP9,TOP,4009610126,9/6/2018 9:39,1536226200,TWB_SM3,TWB_PCBA_SM3_TOP_FP,TWB_PCBA_TOP_FP9,1020,TWB_SM3,TWB_PCBA_PASTE_INSPECTION_TOP,PN-337126,00F86E67,00F86E67,PN-337126,00F86E67,T27,,PROCESS,94474092,00F86E67T-20180907113815,U4,1,G8,483,483,2.69,-8.79,127,GOOD,GOOD,130.1883,156.0038,105.984,0,0.9055,9/7/2018 15:47
826,1020,FP9,TOP,4009610126,9/6/2018 9:39,1536226200,TWB_SM3,TWB_PCBA_SM3_TOP_FP,TWB_PCBA_TOP_FP9,1020,TWB_SM3,TWB_PCBA_PASTE_INSPECTION_TOP,PN-337126,00F86E67,00F86E67,PN-337126,00F86E67,T27,,PROCESS,94474092,00F86E67T-20180907113815,U4,1,L9,483,483,-9.37,-10.18,127,GOOD,GOOD,119.6279,162.6737,93.39399,0,0.9055,9/7/2018 15:47
1991,1020,FP9,TOP,4009610126,9/6/2018 9:39,1536226200,TWB_SM3,TWB_PCBA_SM3_TOP_FP,TWB_PCBA_TOP_FP9,1020,TWB_SM3,TWB_PCBA_PASTE_INSPECTION_TOP,PN-337126,00F86E67,00F86E67,PN-337126,00F86E67,T27,,PROCESS,94474092,00F86E67T-20180907113815,U4,1,A16,483,483,-5.37,-7.13,127,GOOD,GOOD,133.8524,187.0162,90.89721999999999,0,0.9055,9/7/2018 15:47
1992,1020,FP9,TOP,4009610126,9/6/2018 9:39,1536226200,TWB_SM3,TWB_PCBA_SM3_TOP_FP,TWB_PCBA_TOP_FP9,1020,TWB_SM3,TWB_PCBA_PASTE_INSPECTION_TOP,PN-337126,00F86E67,00F86E67,PN-337126,00F86E67,T27,,PROCESS,94474092,00F86E67T-20180907113815,U4,1,D2,483,483,-7.05,-1.28,127,GOOD,GOOD,137.6465,183.0858,95.48038000000001,0,0.9055,9/7/2018 15:47
1993,1020,FP9,TOP,4009610126,9/6/2018 9:39,1536226200,TWB_SM3,TWB_PCBA_SM3_TOP_FP,TWB_PCBA_TOP_FP9,1020,TWB_SM3,TWB_PCBA_PASTE_INSPECTION_TOP,PN-337126,00F86E67,00F86E67,PN-337126,00F86E67,T27,,PROCESS,94474092,00F86E67T-20180907113815,U4,1,N4,483,483,-7.63,-0.01,127,GOOD,GOOD,131.3615,166.3124,100.3107,0,0.9055,9/7/2018 15:47
3950,1020,FP9,TOP,4009610126,9/6/2018 9:39,1536226200,TWB_SM3,TWB_PCBA_SM3_TOP_FP,TWB_PCBA_TOP_FP9,1020,TWB_SM3,TWB_PCBA_PASTE_INSPECTION_TOP,PN-337126,00F86E67,00F86E67,PN-337126,00F86E67,T27,,PROCESS,94474092,00F86E67T-20180907113815,U4,1,B1,483,483,-9.56,-0.98,127,GOOD,GOOD,141.4157,189.185,94.93245999999999,0,0.9055,9/7/2018 15:47
3951,1020,FP9,TOP,4009610126,9/6/2018 9:39,1536226200,TWB_SM3,TWB_PCBA_SM3_TOP_FP,TWB_PCBA_TOP_FP9,1020,TWB_SM3,TWB_PCBA_PASTE_INSPECTION_TOP,PN-337126,00F86E67,00F86E67,PN-337126,00F86E67,T27,,PROCESS,94474092,00F86E67T-20180907113815,U4,1,G11,483,483,3.91,-2.72,127,GOOD,GOOD,143.5517,178.6639,102.0411,0,0.9055,9/7/2018 15:47
3952,1020,FP9,TOP,4009610126,9/6/2018 9:39,1536226200,TWB_SM3,TWB_PCBA_SM3_TOP_FP,TWB_PCBA_TOP_FP9,1020,TWB_SM3,TWB_PCBA_PASTE_INSPECTION_TOP,PN-337126,00F86E67,00F86E67,PN-337126,00F86E67,T27,,PROCESS,94474092,00F86E67T-20180907113815,U4,1,G2,483,483,-5.54,1.69,127,GOOD,GOOD,132.372,174.0267,96.60148000000001,0,0.9055,9/7/2018 15:47
3953,1020,FP9,TOP,4009610126,9/6/2018 9:39,1536226200,TWB_SM3,TWB_PCBA_SM3_TOP_FP,TWB_PCBA_TOP_FP9,1020,TWB_SM3,TWB_PCBA_PASTE_INSPECTION_TOP,PN-337126,00F86E67,00F86E67,PN-337126,00F86E67,T27,,PROCESS,94474092,00F86E67T-20180907113815,U4,1,K15,483,483,-9.83,-2.85,127,GOOD,GOOD,134.4129,187.1567,91.20934,0,0.9055,9/7/2018 15:47
3954,1020,FP9,TOP,4009610126,9/6/2018 9:39,1536226200,TWB_SM3,TWB_PCBA_SM3_TOP_FP,TWB_PCBA_TOP_FP9,1020,TWB_SM3,TWB_PCBA_PASTE_INSPECTION_TOP,PN-337126,00F86E67,00F86E67,PN-337126,00F86E67,T27,,PROCESS,94474092,00F86E67T-20180907113815,U4,1,L3,483,483,0.75,1.12,127,GOOD,GOOD,134.2904,177.2232,96.23391,0,0.9055,9/7/2018 15:47
4887,1020,FP9,TOP,4009610126,9/6/2018 9:39,1536226200,TWB_SM3,TWB_PCBA_SM3_TOP_FP,TWB_PCBA_TOP_FP9,1020,TWB_SM3,TWB_PCBA_PASTE_INSPECTION_TOP,PN-337126,00F86E67,00F86E67,PN-337126,00F86E67,T27,,PROCESS,94474092,00F86E67T-20180907113815,U4,1,D8,483,483,-2.96,-10.93,127,GOOD,GOOD,132.1739,170.3745,98.52464,0,0.9055,9/7/2018 15:47
4888,1020,FP9,TOP,4009610126,9/6/2018 9:39,1536226200,TWB_SM3,TWB_PCBA_SM3_TOP_FP,TWB_PCBA_TOP_FP9,1020,TWB_SM3,TWB_PCBA_PASTE_INSPECTION_TOP,PN-337126,00F86E67,00F86E67,PN-337126,00F86E67,T27,,PROCESS,94474092,00F86E67T-20180907113815,U4,1,P11,483,483,-2.9,7.2,127,GOOD,GOOD,138.0961,178.3972,98.30988,0,0.9055,9/7/2018 15:47
4889,1020,FP9,TOP,4009610126,9/6/2018 9:39,1536226200,TWB_SM3,TWB_PCBA_SM3_TOP_FP,TWB_PCBA_TOP_FP9,1020,TWB_SM3,TWB_PCBA_PASTE_INSPECTION_TOP,PN-337126,00F86E67,00F86E67,PN-337126,00F86E67,T27,,PROCESS,94474092,00F86E67T-20180907113815,U4,1,R13,483,483,-0.22,3.8,127,GOOD,GOOD,132.4945,188.2947,89.36418,0,0.9055,9/7/2018 15:47
4890,1020,FP9,TOP,4009610126,9/6/2018 9:39,1536226200,TWB_SM3,TWB_PCBA_SM3_TOP_FP,TWB_PCBA_TOP_FP9,1020,TWB_SM3,TWB_PCBA_PASTE_INSPECTION_TOP,PN-337126,00F86E67,00F86E67,PN-337126,00F86E67,T27,,PROCESS,94474092,00F86E67T-20180907113815,U4,1,T15,483,483,1.47,0.42,127,GOOD,GOOD,114.281,152.4521,95.20161,0,0.9055,9/7/2018 15:47
4973,1020,FP9,TOP,4009610126,9/6/2018 9:39,1536226200,TWB_SM3,TWB_PCBA_SM3_TOP_FP,TWB_PCBA_TOP_FP9,1020,TWB_SM3,TWB_PCBA_PASTE_INSPECTION_TOP,PN-337126,00F86E67,00F86E67,PN-337126,00F86E67,T27,,PROCESS,94474092,00F86E67T-20180907113815,U4,1,D6,483,483,-3.78,-7.16,127,GOOD,GOOD,136.8451,181.4669,95.77134000000001,0,0.9055,9/7/2018 15:47
4974,1020,FP9,TOP,4009610126,9/6/2018 9:39,1536226200,TWB_SM3,TWB_PCBA_SM3_TOP_FP,TWB_PCBA_TOP_FP9,1020,TWB_SM3,TWB_PCBA_PASTE_INSPECTION_TOP,PN-337126,00F86E67,00F86E67,PN-337126,00F86E67,T27,,PROCESS,94474092,00F86E67T-20180907113815,U4,1,N8,483,483,-6.01,-7.54,127,GOOD,GOOD,127.8884,168.7745,96.23392,0,0.9055,9/7/2018 15:47
4975,1020,FP9,TOP,4009610126,9/6/2018 9:39,1536226200,TWB_SM3,TWB_PCBA_SM3_TOP_FP,TWB_PCBA_TOP_FP9,1020,TWB_SM3,TWB_PCBA_PASTE_INSPECTION_TOP,PN-337126,00F86E67,00F86E67,PN-337126,00F86E67,T27,,PROCESS,94474092,00F86E67T-20180907113815,U4,1,R11,483,483,-1.02,7.56,127,GOOD,GOOD,123.5042,173.8993,90.19609,0,0.9055,9/7/2018 15:47
4976,1020,FP9,TOP,4009610126,9/6/2018 9:39,1536226200,TWB_SM3,TWB_PCBA_SM3_TOP_FP,TWB_PCBA_TOP_FP9,1020,TWB_SM3,TWB_PCBA_PASTE_INSPECTION_TOP,PN-337126,00F86E67,00F86E67,PN-337126,00F86E67,T27,,PROCESS,94474092,00F86E67T-20180907113815,U4,1,T13,483,483,1.66,4.19,127,GOOD,GOOD,122.794,166.9808,93.39301999999999,0,0.9055,9/7/2018 15:47
5417,1020,FP9,TOP,4009610126,9/6/2018 9:39,1536226200,TWB_SM3,TWB_PCBA_SM3_TOP_FP,TWB_PCBA_TOP_FP9,1020,TWB_SM3,TWB_PCBA_PASTE_INSPECTION_TOP,PN-337126,00F86E67,00F86E67,PN-337126,00F86E67,T27,,PROCESS,94474092,00F86E67T-20180907113815,U4,1,A13,483,483,-6.6,-3.96,127,GOOD,GOOD,126.6784,174.0465,92.436,0,0.9055,9/7/2018 15:47
5418,1020,FP9,TOP,4009610126,9/6/2018 9:39,1536226200,TWB_SM3,TWB_PCBA_SM3_TOP_FP,TWB_PCBA_TOP_FP9,1020,TWB_SM3,TWB_PCBA_PASTE_INSPECTION_TOP,PN-337126,00F86E67,00F86E67,PN-337126,00F86E67,T27,,PROCESS,94474092,00F86E67T-20180907113815,U4,1,B9,483,483,-6.32,-1.85,127,GOOD,GOOD,139.6848,190.3526,93.1953,0,0.9055,9/7/2018 15:47
5419,1020,FP9,TOP,4009610126,9/6/2018 9:39,1536226200,TWB_SM3,TWB_PCBA_SM3_TOP_FP,TWB_PCBA_TOP_FP9,1020,TWB_SM3,TWB_PCBA_PASTE_INSPECTION_TOP,PN-337126,00F86E67,00F86E67,PN-337126,00F86E67,T27,,PROCESS,94474092,00F86E67T-20180907113815,U4,1,C15,483,483,-3.02,-4.49,127,GOOD,GOOD,137.5038,191.7306,91.08081999999999,0,0.9055,9/7/2018 15:47
5420,1020,FP9,TOP,4009610126,9/6/2018 9:39,1536226200,TWB_SM3,TWB_PCBA_SM3_TOP_FP,TWB_PCBA_TOP_FP9,1020,TWB_SM3,TWB_PCBA_PASTE_INSPECTION_TOP,PN-337126,00F86E67,00F86E67,PN-337126,00F86E67,T27,,PROCESS,94474092,00F86E67T-20180907113815,U4,1,N1,483,483,-8.84,5.64,127,GOOD,GOOD,126.2013,167.6909,95.57804,0,0.9055,9/7/2018 15:47
5521,1020,FP9,TOP,4009610126,9/6/2018 9:39,1536226200,TWB_SM3,TWB_PCBA_SM3_TOP_FP,TWB_PCBA_TOP_FP9,1020,TWB_SM3,TWB_PCBA_PASTE_INSPECTION_TOP,PN-337126,00F86E67,00F86E67,PN-337126,00F86E67,T27,,PROCESS,94474092,00F86E67T-20180907113815,U4,1,D3,483,483,-4.98,-1.51,127,GOOD,GOOD,135.3669,192.2213,89.43649,0,0.9055,9/7/2018 15:47
5522,1020,FP9,TOP,4009610126,9/6/2018 9:39,1536226200,TWB_SM3,TWB_PCBA_SM3_TOP_FP,TWB_PCBA_TOP_FP9,1020,TWB_SM3,TWB_PCBA_PASTE_INSPECTION_TOP,PN-337126,00F86E67,00F86E67,PN-337126,00F86E67,T27,,PROCESS,94474092,00F86E67T-20180907113815,U4,1,N5,483,483,-8.21,-1.89,127,GOOD,GOOD,121.4183,159.2652,96.82041,0,0.9055,9/7/2018 15:47
5523,1020,FP9,TOP,4009610126,9/6/2018 9:39,1536226200,TWB_SM3,TWB_PCBA_SM3_TOP_FP,TWB_PCBA_TOP_FP9,1020,TWB_SM3,TWB_PCBA_PASTE_INSPECTION_TOP,PN-337126,00F86E67,00F86E67,PN-337126,00F86E67,T27,,PROCESS,94474092,00F86E67T-20180907113815,U4,1,T10,483,483,-0.54,-10.17,127,GOOD,GOOD,120.0441,155.8142,97.84475,0,0.9055,9/7/2018 15:47
6824,1020,FP9,TOP,4009610126,9/6/2018 9:39,1536226200,TWB_SM3,TWB_PCBA_SM3_TOP_FP,TWB_PCBA_TOP_FP9,1020,TWB_SM3,TWB_PCBA_PASTE_INSPECTION_TOP,PN-337126,00F86E67,00F86E67,PN-337126,00F86E67,T27,,PROCESS,94474092,00F86E67T-20180907113815,U4,1,D7,483,483,-3.37,-9.05,127,GOOD,GOOD,134.5882,185.1281,92.32908,0,0.9055,9/7/2018 15:47
6825,1020,FP9,TOP,4009610126,9/6/2018 9:39,1536226200,TWB_SM3,TWB_PCBA_SM3_TOP_FP,TWB_PCBA_TOP_FP9,1020,TWB_SM3,TWB_PCBA_PASTE_INSPECTION_TOP,PN-337126,00F86E67,00F86E67,PN-337126,00F86E67,T27,,PROCESS,94474092,00F86E67T-20180907113815,U4,1,N9,483,483,-5.6,-9.43,127,GOOD,GOOD,124.2212,166.9334,94.50531,0,0.9055,9/7/2018 15:47
6826,1020,FP9,TOP,4009610126,9/6/2018 9:39,1536226200,TWB_SM3,TWB_PCBA_SM3_TOP_FP,TWB_PCBA_TOP_FP9,1020,TWB_SM3,TWB_PCBA_PASTE_INSPECTION_TOP,PN-337126,00F86E67,00F86E67,PN-337126,00F86E67,T27,,PROCESS,94474092,00F86E67T-20180907113815,U4,1,P10,483,483,-4.31,-10.92,127,GOOD,GOOD,130.6662,161.1476,102.9777,0,0.9055,9/7/2018 15:47
6827,1020,FP9,TOP,4009610126,9/6/2018 9:39,1536226200,TWB_SM3,TWB_PCBA_SM3_TOP_FP,TWB_PCBA_TOP_FP9,1020,TWB_SM3,TWB_PCBA_PASTE_INSPECTION_TOP,PN-337126,00F86E67,00F86E67,PN-337126,00F86E67,T27,,PROCESS,94474092,00F86E67T-20180907113815,U4,1,R12,483,483,-0.61,5.68,127,GOOD,GOOD,115.8142,149.5388,98.35840999999999,0,0.9055,9/7/2018 15:47
6828,1020,FP9,TOP,4009610126,9/6/2018 9:39,1536226200,TWB_SM3,TWB_PCBA_SM3_TOP_FP,TWB_PCBA_TOP_FP9,1020,TWB_SM3,TWB_PCBA_PASTE_INSPECTION_TOP,PN-337126,00F86E67,00F86E67,PN-337126,00F86E67,T27,,PROCESS,94474092,00F86E67T-20180907113815,U4,1,T14,483,483,2.07,2.3,127,GOOD,GOOD,120.4534,172.8198,88.51751999999999,0,0.9055,9/7/2018 15:47
8330,1020,FP9,TOP,4009610126,9/6/2018 9:39,1536226200,TWB_SM3,TWB_PCBA_SM3_TOP_FP,TWB_PCBA_TOP_FP9,1020,TWB_SM3,TWB_PCBA_PASTE_INSPECTION_TOP,PN-337126,00F86E67,00F86E67,PN-337126,00F86E67,T27,,PROCESS,94474092,00F86E67T-20180907113815,U4,1,E3,483,483,-8.9,-2.13,127,GOOD,GOOD,133.1643,168.90400000000002,100.1271,0,0.9055,9/7/2018 15:47
8331,1020,FP9,TOP,4009610126,9/6/2018 9:39,1536226200,TWB_SM3,TWB_PCBA_SM3_TOP_FP,TWB_PCBA_TOP_FP9,1020,TWB_SM3,TWB_PCBA_PASTE_INSPECTION_TOP,PN-337126,00F86E67,00F86E67,PN-337126,00F86E67,T27,,PROCESS,94474092,00F86E67T-20180907113815,U4,1,J4,483,483,4.84,-1.52,127,GOOD,GOOD,131.0942,168.021,99.08863000000001,0,0.9055,9/7/2018 15:47
8332,1020,FP9,TOP,4009610126,9/6/2018 9:39,1536226200,TWB_SM3,TWB_PCBA_SM3_TOP_FP,TWB_PCBA_TOP_FP9,1020,TWB_SM3,TWB_PCBA_PASTE_INSPECTION_TOP,PN-337126,00F86E67,00F86E67,PN-337126,00F86E67,T27,,PROCESS,94474092,00F86E67T-20180907113815,U4,1,T6,483,483,-1.17,-2.63,127,GOOD,GOOD,109.7994,150.7823,92.48111999999999,0,0.9055,9/7/2018 15:47
8961,1020,FP9,TOP,4009610126,9/6/2018 9:39,1536226200,TWB_SM3,TWB_PCBA_SM3_TOP_FP,TWB_PCBA_TOP_FP9,1020,TWB_SM3,TWB_PCBA_PASTE_INSPECTION_TOP,PN-337126,00F86E67,00F86E67,PN-337126,00F86E67,T27,,PROCESS,94474092,00F86E67T-20180907113815,U4,1,E9,483,483,-0.67,-13.44,127,GOOD,GOOD,138.7409,176.62900000000002,99.75764000000001,0,0.9055,9/7/2018 15:47
8962,1020,FP9,TOP,4009610126,9/6/2018 9:39,1536226200,TWB_SM3,TWB_PCBA_SM3_TOP_FP,TWB_PCBA_TOP_FP9,1020,TWB_SM3,TWB_PCBA_PASTE_INSPECTION_TOP,PN-337126,00F86E67,00F86E67,PN-337126,00F86E67,T27,,PROCESS,94474092,00F86E67T-20180907113815,U4,1,K12,483,483,9.97,2.8,127,GOOD,GOOD,118.5067,156.2324,96.33310999999999,0,0.9055,9/7/2018 15:47
8963,1020,FP9,TOP,4009610126,9/6/2018 9:39,1536226200,TWB_SM3,TWB_PCBA_SM3_TOP_FP,TWB_PCBA_TOP_FP9,1020,TWB_SM3,TWB_PCBA_PASTE_INSPECTION_TOP,PN-337126,00F86E67,00F86E67,PN-337126,00F86E67,T27,,PROCESS,94474092,00F86E67T-20180907113815,U4,1,M14,483,483,-5.47,0.79,127,GOOD,GOOD,122.4754,165.8959,93.75985,0,0.9055,9/7/2018 15:47
9089,1020,FP9,TOP,4009610126,9/6/2018 9:39,1536226200,TWB_SM3,TWB_PCBA_SM3_TOP_FP,TWB_PCBA_TOP_FP9,1020,TWB_SM3,TWB_PCBA_PASTE_INSPECTION_TOP,PN-337126,00F86E67,00F86E67,PN-337126,00F86E67,T27,,PROCESS,94474092,00F86E67T-20180907113815,U4,1,A3,483,483,-10.64,-3.47,127,GOOD,GOOD,134.876,182.7256,93.74304000000001,0,0.9055,9/7/2018 15:47
9090,1020,FP9,TOP,4009610126,9/6/2018 9:39,1536226200,TWB_SM3,TWB_PCBA_SM3_TOP_FP,TWB_PCBA_TOP_FP9,1020,TWB_SM3,TWB_PCBA_PASTE_INSPECTION_TOP,PN-337126,00F86E67,00F86E67,PN-337126,00F86E67,T27,,PROCESS,94474092,00F86E67T-20180907113815,U4,1,F4,483,483,-4.95,-2.64,127,GOOD,GOOD,141.4985,188.2862,95.44147,0,0.9055,9/7/2018 15:47
9091,1020,FP9,TOP,4009610126,9/6/2018 9:39,1536226200,TWB_SM3,TWB_PCBA_SM3_TOP_FP,TWB_PCBA_TOP_FP9,1020,TWB_SM3,TWB_PCBA_PASTE_INSPECTION_TOP,PN-337126,00F86E67,00F86E67,PN-337126,00F86E67,T27,,PROCESS,94474092,00F86E67T-20180907113815,U4,1,J11,483,483,7.68,-2.16,127,GOOD,GOOD,146.6544,178.7368,104.2041,0,0.9055,9/7/2018 15:47
9092,1020,FP9,TOP,4009610126,9/6/2018 9:39,1536226200,TWB_SM3,TWB_PCBA_SM3_TOP_FP,TWB_PCBA_TOP_FP9,1020,TWB_SM3,TWB_PCBA_PASTE_INSPECTION_TOP,PN-337126,00F86E67,00F86E67,PN-337126,00F86E67,T27,,PROCESS,94474092,00F86E67T-20180907113815,U4,1,K5,483,483,2.0,-4.01,127,GOOD,GOOD,117.5829,156.3181,95.52975,0,0.9055,9/7/2018 15:47
9093,1020,FP9,TOP,4009610126,9/6/2018 9:39,1536226200,TWB_SM3,TWB_PCBA_SM3_TOP_FP,TWB_PCBA_TOP_FP9,1020,TWB_SM3,TWB_PCBA_PASTE_INSPECTION_TOP,PN-337126,00F86E67,00F86E67,PN-337126,00F86E67,T27,,PROCESS,94474092,00F86E67T-20180907113815,U4,1,L13,483,483,-7.76,2.29,127,GOOD,GOOD,130.4956,178.1088,93.0495,0,0.9055,9/7/2018 15:47
9094,1020,FP9,TOP,4009610126,9/6/2018 9:39,1536226200,TWB_SM3,TWB_PCBA_SM3_TOP_FP,TWB_PCBA_TOP_FP9,1020,TWB_SM3,TWB_PCBA_PASTE_INSPECTION_TOP,PN-337126,00F86E67,00F86E67,PN-337126,00F86E67,T27,,PROCESS,94474092,00F86E67T-20180907113815,U4,1,N15,483,483,-4.18,-0.73,127,GOOD,GOOD,120.1397,169.4481,90.04375,0,0.9055,9/7/2018 15:47
9095,1020,FP9,TOP,4009610126,9/6/2018 9:39,1536226200,TWB_SM3,TWB_PCBA_SM3_TOP_FP,TWB_PCBA_TOP_FP9,1020,TWB_SM3,TWB_PCBA_PASTE_INSPECTION_TOP,PN-337126,00F86E67,00F86E67,PN-337126,00F86E67,T27,,PROCESS,94474092,00F86E67T-20180907113815,U4,1,P6,483,483,-4.94,-3.39,127,GOOD,GOOD,132.8787,173.4535,97.29177,0,0.9055,9/7/2018 15:47
10116,1020,FP9,TOP,4009610126,9/6/2018 9:39,1536226200,TWB_SM3,TWB_PCBA_SM3_TOP_FP,TWB_PCBA_TOP_FP9,1020,TWB_SM3,TWB_PCBA_PASTE_INSPECTION_TOP,PN-337126,00F86E67,00F86E67,PN-337126,00F86E67,T27,,PROCESS,94474092,00F86E67T-20180907113815,U4,1,B14,483,483,-4.3,-2.98,127,GOOD,GOOD,129.8861,182.4064,90.43287,0,0.9055,9/7/2018 15:47
10117,1020,FP9,TOP,4009610126,9/6/2018 9:39,1536226200,TWB_SM3,TWB_PCBA_SM3_TOP_FP,TWB_PCBA_TOP_FP9,1020,TWB_SM3,TWB_PCBA_PASTE_INSPECTION_TOP,PN-337126,00F86E67,00F86E67,PN-337126,00F86E67,T27,,PROCESS,94474092,00F86E67T-20180907113815,U4,1,C4,483,483,-6.46,-3.77,127,GOOD,GOOD,132.8187,177.6449,94.95331999999999,0,0.9055,9/7/2018 15:47
10118,1020,FP9,TOP,4009610126,9/6/2018 9:39,1536226200,TWB_SM3,TWB_PCBA_SM3_TOP_FP,TWB_PCBA_TOP_FP9,1020,TWB_SM3,TWB_PCBA_PASTE_INSPECTION_TOP,PN-337126,00F86E67,00F86E67,PN-337126,00F86E67,T27,,PROCESS,94474092,00F86E67T-20180907113815,U4,1,D16,483,483,0.28,-6.0,127,GOOD,GOOD,131.0343,174.2089,95.52526999999999,0,0.9055,9/7/2018 15:47
10119,1020,FP9,TOP,4009610126,9/6/2018 9:39,1536226200,TWB_SM3,TWB_PCBA_SM3_TOP_FP,TWB_PCBA_TOP_FP9,1020,TWB_SM3,TWB_PCBA_PASTE_INSPECTION_TOP,PN-337126,00F86E67,00F86E67,PN-337126,00F86E67,T27,,PROCESS,94474092,00F86E67T-20180907113815,U4,1,H5,483,483,2.37,-3.77,127,GOOD,GOOD,120.8667,157.5746,97.41463,0,0.9055,9/7/2018 15:47
10120,1020,FP9,TOP,4009610126,9/6/2018 9:39,1536226200,TWB_SM3,TWB_PCBA_SM3_TOP_FP,TWB_PCBA_TOP_FP9,1020,TWB_SM3,TWB_PCBA_PASTE_INSPECTION_TOP,PN-337126,00F86E67,00F86E67,PN-337126,00F86E67,T27,,PROCESS,94474092,00F86E67T-20180907113815,U4,1,M6,483,483,-8.71,-4.14,127,GOOD,GOOD,128.4412,164.4996,99.16150999999999,0,0.9055,9/7/2018 15:47
10121,1020,FP9,TOP,4009610126,9/6/2018 9:39,1536226200,TWB_SM3,TWB_PCBA_SM3_TOP_FP,TWB_PCBA_TOP_FP9,1020,TWB_SM3,TWB_PCBA_PASTE_INSPECTION_TOP,PN-337126,00F86E67,00F86E67,PN-337126,00F86E67,T27,,PROCESS,94474092,00F86E67T-20180907113815,U4,1,R7,483,483,-5.14,-4.9,127,GOOD,GOOD,127.529,169.7808,95.39461999999999,0,0.9055,9/7/2018 15:47
10453,1020,FP9,TOP,4009610126,9/6/2018 9:39,1536226200,TWB_SM3,TWB_PCBA_SM3_TOP_FP,TWB_PCBA_TOP_FP9,1020,TWB_SM3,TWB_PCBA_PASTE_INSPECTION_TOP,PN-337126,00F86E67,00F86E67,PN-337126,00F86E67,T27,,PROCESS,94474092,00F86E67T-20180907113815,U4,1,J1,483,483,-3.83,4.13,127,GOOD,GOOD,122.5114,162.141,95.95936999999999,0,0.9055,9/7/2018 15:47
10454,1020,FP9,TOP,4009610126,9/6/2018 9:39,1536226200,TWB_SM3,TWB_PCBA_SM3_TOP_FP,TWB_PCBA_TOP_FP9,1020,TWB_SM3,TWB_PCBA_PASTE_INSPECTION_TOP,PN-337126,00F86E67,00F86E67,PN-337126,00F86E67,T27,,PROCESS,94474092,00F86E67T-20180907113815,U4,1,T3,483,483,-6.52,3.02,127,GOOD,GOOD,127.4034,170.8859,94.68445,0,0.9055,9/7/2018 15:47
10575,1020,FP9,TOP,4009610126,9/6/2018 9:39,1536226200,TWB_SM3,TWB_PCBA_SM3_TOP_FP,TWB_PCBA_TOP_FP9,1020,TWB_SM3,TWB_PCBA_PASTE_INSPECTION_TOP,PN-337126,00F86E67,00F86E67,PN-337126,00F86E67,T27,,PROCESS,94474092,00F86E67T-20180907113815,U4,1,A2,483,483,-11.04,-0.76,127,GOOD,GOOD,129.1639,178.6324,91.83,0,0.9055,9/7/2018 15:47
10576,1020,FP9,TOP,4009610126,9/6/2018 9:39,1536226200,TWB_SM3,TWB_PCBA_SM3_TOP_FP,TWB_PCBA_TOP_FP9,1020,TWB_SM3,TWB_PCBA_PASTE_INSPECTION_TOP,PN-337126,00F86E67,00F86E67,PN-337126,00F86E67,T27,,PROCESS,94474092,00F86E67T-20180907113815,U4,1,F3,483,483,-7.84,-4.9,127,GOOD,GOOD,137.8194,180.9449,96.73143,0,0.9055,9/7/2018 15:47
10577,1020,FP9,TOP,4009610126,9/6/2018 9:39,1536226200,TWB_SM3,TWB_PCBA_SM3_TOP_FP,TWB_PCBA_TOP_FP9,1020,TWB_SM3,TWB_PCBA_PASTE_INSPECTION_TOP,PN-337126,00F86E67,00F86E67,PN-337126,00F86E67,T27,,PROCESS,94474092,00F86E67T-20180907113815,U4,1,J10,483,483,6.27,0.55,127,GOOD,GOOD,137.3297,166.8801,104.5114,0,0.9055,9/7/2018 15:47
10578,1020,FP9,TOP,4009610126,9/6/2018 9:39,1536226200,TWB_SM3,TWB_PCBA_SM3_TOP_FP,TWB_PCBA_TOP_FP9,1020,TWB_SM3,TWB_PCBA_PASTE_INSPECTION_TOP,PN-337126,00F86E67,00F86E67,PN-337126,00F86E67,T27,,PROCESS,94474092,00F86E67T-20180907113815,U4,1,K4,483,483,0.1,-2.13,127,GOOD,GOOD,131.4647,164.3555,101.5848,0,0.9055,9/7/2018 15:47
10579,1020,FP9,TOP,4009610126,9/6/2018 9:39,1536226200,TWB_SM3,TWB_PCBA_SM3_TOP_FP,TWB_PCBA_TOP_FP9,1020,TWB_SM3,TWB_PCBA_PASTE_INSPECTION_TOP,PN-337126,00F86E67,00F86E67,PN-337126,00F86E67,T27,,PROCESS,94474092,00F86E67T-20180907113815,U4,1,L12,483,483,-8.15,4.17,127,GOOD,GOOD,118.1577,154.5151,97.1169,0,0.9055,9/7/2018 15:47
10580,1020,FP9,TOP,4009610126,9/6/2018 9:39,1536226200,TWB_SM3,TWB_PCBA_SM3_TOP_FP,TWB_PCBA_TOP_FP9,1020,TWB_SM3,TWB_PCBA_PASTE_INSPECTION_TOP,PN-337126,00F86E67,00F86E67,PN-337126,00F86E67,T27,,PROCESS,94474092,00F86E67T-20180907113815,U4,1,N14,483,483,-3.58,1.15,127,GOOD,GOOD,130.4774,166.0132,99.81515,0,0.9055,9/7/2018 15:47
10581,1020,FP9,TOP,4009610126,9/6/2018 9:39,1536226200,TWB_SM3,TWB_PCBA_SM3_TOP_FP,TWB_PCBA_TOP_FP9,1020,TWB_SM3,TWB_PCBA_PASTE_INSPECTION_TOP,PN-337126,00F86E67,00F86E67,PN-337126,00F86E67,T27,,PROCESS,94474092,00F86E67T-20180907113815,U4,1,P16,483,483,-0.89,-2.22,127,GOOD,GOOD,123.7166,168.3773,93.31433,0,0.9055,9/7/2018 15:47
10582,1020,FP9,TOP,4009610126,9/6/2018 9:39,1536226200,TWB_SM3,TWB_PCBA_SM3_TOP_FP,TWB_PCBA_TOP_FP9,1020,TWB_SM3,TWB_PCBA_PASTE_INSPECTION_TOP,PN-337126,00F86E67,00F86E67,PN-337126,00F86E67,T27,,PROCESS,94474092,00F86E67T-20180907113815,U4,1,P5,483,483,-6.33,-1.5,127,GOOD,GOOD,128.0517,170.8488,95.18688,0,0.9055,9/7/2018 15:47
11228,1020,FP9,TOP,4009610126,9/6/2018 9:39,1536226200,TWB_SM3,TWB_PCBA_SM3_TOP_FP,TWB_PCBA_TOP_FP9,1020,TWB_SM3,TWB_PCBA_PASTE_INSPECTION_TOP,PN-337126,00F86E67,00F86E67,PN-337126,00F86E67,T27,,PROCESS,94474092,00F86E67T-20180907113815,U4,1,D4,483,483,-8.72,-7.54,127,GOOD,GOOD,132.6422,171.8484,98.02566999999999,0,0.9055,9/7/2018 15:47
11229,1020,FP9,TOP,4009610126,9/6/2018 9:39,1536226200,TWB_SM3,TWB_PCBA_SM3_TOP_FP,TWB_PCBA_TOP_FP9,1020,TWB_SM3,TWB_PCBA_PASTE_INSPECTION_TOP,PN-337126,00F86E67,00F86E67,PN-337126,00F86E67,T27,,PROCESS,94474092,00F86E67T-20180907113815,U4,1,N6,483,483,-6.83,-3.77,127,GOOD,GOOD,133.8368,172.4023,98.59073000000001,0,0.9055,9/7/2018 15:47
11230,1020,FP9,TOP,4009610126,9/6/2018 9:39,1536226200,TWB_SM3,TWB_PCBA_SM3_TOP_FP,TWB_PCBA_TOP_FP9,1020,TWB_SM3,TWB_PCBA_PASTE_INSPECTION_TOP,PN-337126,00F86E67,00F86E67,PN-337126,00F86E67,T27,,PROCESS,94474092,00F86E67T-20180907113815,U4,1,T11,483,483,0.86,7.95,127,GOOD,GOOD,110.7544,149.2462,94.24566999999999,0,0.9055,9/7/2018 15:47
11281,1020,FP9,TOP,4009610126,9/6/2018 9:39,1536226200,TWB_SM3,TWB_PCBA_SM3_TOP_FP,TWB_PCBA_TOP_FP9,1020,TWB_SM3,TWB_PCBA_PASTE_INSPECTION_TOP,PN-337126,00F86E67,00F86E67,PN-337126,00F86E67,T27,,PROCESS,94474092,00F86E67T-20180907113815,U4,1,A1,483,483,1.1,1.13,127,GOOD,GOOD,134.9113,185.9409,92.14616,0,0.9055,9/7/2018 15:47
11282,1020,FP9,TOP,4009610126,9/6/2018 9:39,1536226200,TWB_SM3,TWB_PCBA_SM3_TOP_FP,TWB_PCBA_TOP_FP9,1020,TWB_SM3,TWB_PCBA_PASTE_INSPECTION_TOP,PN-337126,00F86E67,00F86E67,PN-337126,00F86E67,T27,,PROCESS,94474092,00F86E67T-20180907113815,U4,1,F2,483,483,-4.93,1.13,127,GOOD,GOOD,130.9444,173.1757,96.02928,0,0.9055,9/7/2018 15:47
11283,1020,FP9,TOP,4009610126,9/6/2018 9:39,1536226200,TWB_SM3,TWB_PCBA_SM3_TOP_FP,TWB_PCBA_TOP_FP9,1020,TWB_SM3,TWB_PCBA_PASTE_INSPECTION_TOP,PN-337126,00F86E67,00F86E67,PN-337126,00F86E67,T27,,PROCESS,94474092,00F86E67T-20180907113815,U4,1,K3,483,483,-1.96,-0.24,127,GOOD,GOOD,129.4685,168.0549,97.84007,0,0.9055,9/7/2018 15:47
11284,1020,FP9,TOP,4009610126,9/6/2018 9:39,1536226200,TWB_SM3,TWB_PCBA_SM3_TOP_FP,TWB_PCBA_TOP_FP9,1020,TWB_SM3,TWB_PCBA_PASTE_INSPECTION_TOP,PN-337126,00F86E67,00F86E67,PN-337126,00F86E67,T27,,PROCESS,94474092,00F86E67T-20180907113815,U4,1,L11,483,483,-8.56,6.05,127,GOOD,GOOD,123.5504,164.482,95.39587,0,0.9055,9/7/2018 15:47
11285,1020,FP9,TOP,4009610126,9/6/2018 9:39,1536226200,TWB_SM3,TWB_PCBA_SM3_TOP_FP,TWB_PCBA_TOP_FP9,1020,TWB_SM3,TWB_PCBA_PASTE_INSPECTION_TOP,PN-337126,00F86E67,00F86E67,PN-337126,00F86E67,T27,,PROCESS,94474092,00F86E67T-20180907113815,U4,1,N13,483,483,-3.99,3.04,127,GOOD,GOOD,118.6917,150.257,100.3204,0,0.9055,9/7/2018 15:47
11286,1020,FP9,TOP,4009610126,9/6/2018 9:39,1536226200,TWB_SM3,TWB_PCBA_SM3_TOP_FP,TWB_PCBA_TOP_FP9,1020,TWB_SM3,TWB_PCBA_PASTE_INSPECTION_TOP,PN-337126,00F86E67,00F86E67,PN-337126,00F86E67,T27,,PROCESS,94474092,00F86E67T-20180907113815,U4,1,P15,483,483,-2.3,-0.34,127,GOOD,GOOD,124.9214,157.9802,100.4241,0,0.9055,9/7/2018 15:47
11287,1020,FP9,TOP,4009610126,9/6/2018 9:39,1536226200,TWB_SM3,TWB_PCBA_SM3_TOP_FP,TWB_PCBA_TOP_FP9,1020,TWB_SM3,TWB_PCBA_PASTE_INSPECTION_TOP,PN-337126,00F86E67,00F86E67,PN-337126,00F86E67,T27,,PROCESS,94474092,00F86E67T-20180907113815,U4,1,P4,483,483,-5.74,0.38,127,GOOD,GOOD,124.8381,172.3282,92.00143,0,0.9055,9/7/2018 15:47
11764,1020,FP9,TOP,4009610126,9/6/2018 9:39,1536226200,TWB_SM3,TWB_PCBA_SM3_TOP_FP,TWB_PCBA_TOP_FP9,1020,TWB_SM3,TWB_PCBA_PASTE_INSPECTION_TOP,PN-337126,00F86E67,00F86E67,PN-337126,00F86E67,T27,,PROCESS,94474092,00F86E67T-20180907113815,U4,1,B10,483,483,-6.92,-2.08,127,GOOD,GOOD,128.3473,180.9491,90.08118,0,0.9055,9/7/2018 15:47
11765,1020,FP9,TOP,4009610126,9/6/2018 9:39,1536226200,TWB_SM3,TWB_PCBA_SM3_TOP_FP,TWB_PCBA_TOP_FP9,1020,TWB_SM3,TWB_PCBA_PASTE_INSPECTION_TOP,PN-337126,00F86E67,00F86E67,PN-337126,00F86E67,T27,,PROCESS,94474092,00F86E67T-20180907113815,U4,1,D12,483,483,-1.33,1.54,127,GOOD,GOOD,142.4044,201.0146,89.97034000000001,0,0.9055,9/7/2018 15:47
11766,1020,FP9,TOP,4009610126,9/6/2018 9:39,1536226200,TWB_SM3,TWB_PCBA_SM3_TOP_FP,TWB_PCBA_TOP_FP9,1020,TWB_SM3,TWB_PCBA_PASTE_INSPECTION_TOP,PN-337126,00F86E67,00F86E67,PN-337126,00F86E67,T27,,PROCESS,94474092,00F86E67T-20180907113815,U4,1,F14,483,483,3.23,-1.48,127,GOOD,GOOD,120.9465,166.7136,92.13531,0,0.9055,9/7/2018 15:47
11767,1020,FP9,TOP,4009610126,9/6/2018 9:39,1536226200,TWB_SM3,TWB_PCBA_SM3_TOP_FP,TWB_PCBA_TOP_FP9,1020,TWB_SM3,TWB_PCBA_PASTE_INSPECTION_TOP,PN-337126,00F86E67,00F86E67,PN-337126,00F86E67,T27,,PROCESS,94474092,00F86E67T-20180907113815,U4,1,H1,483,483,-2.4,3.77,127,GOOD,GOOD,121.9355,166.8116,92.83411,0,0.9055,9/7/2018 15:47
11768,1020,FP9,TOP,4009610126,9/6/2018 9:39,1536226200,TWB_SM3,TWB_PCBA_SM3_TOP_FP,TWB_PCBA_TOP_FP9,1020,TWB_SM3,TWB_PCBA_PASTE_INSPECTION_TOP,PN-337126,00F86E67,00F86E67,PN-337126,00F86E67,T27,,PROCESS,94474092,00F86E67T-20180907113815,U4,1,H16,483,483,7.81,-4.49,127,GOOD,GOOD,128.4477,176.767,92.2845,0,0.9055,9/7/2018 15:47
11769,1020,FP9,TOP,4009610126,9/6/2018 9:39,1536226200,TWB_SM3,TWB_PCBA_SM3_TOP_FP,TWB_PCBA_TOP_FP9,1020,TWB_SM3,TWB_PCBA_PASTE_INSPECTION_TOP,PN-337126,00F86E67,00F86E67,PN-337126,00F86E67,T27,,PROCESS,94474092,00F86E67T-20180907113815,U4,1,M2,483,483,-10.32,3.39,127,GOOD,GOOD,126.5384,177.4202,90.57804,0,0.9055,9/7/2018 15:47
11770,1020,FP9,TOP,4009610126,9/6/2018 9:39,1536226200,TWB_SM3,TWB_PCBA_SM3_TOP_FP,TWB_PCBA_TOP_FP9,1020,TWB_SM3,TWB_PCBA_PASTE_INSPECTION_TOP,PN-337126,00F86E67,00F86E67,PN-337126,00F86E67,T27,,PROCESS,94474092,00F86E67T-20180907113815,U4,1,R3,483,483,-9.23,2.63,127,GOOD,GOOD,130.5578,172.5617,96.08641999999999,0,0.9055,9/7/2018 15:47
15377,1020,FP9,TOP,4009610126,9/6/2018 9:39,1536226200,TWB_SM3,TWB_PCBA_SM3_TOP_FP,TWB_PCBA_TOP_FP9,1020,TWB_SM3,TWB_PCBA_PASTE_INSPECTION_TOP,PN-337126,00F86E67,00F86E67,PN-337126,00F86E67,T27,,PROCESS,94474092,00F86E67T-20180907113815,U4,1,E8,483,483,-1.08,-11.55,127,GOOD,GOOD,143.8751,184.9514,98.79425,0,0.9055,9/7/2018 15:47
15378,1020,FP9,TOP,4009610126,9/6/2018 9:39,1536226200,TWB_SM3,TWB_PCBA_SM3_TOP_FP,TWB_PCBA_TOP_FP9,1020,TWB_SM3,TWB_PCBA_PASTE_INSPECTION_TOP,PN-337126,00F86E67,00F86E67,PN-337126,00F86E67,T27,,PROCESS,94474092,00F86E67T-20180907113815,U4,1,J9,483,483,6.86,-10.94,127,GOOD,GOOD,124.6936,156.7348,101.0375,0,0.9055,9/7/2018 15:47
15379,1020,FP9,TOP,4009610126,9/6/2018 9:39,1536226200,TWB_SM3,TWB_PCBA_SM3_TOP_FP,TWB_PCBA_TOP_FP9,1020,TWB_SM3,TWB_PCBA_PASTE_INSPECTION_TOP,PN-337126,00F86E67,00F86E67,PN-337126,00F86E67,T27,,PROCESS,94474092,00F86E67T-20180907113815,U4,1,K11,483,483,7.91,4.69,127,GOOD,GOOD,131.2449,169.6901,98.2267,0,0.9055,9/7/2018 15:47
15380,1020,FP9,TOP,4009610126,9/6/2018 9:39,1536226200,TWB_SM3,TWB_PCBA_SM3_TOP_FP,TWB_PCBA_TOP_FP9,1020,TWB_SM3,TWB_PCBA_PASTE_INSPECTION_TOP,PN-337126,00F86E67,00F86E67,PN-337126,00F86E67,T27,,PROCESS,94474092,00F86E67T-20180907113815,U4,1,M13,483,483,-5.88,2.67,127,GOOD,GOOD,129.1461,181.2834,90.47466,0,0.9055,9/7/2018 15:47
15643,1020,FP9,TOP,4009610126,9/6/2018 9:39,1536226200,TWB_SM3,TWB_PCBA_SM3_TOP_FP,TWB_PCBA_TOP_FP9,1020,TWB_SM3,TWB_PCBA_PASTE_INSPECTION_TOP,PN-337126,00F86E67,00F86E67,PN-337126,00F86E67,T27,,PROCESS,94474092,00F86E67T-20180907113815,U4,1,D5,483,483,-6.82,-5.28,127,GOOD,GOOD,133.491,171.8614,98.64556,0,0.9055,9/7/2018 15:47
15644,1020,FP9,TOP,4009610126,9/6/2018 9:39,1536226200,TWB_SM3,TWB_PCBA_SM3_TOP_FP,TWB_PCBA_TOP_FP9,1020,TWB_SM3,TWB_PCBA_PASTE_INSPECTION_TOP,PN-337126,00F86E67,00F86E67,PN-337126,00F86E67,T27,,PROCESS,94474092,00F86E67T-20180907113815,U4,1,N7,483,483,-6.42,-5.66,127,GOOD,GOOD,122.7802,167.6685,92.99947,0,0.9055,9/7/2018 15:47
15645,1020,FP9,TOP,4009610126,9/6/2018 9:39,1536226200,TWB_SM3,TWB_PCBA_SM3_TOP_FP,TWB_PCBA_TOP_FP9,1020,TWB_SM3,TWB_PCBA_PASTE_INSPECTION_TOP,PN-337126,00F86E67,00F86E67,PN-337126,00F86E67,T27,,PROCESS,94474092,00F86E67T-20180907113815,U4,1,R10,483,483,-2.43,-10.56,127,GOOD,GOOD,119.1843,164.092,92.24337,0,0.9055,9/7/2018 15:47
15646,1020,FP9,TOP,4009610126,9/6/2018 9:39,1536226200,TWB_SM3,TWB_PCBA_SM3_TOP_FP,TWB_PCBA_TOP_FP9,1020,TWB_SM3,TWB_PCBA_PASTE_INSPECTION_TOP,PN-337126,00F86E67,00F86E67,PN-337126,00F86E67,T27,,PROCESS,94474092,00F86E67T-20180907113815,U4,1,T12,483,483,1.27,6.07,127,GOOD,GOOD,117.1445,164.965,90.1849,0,0.9055,9/7/2018 15:47
17337,1020,FP9,TOP,4009610126,9/6/2018 9:39,1536226200,TWB_SM3,TWB_PCBA_SM3_TOP_FP,TWB_PCBA_TOP_FP9,1020,TWB_SM3,TWB_PCBA_PASTE_INSPECTION_TOP,PN-337126,00F86E67,00F86E67,PN-337126,00F86E67,T27,,PROCESS,94474092,00F86E67T-20180907113815,U4,1,C9,483,483,-4.44,-13.19,127,GOOD,GOOD,138.2512,182.9835,95.95342,0,0.9055,9/7/2018 15:47
17338,1020,FP9,TOP,4009610126,9/6/2018 9:39,1536226200,TWB_SM3,TWB_PCBA_SM3_TOP_FP,TWB_PCBA_TOP_FP9,1020,TWB_SM3,TWB_PCBA_PASTE_INSPECTION_TOP,PN-337126,00F86E67,00F86E67,PN-337126,00F86E67,T27,,PROCESS,94474092,00F86E67T-20180907113815,U4,1,T2,483,483,-2.78,4.91,127,GOOD,GOOD,121.8756,176.9686,87.46298,0,0.9055,9/7/2018 15:47
17413,1020,FP9,TOP,4009610126,9/6/2018 9:39,1536226200,TWB_SM3,TWB_PCBA_SM3_TOP_FP,TWB_PCBA_TOP_FP9,1020,TWB_SM3,TWB_PCBA_PASTE_INSPECTION_TOP,PN-337126,00F86E67,00F86E67,PN-337126,00F86E67,T27,,PROCESS,94474092,00F86E67T-20180907113815,U4,1,B13,483,483,-4.71,-1.1,127,GOOD,GOOD,134.1286,185.2428,91.95683000000001,0,0.9055,9/7/2018 15:47
17414,1020,FP9,TOP,4009610126,9/6/2018 9:39,1536226200,TWB_SM3,TWB_PCBA_SM3_TOP_FP,TWB_PCBA_TOP_FP9,1020,TWB_SM3,TWB_PCBA_PASTE_INSPECTION_TOP,PN-337126,00F86E67,00F86E67,PN-337126,00F86E67,T27,,PROCESS,94474092,00F86E67T-20180907113815,U4,1,C3,483,483,-6.87,-6.03,127,GOOD,GOOD,136.377,186.0806,93.07731,0,0.9055,9/7/2018 15:47
17415,1020,FP9,TOP,4009610126,9/6/2018 9:39,1536226200,TWB_SM3,TWB_PCBA_SM3_TOP_FP,TWB_PCBA_TOP_FP9,1020,TWB_SM3,TWB_PCBA_PASTE_INSPECTION_TOP,PN-337126,00F86E67,00F86E67,PN-337126,00F86E67,T27,,PROCESS,94474092,00F86E67T-20180907113815,U4,1,D15,483,483,-1.13,-4.12,127,GOOD,GOOD,125.4771,181.399,87.84827,0,0.9055,9/7/2018 15:47
17416,1020,FP9,TOP,4009610126,9/6/2018 9:39,1536226200,TWB_SM3,TWB_PCBA_SM3_TOP_FP,TWB_PCBA_TOP_FP9,1020,TWB_SM3,TWB_PCBA_PASTE_INSPECTION_TOP,PN-337126,00F86E67,00F86E67,PN-337126,00F86E67,T27,,PROCESS,94474092,00F86E67T-20180907113815,U4,1,H4,483,483,-5.33,-1.88,127,GOOD,GOOD,130.6714,173.9229,95.41733,0,0.9055,9/7/2018 15:47
17417,1020,FP9,TOP,4009610126,9/6/2018 9:39,1536226200,TWB_SM3,TWB_PCBA_SM3_TOP_FP,TWB_PCBA_TOP_FP9,1020,TWB_SM3,TWB_PCBA_PASTE_INSPECTION_TOP,PN-337126,00F86E67,00F86E67,PN-337126,00F86E67,T27,,PROCESS,94474092,00F86E67T-20180907113815,U4,1,M5,483,483,-10.1,-2.26,127,GOOD,GOOD,126.7672,171.7204,93.75378,0,0.9055,9/7/2018 15:47
17418,1020,FP9,TOP,4009610126,9/6/2018 9:39,1536226200,TWB_SM3,TWB_PCBA_SM3_TOP_FP,TWB_PCBA_TOP_FP9,1020,TWB_SM3,TWB_PCBA_PASTE_INSPECTION_TOP,PN-337126,00F86E67,00F86E67,PN-337126,00F86E67,T27,,PROCESS,94474092,00F86E67T-20180907113815,U4,1,R6,483,483,-3.06,-3.02,127,GOOD,GOOD,116.5042,160.6866,92.08003000000001,0,0.9055,9/7/2018 15:47
17744,1020,FP9,TOP,4009610126,9/6/2018 9:39,1536226200,TWB_SM3,TWB_PCBA_SM3_TOP_FP,TWB_PCBA_TOP_FP9,1020,TWB_SM3,TWB_PCBA_PASTE_INSPECTION_TOP,PN-337126,00F86E67,00F86E67,PN-337126,00F86E67,T27,,PROCESS,94474092,00F86E67T-20180907113815,U4,1,E1,483,483,-12.19,-0.85,127,GOOD,GOOD,135.4278,180.7142,95.17416999999999,0,0.9055,9/7/2018 15:47
17745,1020,FP9,TOP,4009610126,9/6/2018 9:39,1536226200,TWB_SM3,TWB_PCBA_SM3_TOP_FP,TWB_PCBA_TOP_FP9,1020,TWB_SM3,TWB_PCBA_PASTE_INSPECTION_TOP,PN-337126,00F86E67,00F86E67,PN-337126,00F86E67,T27,,PROCESS,94474092,00F86E67T-20180907113815,U4,1,J2,483,483,0.72,2.25,127,GOOD,GOOD,123.6555,170.3385,92.1944,0,0.9055,9/7/2018 15:47
17746,1020,FP9,TOP,4009610126,9/6/2018 9:39,1536226200,TWB_SM3,TWB_PCBA_SM3_TOP_FP,TWB_PCBA_TOP_FP9,1020,TWB_SM3,TWB_PCBA_PASTE_INSPECTION_TOP,PN-337126,00F86E67,00F86E67,PN-337126,00F86E67,T27,,PROCESS,94474092,00F86E67T-20180907113815,U4,1,T4,483,483,-4.46,1.14,127,GOOD,GOOD,127.0839,171.4473,94.13769,0,0.9055,9/7/2018 15:47
18071,1020,FP9,TOP,4009610126,9/6/2018 9:39,1536226200,TWB_SM3,TWB_PCBA_SM3_TOP_FP,TWB_PCBA_TOP_FP9,1020,TWB_SM3,TWB_PCBA_PASTE_INSPECTION_TOP,PN-337126,00F86E67,00F86E67,PN-337126,00F86E67,T27,,PROCESS,94474092,00F86E67T-20180907113815,U4,1,B3,483,483,-8.75,-4.75,127,GOOD,GOOD,140.4724,204.1115,87.40321999999999,0,0.9055,9/7/2018 15:47
18072,1020,FP9,TOP,4009610126,9/6/2018 9:39,1536226200,TWB_SM3,TWB_PCBA_SM3_TOP_FP,TWB_PCBA_TOP_FP9,1020,TWB_SM3,TWB_PCBA_PASTE_INSPECTION_TOP,PN-337126,00F86E67,00F86E67,PN-337126,00F86E67,T27,,PROCESS,94474092,00F86E67T-20180907113815,U4,1,E11,483,483,0.15,-0.51,127,GOOD,GOOD,132.4159,179.896,93.48076999999999,0,0.9055,9/7/2018 15:47
18073,1020,FP9,TOP,4009610126,9/6/2018 9:39,1536226200,TWB_SM3,TWB_PCBA_SM3_TOP_FP,TWB_PCBA_TOP_FP9,1020,TWB_SM3,TWB_PCBA_PASTE_INSPECTION_TOP,PN-337126,00F86E67,00F86E67,PN-337126,00F86E67,T27,,PROCESS,94474092,00F86E67T-20180907113815,U4,1,G13,483,483,4.7,1.79,127,GOOD,GOOD,137.4282,183.4492,95.14008000000001,0,0.9055,9/7/2018 15:47
18074,1020,FP9,TOP,4009610126,9/6/2018 9:39,1536226200,TWB_SM3,TWB_PCBA_SM3_TOP_FP,TWB_PCBA_TOP_FP9,1020,TWB_SM3,TWB_PCBA_PASTE_INSPECTION_TOP,PN-337126,00F86E67,00F86E67,PN-337126,00F86E67,T27,,PROCESS,94474092,00F86E67T-20180907113815,U4,1,G4,483,483,-7.21,-1.25,127,GOOD,GOOD,134.3939,172.9114,98.70964000000001,0,0.9055,9/7/2018 15:47
18075,1020,FP9,TOP,4009610126,9/6/2018 9:39,1536226200,TWB_SM3,TWB_PCBA_SM3_TOP_FP,TWB_PCBA_TOP_FP9,1020,TWB_SM3,TWB_PCBA_PASTE_INSPECTION_TOP,PN-337126,00F86E67,00F86E67,PN-337126,00F86E67,T27,,PROCESS,94474092,00F86E67T-20180907113815,U4,1,L5,483,483,3.88,-2.65,127,GOOD,GOOD,117.8364,157.2749,95.15326999999999,0,0.9055,9/7/2018 15:47
18541,1020,FP9,TOP,4009610126,9/6/2018 9:39,1536226200,TWB_SM3,TWB_PCBA_SM3_TOP_FP,TWB_PCBA_TOP_FP9,1020,TWB_SM3,TWB_PCBA_PASTE_INSPECTION_TOP,PN-337126,00F86E67,00F86E67,PN-337126,00F86E67,T27,,PROCESS,94474092,00F86E67T-20180907113815,U4,1,B4,483,483,-8.35,-4.15,127,GOOD,GOOD,136.9225,181.6737,95.71645,0,0.9055,9/7/2018 15:47
18542,1020,FP9,TOP,4009610126,9/6/2018 9:39,1536226200,TWB_SM3,TWB_PCBA_SM3_TOP_FP,TWB_PCBA_TOP_FP9,1020,TWB_SM3,TWB_PCBA_PASTE_INSPECTION_TOP,PN-337126,00F86E67,00F86E67,PN-337126,00F86E67,T27,,PROCESS,94474092,00F86E67T-20180907113815,U4,1,C10,483,483,-5.03,-2.53,127,GOOD,GOOD,135.4342,177.4904,96.90748,0,0.9055,9/7/2018 15:47
18543,1020,FP9,TOP,4009610126,9/6/2018 9:39,1536226200,TWB_SM3,TWB_PCBA_SM3_TOP_FP,TWB_PCBA_TOP_FP9,1020,TWB_SM3,TWB_PCBA_PASTE_INSPECTION_TOP,PN-337126,00F86E67,00F86E67,PN-337126,00F86E67,T27,,PROCESS,94474092,00F86E67T-20180907113815,U4,1,E12,483,483,0.55,0.92,127,GOOD,GOOD,112.9775,144.2597,99.46055,0,0.9055,9/7/2018 15:47
18544,1020,FP9,TOP,4009610126,9/6/2018 9:39,1536226200,TWB_SM3,TWB_PCBA_SM3_TOP_FP,TWB_PCBA_TOP_FP9,1020,TWB_SM3,TWB_PCBA_PASTE_INSPECTION_TOP,PN-337126,00F86E67,00F86E67,PN-337126,00F86E67,T27,,PROCESS,94474092,00F86E67T-20180907113815,U4,1,G14,483,483,5.11,-0.09,127,GOOD,GOOD,128.5051,166.9538,97.75244,0,0.9055,9/7/2018 15:47
18545,1020,FP9,TOP,4009610126,9/6/2018 9:39,1536226200,TWB_SM3,TWB_PCBA_SM3_TOP_FP,TWB_PCBA_TOP_FP9,1020,TWB_SM3,TWB_PCBA_PASTE_INSPECTION_TOP,PN-337126,00F86E67,00F86E67,PN-337126,00F86E67,T27,,PROCESS,94474092,00F86E67T-20180907113815,U4,1,G5,483,483,-5.32,-3.14,127,GOOD,GOOD,134.8281,170.8084,100.2478,0,0.9055,9/7/2018 15:47
18546,1020,FP9,TOP,4009610126,9/6/2018 9:39,1536226200,TWB_SM3,TWB_PCBA_SM3_TOP_FP,TWB_PCBA_TOP_FP9,1020,TWB_SM3,TWB_PCBA_PASTE_INSPECTION_TOP,PN-337126,00F86E67,00F86E67,PN-337126,00F86E67,T27,,PROCESS,94474092,00F86E67T-20180907113815,U4,1,L6,483,483,6.09,-4.53,127,GOOD,GOOD,120.9109,167.5968,91.62274000000001,0,0.9055,9/7/2018 15:47
19878,1020,FP9,TOP,4009610126,9/6/2018 9:39,1536226200,TWB_SM3,TWB_PCBA_SM3_TOP_FP,TWB_PCBA_TOP_FP9,1020,TWB_SM3,TWB_PCBA_PASTE_INSPECTION_TOP,PN-337126,00F86E67,00F86E67,PN-337126,00F86E67,T27,,PROCESS,94474092,00F86E67T-20180907113815,U4,1,E4,483,483,-2.69,-4.02,127,GOOD,GOOD,131.588,173.9149,96.09108,0,0.9055,9/7/2018 15:47
19879,1020,FP9,TOP,4009610126,9/6/2018 9:39,1536226200,TWB_SM3,TWB_PCBA_SM3_TOP_FP,TWB_PCBA_TOP_FP9,1020,TWB_SM3,TWB_PCBA_PASTE_INSPECTION_TOP,PN-337126,00F86E67,00F86E67,PN-337126,00F86E67,T27,,PROCESS,94474092,00F86E67T-20180907113815,U4,1,J5,483,483,4.25,-3.4,127,GOOD,GOOD,120.4721,155.8288,98.18441,0,0.9055,9/7/2018 15:47
19880,1020,FP9,TOP,4009610126,9/6/2018 9:39,1536226200,TWB_SM3,TWB_PCBA_SM3_TOP_FP,TWB_PCBA_TOP_FP9,1020,TWB_SM3,TWB_PCBA_PASTE_INSPECTION_TOP,PN-337126,00F86E67,00F86E67,PN-337126,00F86E67,T27,,PROCESS,94474092,00F86E67T-20180907113815,U4,1,T7,483,483,-0.77,-4.51,127,GOOD,GOOD,113.4893,164.4824,87.62723000000001,0,0.9055,9/7/2018 15:47
20200,1020,FP9,TOP,4009610126,9/6/2018 9:39,1536226200,TWB_SM3,TWB_PCBA_SM3_TOP_FP,TWB_PCBA_TOP_FP9,1020,TWB_SM3,TWB_PCBA_PASTE_INSPECTION_TOP,PN-337126,00F86E67,00F86E67,PN-337126,00F86E67,T27,,PROCESS,94474092,00F86E67T-20180907113815,U4,1,E7,483,483,-1.49,-9.67,127,GOOD,GOOD,128.7531,162.9356,100.3565,0,0.9055,9/7/2018 15:47
20201,1020,FP9,TOP,4009610126,9/6/2018 9:39,1536226200,TWB_SM3,TWB_PCBA_SM3_TOP_FP,TWB_PCBA_TOP_FP9,1020,TWB_SM3,TWB_PCBA_PASTE_INSPECTION_TOP,PN-337126,00F86E67,00F86E67,PN-337126,00F86E67,T27,,PROCESS,94474092,00F86E67T-20180907113815,U4,1,J8,483,483,6.46,-9.05,127,GOOD,GOOD,134.2654,168.2449,101.3505,0,0.9055,9/7/2018 15:47
20202,1020,FP9,TOP,4009610126,9/6/2018 9:39,1536226200,TWB_SM3,TWB_PCBA_SM3_TOP_FP,TWB_PCBA_TOP_FP9,1020,TWB_SM3,TWB_PCBA_PASTE_INSPECTION_TOP,PN-337126,00F86E67,00F86E67,PN-337126,00F86E67,T27,,PROCESS,94474092,00F86E67T-20180907113815,U4,1,K10,483,483,8.16,-13.43,127,GOOD,GOOD,136.7517,174.6198,99.45876,0,0.9055,9/7/2018 15:47
20203,1020,FP9,TOP,4009610126,9/6/2018 9:39,1536226200,TWB_SM3,TWB_PCBA_SM3_TOP_FP,TWB_PCBA_TOP_FP9,1020,TWB_SM3,TWB_PCBA_PASTE_INSPECTION_TOP,PN-337126,00F86E67,00F86E67,PN-337126,00F86E67,T27,,PROCESS,94474092,00F86E67T-20180907113815,U4,1,M12,483,483,-6.27,4.56,127,GOOD,GOOD,117.2705,150.6812,98.84015,0,0.9055,9/7/2018 15:47
21522,1020,FP9,TOP,4009610126,9/6/2018 9:39,1536226200,TWB_SM3,TWB_PCBA_SM3_TOP_FP,TWB_PCBA_TOP_FP9,1020,TWB_SM3,TWB_PCBA_PASTE_INSPECTION_TOP,PN-337126,00F86E67,00F86E67,PN-337126,00F86E67,T27,,PROCESS,94474092,00F86E67T-20180907113815,U4,1,D9,483,483,-2.56,-12.81,127,GOOD,GOOD,140.0148,185.7276,95.74171,0,0.9055,9/7/2018 15:47
21523,1020,FP9,TOP,4009610126,9/6/2018 9:39,1536226200,TWB_SM3,TWB_PCBA_SM3_TOP_FP,TWB_PCBA_TOP_FP9,1020,TWB_SM3,TWB_PCBA_PASTE_INSPECTION_TOP,PN-337126,00F86E67,00F86E67,PN-337126,00F86E67,T27,,PROCESS,94474092,00F86E67T-20180907113815,U4,1,N10,483,483,-6.19,-11.31,127,GOOD,GOOD,135.5473,174.518,98.64031999999999,0,0.9055,9/7/2018 15:47
21524,1020,FP9,TOP,4009610126,9/6/2018 9:39,1536226200,TWB_SM3,TWB_PCBA_SM3_TOP_FP,TWB_PCBA_TOP_FP9,1020,TWB_SM3,TWB_PCBA_PASTE_INSPECTION_TOP,PN-337126,00F86E67,00F86E67,PN-337126,00F86E67,T27,,PROCESS,94474092,00F86E67T-20180907113815,U4,1,P1,483,483,-6.96,6.03,127,GOOD,GOOD,125.7266,170.9476,93.40454,0,0.9055,9/7/2018 15:47
21525,1020,FP9,TOP,4009610126,9/6/2018 9:39,1536226200,TWB_SM3,TWB_PCBA_SM3_TOP_FP,TWB_PCBA_TOP_FP9,1020,TWB_SM3,TWB_PCBA_PASTE_INSPECTION_TOP,PN-337126,00F86E67,00F86E67,PN-337126,00F86E67,T27,,PROCESS,94474092,00F86E67T-20180907113815,U4,1,P12,483,483,-2.5,5.31,127,GOOD,GOOD,121.0683,166.5415,92.32343,0,0.9055,9/7/2018 15:47
21526,1020,FP9,TOP,4009610126,9/6/2018 9:39,1536226200,TWB_SM3,TWB_PCBA_SM3_TOP_FP,TWB_PCBA_TOP_FP9,1020,TWB_SM3,TWB_PCBA_PASTE_INSPECTION_TOP,PN-337126,00F86E67,00F86E67,PN-337126,00F86E67,T27,,PROCESS,94474092,00F86E67T-20180907113815,U4,1,R14,483,483,0.18,1.91,127,GOOD,GOOD,125.1384,163.4627,97.2245,0,0.9055,9/7/2018 15:47
21527,1020,FP9,TOP,4009610126,9/6/2018 9:39,1536226200,TWB_SM3,TWB_PCBA_SM3_TOP_FP,TWB_PCBA_TOP_FP9,1020,TWB_SM3,TWB_PCBA_PASTE_INSPECTION_TOP,PN-337126,00F86E67,00F86E67,PN-337126,00F86E67,T27,,PROCESS,94474092,00F86E67T-20180907113815,U4,1,T16,483,483,2.88,-1.47,127,GOOD,GOOD,125.7721,163.2178,97.86350999999999,0,0.9055,9/7/2018 15:47
22566,1020,FP9,TOP,4009610126,9/6/2018 9:39,1536226200,TWB_SM3,TWB_PCBA_SM3_TOP_FP,TWB_PCBA_TOP_FP9,1020,TWB_SM3,TWB_PCBA_PASTE_INSPECTION_TOP,PN-337126,00F86E67,00F86E67,PN-337126,00F86E67,T27,,PROCESS,94474092,00F86E67T-20180907113815,U4,1,F1,483,483,-6.17,3.01,127,GOOD,GOOD,137.4383,191.2633,91.25985,0,0.9055,9/7/2018 15:47
22567,1020,FP9,TOP,4009610126,9/6/2018 9:39,1536226200,TWB_SM3,TWB_PCBA_SM3_TOP_FP,TWB_PCBA_TOP_FP9,1020,TWB_SM3,TWB_PCBA_PASTE_INSPECTION_TOP,PN-337126,00F86E67,00F86E67,PN-337126,00F86E67,T27,,PROCESS,94474092,00F86E67T-20180907113815,U4,1,K2,483,483,5.92,1.64,127,GOOD,GOOD,122.6084,169.0501,92.11039,0,0.9055,9/7/2018 15:47
22568,1020,FP9,TOP,4009610126,9/6/2018 9:39,1536226200,TWB_SM3,TWB_PCBA_SM3_TOP_FP,TWB_PCBA_TOP_FP9,1020,TWB_SM3,TWB_PCBA_PASTE_INSPECTION_TOP,PN-337126,00F86E67,00F86E67,PN-337126,00F86E67,T27,,PROCESS,94474092,00F86E67T-20180907113815,U4,1,L10,483,483,-9.96,-12.07,127,GOOD,GOOD,124.9263,159.9479,99.19254000000001,0,0.9055,9/7/2018 15:47
22569,1020,FP9,TOP,4009610126,9/6/2018 9:39,1536226200,TWB_SM3,TWB_PCBA_SM3_TOP_FP,TWB_PCBA_TOP_FP9,1020,TWB_SM3,TWB_PCBA_PASTE_INSPECTION_TOP,PN-337126,00F86E67,00F86E67,PN-337126,00F86E67,T27,,PROCESS,94474092,00F86E67T-20180907113815,U4,1,N12,483,483,-4.38,4.92,127,GOOD,GOOD,124.2591,170.3081,92.66093000000001,0,0.9055,9/7/2018 15:47
22570,1020,FP9,TOP,4009610126,9/6/2018 9:39,1536226200,TWB_SM3,TWB_PCBA_SM3_TOP_FP,TWB_PCBA_TOP_FP9,1020,TWB_SM3,TWB_PCBA_PASTE_INSPECTION_TOP,PN-337126,00F86E67,00F86E67,PN-337126,00F86E67,T27,,PROCESS,94474092,00F86E67T-20180907113815,U4,1,P14,483,483,-1.7,1.55,127,GOOD,GOOD,123.0743,162.2798,96.31775999999999,0,0.9055,9/7/2018 15:47
22571,1020,FP9,TOP,4009610126,9/6/2018 9:39,1536226200,TWB_SM3,TWB_PCBA_SM3_TOP_FP,TWB_PCBA_TOP_FP9,1020,TWB_SM3,TWB_PCBA_PASTE_INSPECTION_TOP,PN-337126,00F86E67,00F86E67,PN-337126,00F86E67,T27,,PROCESS,94474092,00F86E67T-20180907113815,U4,1,P3,483,483,-6.15,2.27,127,GOOD,GOOD,125.0264,174.1511,91.17574,0,0.9055,9/7/2018 15:47
22572,1020,FP9,TOP,4009610126,9/6/2018 9:39,1536226200,TWB_SM3,TWB_PCBA_SM3_TOP_FP,TWB_PCBA_TOP_FP9,1020,TWB_SM3,TWB_PCBA_PASTE_INSPECTION_TOP,PN-337126,00F86E67,00F86E67,PN-337126,00F86E67,T27,,PROCESS,94474092,00F86E67T-20180907113815,U4,1,R16,483,483,1.0,-1.86,127,GOOD,GOOD,124.6556,172.9939,91.51344,0,0.9055,9/7/2018 15:47
22614,1020,FP9,TOP,4009610126,9/6/2018 9:39,1536226200,TWB_SM3,TWB_PCBA_SM3_TOP_FP,TWB_PCBA_TOP_FP9,1020,TWB_SM3,TWB_PCBA_PASTE_INSPECTION_TOP,PN-337126,00F86E67,00F86E67,PN-337126,00F86E67,T27,,PROCESS,94474092,00F86E67T-20180907113815,U4,1,E6,483,483,-1.89,-7.78,127,GOOD,GOOD,134.2321,175.0351,97.39456,0,0.9055,9/7/2018 15:47
22615,1020,FP9,TOP,4009610126,9/6/2018 9:39,1536226200,TWB_SM3,TWB_PCBA_SM3_TOP_FP,TWB_PCBA_TOP_FP9,1020,TWB_SM3,TWB_PCBA_PASTE_INSPECTION_TOP,PN-337126,00F86E67,00F86E67,PN-337126,00F86E67,T27,,PROCESS,94474092,00F86E67T-20180907113815,U4,1,J7,483,483,2.73,-7.17,127,GOOD,GOOD,133.4532,166.8383,101.5868,0,0.9055,9/7/2018 15:47
22616,1020,FP9,TOP,4009610126,9/6/2018 9:39,1536226200,TWB_SM3,TWB_PCBA_SM3_TOP_FP,TWB_PCBA_TOP_FP9,1020,TWB_SM3,TWB_PCBA_PASTE_INSPECTION_TOP,PN-337126,00F86E67,00F86E67,PN-337126,00F86E67,T27,,PROCESS,94474092,00F86E67T-20180907113815,U4,1,M11,483,483,-6.67,6.44,127,GOOD,GOOD,123.4796,164.7899,95.163,0,0.9055,9/7/2018 15:47
22617,1020,FP9,TOP,4009610126,9/6/2018 9:39,1536226200,TWB_SM3,TWB_PCBA_SM3_TOP_FP,TWB_PCBA_TOP_FP9,1020,TWB_SM3,TWB_PCBA_PASTE_INSPECTION_TOP,PN-337126,00F86E67,00F86E67,PN-337126,00F86E67,T27,,PROCESS,94474092,00F86E67T-20180907113815,U4,1,T9,483,483,0.05,-8.28,127,GOOD,GOOD,115.7868,152.8564,96.20094,0,0.9055,9/7/2018 15:47
23123,1020,FP9,TOP,4009610126,9/6/2018 9:39,1536226200,TWB_SM3,TWB_PCBA_SM3_TOP_FP,TWB_PCBA_TOP_FP9,1020,TWB_SM3,TWB_PCBA_PASTE_INSPECTION_TOP,PN-337126,00F86E67,00F86E67,PN-337126,00F86E67,T27,,PROCESS,94474092,00F86E67T-20180907113815,U4,1,E5,483,483,-3.28,-5.9,127,GOOD,GOOD,124.4602,159.6129,99.02988,0,0.9055,9/7/2018 15:47
23124,1020,FP9,TOP,4009610126,9/6/2018 9:39,1536226200,TWB_SM3,TWB_PCBA_SM3_TOP_FP,TWB_PCBA_TOP_FP9,1020,TWB_SM3,TWB_PCBA_PASTE_INSPECTION_TOP,PN-337126,00F86E67,00F86E67,PN-337126,00F86E67,T27,,PROCESS,94474092,00F86E67T-20180907113815,U4,1,J6,483,483,2.33,-5.29,127,GOOD,GOOD,128.9884,158.0396,103.6546,0,0.9055,9/7/2018 15:47
23125,1020,FP9,TOP,4009610126,9/6/2018 9:39,1536226200,TWB_SM3,TWB_PCBA_SM3_TOP_FP,TWB_PCBA_TOP_FP9,1020,TWB_SM3,TWB_PCBA_PASTE_INSPECTION_TOP,PN-337126,00F86E67,00F86E67,PN-337126,00F86E67,T27,,PROCESS,94474092,00F86E67T-20180907113815,U4,1,M10,483,483,-8.08,-11.68,127,GOOD,GOOD,127.1071,167.1026,96.60294,0,0.9055,9/7/2018 15:47
23126,1020,FP9,TOP,4009610126,9/6/2018 9:39,1536226200,TWB_SM3,TWB_PCBA_SM3_TOP_FP,TWB_PCBA_TOP_FP9,1020,TWB_SM3,TWB_PCBA_PASTE_INSPECTION_TOP,PN-337126,00F86E67,00F86E67,PN-337126,00F86E67,T27,,PROCESS,94474092,00F86E67T-20180907113815,U4,1,T8,483,483,-0.36,-6.4,127,GOOD,GOOD,111.5089,155.7093,90.94917,0,0.9055,9/7/2018 15:47
23306,1020,FP9,TOP,4009610126,9/6/2018 9:39,1536226200,TWB_SM3,TWB_PCBA_SM3_TOP_FP,TWB_PCBA_TOP_FP9,1020,TWB_SM3,TWB_PCBA_PASTE_INSPECTION_TOP,PN-337126,00F86E67,00F86E67,PN-337126,00F86E67,T27,,PROCESS,94474092,00F86E67T-20180907113815,U4,1,A6,483,483,-9.43,-8.29,127,GOOD,GOOD,126.8156,169.9075,94.7903,0,0.9055,9/7/2018 15:47
23307,1020,FP9,TOP,4009610126,9/6/2018 9:39,1536226200,TWB_SM3,TWB_PCBA_SM3_TOP_FP,TWB_PCBA_TOP_FP9,1020,TWB_SM3,TWB_PCBA_PASTE_INSPECTION_TOP,PN-337126,00F86E67,00F86E67,PN-337126,00F86E67,T27,,PROCESS,94474092,00F86E67T-20180907113815,U4,1,F10,483,483,-4.35,6.06,127,GOOD,GOOD,143.8275,172.8561,105.6723,0,0.9055,9/7/2018 15:47
23308,1020,FP9,TOP,4009610126,9/6/2018 9:39,1536226200,TWB_SM3,TWB_PCBA_SM3_TOP_FP,TWB_PCBA_TOP_FP9,1020,TWB_SM3,TWB_PCBA_PASTE_INSPECTION_TOP,PN-337126,00F86E67,00F86E67,PN-337126,00F86E67,T27,,PROCESS,94474092,00F86E67T-20180907113815,U4,1,F7,483,483,0.4,-8.29,127,GOOD,GOOD,133.8763,171.59400000000002,99.0844,0,0.9055,9/7/2018 15:47
23309,1020,FP9,TOP,4009610126,9/6/2018 9:39,1536226200,TWB_SM3,TWB_PCBA_SM3_TOP_FP,TWB_PCBA_TOP_FP9,1020,TWB_SM3,TWB_PCBA_PASTE_INSPECTION_TOP,PN-337126,00F86E67,00F86E67,PN-337126,00F86E67,T27,,PROCESS,94474092,00F86E67T-20180907113815,U4,1,H12,483,483,6.2,-1.93,127,GOOD,GOOD,131.391,163.922,101.7963,0,0.9055,9/7/2018 15:47
23310,1020,FP9,TOP,4009610126,9/6/2018 9:39,1536226200,TWB_SM3,TWB_PCBA_SM3_TOP_FP,TWB_PCBA_TOP_FP9,1020,TWB_SM3,TWB_PCBA_PASTE_INSPECTION_TOP,PN-337126,00F86E67,00F86E67,PN-337126,00F86E67,T27,,PROCESS,94474092,00F86E67T-20180907113815,U4,1,J14,483,483,8.88,-0.35,127,GOOD,GOOD,118.7766,162.4704,92.84543000000001,0,0.9055,9/7/2018 15:47
23311,1020,FP9,TOP,4009610126,9/6/2018 9:39,1536226200,TWB_SM3,TWB_PCBA_SM3_TOP_FP,TWB_PCBA_TOP_FP9,1020,TWB_SM3,TWB_PCBA_PASTE_INSPECTION_TOP,PN-337126,00F86E67,00F86E67,PN-337126,00F86E67,T27,,PROCESS,94474092,00F86E67T-20180907113815,U4,1,K8,483,483,8.34,-9.66,127,GOOD,GOOD,129.0478,157.2782,104.2043,0,0.9055,9/7/2018 15:47
23312,1020,FP9,TOP,4009610126,9/6/2018 9:39,1536226200,TWB_SM3,TWB_PCBA_SM3_TOP_FP,TWB_PCBA_TOP_FP9,1020,TWB_SM3,TWB_PCBA_PASTE_INSPECTION_TOP,PN-337126,00F86E67,00F86E67,PN-337126,00F86E67,T27,,PROCESS,94474092,00F86E67T-20180907113815,U4,1,L16,483,483,-6.54,-3.37,127,GOOD,GOOD,138.5632,198.8294,88.50567,0,0.9055,9/7/2018 15:47
23313,1020,FP9,TOP,4009610126,9/6/2018 9:39,1536226200,TWB_SM3,TWB_PCBA_SM3_TOP_FP,TWB_PCBA_TOP_FP9,1020,TWB_SM3,TWB_PCBA_PASTE_INSPECTION_TOP,PN-337126,00F86E67,00F86E67,PN-337126,00F86E67,T27,,PROCESS,94474092,00F86E67T-20180907113815,U4,1,P9,483,483,-3.72,-9.04,127,GOOD,GOOD,132.119,172.1325,97.47785,0,0.9055,9/7/2018 15:47
23414,1020,FP9,TOP,4009610126,9/6/2018 9:39,1536226200,TWB_SM3,TWB_PCBA_SM3_TOP_FP,TWB_PCBA_TOP_FP9,1020,TWB_SM3,TWB_PCBA_PASTE_INSPECTION_TOP,PN-337126,00F86E67,00F86E67,PN-337126,00F86E67,T27,,PROCESS,94474092,00F86E67T-20180907113815,U4,1,A7,483,483,-9.02,-10.18,127,GOOD,GOOD,129.391,180.4161,91.08199,0,0.9055,9/7/2018 15:47
23415,1020,FP9,TOP,4009610126,9/6/2018 9:39,1536226200,TWB_SM3,TWB_PCBA_SM3_TOP_FP,TWB_PCBA_TOP_FP9,1020,TWB_SM3,TWB_PCBA_PASTE_INSPECTION_TOP,PN-337126,00F86E67,00F86E67,PN-337126,00F86E67,T27,,PROCESS,94474092,00F86E67T-20180907113815,U4,1,F11,483,483,2.03,1.69,127,GOOD,GOOD,137.3018,170.505,102.2687,0,0.9055,9/7/2018 15:47
23416,1020,FP9,TOP,4009610126,9/6/2018 9:39,1536226200,TWB_SM3,TWB_PCBA_SM3_TOP_FP,TWB_PCBA_TOP_FP9,1020,TWB_SM3,TWB_PCBA_PASTE_INSPECTION_TOP,PN-337126,00F86E67,00F86E67,PN-337126,00F86E67,T27,,PROCESS,94474092,00F86E67T-20180907113815,U4,1,F8,483,483,-0.85,-10.18,127,GOOD,GOOD,124.3106,155.4896,101.5338,0,0.9055,9/7/2018 15:47
23417,1020,FP9,TOP,4009610126,9/6/2018 9:39,1536226200,TWB_SM3,TWB_PCBA_SM3_TOP_FP,TWB_PCBA_TOP_FP9,1020,TWB_SM3,TWB_PCBA_PASTE_INSPECTION_TOP,PN-337126,00F86E67,00F86E67,PN-337126,00F86E67,T27,,PROCESS,94474092,00F86E67T-20180907113815,U4,1,H13,483,483,6.59,-2.98,127,GOOD,GOOD,128.6281,167.922,97.28188,0,0.9055,9/7/2018 15:47
23418,1020,FP9,TOP,4009610126,9/6/2018 9:39,1536226200,TWB_SM3,TWB_PCBA_SM3_TOP_FP,TWB_PCBA_TOP_FP9,1020,TWB_SM3,TWB_PCBA_PASTE_INSPECTION_TOP,PN-337126,00F86E67,00F86E67,PN-337126,00F86E67,T27,,PROCESS,94474092,00F86E67T-20180907113815,U4,1,J15,483,483,8.29,-2.24,127,GOOD,GOOD,123.2478,160.0592,97.7917,0,0.9055,9/7/2018 15:47
23419,1020,FP9,TOP,4009610126,9/6/2018 9:39,1536226200,TWB_SM3,TWB_PCBA_SM3_TOP_FP,TWB_PCBA_TOP_FP9,1020,TWB_SM3,TWB_PCBA_PASTE_INSPECTION_TOP,PN-337126,00F86E67,00F86E67,PN-337126,00F86E67,T27,,PROCESS,94474092,00F86E67T-20180907113815,U4,1,K9,483,483,8.75,-11.55,127,GOOD,GOOD,129.5682,158.6662,103.7093,0,0.9055,9/7/2018 15:47
23948,1020,FP9,TOP,4009610126,9/6/2018 9:39,1536226200,TWB_SM3,TWB_PCBA_SM3_TOP_FP,TWB_PCBA_TOP_FP9,1020,TWB_SM3,TWB_PCBA_PASTE_INSPECTION_TOP,PN-337126,00F86E67,00F86E67,PN-337126,00F86E67,T27,,PROCESS,94474092,00F86E67T-20180907113815,U4,1,G1,483,483,-0.14,4.4,127,GOOD,GOOD,128.4719,178.7467,91.27962,0,0.9055,9/7/2018 15:47
23949,1020,FP9,TOP,4009610126,9/6/2018 9:39,1536226200,TWB_SM3,TWB_PCBA_SM3_TOP_FP,TWB_PCBA_TOP_FP9,1020,TWB_SM3,TWB_PCBA_PASTE_INSPECTION_TOP,PN-337126,00F86E67,00F86E67,PN-337126,00F86E67,T27,,PROCESS,94474092,00F86E67T-20180907113815,U4,1,G10,483,483,2.5,-0.01,127,GOOD,GOOD,143.1932,177.023,102.7298,0,0.9055,9/7/2018 15:47
23950,1020,FP9,TOP,4009610126,9/6/2018 9:39,1536226200,TWB_SM3,TWB_PCBA_SM3_TOP_FP,TWB_PCBA_TOP_FP9,1020,TWB_SM3,TWB_PCBA_PASTE_INSPECTION_TOP,PN-337126,00F86E67,00F86E67,PN-337126,00F86E67,T27,,PROCESS,94474092,00F86E67T-20180907113815,U4,1,K14,483,483,-9.23,-0.97,127,GOOD,GOOD,128.0228,177.4199,91.64075,0,0.9055,9/7/2018 15:47
23951,1020,FP9,TOP,4009610126,9/6/2018 9:39,1536226200,TWB_SM3,TWB_PCBA_SM3_TOP_FP,TWB_PCBA_TOP_FP9,1020,TWB_SM3,TWB_PCBA_PASTE_INSPECTION_TOP,PN-337126,00F86E67,00F86E67,PN-337126,00F86E67,T27,,PROCESS,94474092,00F86E67T-20180907113815,U4,1,L2,483,483,1.17,3.0,127,GOOD,GOOD,123.1502,177.9918,87.86965,0,0.9055,9/7/2018 15:47
23952,1020,FP9,TOP,4009610126,9/6/2018 9:39,1536226200,TWB_SM3,TWB_PCBA_SM3_TOP_FP,TWB_PCBA_TOP_FP9,1020,TWB_SM3,TWB_PCBA_PASTE_INSPECTION_TOP,PN-337126,00F86E67,00F86E67,PN-337126,00F86E67,T27,,PROCESS,94474092,00F86E67T-20180907113815,U4,1,M16,483,483,-4.65,-2.98,127,GOOD,GOOD,126.3157,175.2333,91.54703,0,0.9055,9/7/2018 15:47
25303,1020,FP9,TOP,4009610126,9/6/2018 9:39,1536226200,TWB_SM3,TWB_PCBA_SM3_TOP_FP,TWB_PCBA_TOP_FP9,1020,TWB_SM3,TWB_PCBA_PASTE_INSPECTION_TOP,PN-337126,00F86E67,00F86E67,PN-337126,00F86E67,T27,,PROCESS,94474092,00F86E67T-20180907113815,U4,1,B2,483,483,-9.16,-4.52,127,GOOD,GOOD,125.9397,169.2885,94.4798,0,0.9055,9/7/2018 15:47
25304,1020,FP9,TOP,4009610126,9/6/2018 9:39,1536226200,TWB_SM3,TWB_PCBA_SM3_TOP_FP,TWB_PCBA_TOP_FP9,1020,TWB_SM3,TWB_PCBA_PASTE_INSPECTION_TOP,PN-337126,00F86E67,00F86E67,PN-337126,00F86E67,T27,,PROCESS,94474092,00F86E67T-20180907113815,U4,1,E10,483,483,-1.26,1.37,127,GOOD,GOOD,140.2608,171.9182,103.61399999999999,0,0.9055,9/7/2018 15:47
25305,1020,FP9,TOP,4009610126,9/6/2018 9:39,1536226200,TWB_SM3,TWB_PCBA_SM3_TOP_FP,TWB_PCBA_TOP_FP9,1020,TWB_SM3,TWB_PCBA_PASTE_INSPECTION_TOP,PN-337126,00F86E67,00F86E67,PN-337126,00F86E67,T27,,PROCESS,94474092,00F86E67T-20180907113815,U4,1,G12,483,483,4.32,3.68,127,GOOD,GOOD,128.7267,169.4014,96.50621,0,0.9055,9/7/2018 15:47
25306,1020,FP9,TOP,4009610126,9/6/2018 9:39,1536226200,TWB_SM3,TWB_PCBA_SM3_TOP_FP,TWB_PCBA_TOP_FP9,1020,TWB_SM3,TWB_PCBA_PASTE_INSPECTION_TOP,PN-337126,00F86E67,00F86E67,PN-337126,00F86E67,T27,,PROCESS,94474092,00F86E67T-20180907113815,U4,1,G3,483,483,-1.82,0.63,127,GOOD,GOOD,148.8194,202.1457,93.49723,0,0.9055,9/7/2018 15:47
25307,1020,FP9,TOP,4009610126,9/6/2018 9:39,1536226200,TWB_SM3,TWB_PCBA_SM3_TOP_FP,TWB_PCBA_TOP_FP9,1020,TWB_SM3,TWB_PCBA_PASTE_INSPECTION_TOP,PN-337126,00F86E67,00F86E67,PN-337126,00F86E67,T27,,PROCESS,94474092,00F86E67T-20180907113815,U4,1,K16,483,483,-8.42,-4.73,127,GOOD,GOOD,135.3851,196.3361,87.57388,0,0.9055,9/7/2018 15:47
25308,1020,FP9,TOP,4009610126,9/6/2018 9:39,1536226200,TWB_SM3,TWB_PCBA_SM3_TOP_FP,TWB_PCBA_TOP_FP9,1020,TWB_SM3,TWB_PCBA_PASTE_INSPECTION_TOP,PN-337126,00F86E67,00F86E67,PN-337126,00F86E67,T27,,PROCESS,94474092,00F86E67T-20180907113815,U4,1,L4,483,483,5.29,-0.76,127,GOOD,GOOD,127.5026,177.8379,91.05386999999999,0,0.9055,9/7/2018 15:47
25950,1020,FP9,TOP,4009610126,9/6/2018 9:39,1536226200,TWB_SM3,TWB_PCBA_SM3_TOP_FP,TWB_PCBA_TOP_FP9,1020,TWB_SM3,TWB_PCBA_PASTE_INSPECTION_TOP,PN-337126,00F86E67,00F86E67,PN-337126,00F86E67,T27,,PROCESS,94474092,00F86E67T-20180907113815,U4,1,E2,483,483,-3.5,-0.25,127,GOOD,GOOD,127.0021,170.8151,94.42533,0,0.9055,9/7/2018 15:47
25951,1020,FP9,TOP,4009610126,9/6/2018 9:39,1536226200,TWB_SM3,TWB_PCBA_SM3_TOP_FP,TWB_PCBA_TOP_FP9,1020,TWB_SM3,TWB_PCBA_PASTE_INSPECTION_TOP,PN-337126,00F86E67,00F86E67,PN-337126,00F86E67,T27,,PROCESS,94474092,00F86E67T-20180907113815,U4,1,J3,483,483,-3.02,0.37,127,GOOD,GOOD,140.063,187.9975,94.61824,0,0.9055,9/7/2018 15:47
25952,1020,FP9,TOP,4009610126,9/6/2018 9:39,1536226200,TWB_SM3,TWB_PCBA_SM3_TOP_FP,TWB_PCBA_TOP_FP9,1020,TWB_SM3,TWB_PCBA_PASTE_INSPECTION_TOP,PN-337126,00F86E67,00F86E67,PN-337126,00F86E67,T27,,PROCESS,94474092,00F86E67T-20180907113815,U4,1,T5,483,483,-2.56,-0.75,127,GOOD,GOOD,116.6402,158.0665,93.71563,0,0.9055,9/7/2018 15:47
26161,1020,FP9,TOP,4009610126,9/6/2018 9:39,1536226200,TWB_SM3,TWB_PCBA_SM3_TOP_FP,TWB_PCBA_TOP_FP9,1020,TWB_SM3,TWB_PCBA_PASTE_INSPECTION_TOP,PN-337126,00F86E67,00F86E67,PN-337126,00F86E67,T27,,PROCESS,94474092,00F86E67T-20180907113815,U4,1,B12,483,483,-5.1,0.78,127,GOOD,GOOD,127.4597,169.7898,95.33776,0,0.9055,9/7/2018 15:47
26162,1020,FP9,TOP,4009610126,9/6/2018 9:39,1536226200,TWB_SM3,TWB_PCBA_SM3_TOP_FP,TWB_PCBA_TOP_FP9,1020,TWB_SM3,TWB_PCBA_PASTE_INSPECTION_TOP,PN-337126,00F86E67,00F86E67,PN-337126,00F86E67,T27,,PROCESS,94474092,00F86E67T-20180907113815,U4,1,C2,483,483,-7.27,0.0,127,GOOD,GOOD,133.4762,184.8885,91.68483,0,0.9055,9/7/2018 15:47
26163,1020,FP9,TOP,4009610126,9/6/2018 9:39,1536226200,TWB_SM3,TWB_PCBA_SM3_TOP_FP,TWB_PCBA_TOP_FP9,1020,TWB_SM3,TWB_PCBA_PASTE_INSPECTION_TOP,PN-337126,00F86E67,00F86E67,PN-337126,00F86E67,T27,,PROCESS,94474092,00F86E67T-20180907113815,U4,1,D14,483,483,-0.54,-2.23,127,GOOD,GOOD,133.5369,182.5612,92.89591999999999,0,0.9055,9/7/2018 15:47
26164,1020,FP9,TOP,4009610126,9/6/2018 9:39,1536226200,TWB_SM3,TWB_PCBA_SM3_TOP_FP,TWB_PCBA_TOP_FP9,1020,TWB_SM3,TWB_PCBA_PASTE_INSPECTION_TOP,PN-337126,00F86E67,00F86E67,PN-337126,00F86E67,T27,,PROCESS,94474092,00F86E67T-20180907113815,U4,1,F16,483,483,4.04,-5.24,127,GOOD,GOOD,122.5282,174.3689,89.24226999999999,0,0.9055,9/7/2018 15:47
26165,1020,FP9,TOP,4009610126,9/6/2018 9:39,1536226200,TWB_SM3,TWB_PCBA_SM3_TOP_FP,TWB_PCBA_TOP_FP9,1020,TWB_SM3,TWB_PCBA_PASTE_INSPECTION_TOP,PN-337126,00F86E67,00F86E67,PN-337126,00F86E67,T27,,PROCESS,94474092,00F86E67T-20180907113815,U4,1,H3,483,483,-4.9,0.0,127,GOOD,GOOD,141.0799,193.9209,92.3941,0,0.9055,9/7/2018 15:47
26166,1020,FP9,TOP,4009610126,9/6/2018 9:39,1536226200,TWB_SM3,TWB_PCBA_SM3_TOP_FP,TWB_PCBA_TOP_FP9,1020,TWB_SM3,TWB_PCBA_PASTE_INSPECTION_TOP,PN-337126,00F86E67,00F86E67,PN-337126,00F86E67,T27,,PROCESS,94474092,00F86E67T-20180907113815,U4,1,M4,483,483,-9.51,-0.37,127,GOOD,GOOD,139.4178,193.1438,91.67294,0,0.9055,9/7/2018 15:47
26167,1020,FP9,TOP,4009610126,9/6/2018 9:39,1536226200,TWB_SM3,TWB_PCBA_SM3_TOP_FP,TWB_PCBA_TOP_FP9,1020,TWB_SM3,TWB_PCBA_PASTE_INSPECTION_TOP,PN-337126,00F86E67,00F86E67,PN-337126,00F86E67,T27,,PROCESS,94474092,00F86E67T-20180907113815,U4,1,R5,483,483,-4.45,-1.14,127,GOOD,GOOD,131.8753,177.1586,94.53772,0,0.9055,9/7/2018 15:47
26987,1020,FP9,TOP,4009610126,9/6/2018 9:39,1536226200,TWB_SM3,TWB_PCBA_SM3_TOP_FP,TWB_PCBA_TOP_FP9,1020,TWB_SM3,TWB_PCBA_PASTE_INSPECTION_TOP,PN-337126,00F86E67,00F86E67,PN-337126,00F86E67,T27,,PROCESS,94474092,00F86E67T-20180907113815,U4,1,B16,483,483,-3.49,-6.75,127,GOOD,GOOD,128.8287,179.1264,91.33908000000001,0,0.9055,9/7/2018 15:47
26988,1020,FP9,TOP,4009610126,9/6/2018 9:39,1536226200,TWB_SM3,TWB_PCBA_SM3_TOP_FP,TWB_PCBA_TOP_FP9,1020,TWB_SM3,TWB_PCBA_PASTE_INSPECTION_TOP,PN-337126,00F86E67,00F86E67,PN-337126,00F86E67,T27,,PROCESS,94474092,00F86E67T-20180907113815,U4,1,C6,483,483,-5.66,-7.54,127,GOOD,GOOD,128.4444,169.2246,96.3952,0,0.9055,9/7/2018 15:47
26989,1020,FP9,TOP,4009610126,9/6/2018 9:39,1536226200,TWB_SM3,TWB_PCBA_SM3_TOP_FP,TWB_PCBA_TOP_FP9,1020,TWB_SM3,TWB_PCBA_PASTE_INSPECTION_TOP,PN-337126,00F86E67,00F86E67,PN-337126,00F86E67,T27,,PROCESS,94474092,00F86E67T-20180907113815,U4,1,H7,483,483,-3.29,-7.54,127,GOOD,GOOD,130.0677,163.7066,100.9036,0,0.9055,9/7/2018 15:47
26990,1020,FP9,TOP,4009610126,9/6/2018 9:39,1536226200,TWB_SM3,TWB_PCBA_SM3_TOP_FP,TWB_PCBA_TOP_FP9,1020,TWB_SM3,TWB_PCBA_PASTE_INSPECTION_TOP,PN-337126,00F86E67,00F86E67,PN-337126,00F86E67,T27,,PROCESS,94474092,00F86E67T-20180907113815,U4,1,M8,483,483,-7.89,-7.91,127,GOOD,GOOD,119.6511,159.1843,95.45971999999999,0,0.9055,9/7/2018 15:47
26991,1020,FP9,TOP,4009610126,9/6/2018 9:39,1536226200,TWB_SM3,TWB_PCBA_SM3_TOP_FP,TWB_PCBA_TOP_FP9,1020,TWB_SM3,TWB_PCBA_PASTE_INSPECTION_TOP,PN-337126,00F86E67,00F86E67,PN-337126,00F86E67,T27,,PROCESS,94474092,00F86E67T-20180907113815,U4,1,R9,483,483,-1.84,-8.67,127,GOOD,GOOD,128.6645,177.5532,92.03098,0,0.9055,9/7/2018 15:47
27030,1020,FP9,TOP,4009610126,9/6/2018 9:39,1536226200,TWB_SM3,TWB_PCBA_SM3_TOP_FP,TWB_PCBA_TOP_FP9,1020,TWB_SM3,TWB_PCBA_PASTE_INSPECTION_TOP,PN-337126,00F86E67,00F86E67,PN-337126,00F86E67,T27,,PROCESS,94474092,00F86E67T-20180907113815,U4,1,B15,483,483,-4.9,-4.87,127,GOOD,GOOD,130.1422,166.2939,99.39063,0,0.9055,9/7/2018 15:47
27031,1020,FP9,TOP,4009610126,9/6/2018 9:39,1536226200,TWB_SM3,TWB_PCBA_SM3_TOP_FP,TWB_PCBA_TOP_FP9,1020,TWB_SM3,TWB_PCBA_PASTE_INSPECTION_TOP,PN-337126,00F86E67,00F86E67,PN-337126,00F86E67,T27,,PROCESS,94474092,00F86E67T-20180907113815,U4,1,C5,483,483,-12.85,-5.66,127,GOOD,GOOD,129.107,173.3567,94.58294000000001,0,0.9055,9/7/2018 15:47
27032,1020,FP9,TOP,4009610126,9/6/2018 9:39,1536226200,TWB_SM3,TWB_PCBA_SM3_TOP_FP,TWB_PCBA_TOP_FP9,1020,TWB_SM3,TWB_PCBA_PASTE_INSPECTION_TOP,PN-337126,00F86E67,00F86E67,PN-337126,00F86E67,T27,,PROCESS,94474092,00F86E67T-20180907113815,U4,1,H6,483,483,3.76,-5.65,127,GOOD,GOOD,136.025,175.2874,98.55341,0,0.9055,9/7/2018 15:47
27033,1020,FP9,TOP,4009610126,9/6/2018 9:39,1536226200,TWB_SM3,TWB_PCBA_SM3_TOP_FP,TWB_PCBA_TOP_FP9,1020,TWB_SM3,TWB_PCBA_PASTE_INSPECTION_TOP,PN-337126,00F86E67,00F86E67,PN-337126,00F86E67,T27,,PROCESS,94474092,00F86E67T-20180907113815,U4,1,M7,483,483,-8.3,-6.03,127,GOOD,GOOD,120.2492,180.0532,84.81741,0,0.9055,9/7/2018 15:47
27034,1020,FP9,TOP,4009610126,9/6/2018 9:39,1536226200,TWB_SM3,TWB_PCBA_SM3_TOP_FP,TWB_PCBA_TOP_FP9,1020,TWB_SM3,TWB_PCBA_PASTE_INSPECTION_TOP,PN-337126,00F86E67,00F86E67,PN-337126,00F86E67,T27,,PROCESS,94474092,00F86E67T-20180907113815,U4,1,R8,483,483,-2.24,-6.79,127,GOOD,GOOD,135.825,187.1087,92.19122,0,0.9055,9/7/2018 15:47
27566,1020,FP9,TOP,4009610126,9/6/2018 9:39,1536226200,TWB_SM3,TWB_PCBA_SM3_TOP_FP,TWB_PCBA_TOP_FP9,1020,TWB_SM3,TWB_PCBA_PASTE_INSPECTION_TOP,PN-337126,00F86E67,00F86E67,PN-337126,00F86E67,T27,,PROCESS,94474092,00F86E67T-20180907113815,U4,1,B5,483,483,-8.93,-6.03,127,GOOD,GOOD,131.44799999999998,175.5808,95.07813,0,0.9055,9/7/2018 15:47
27567,1020,FP9,TOP,4009610126,9/6/2018 9:39,1536226200,TWB_SM3,TWB_PCBA_SM3_TOP_FP,TWB_PCBA_TOP_FP9,1020,TWB_SM3,TWB_PCBA_PASTE_INSPECTION_TOP,PN-337126,00F86E67,00F86E67,PN-337126,00F86E67,T27,,PROCESS,94474092,00F86E67T-20180907113815,U4,1,C11,483,483,-3.62,-0.27,127,GOOD,GOOD,132.7157,184.0184,91.59352,0,0.9055,9/7/2018 15:47
27568,1020,FP9,TOP,4009610126,9/6/2018 9:39,1536226200,TWB_SM3,TWB_PCBA_SM3_TOP_FP,TWB_PCBA_TOP_FP9,1020,TWB_SM3,TWB_PCBA_PASTE_INSPECTION_TOP,PN-337126,00F86E67,00F86E67,PN-337126,00F86E67,T27,,PROCESS,94474092,00F86E67T-20180907113815,U4,1,E13,483,483,0.94,-5.11,127,GOOD,GOOD,146.3877,186.3908,99.74335,0,0.9055,9/7/2018 15:47
27569,1020,FP9,TOP,4009610126,9/6/2018 9:39,1536226200,TWB_SM3,TWB_PCBA_SM3_TOP_FP,TWB_PCBA_TOP_FP9,1020,TWB_SM3,TWB_PCBA_PASTE_INSPECTION_TOP,PN-337126,00F86E67,00F86E67,PN-337126,00F86E67,T27,,PROCESS,94474092,00F86E67T-20180907113815,U4,1,G15,483,483,4.52,-1.98,127,GOOD,GOOD,136.7494,184.239,94.26438,0,0.9055,9/7/2018 15:47
27570,1020,FP9,TOP,4009610126,9/6/2018 9:39,1536226200,TWB_SM3,TWB_PCBA_SM3_TOP_FP,TWB_PCBA_TOP_FP9,1020,TWB_SM3,TWB_PCBA_PASTE_INSPECTION_TOP,PN-337126,00F86E67,00F86E67,PN-337126,00F86E67,T27,,PROCESS,94474092,00F86E67T-20180907113815,U4,1,G6,483,483,1.87,-5.02,127,GOOD,GOOD,128.2659,172.8161,94.2607,0,0.9055,9/7/2018 15:47
27571,1020,FP9,TOP,4009610126,9/6/2018 9:39,1536226200,TWB_SM3,TWB_PCBA_SM3_TOP_FP,TWB_PCBA_TOP_FP9,1020,TWB_SM3,TWB_PCBA_PASTE_INSPECTION_TOP,PN-337126,00F86E67,00F86E67,PN-337126,00F86E67,T27,,PROCESS,94474092,00F86E67T-20180907113815,U4,1,L7,483,483,-10.19,-6.41,127,GOOD,GOOD,122.1353,165.1468,93.92365,0,0.9055,9/7/2018 15:47
27636,1020,FP9,TOP,4009610126,9/6/2018 9:39,1536226200,TWB_SM3,TWB_PCBA_SM3_TOP_FP,TWB_PCBA_TOP_FP9,1020,TWB_SM3,TWB_PCBA_PASTE_INSPECTION_TOP,PN-337126,00F86E67,00F86E67,PN-337126,00F86E67,T27,,PROCESS,94474092,00F86E67T-20180907113815,U4,1,K13,483,483,10.36,0.92,127,GOOD,GOOD,133.9677,177.5068,95.84924000000001,0,0.9055,9/7/2018 15:47
27637,1020,FP9,TOP,4009610126,9/6/2018 9:39,1536226200,TWB_SM3,TWB_PCBA_SM3_TOP_FP,TWB_PCBA_TOP_FP9,1020,TWB_SM3,TWB_PCBA_PASTE_INSPECTION_TOP,PN-337126,00F86E67,00F86E67,PN-337126,00F86E67,T27,,PROCESS,94474092,00F86E67T-20180907113815,U4,1,L1,483,483,1.59,4.89,127,GOOD,GOOD,127.1618,180.2201,89.61017,0,0.9055,9/7/2018 15:47
27638,1020,FP9,TOP,4009610126,9/6/2018 9:39,1536226200,TWB_SM3,TWB_PCBA_SM3_TOP_FP,TWB_PCBA_TOP_FP9,1020,TWB_SM3,TWB_PCBA_PASTE_INSPECTION_TOP,PN-337126,00F86E67,00F86E67,PN-337126,00F86E67,T27,,PROCESS,94474092,00F86E67T-20180907113815,U4,1,M15,483,483,-6.06,-1.1,127,GOOD,GOOD,131.3781,181.9435,91.70441,0,0.9055,9/7/2018 15:47
27880,1020,FP9,TOP,4009610126,9/6/2018 9:39,1536226200,TWB_SM3,TWB_PCBA_SM3_TOP_FP,TWB_PCBA_TOP_FP9,1020,TWB_SM3,TWB_PCBA_PASTE_INSPECTION_TOP,PN-337126,00F86E67,00F86E67,PN-337126,00F86E67,T27,,PROCESS,94474092,00F86E67T-20180907113815,U4,1,C7,483,483,-5.26,-12.74,127,GOOD,GOOD,143.2908,184.6552,98.55085,0,0.9055,9/7/2018 15:47
27881,1020,FP9,TOP,4009610126,9/6/2018 9:39,1536226200,TWB_SM3,TWB_PCBA_SM3_TOP_FP,TWB_PCBA_TOP_FP9,1020,TWB_SM3,TWB_PCBA_PASTE_INSPECTION_TOP,PN-337126,00F86E67,00F86E67,PN-337126,00F86E67,T27,,PROCESS,94474092,00F86E67T-20180907113815,U4,1,H8,483,483,4.57,-9.42,127,GOOD,GOOD,125.1506,167.3182,94.99342,0,0.9055,9/7/2018 15:47
27882,1020,FP9,TOP,4009610126,9/6/2018 9:39,1536226200,TWB_SM3,TWB_PCBA_SM3_TOP_FP,TWB_PCBA_TOP_FP9,1020,TWB_SM3,TWB_PCBA_PASTE_INSPECTION_TOP,PN-337126,00F86E67,00F86E67,PN-337126,00F86E67,T27,,PROCESS,94474092,00F86E67T-20180907113815,U4,1,M9,483,483,-7.49,-9.79,127,GOOD,GOOD,127.0748,171.7792,93.94906,0,0.9055,9/7/2018 15:47
28066,1020,FP9,TOP,4009610126,9/6/2018 9:39,1536226200,TWB_SM3,TWB_PCBA_SM3_TOP_FP,TWB_PCBA_TOP_FP9,1020,TWB_SM3,TWB_PCBA_PASTE_INSPECTION_TOP,PN-337126,00F86E67,00F86E67,PN-337126,00F86E67,T27,,PROCESS,94474092,00F86E67T-20180907113815,U4,1,A15,483,483,-6.78,-5.25,127,GOOD,GOOD,130.0189,184.7937,89.35587,0,0.9055,9/7/2018 15:47
28067,1020,FP9,TOP,4009610126,9/6/2018 9:39,1536226200,TWB_SM3,TWB_PCBA_SM3_TOP_FP,TWB_PCBA_TOP_FP9,1020,TWB_SM3,TWB_PCBA_PASTE_INSPECTION_TOP,PN-337126,00F86E67,00F86E67,PN-337126,00F86E67,T27,,PROCESS,94474092,00F86E67T-20180907113815,U4,1,D1,483,483,-12.42,2.26,127,GOOD,GOOD,135.6865,177.9275,96.84946,0,0.9055,9/7/2018 15:47
28068,1020,FP9,TOP,4009610126,9/6/2018 9:39,1536226200,TWB_SM3,TWB_PCBA_SM3_TOP_FP,TWB_PCBA_TOP_FP9,1020,TWB_SM3,TWB_PCBA_PASTE_INSPECTION_TOP,PN-337126,00F86E67,00F86E67,PN-337126,00F86E67,T27,,PROCESS,94474092,00F86E67T-20180907113815,U4,1,N3,483,483,-8.86,1.88,127,GOOD,GOOD,126.6555,169.1996,95.06671,0,0.9055,9/7/2018 15:47
28159,1020,FP9,TOP,4009610126,9/6/2018 9:39,1536226200,TWB_SM3,TWB_PCBA_SM3_TOP_FP,TWB_PCBA_TOP_FP9,1020,TWB_SM3,TWB_PCBA_PASTE_INSPECTION_TOP,PN-337126,00F86E67,00F86E67,PN-337126,00F86E67,T27,,PROCESS,94474092,00F86E67T-20180907113815,U4,1,A10,483,483,-8.8,2.52,127,GOOD,GOOD,135.6214,187.1845,92.01572,0,0.9055,9/7/2018 15:47
28160,1020,FP9,TOP,4009610126,9/6/2018 9:39,1536226200,TWB_SM3,TWB_PCBA_SM3_TOP_FP,TWB_PCBA_TOP_FP9,1020,TWB_SM3,TWB_PCBA_PASTE_INSPECTION_TOP,PN-337126,00F86E67,00F86E67,PN-337126,00F86E67,T27,,PROCESS,94474092,00F86E67T-20180907113815,U4,1,B6,483,483,-7.55,-7.92,127,GOOD,GOOD,131.482,174.0936,95.9152,0,0.9055,9/7/2018 15:47
28161,1020,FP9,TOP,4009610126,9/6/2018 9:39,1536226200,TWB_SM3,TWB_PCBA_SM3_TOP_FP,TWB_PCBA_TOP_FP9,1020,TWB_SM3,TWB_PCBA_PASTE_INSPECTION_TOP,PN-337126,00F86E67,00F86E67,PN-337126,00F86E67,T27,,PROCESS,94474092,00F86E67T-20180907113815,U4,1,C12,483,483,-3.22,1.16,127,GOOD,GOOD,139.7572,190.8447,93.0032,0,0.9055,9/7/2018 15:47
28162,1020,FP9,TOP,4009610126,9/6/2018 9:39,1536226200,TWB_SM3,TWB_PCBA_SM3_TOP_FP,TWB_PCBA_TOP_FP9,1020,TWB_SM3,TWB_PCBA_PASTE_INSPECTION_TOP,PN-337126,00F86E67,00F86E67,PN-337126,00F86E67,T27,,PROCESS,94474092,00F86E67T-20180907113815,U4,1,E14,483,483,1.35,-2.85,127,GOOD,GOOD,132.2934,178.649,94.0462,0,0.9055,9/7/2018 15:47
28163,1020,FP9,TOP,4009610126,9/6/2018 9:39,1536226200,TWB_SM3,TWB_PCBA_SM3_TOP_FP,TWB_PCBA_TOP_FP9,1020,TWB_SM3,TWB_PCBA_PASTE_INSPECTION_TOP,PN-337126,00F86E67,00F86E67,PN-337126,00F86E67,T27,,PROCESS,94474092,00F86E67T-20180907113815,U4,1,G16,483,483,5.93,-3.86,127,GOOD,GOOD,121.4969,156.536,98.57228,0,0.9055,9/7/2018 15:47
28164,1020,FP9,TOP,4009610126,9/6/2018 9:39,1536226200,TWB_SM3,TWB_PCBA_SM3_TOP_FP,TWB_PCBA_TOP_FP9,1020,TWB_SM3,TWB_PCBA_PASTE_INSPECTION_TOP,PN-337126,00F86E67,00F86E67,PN-337126,00F86E67,T27,,PROCESS,94474092,00F86E67T-20180907113815,U4,1,G7,483,483,2.28,-6.91,127,GOOD,GOOD,138.39600000000002,170.2133,103.2604,0,0.9055,9/7/2018 15:47
28165,1020,FP9,TOP,4009610126,9/6/2018 9:39,1536226200,TWB_SM3,TWB_PCBA_SM3_TOP_FP,TWB_PCBA_TOP_FP9,1020,TWB_SM3,TWB_PCBA_PASTE_INSPECTION_TOP,PN-337126,00F86E67,00F86E67,PN-337126,00F86E67,T27,,PROCESS,94474092,00F86E67T-20180907113815,U4,1,L8,483,483,-9.78,-8.3,127,GOOD,GOOD,116.5451,156.864,94.35703000000001,0,0.9055,9/7/2018 15:47
28766,1020,FP9,TOP,4009610126,9/6/2018 9:39,1536226200,TWB_SM3,TWB_PCBA_SM3_TOP_FP,TWB_PCBA_TOP_FP9,1020,TWB_SM3,TWB_PCBA_PASTE_INSPECTION_TOP,PN-337126,00F86E67,00F86E67,PN-337126,00F86E67,T27,,PROCESS,94474092,00F86E67T-20180907113815,U4,1,A9,483,483,-8.21,6.06,127,GOOD,GOOD,128.3812,174.5058,93.43189,0,0.9055,9/7/2018 15:47
28767,1020,FP9,TOP,4009610126,9/6/2018 9:39,1536226200,TWB_SM3,TWB_PCBA_SM3_TOP_FP,TWB_PCBA_TOP_FP9,1020,TWB_SM3,TWB_PCBA_PASTE_INSPECTION_TOP,PN-337126,00F86E67,00F86E67,PN-337126,00F86E67,T27,,PROCESS,94474092,00F86E67T-20180907113815,U4,1,D11,483,483,-1.74,-6.52,127,GOOD,GOOD,141.9851,196.8564,91.60035,0,0.9055,9/7/2018 15:47
28768,1020,FP9,TOP,4009610126,9/6/2018 9:39,1536226200,TWB_SM3,TWB_PCBA_SM3_TOP_FP,TWB_PCBA_TOP_FP9,1020,TWB_SM3,TWB_PCBA_PASTE_INSPECTION_TOP,PN-337126,00F86E67,00F86E67,PN-337126,00F86E67,T27,,PROCESS,94474092,00F86E67T-20180907113815,U4,1,F13,483,483,2.82,0.41,127,GOOD,GOOD,132.7147,174.6276,96.51836,0,0.9055,9/7/2018 15:47
28769,1020,FP9,TOP,4009610126,9/6/2018 9:39,1536226200,TWB_SM3,TWB_PCBA_SM3_TOP_FP,TWB_PCBA_TOP_FP9,1020,TWB_SM3,TWB_PCBA_PASTE_INSPECTION_TOP,PN-337126,00F86E67,00F86E67,PN-337126,00F86E67,T27,,PROCESS,94474092,00F86E67T-20180907113815,U4,1,H15,483,483,6.4,-2.61,127,GOOD,GOOD,139.3321,180.2198,98.18668000000001,0,0.9055,9/7/2018 15:47
28770,1020,FP9,TOP,4009610126,9/6/2018 9:39,1536226200,TWB_SM3,TWB_PCBA_SM3_TOP_FP,TWB_PCBA_TOP_FP9,1020,TWB_SM3,TWB_PCBA_PASTE_INSPECTION_TOP,PN-337126,00F86E67,00F86E67,PN-337126,00F86E67,T27,,PROCESS,94474092,00F86E67T-20180907113815,U4,1,M1,483,483,-10.73,5.28,127,GOOD,GOOD,119.9097,173.8019,87.62006,0,0.9055,9/7/2018 15:47
28771,1020,FP9,TOP,4009610126,9/6/2018 9:39,1536226200,TWB_SM3,TWB_PCBA_SM3_TOP_FP,TWB_PCBA_TOP_FP9,1020,TWB_SM3,TWB_PCBA_PASTE_INSPECTION_TOP,PN-337126,00F86E67,00F86E67,PN-337126,00F86E67,T27,,PROCESS,94474092,00F86E67T-20180907113815,U4,1,R2,483,483,-4.67,4.52,127,GOOD,GOOD,121.65299999999999,175.1111,88.22926,0,0.9055,9/7/2018 15:47
29633,1020,FP9,TOP,4009610126,9/6/2018 9:39,1536226200,TWB_SM3,TWB_PCBA_SM3_TOP_FP,TWB_PCBA_TOP_FP9,1020,TWB_SM3,TWB_PCBA_PASTE_INSPECTION_TOP,PN-337126,00F86E67,00F86E67,PN-337126,00F86E67,T27,,PROCESS,94474092,00F86E67T-20180907113815,U4,1,A5,483,483,-10.82,-8.07,127,GOOD,GOOD,132.9576,181.1449,93.21603,0,0.9055,9/7/2018 15:47
29634,1020,FP9,TOP,4009610126,9/6/2018 9:39,1536226200,TWB_SM3,TWB_PCBA_SM3_TOP_FP,TWB_PCBA_TOP_FP9,1020,TWB_SM3,TWB_PCBA_PASTE_INSPECTION_TOP,PN-337126,00F86E67,00F86E67,PN-337126,00F86E67,T27,,PROCESS,94474092,00F86E67T-20180907113815,U4,1,F6,483,483,-0.01,-6.41,127,GOOD,GOOD,128.1295,179.83599999999998,90.48489000000001,0,0.9055,9/7/2018 15:47
29635,1020,FP9,TOP,4009610126,9/6/2018 9:39,1536226200,TWB_SM3,TWB_PCBA_SM3_TOP_FP,TWB_PCBA_TOP_FP9,1020,TWB_SM3,TWB_PCBA_PASTE_INSPECTION_TOP,PN-337126,00F86E67,00F86E67,PN-337126,00F86E67,T27,,PROCESS,94474092,00F86E67T-20180907113815,U4,1,H11,483,483,5.8,4.93,127,GOOD,GOOD,130.6607,162.8865,101.874,0,0.9055,9/7/2018 15:47
29636,1020,FP9,TOP,4009610126,9/6/2018 9:39,1536226200,TWB_SM3,TWB_PCBA_SM3_TOP_FP,TWB_PCBA_TOP_FP9,1020,TWB_SM3,TWB_PCBA_PASTE_INSPECTION_TOP,PN-337126,00F86E67,00F86E67,PN-337126,00F86E67,T27,,PROCESS,94474092,00F86E67T-20180907113815,U4,1,J13,483,483,4.33,1.53,127,GOOD,GOOD,136.4839,171.9256,100.8195,0,0.9055,9/7/2018 15:47
29637,1020,FP9,TOP,4009610126,9/6/2018 9:39,1536226200,TWB_SM3,TWB_PCBA_SM3_TOP_FP,TWB_PCBA_TOP_FP9,1020,TWB_SM3,TWB_PCBA_PASTE_INSPECTION_TOP,PN-337126,00F86E67,00F86E67,PN-337126,00F86E67,T27,,PROCESS,94474092,00F86E67T-20180907113815,U4,1,K7,483,483,1.31,-7.78,127,GOOD,GOOD,122.0737,157.7179,98.29799,0,0.9055,9/7/2018 15:47
29638,1020,FP9,TOP,4009610126,9/6/2018 9:39,1536226200,TWB_SM3,TWB_PCBA_SM3_TOP_FP,TWB_PCBA_TOP_FP9,1020,TWB_SM3,TWB_PCBA_PASTE_INSPECTION_TOP,PN-337126,00F86E67,00F86E67,PN-337126,00F86E67,T27,,PROCESS,94474092,00F86E67T-20180907113815,U4,1,L15,483,483,-7.95,-1.48,127,GOOD,GOOD,134.8246,170.0928,100.667,0,0.9055,9/7/2018 15:47
29639,1020,FP9,TOP,4009610126,9/6/2018 9:39,1536226200,TWB_SM3,TWB_PCBA_SM3_TOP_FP,TWB_PCBA_TOP_FP9,1020,TWB_SM3,TWB_PCBA_PASTE_INSPECTION_TOP,PN-337126,00F86E67,00F86E67,PN-337126,00F86E67,T27,,PROCESS,94474092,00F86E67T-20180907113815,U4,1,P8,483,483,-4.13,-7.15,127,GOOD,GOOD,123.34700000000001,168.3033,93.0764,0,0.9055,9/7/2018 15:47
30087,1020,FP9,TOP,4009610126,9/6/2018 9:39,1536226200,TWB_SM3,TWB_PCBA_SM3_TOP_FP,TWB_PCBA_TOP_FP9,1020,TWB_SM3,TWB_PCBA_PASTE_INSPECTION_TOP,PN-337126,00F86E67,00F86E67,PN-337126,00F86E67,T27,,PROCESS,94474092,00F86E67T-20180907113815,U4,1,A12,483,483,-6.99,-5.39,127,GOOD,GOOD,130.52700000000002,173.5253,95.53033,0,0.9055,9/7/2018 15:47
30088,1020,FP9,TOP,4009610126,9/6/2018 9:39,1536226200,TWB_SM3,TWB_PCBA_SM3_TOP_FP,TWB_PCBA_TOP_FP9,1020,TWB_SM3,TWB_PCBA_PASTE_INSPECTION_TOP,PN-337126,00F86E67,00F86E67,PN-337126,00F86E67,T27,,PROCESS,94474092,00F86E67T-20180907113815,U4,1,B8,483,483,-6.73,-11.68,127,GOOD,GOOD,129.4481,190.1635,86.45141,0,0.9055,9/7/2018 15:47
30089,1020,FP9,TOP,4009610126,9/6/2018 9:39,1536226200,TWB_SM3,TWB_PCBA_SM3_TOP_FP,TWB_PCBA_TOP_FP9,1020,TWB_SM3,TWB_PCBA_PASTE_INSPECTION_TOP,PN-337126,00F86E67,00F86E67,PN-337126,00F86E67,T27,,PROCESS,94474092,00F86E67T-20180907113815,U4,1,C14,483,483,-2.42,-2.61,127,GOOD,GOOD,139.4554,178.5657,99.18385,0,0.9055,9/7/2018 15:47
30090,1020,FP9,TOP,4009610126,9/6/2018 9:39,1536226200,TWB_SM3,TWB_PCBA_SM3_TOP_FP,TWB_PCBA_TOP_FP9,1020,TWB_SM3,TWB_PCBA_PASTE_INSPECTION_TOP,PN-337126,00F86E67,00F86E67,PN-337126,00F86E67,T27,,PROCESS,94474092,00F86E67T-20180907113815,U4,1,E16,483,483,2.16,-6.62,127,GOOD,GOOD,125.7751,175.8073,90.8577,0,0.9055,9/7/2018 15:47
30091,1020,FP9,TOP,4009610126,9/6/2018 9:39,1536226200,TWB_SM3,TWB_PCBA_SM3_TOP_FP,TWB_PCBA_TOP_FP9,1020,TWB_SM3,TWB_PCBA_PASTE_INSPECTION_TOP,PN-337126,00F86E67,00F86E67,PN-337126,00F86E67,T27,,PROCESS,94474092,00F86E67T-20180907113815,U4,1,G9,483,483,0.61,-10.67,127,GOOD,GOOD,133.4724,168.6608,100.5034,0,0.9055,9/7/2018 15:47
30117,1020,FP9,TOP,4009610126,9/6/2018 9:39,1536226200,TWB_SM3,TWB_PCBA_SM3_TOP_FP,TWB_PCBA_TOP_FP9,1020,TWB_SM3,TWB_PCBA_PASTE_INSPECTION_TOP,PN-337126,00F86E67,00F86E67,PN-337126,00F86E67,T27,,PROCESS,94474092,00F86E67T-20180907113815,U4,1,A4,483,483,-10.23,-4.52,127,GOOD,GOOD,126.8028,174.1764,92.4577,0,0.9055,9/7/2018 15:47
30118,1020,FP9,TOP,4009610126,9/6/2018 9:39,1536226200,TWB_SM3,TWB_PCBA_SM3_TOP_FP,TWB_PCBA_TOP_FP9,1020,TWB_SM3,TWB_PCBA_PASTE_INSPECTION_TOP,PN-337126,00F86E67,00F86E67,PN-337126,00F86E67,T27,,PROCESS,94474092,00F86E67T-20180907113815,U4,1,F5,483,483,-2.23,-4.53,127,GOOD,GOOD,129.9119,168.268,98.05077,0,0.9055,9/7/2018 15:47
30119,1020,FP9,TOP,4009610126,9/6/2018 9:39,1536226200,TWB_SM3,TWB_PCBA_SM3_TOP_FP,TWB_PCBA_TOP_FP9,1020,TWB_SM3,TWB_PCBA_PASTE_INSPECTION_TOP,PN-337126,00F86E67,00F86E67,PN-337126,00F86E67,T27,,PROCESS,94474092,00F86E67T-20180907113815,U4,1,H10,483,483,4.39,5.98,127,GOOD,GOOD,135.5954,166.2696,103.5704,0,0.9055,9/7/2018 15:47
30120,1020,FP9,TOP,4009610126,9/6/2018 9:39,1536226200,TWB_SM3,TWB_PCBA_SM3_TOP_FP,TWB_PCBA_TOP_FP9,1020,TWB_SM3,TWB_PCBA_PASTE_INSPECTION_TOP,PN-337126,00F86E67,00F86E67,PN-337126,00F86E67,T27,,PROCESS,94474092,00F86E67T-20180907113815,U4,1,J12,483,483,3.95,0.1,127,GOOD,GOOD,131.2526,165.5789,100.6715,0,0.9055,9/7/2018 15:47
30121,1020,FP9,TOP,4009610126,9/6/2018 9:39,1536226200,TWB_SM3,TWB_PCBA_SM3_TOP_FP,TWB_PCBA_TOP_FP9,1020,TWB_SM3,TWB_PCBA_PASTE_INSPECTION_TOP,PN-337126,00F86E67,00F86E67,PN-337126,00F86E67,T27,,PROCESS,94474092,00F86E67T-20180907113815,U4,1,K6,483,483,2.56,-5.9,127,GOOD,GOOD,131.3356,161.8223,103.0736,0,0.9055,9/7/2018 15:47
30122,1020,FP9,TOP,4009610126,9/6/2018 9:39,1536226200,TWB_SM3,TWB_PCBA_SM3_TOP_FP,TWB_PCBA_TOP_FP9,1020,TWB_SM3,TWB_PCBA_PASTE_INSPECTION_TOP,PN-337126,00F86E67,00F86E67,PN-337126,00F86E67,T27,,PROCESS,94474092,00F86E67T-20180907113815,U4,1,L14,483,483,-7.35,0.4,127,GOOD,GOOD,131.7948,173.8823,96.26015,0,0.9055,9/7/2018 15:47
30123,1020,FP9,TOP,4009610126,9/6/2018 9:39,1536226200,TWB_SM3,TWB_PCBA_SM3_TOP_FP,TWB_PCBA_TOP_FP9,1020,TWB_SM3,TWB_PCBA_PASTE_INSPECTION_TOP,PN-337126,00F86E67,00F86E67,PN-337126,00F86E67,T27,,PROCESS,94474092,00F86E67T-20180907113815,U4,1,N16,483,483,-2.77,-2.61,127,GOOD,GOOD,122.3349,170.834,90.94519,0,0.9055,9/7/2018 15:47
30124,1020,FP9,TOP,4009610126,9/6/2018 9:39,1536226200,TWB_SM3,TWB_PCBA_SM3_TOP_FP,TWB_PCBA_TOP_FP9,1020,TWB_SM3,TWB_PCBA_PASTE_INSPECTION_TOP,PN-337126,00F86E67,00F86E67,PN-337126,00F86E67,T27,,PROCESS,94474092,00F86E67T-20180907113815,U4,1,P7,483,483,-4.53,-5.27,127,GOOD,GOOD,147.2559,199.5435,93.72140999999999,0,0.9055,9/7/2018 15:47
32750,1020,FP9,TOP,4009610126,9/6/2018 9:39,1536226200,TWB_SM3,TWB_PCBA_SM3_TOP_FP,TWB_PCBA_TOP_FP9,1020,TWB_SM3,TWB_PCBA_PASTE_INSPECTION_TOP,PN-337126,00F86E67,00F86E67,PN-337126,00F86E67,T27,,PROCESS,94474092,00F86E67T-20180907113815,U4,1,A8,483,483,-8.61,-12.06,127,GOOD,GOOD,131.6362,195.3899,85.56123000000001,0,0.9055,9/7/2018 15:47
32751,1020,FP9,TOP,4009610126,9/6/2018 9:39,1536226200,TWB_SM3,TWB_PCBA_SM3_TOP_FP,TWB_PCBA_TOP_FP9,1020,TWB_SM3,TWB_PCBA_PASTE_INSPECTION_TOP,PN-337126,00F86E67,00F86E67,PN-337126,00F86E67,T27,,PROCESS,94474092,00F86E67T-20180907113815,U4,1,D10,483,483,-3.15,-0.5,127,GOOD,GOOD,131.097,178.4608,93.29401,0,0.9055,9/7/2018 15:47
32752,1020,FP9,TOP,4009610126,9/6/2018 9:39,1536226200,TWB_SM3,TWB_PCBA_SM3_TOP_FP,TWB_PCBA_TOP_FP9,1020,TWB_SM3,TWB_PCBA_PASTE_INSPECTION_TOP,PN-337126,00F86E67,00F86E67,PN-337126,00F86E67,T27,,PROCESS,94474092,00F86E67T-20180907113815,U4,1,F12,483,483,2.43,2.29,127,GOOD,GOOD,120.2253,161.4495,94.57207,0,0.9055,9/7/2018 15:47
32753,1020,FP9,TOP,4009610126,9/6/2018 9:39,1536226200,TWB_SM3,TWB_PCBA_SM3_TOP_FP,TWB_PCBA_TOP_FP9,1020,TWB_SM3,TWB_PCBA_PASTE_INSPECTION_TOP,PN-337126,00F86E67,00F86E67,PN-337126,00F86E67,T27,,PROCESS,94474092,00F86E67T-20180907113815,U4,1,F9,483,483,1.21,-12.06,127,GOOD,GOOD,147.4821,194.3663,96.36556999999999,0,0.9055,9/7/2018 15:47
32754,1020,FP9,TOP,4009610126,9/6/2018 9:39,1536226200,TWB_SM3,TWB_PCBA_SM3_TOP_FP,TWB_PCBA_TOP_FP9,1020,TWB_SM3,TWB_PCBA_PASTE_INSPECTION_TOP,PN-337126,00F86E67,00F86E67,PN-337126,00F86E67,T27,,PROCESS,94474092,00F86E67T-20180907113815,U4,1,H14,483,483,7.0,-0.72,127,GOOD,GOOD,124.9867,172.9017,91.80537,0,0.9055,9/7/2018 15:47
32755,1020,FP9,TOP,4009610126,9/6/2018 9:39,1536226200,TWB_SM3,TWB_PCBA_SM3_TOP_FP,TWB_PCBA_TOP_FP9,1020,TWB_SM3,TWB_PCBA_PASTE_INSPECTION_TOP,PN-337126,00F86E67,00F86E67,PN-337126,00F86E67,T27,,PROCESS,94474092,00F86E67T-20180907113815,U4,1,J16,483,483,9.7,-4.12,127,GOOD,GOOD,125.8679,167.5708,95.39385,0,0.9055,9/7/2018 15:47
32756,1020,FP9,TOP,4009610126,9/6/2018 9:39,1536226200,TWB_SM3,TWB_PCBA_SM3_TOP_FP,TWB_PCBA_TOP_FP9,1020,TWB_SM3,TWB_PCBA_PASTE_INSPECTION_TOP,PN-337126,00F86E67,00F86E67,PN-337126,00F86E67,T27,,PROCESS,94474092,00F86E67T-20180907113815,U4,1,R1,483,483,-5.07,6.4,127,GOOD,GOOD,125.4593,172.2076,92.52399,0,0.9055,9/7/2018 15:47
32969,1020,FP9,TOP,4009610126,9/6/2018 9:39,1536226200,TWB_SM3,TWB_PCBA_SM3_TOP_FP,TWB_PCBA_TOP_FP9,1020,TWB_SM3,TWB_PCBA_PASTE_INSPECTION_TOP,PN-337126,00F86E67,00F86E67,PN-337126,00F86E67,T27,,PROCESS,94474092,00F86E67T-20180907113815,U4,1,K1,483,483,-1.12,3.52,127,GOOD,GOOD,126.0287,169.8076,94.25751,0,0.9055,9/7/2018 15:47
32970,1020,FP9,TOP,4009610126,9/6/2018 9:39,1536226200,TWB_SM3,TWB_PCBA_SM3_TOP_FP,TWB_PCBA_TOP_FP9,1020,TWB_SM3,TWB_PCBA_PASTE_INSPECTION_TOP,PN-337126,00F86E67,00F86E67,PN-337126,00F86E67,T27,,PROCESS,94474092,00F86E67T-20180907113815,U4,1,N11,483,483,-4.79,6.81,127,GOOD,GOOD,121.5684,167.6041,92.117,0,0.9055,9/7/2018 15:47
32971,1020,FP9,TOP,4009610126,9/6/2018 9:39,1536226200,TWB_SM3,TWB_PCBA_SM3_TOP_FP,TWB_PCBA_TOP_FP9,1020,TWB_SM3,TWB_PCBA_PASTE_INSPECTION_TOP,PN-337126,00F86E67,00F86E67,PN-337126,00F86E67,T27,,PROCESS,94474092,00F86E67T-20180907113815,U4,1,P13,483,483,-2.11,3.43,127,GOOD,GOOD,125.5176,169.3387,94.13523,0,0.9055,9/7/2018 15:47
32972,1020,FP9,TOP,4009610126,9/6/2018 9:39,1536226200,TWB_SM3,TWB_PCBA_SM3_TOP_FP,TWB_PCBA_TOP_FP9,1020,TWB_SM3,TWB_PCBA_PASTE_INSPECTION_TOP,PN-337126,00F86E67,00F86E67,PN-337126,00F86E67,T27,,PROCESS,94474092,00F86E67T-20180907113815,U4,1,P2,483,483,-6.55,4.15,127,GOOD,GOOD,129.5219,176.1404,93.38736,0,0.9055,9/7/2018 15:47
32973,1020,FP9,TOP,4009610126,9/6/2018 9:39,1536226200,TWB_SM3,TWB_PCBA_SM3_TOP_FP,TWB_PCBA_TOP_FP9,1020,TWB_SM3,TWB_PCBA_PASTE_INSPECTION_TOP,PN-337126,00F86E67,00F86E67,PN-337126,00F86E67,T27,,PROCESS,94474092,00F86E67T-20180907113815,U4,1,R15,483,483,-0.41,0.03,127,GOOD,GOOD,116.0901,159.624,92.36353000000001,0,0.9055,9/7/2018 15:47
