,plcng_plant_cd,mach_id,pcb_side_inspd,wo_num,defct_dttm,intrvl_key,plcng_area_cd,plcng_prcs_cd,plcng_wrk_ctr_cd,fndng_plant_cd,fndng_area_cd,fndng_prcs_cd,bld_part_no,bld_serial_no,barcd,assy_part_no,assy_serial_no,defct_cd,failed_test_code,fail_type,cmpnt_part_no,spi_test_id,ref_id,silkscrn_nbr,cmpntpin_nbr,cmpntpin_size_x_axis,cmpntpin_size_y_axis,solder_paste_offst_x_axis,solder_paste_offst_y_axis,pad_stncl_hgt,pad_spi_result,pad_spi_defct_type,solder_paste_vol_pct,solder_paste_hgt,solder_paste_area_pct,pkg_type,stncl_surf_area_ratio,extract_dttm
622,1020,FP9,TOP,4009168617,4/11/2018 8:11,1523433600,TWB_SM3,TWB_PCBA_SM3_TOP_FP,TWB_PCBA_TOP_FP9,1020,TWB_SM3,TWB_PCBA_PASTE_INSPECTION_TOP,PN-337126,00F0BA04,00F0BA04,PN-337126,00F0BA04,T27,,PROCESS,PN-27795,00F0BA04T-20180414124007,U5,1,E4,483,483,4.26,-8.74,127,GOOD,GOOD,109.20700000000001,152.8446,90.74110999999999,0,0.9055,4/14/2018 17:36
744,1020,FP9,TOP,4009168617,4/11/2018 8:11,1523433600,TWB_SM3,TWB_PCBA_SM3_TOP_FP,TWB_PCBA_TOP_FP9,1020,TWB_SM3,TWB_PCBA_PASTE_INSPECTION_TOP,PN-337126,00F0BA04,00F0BA04,PN-337126,00F0BA04,T27,,PROCESS,PN-27795,00F0BA04T-20180414124007,U5,1,A11,483,483,6.99,3.62,127,GOOD,GOOD,107.935,146.4755,93.58389,0,0.9055,4/14/2018 17:36
858,1020,FP9,TOP,4009168617,4/11/2018 8:11,1523433600,TWB_SM3,TWB_PCBA_SM3_TOP_FP,TWB_PCBA_TOP_FP9,1020,TWB_SM3,TWB_PCBA_PASTE_INSPECTION_TOP,PN-337126,00F0BA04,00F0BA04,PN-337126,00F0BA04,T27,,PROCESS,PN-27795,00F0BA04T-20180414124007,U5,1,F7,483,483,1.34,-4.65,127,GOOD,GOOD,106.9252,143.9584,94.32938,0,0.9055,4/14/2018 17:36
863,1020,FP9,TOP,4009168617,4/11/2018 8:11,1523433600,TWB_SM3,TWB_PCBA_SM3_TOP_FP,TWB_PCBA_TOP_FP9,1020,TWB_SM3,TWB_PCBA_PASTE_INSPECTION_TOP,PN-337126,00F0BA04,00F0BA04,PN-337126,00F0BA04,T27,,PROCESS,PN-27795,00F0BA04T-20180414124007,U5,1,N7,483,483,2.26,10.55,127,GOOD,GOOD,117.169,150.0569,99.16545,0,0.9055,4/14/2018 17:36
1229,1020,FP9,TOP,4009168617,4/11/2018 8:11,1523433600,TWB_SM3,TWB_PCBA_SM3_TOP_FP,TWB_PCBA_TOP_FP9,1020,TWB_SM3,TWB_PCBA_PASTE_INSPECTION_TOP,PN-337126,00F0BA04,00F0BA04,PN-337126,00F0BA04,T27,,PROCESS,PN-27795,00F0BA04T-20180414124007,U5,1,F6,483,483,1.81,-6.16,127,GOOD,GOOD,115.4225,160.2296,91.48535,0,0.9055,4/14/2018 17:36
1390,1020,FP9,TOP,4009168617,4/11/2018 8:11,1523433600,TWB_SM3,TWB_PCBA_SM3_TOP_FP,TWB_PCBA_TOP_FP9,1020,TWB_SM3,TWB_PCBA_PASTE_INSPECTION_TOP,PN-337126,00F0BA04,00F0BA04,PN-337126,00F0BA04,T27,,PROCESS,PN-27795,00F0BA04T-20180414124007,U5,1,G15,483,483,-2.97,-14.02,127,GOOD,GOOD,112.4575,153.6135,92.97426999999999,0,0.9055,4/14/2018 17:36
1718,1020,FP9,TOP,4009168617,4/11/2018 8:11,1523433600,TWB_SM3,TWB_PCBA_SM3_TOP_FP,TWB_PCBA_TOP_FP9,1020,TWB_SM3,TWB_PCBA_PASTE_INSPECTION_TOP,PN-337126,00F0BA04,00F0BA04,PN-337126,00F0BA04,T27,,PROCESS,PN-27795,00F0BA04T-20180414124007,U5,1,A6,483,483,9.36,-3.93,127,GOOD,GOOD,109.9294,152.9543,91.27582,0,0.9055,4/14/2018 17:36
1719,1020,FP9,TOP,4009168617,4/11/2018 8:11,1523433600,TWB_SM3,TWB_PCBA_SM3_TOP_FP,TWB_PCBA_TOP_FP9,1020,TWB_SM3,TWB_PCBA_PASTE_INSPECTION_TOP,PN-337126,00F0BA04,00F0BA04,PN-337126,00F0BA04,T27,,PROCESS,PN-27795,00F0BA04T-20180414124007,U5,1,L10,483,483,-6.64,-2.35,127,GOOD,GOOD,112.4296,160.0699,89.20205,0,0.9055,4/14/2018 17:36
1720,1020,FP9,TOP,4009168617,4/11/2018 8:11,1523433600,TWB_SM3,TWB_PCBA_SM3_TOP_FP,TWB_PCBA_TOP_FP9,1020,TWB_SM3,TWB_PCBA_PASTE_INSPECTION_TOP,PN-337126,00F0BA04,00F0BA04,PN-337126,00F0BA04,T27,,PROCESS,PN-27795,00F0BA04T-20180414124007,U5,1,T15,483,483,2.39,0.3,127,GOOD,GOOD,111.5105,156.8304,90.30025,0,0.9055,4/14/2018 17:36
1732,1020,FP9,TOP,4009168617,4/11/2018 8:11,1523433600,TWB_SM3,TWB_PCBA_SM3_TOP_FP,TWB_PCBA_TOP_FP9,1020,TWB_SM3,TWB_PCBA_PASTE_INSPECTION_TOP,PN-337126,00F0BA04,00F0BA04,PN-337126,00F0BA04,T27,,PROCESS,PN-27795,00F0BA04T-20180414124007,U5,1,C13,483,483,0.71,5.75,127,GOOD,GOOD,120.4417,169.0359,90.4902,0,0.9055,4/14/2018 17:36
1737,1020,FP9,TOP,4009168617,4/11/2018 8:11,1523433600,TWB_SM3,TWB_PCBA_SM3_TOP_FP,TWB_PCBA_TOP_FP9,1020,TWB_SM3,TWB_PCBA_PASTE_INSPECTION_TOP,PN-337126,00F0BA04,00F0BA04,PN-337126,00F0BA04,T27,,PROCESS,PN-27795,00F0BA04T-20180414124007,U5,1,N6,483,483,8.53,9.04,127,GOOD,GOOD,114.9142,158.2939,92.19627,0,0.9055,4/14/2018 17:36
1777,1020,FP9,TOP,4009168617,4/11/2018 8:11,1523433600,TWB_SM3,TWB_PCBA_SM3_TOP_FP,TWB_PCBA_TOP_FP9,1020,TWB_SM3,TWB_PCBA_PASTE_INSPECTION_TOP,PN-337126,00F0BA04,00F0BA04,PN-337126,00F0BA04,T27,,PROCESS,PN-27795,00F0BA04T-20180414124007,U5,1,G2,483,483,2.19,-13.65,127,GOOD,GOOD,114.1239,151.3272,95.77748000000001,0,0.9055,4/14/2018 17:36
1821,1020,FP9,TOP,4009168617,4/11/2018 8:11,1523433600,TWB_SM3,TWB_PCBA_SM3_TOP_FP,TWB_PCBA_TOP_FP9,1020,TWB_SM3,TWB_PCBA_PASTE_INSPECTION_TOP,PN-337126,00F0BA04,00F0BA04,PN-337126,00F0BA04,T27,,PROCESS,PN-27795,00F0BA04T-20180414124007,U5,1,C1,483,483,8.71,-12.38,127,GOOD,GOOD,108.8478,146.4079,94.41882,0,0.9055,4/14/2018 17:36
1825,1020,FP9,TOP,4009168617,4/11/2018 8:11,1523433600,TWB_SM3,TWB_PCBA_SM3_TOP_FP,TWB_PCBA_TOP_FP9,1020,TWB_SM3,TWB_PCBA_PASTE_INSPECTION_TOP,PN-337126,00F0BA04,00F0BA04,PN-337126,00F0BA04,T27,,PROCESS,PN-27795,00F0BA04T-20180414124007,U5,1,D1,483,483,5.54,-13.82,127,GOOD,GOOD,110.3231,152.1307,92.09864,0,0.9055,4/14/2018 17:36
1980,1020,FP9,TOP,4009168617,4/11/2018 8:11,1523433600,TWB_SM3,TWB_PCBA_SM3_TOP_FP,TWB_PCBA_TOP_FP9,1020,TWB_SM3,TWB_PCBA_PASTE_INSPECTION_TOP,PN-337126,00F0BA04,00F0BA04,PN-337126,00F0BA04,T27,,PROCESS,PN-27795,00F0BA04T-20180414124007,U5,1,C15,483,483,3.07,-11.23,127,GOOD,GOOD,114.0617,166.4171,87.04536,0,0.9055,4/14/2018 17:36
2060,1020,FP9,TOP,4009168617,4/11/2018 8:11,1523433600,TWB_SM3,TWB_PCBA_SM3_TOP_FP,TWB_PCBA_TOP_FP9,1020,TWB_SM3,TWB_PCBA_PASTE_INSPECTION_TOP,PN-337126,00F0BA04,00F0BA04,PN-337126,00F0BA04,T27,,PROCESS,PN-27795,00F0BA04T-20180414124007,U5,1,M2,483,483,-5.36,4.12,127,GOOD,GOOD,109.2599,158.6264,87.47604,0,0.9055,4/14/2018 17:36
2228,1020,FP9,TOP,4009168617,4/11/2018 8:11,1523433600,TWB_SM3,TWB_PCBA_SM3_TOP_FP,TWB_PCBA_TOP_FP9,1020,TWB_SM3,TWB_PCBA_PASTE_INSPECTION_TOP,PN-337126,00F0BA04,00F0BA04,PN-337126,00F0BA04,T27,,PROCESS,PN-27795,00F0BA04T-20180414124007,U5,1,B7,483,483,7.38,-3.87,127,GOOD,GOOD,108.8805,149.0011,92.8035,0,0.9055,4/14/2018 17:36
2354,1020,FP9,TOP,4009168617,4/11/2018 8:11,1523433600,TWB_SM3,TWB_PCBA_SM3_TOP_FP,TWB_PCBA_TOP_FP9,1020,TWB_SM3,TWB_PCBA_PASTE_INSPECTION_TOP,PN-337126,00F0BA04,00F0BA04,PN-337126,00F0BA04,T27,,PROCESS,PN-27795,00F0BA04T-20180414124007,U5,1,D11,483,483,2.46,1.28,127,GOOD,GOOD,112.9852,151.4572,94.74043,0,0.9055,4/14/2018 17:36
2355,1020,FP9,TOP,4009168617,4/11/2018 8:11,1523433600,TWB_SM3,TWB_PCBA_SM3_TOP_FP,TWB_PCBA_TOP_FP9,1020,TWB_SM3,TWB_PCBA_PASTE_INSPECTION_TOP,PN-337126,00F0BA04,00F0BA04,PN-337126,00F0BA04,T27,,PROCESS,PN-27795,00F0BA04T-20180414124007,U5,1,L16,483,483,-10.48,-13.29,127,GOOD,GOOD,117.5113,156.0029,95.66444,0,0.9055,4/14/2018 17:36
2393,1020,FP9,TOP,4009168617,4/11/2018 8:11,1523433600,TWB_SM3,TWB_PCBA_SM3_TOP_FP,TWB_PCBA_TOP_FP9,1020,TWB_SM3,TWB_PCBA_PASTE_INSPECTION_TOP,PN-337126,00F0BA04,00F0BA04,PN-337126,00F0BA04,T27,,PROCESS,PN-27795,00F0BA04T-20180414124007,U5,1,C10,483,483,5.44,1.22,127,GOOD,GOOD,112.4106,162.8899,87.64294,0,0.9055,4/14/2018 17:36
2394,1020,FP9,TOP,4009168617,4/11/2018 8:11,1523433600,TWB_SM3,TWB_PCBA_SM3_TOP_FP,TWB_PCBA_TOP_FP9,1020,TWB_SM3,TWB_PCBA_PASTE_INSPECTION_TOP,PN-337126,00F0BA04,00F0BA04,PN-337126,00F0BA04,T27,,PROCESS,PN-27795,00F0BA04T-20180414124007,U5,1,K15,483,483,-7.5,5.65,127,GOOD,GOOD,122.3506,162.935,95.36644,0,0.9055,4/14/2018 17:36
2643,1020,FP9,TOP,4009168617,4/11/2018 8:11,1523433600,TWB_SM3,TWB_PCBA_SM3_TOP_FP,TWB_PCBA_TOP_FP9,1020,TWB_SM3,TWB_PCBA_PASTE_INSPECTION_TOP,PN-337126,00F0BA04,00F0BA04,PN-337126,00F0BA04,T27,,PROCESS,PN-27795,00F0BA04T-20180414124007,U5,1,P14,483,483,4.89,-0.31,127,GOOD,GOOD,116.7933,163.811,90.54796999999999,0,0.9055,4/14/2018 17:36
2679,1020,FP9,TOP,4009168617,4/11/2018 8:11,1523433600,TWB_SM3,TWB_PCBA_SM3_TOP_FP,TWB_PCBA_TOP_FP9,1020,TWB_SM3,TWB_PCBA_PASTE_INSPECTION_TOP,PN-337126,00F0BA04,00F0BA04,PN-337126,00F0BA04,T27,,PROCESS,PN-27795,00F0BA04T-20180414124007,U5,1,G12,483,483,-2.54,1.45,127,GOOD,GOOD,114.5292,161.7004,89.95161,0,0.9055,4/14/2018 17:36
2821,1020,FP9,TOP,4009168617,4/11/2018 8:11,1523433600,TWB_SM3,TWB_PCBA_SM3_TOP_FP,TWB_PCBA_TOP_FP9,1020,TWB_SM3,TWB_PCBA_PASTE_INSPECTION_TOP,PN-337126,00F0BA04,00F0BA04,PN-337126,00F0BA04,T27,,PROCESS,PN-27795,00F0BA04T-20180414124007,U5,1,H9,483,483,-2.63,-2.52,127,GOOD,GOOD,108.5926,150.9083,91.38831,0,0.9055,4/14/2018 17:36
3087,1020,FP9,TOP,4009168617,4/11/2018 8:11,1523433600,TWB_SM3,TWB_PCBA_SM3_TOP_FP,TWB_PCBA_TOP_FP9,1020,TWB_SM3,TWB_PCBA_PASTE_INSPECTION_TOP,PN-337126,00F0BA04,00F0BA04,PN-337126,00F0BA04,T27,,PROCESS,PN-27795,00F0BA04T-20180414124007,U5,1,C2,483,483,7.4,-10.87,127,GOOD,GOOD,117.7022,155.9525,95.85087,0,0.9055,4/14/2018 17:36
3385,1020,FP9,TOP,4009168617,4/11/2018 8:11,1523433600,TWB_SM3,TWB_PCBA_SM3_TOP_FP,TWB_PCBA_TOP_FP9,1020,TWB_SM3,TWB_PCBA_PASTE_INSPECTION_TOP,PN-337126,00F0BA04,00F0BA04,PN-337126,00F0BA04,T27,,PROCESS,PN-27795,00F0BA04T-20180414124007,U5,1,A16,483,483,2.97,-8.83,127,GOOD,GOOD,112.1072,154.9208,91.90253,0,0.9055,4/14/2018 17:36
3808,1020,FP9,TOP,4009168617,4/11/2018 8:11,1523433600,TWB_SM3,TWB_PCBA_SM3_TOP_FP,TWB_PCBA_TOP_FP9,1020,TWB_SM3,TWB_PCBA_PASTE_INSPECTION_TOP,PN-337126,00F0BA04,00F0BA04,PN-337126,00F0BA04,T27,,PROCESS,PN-27795,00F0BA04T-20180414124007,U5,1,M3,483,483,-4.84,-14.37,127,GOOD,GOOD,123.0731,169.5459,92.18909000000001,0,0.9055,4/14/2018 17:36
3923,1020,FP9,TOP,4009168617,4/11/2018 8:11,1523433600,TWB_SM3,TWB_PCBA_SM3_TOP_FP,TWB_PCBA_TOP_FP9,1020,TWB_SM3,TWB_PCBA_PASTE_INSPECTION_TOP,PN-337126,00F0BA04,00F0BA04,PN-337126,00F0BA04,T27,,PROCESS,PN-27795,00F0BA04T-20180414124007,U5,1,D15,483,483,-1.75,-12.67,127,GOOD,GOOD,121.4946,163.3591,94.45335,0,0.9055,4/14/2018 17:36
3929,1020,FP9,TOP,4009168617,4/11/2018 8:11,1523433600,TWB_SM3,TWB_PCBA_SM3_TOP_FP,TWB_PCBA_TOP_FP9,1020,TWB_SM3,TWB_PCBA_PASTE_INSPECTION_TOP,PN-337126,00F0BA04,00F0BA04,PN-337126,00F0BA04,T27,,PROCESS,PN-27795,00F0BA04T-20180414124007,U5,1,N12,483,483,6.52,-1.9,127,GOOD,GOOD,116.9694,157.745,94.17168000000001,0,0.9055,4/14/2018 17:36
4071,1020,FP9,TOP,4009168617,4/11/2018 8:11,1523433600,TWB_SM3,TWB_PCBA_SM3_TOP_FP,TWB_PCBA_TOP_FP9,1020,TWB_SM3,TWB_PCBA_PASTE_INSPECTION_TOP,PN-337126,00F0BA04,00F0BA04,PN-337126,00F0BA04,T27,,PROCESS,PN-27795,00F0BA04T-20180414124007,U5,1,M4,483,483,-6.32,-12.86,127,GOOD,GOOD,115.6598,157.985,92.97592,0,0.9055,4/14/2018 17:36
4189,1020,FP9,TOP,4009168617,4/11/2018 8:11,1523433600,TWB_SM3,TWB_PCBA_SM3_TOP_FP,TWB_PCBA_TOP_FP9,1020,TWB_SM3,TWB_PCBA_PASTE_INSPECTION_TOP,PN-337126,00F0BA04,00F0BA04,PN-337126,00F0BA04,T27,,PROCESS,PN-27795,00F0BA04T-20180414124007,U5,1,H15,483,483,-4.48,-13.46,127,GOOD,GOOD,114.0059,157.6805,91.82336,0,0.9055,4/14/2018 17:36
4296,1020,FP9,TOP,4009168617,4/11/2018 8:11,1523433600,TWB_SM3,TWB_PCBA_SM3_TOP_FP,TWB_PCBA_TOP_FP9,1020,TWB_SM3,TWB_PCBA_PASTE_INSPECTION_TOP,PN-337126,00F0BA04,00F0BA04,PN-337126,00F0BA04,T27,,PROCESS,PN-27795,00F0BA04T-20180414124007,U5,1,L9,483,483,-7.17,-3.86,127,GOOD,GOOD,114.3403,162.9777,89.09944,0,0.9055,4/14/2018 17:36
4323,1020,FP9,TOP,4009168617,4/11/2018 8:11,1523433600,TWB_SM3,TWB_PCBA_SM3_TOP_FP,TWB_PCBA_TOP_FP9,1020,TWB_SM3,TWB_PCBA_PASTE_INSPECTION_TOP,PN-337126,00F0BA04,00F0BA04,PN-337126,00F0BA04,T27,,PROCESS,PN-27795,00F0BA04T-20180414124007,U5,1,J11,483,483,-5.09,-0.95,127,GOOD,GOOD,111.6349,156.5557,90.55971,0,0.9055,4/14/2018 17:36
4324,1020,FP9,TOP,4009168617,4/11/2018 8:11,1523433600,TWB_SM3,TWB_PCBA_SM3_TOP_FP,TWB_PCBA_TOP_FP9,1020,TWB_SM3,TWB_PCBA_PASTE_INSPECTION_TOP,PN-337126,00F0BA04,00F0BA04,PN-337126,00F0BA04,T27,,PROCESS,PN-27795,00F0BA04T-20180414124007,U5,1,J4,483,483,-1.78,-11.52,127,GOOD,GOOD,120.9428,156.7967,97.95955,0,0.9055,4/14/2018 17:36
4325,1020,FP9,TOP,4009168617,4/11/2018 8:11,1523433600,TWB_SM3,TWB_PCBA_SM3_TOP_FP,TWB_PCBA_TOP_FP9,1020,TWB_SM3,TWB_PCBA_PASTE_INSPECTION_TOP,PN-337126,00F0BA04,00F0BA04,PN-337126,00F0BA04,T27,,PROCESS,PN-27795,00F0BA04T-20180414124007,U5,1,R16,483,483,2.43,3.25,127,GOOD,GOOD,111.4835,151.5434,93.42805,0,0.9055,4/14/2018 17:36
4633,1020,FP9,TOP,4009168617,4/11/2018 8:11,1523433600,TWB_SM3,TWB_PCBA_SM3_TOP_FP,TWB_PCBA_TOP_FP9,1020,TWB_SM3,TWB_PCBA_PASTE_INSPECTION_TOP,PN-337126,00F0BA04,00F0BA04,PN-337126,00F0BA04,T27,,PROCESS,PN-27795,00F0BA04T-20180414124007,U5,1,G8,483,483,-0.48,-4.59,127,GOOD,GOOD,111.14399999999999,148.632,94.96805,0,0.9055,4/14/2018 17:36
4778,1020,FP9,TOP,4009168617,4/11/2018 8:11,1523433600,TWB_SM3,TWB_PCBA_SM3_TOP_FP,TWB_PCBA_TOP_FP9,1020,TWB_SM3,TWB_PCBA_PASTE_INSPECTION_TOP,PN-337126,00F0BA04,00F0BA04,PN-337126,00F0BA04,T27,,PROCESS,PN-27795,00F0BA04T-20180414124007,U5,1,F9,483,483,0.39,-1.63,127,GOOD,GOOD,118.9944,155.1524,97.40287,0,0.9055,4/14/2018 17:36
4856,1020,FP9,TOP,4009168617,4/11/2018 8:11,1523433600,TWB_SM3,TWB_PCBA_SM3_TOP_FP,TWB_PCBA_TOP_FP9,1020,TWB_SM3,TWB_PCBA_PASTE_INSPECTION_TOP,PN-337126,00F0BA04,00F0BA04,PN-337126,00F0BA04,T27,,PROCESS,PN-27795,00F0BA04T-20180414124007,U5,1,P11,483,483,6.31,-4.85,127,GOOD,GOOD,118.2619,168.3198,89.23049,0,0.9055,4/14/2018 17:36
5416,1020,FP9,TOP,4009168617,4/11/2018 8:11,1523433600,TWB_SM3,TWB_PCBA_SM3_TOP_FP,TWB_PCBA_TOP_FP9,1020,TWB_SM3,TWB_PCBA_PASTE_INSPECTION_TOP,PN-337126,00F0BA04,00F0BA04,PN-337126,00F0BA04,T27,,PROCESS,PN-27795,00F0BA04T-20180414124007,U5,1,K11,483,483,-6.6,-0.4,127,GOOD,GOOD,111.4586,157.28,90.00031,0,0.9055,4/14/2018 17:36
5558,1020,FP9,TOP,4009168617,4/11/2018 8:11,1523433600,TWB_SM3,TWB_PCBA_SM3_TOP_FP,TWB_PCBA_TOP_FP9,1020,TWB_SM3,TWB_PCBA_PASTE_INSPECTION_TOP,PN-337126,00F0BA04,00F0BA04,PN-337126,00F0BA04,T27,,PROCESS,PN-27795,00F0BA04T-20180414124007,U5,1,N13,483,483,3.73,-0.39,127,GOOD,GOOD,127.2737,169.0802,95.59823,0,0.9055,4/14/2018 17:36
5580,1020,FP9,TOP,4009168617,4/11/2018 8:11,1523433600,TWB_SM3,TWB_PCBA_SM3_TOP_FP,TWB_PCBA_TOP_FP9,1020,TWB_SM3,TWB_PCBA_PASTE_INSPECTION_TOP,PN-337126,00F0BA04,00F0BA04,PN-337126,00F0BA04,T27,,PROCESS,PN-27795,00F0BA04T-20180414124007,U5,1,M6,483,483,-7.25,-9.84,127,GOOD,GOOD,105.7805,150.9129,89.0191,0,0.9055,4/14/2018 17:36
5852,1020,FP9,TOP,4009168617,4/11/2018 8:11,1523433600,TWB_SM3,TWB_PCBA_SM3_TOP_FP,TWB_PCBA_TOP_FP9,1020,TWB_SM3,TWB_PCBA_PASTE_INSPECTION_TOP,PN-337126,00F0BA04,00F0BA04,PN-337126,00F0BA04,T27,,PROCESS,PN-27795,00F0BA04T-20180414124007,U5,1,P12,483,483,5.84,-3.34,127,GOOD,GOOD,119.4042,169.5509,89.43822,0,0.9055,4/14/2018 17:36
5950,1020,FP9,TOP,4009168617,4/11/2018 8:11,1523433600,TWB_SM3,TWB_PCBA_SM3_TOP_FP,TWB_PCBA_TOP_FP9,1020,TWB_SM3,TWB_PCBA_PASTE_INSPECTION_TOP,PN-337126,00F0BA04,00F0BA04,PN-337126,00F0BA04,T27,,PROCESS,PN-27795,00F0BA04T-20180414124007,U5,1,M9,483,483,-8.68,-5.31,127,GOOD,GOOD,120.74700000000001,169.8736,90.27223000000001,0,0.9055,4/14/2018 17:36
6155,1020,FP9,TOP,4009168617,4/11/2018 8:11,1523433600,TWB_SM3,TWB_PCBA_SM3_TOP_FP,TWB_PCBA_TOP_FP9,1020,TWB_SM3,TWB_PCBA_PASTE_INSPECTION_TOP,PN-337126,00F0BA04,00F0BA04,PN-337126,00F0BA04,T27,,PROCESS,PN-27795,00F0BA04T-20180414124007,U5,1,F15,483,483,-1.46,-12.57,127,GOOD,GOOD,112.0423,159.7175,89.0909,0,0.9055,4/14/2018 17:36
6384,1020,FP9,TOP,4009168617,4/11/2018 8:11,1523433600,TWB_SM3,TWB_PCBA_SM3_TOP_FP,TWB_PCBA_TOP_FP9,1020,TWB_SM3,TWB_PCBA_PASTE_INSPECTION_TOP,PN-337126,00F0BA04,00F0BA04,PN-337126,00F0BA04,T27,,PROCESS,PN-27795,00F0BA04T-20180414124007,U5,1,P9,483,483,3.95,-7.87,127,GOOD,GOOD,123.0595,154.9551,100.8586,0,0.9055,4/14/2018 17:36
6420,1020,FP9,TOP,4009168617,4/11/2018 8:11,1523433600,TWB_SM3,TWB_PCBA_SM3_TOP_FP,TWB_PCBA_TOP_FP9,1020,TWB_SM3,TWB_PCBA_PASTE_INSPECTION_TOP,PN-337126,00F0BA04,00F0BA04,PN-337126,00F0BA04,T27,,PROCESS,PN-27795,00F0BA04T-20180414124007,U5,1,A2,483,483,-8.75,-9.97,127,GOOD,GOOD,114.1373,155.7121,93.09123000000001,0,0.9055,4/14/2018 17:36
6421,1020,FP9,TOP,4009168617,4/11/2018 8:11,1523433600,TWB_SM3,TWB_PCBA_SM3_TOP_FP,TWB_PCBA_TOP_FP9,1020,TWB_SM3,TWB_PCBA_PASTE_INSPECTION_TOP,PN-337126,00F0BA04,00F0BA04,PN-337126,00F0BA04,T27,,PROCESS,PN-27795,00F0BA04T-20180414124007,U5,1,T11,483,483,3.29,-5.74,127,GOOD,GOOD,108.5651,148.7836,92.66998000000001,0,0.9055,4/14/2018 17:36
6547,1020,FP9,TOP,4009168617,4/11/2018 8:11,1523433600,TWB_SM3,TWB_PCBA_SM3_TOP_FP,TWB_PCBA_TOP_FP9,1020,TWB_SM3,TWB_PCBA_PASTE_INSPECTION_TOP,PN-337126,00F0BA04,00F0BA04,PN-337126,00F0BA04,T27,,PROCESS,PN-27795,00F0BA04T-20180414124007,U5,1,E6,483,483,0.0,-5.72,127,GOOD,GOOD,113.9825,154.4818,93.70538,0,0.9055,4/14/2018 17:36
6558,1020,FP9,TOP,4009168617,4/11/2018 8:11,1523433600,TWB_SM3,TWB_PCBA_SM3_TOP_FP,TWB_PCBA_TOP_FP9,1020,TWB_SM3,TWB_PCBA_PASTE_INSPECTION_TOP,PN-337126,00F0BA04,00F0BA04,PN-337126,00F0BA04,T27,,PROCESS,PN-27795,00F0BA04T-20180414124007,U5,1,A12,483,483,4.03,5.13,127,GOOD,GOOD,111.4722,157.3134,89.99212,0,0.9055,4/14/2018 17:36
6578,1020,FP9,TOP,4009168617,4/11/2018 8:11,1523433600,TWB_SM3,TWB_PCBA_SM3_TOP_FP,TWB_PCBA_TOP_FP9,1020,TWB_SM3,TWB_PCBA_PASTE_INSPECTION_TOP,PN-337126,00F0BA04,00F0BA04,PN-337126,00F0BA04,T27,,PROCESS,PN-27795,00F0BA04T-20180414124007,U5,1,H16,483,483,-5.95,-11.95,127,GOOD,GOOD,104.5125,151.3674,87.68784000000001,0,0.9055,4/14/2018 17:36
6995,1020,FP9,TOP,4009168617,4/11/2018 8:11,1523433600,TWB_SM3,TWB_PCBA_SM3_TOP_FP,TWB_PCBA_TOP_FP9,1020,TWB_SM3,TWB_PCBA_PASTE_INSPECTION_TOP,PN-337126,00F0BA04,00F0BA04,PN-337126,00F0BA04,T27,,PROCESS,PN-27795,00F0BA04T-20180414124007,U5,1,H14,483,483,-7.49,5.03,127,GOOD,GOOD,117.4151,154.7345,96.36969,0,0.9055,4/14/2018 17:36
7029,1020,FP9,TOP,4009168617,4/11/2018 8:11,1523433600,TWB_SM3,TWB_PCBA_SM3_TOP_FP,TWB_PCBA_TOP_FP9,1020,TWB_SM3,TWB_PCBA_PASTE_INSPECTION_TOP,PN-337126,00F0BA04,00F0BA04,PN-337126,00F0BA04,T27,,PROCESS,PN-27795,00F0BA04T-20180414124007,U5,1,H6,483,483,-1.21,-7.06,127,GOOD,GOOD,109.3927,152.1755,91.29500999999999,0,0.9055,4/14/2018 17:36
7277,1020,FP9,TOP,4009168617,4/11/2018 8:11,1523433600,TWB_SM3,TWB_PCBA_SM3_TOP_FP,TWB_PCBA_TOP_FP9,1020,TWB_SM3,TWB_PCBA_PASTE_INSPECTION_TOP,PN-337126,00F0BA04,00F0BA04,PN-337126,00F0BA04,T27,,PROCESS,PN-27795,00F0BA04T-20180414124007,U5,1,K3,483,483,-1.82,-12.48,127,GOOD,GOOD,109.6234,150.424,92.55289,0,0.9055,4/14/2018 17:36
7280,1020,FP9,TOP,4009168617,4/11/2018 8:11,1523433600,TWB_SM3,TWB_PCBA_SM3_TOP_FP,TWB_PCBA_TOP_FP9,1020,TWB_SM3,TWB_PCBA_PASTE_INSPECTION_TOP,PN-337126,00F0BA04,00F0BA04,PN-337126,00F0BA04,T27,,PROCESS,PN-27795,00F0BA04T-20180414124007,U5,1,R12,483,483,4.32,-2.8,127,GOOD,GOOD,116.5513,163.25799999999998,90.66637,0,0.9055,4/14/2018 17:36
7543,1020,FP9,TOP,4009168617,4/11/2018 8:11,1523433600,TWB_SM3,TWB_PCBA_SM3_TOP_FP,TWB_PCBA_TOP_FP9,1020,TWB_SM3,TWB_PCBA_PASTE_INSPECTION_TOP,PN-337126,00F0BA04,00F0BA04,PN-337126,00F0BA04,T27,,PROCESS,PN-27795,00F0BA04T-20180414124007,U5,1,R3,483,483,9.6,3.61,127,GOOD,GOOD,114.6068,156.2642,93.14393000000001,0,0.9055,4/14/2018 17:36
7549,1020,FP9,TOP,4009168617,4/11/2018 8:11,1523433600,TWB_SM3,TWB_PCBA_SM3_TOP_FP,TWB_PCBA_TOP_FP9,1020,TWB_SM3,TWB_PCBA_PASTE_INSPECTION_TOP,PN-337126,00F0BA04,00F0BA04,PN-337126,00F0BA04,T27,,PROCESS,PN-27795,00F0BA04T-20180414124007,U5,1,F5,483,483,3.29,-7.67,127,GOOD,GOOD,107.6703,158.6392,86.19637,0,0.9055,4/14/2018 17:36
7550,1020,FP9,TOP,4009168617,4/11/2018 8:11,1523433600,TWB_SM3,TWB_PCBA_SM3_TOP_FP,TWB_PCBA_TOP_FP9,1020,TWB_SM3,TWB_PCBA_PASTE_INSPECTION_TOP,PN-337126,00F0BA04,00F0BA04,PN-337126,00F0BA04,T27,,PROCESS,PN-27795,00F0BA04T-20180414124007,U5,1,G1,483,483,2.67,4.84,127,GOOD,GOOD,108.3796,151.6963,90.73531,0,0.9055,4/14/2018 17:36
7623,1020,FP9,TOP,4009168617,4/11/2018 8:11,1523433600,TWB_SM3,TWB_PCBA_SM3_TOP_FP,TWB_PCBA_TOP_FP9,1020,TWB_SM3,TWB_PCBA_PASTE_INSPECTION_TOP,PN-337126,00F0BA04,00F0BA04,PN-337126,00F0BA04,T27,,PROCESS,PN-27795,00F0BA04T-20180414124007,U5,1,H12,483,483,-4.06,2.01,127,GOOD,GOOD,115.5444,167.2982,87.71245,0,0.9055,4/14/2018 17:36
8188,1020,FP9,TOP,4009168617,4/11/2018 8:11,1523433600,TWB_SM3,TWB_PCBA_SM3_TOP_FP,TWB_PCBA_TOP_FP9,1020,TWB_SM3,TWB_PCBA_PASTE_INSPECTION_TOP,PN-337126,00F0BA04,00F0BA04,PN-337126,00F0BA04,T27,,PROCESS,PN-27795,00F0BA04T-20180414124007,U5,1,B13,483,483,3.88,5.2,127,GOOD,GOOD,119.615,165.7846,91.63157,0,0.9055,4/14/2018 17:36
8189,1020,FP9,TOP,4009168617,4/11/2018 8:11,1523433600,TWB_SM3,TWB_PCBA_SM3_TOP_FP,TWB_PCBA_TOP_FP9,1020,TWB_SM3,TWB_PCBA_PASTE_INSPECTION_TOP,PN-337126,00F0BA04,00F0BA04,PN-337126,00F0BA04,T27,,PROCESS,PN-27795,00F0BA04T-20180414124007,U5,1,P2,483,483,3.11,1.56,127,GOOD,GOOD,118.8582,156.8412,96.24376,0,0.9055,4/14/2018 17:36
8236,1020,FP9,TOP,4009168617,4/11/2018 8:11,1523433600,TWB_SM3,TWB_PCBA_SM3_TOP_FP,TWB_PCBA_TOP_FP9,1020,TWB_SM3,TWB_PCBA_PASTE_INSPECTION_TOP,PN-337126,00F0BA04,00F0BA04,PN-337126,00F0BA04,T27,,PROCESS,PN-27795,00F0BA04T-20180414124007,U5,1,A13,483,483,7.04,6.64,127,GOOD,GOOD,113.0633,161.536,88.89064,0,0.9055,4/14/2018 17:36
8306,1020,FP9,TOP,4009168617,4/11/2018 8:11,1523433600,TWB_SM3,TWB_PCBA_SM3_TOP_FP,TWB_PCBA_TOP_FP9,1020,TWB_SM3,TWB_PCBA_PASTE_INSPECTION_TOP,PN-337126,00F0BA04,00F0BA04,PN-337126,00F0BA04,T27,,PROCESS,PN-27795,00F0BA04T-20180414124007,U5,1,K7,483,483,-4.71,-6.44,127,GOOD,GOOD,111.5086,155.9307,90.81979,0,0.9055,4/14/2018 17:36
8310,1020,FP9,TOP,4009168617,4/11/2018 8:11,1523433600,TWB_SM3,TWB_PCBA_SM3_TOP_FP,TWB_PCBA_TOP_FP9,1020,TWB_SM3,TWB_PCBA_PASTE_INSPECTION_TOP,PN-337126,00F0BA04,00F0BA04,PN-337126,00F0BA04,T27,,PROCESS,PN-27795,00F0BA04T-20180414124007,U5,1,D2,483,483,6.72,-12.31,127,GOOD,GOOD,116.4986,156.4833,94.54885999999999,0,0.9055,4/14/2018 17:36
8384,1020,FP9,TOP,4009168617,4/11/2018 8:11,1523433600,TWB_SM3,TWB_PCBA_SM3_TOP_FP,TWB_PCBA_TOP_FP9,1020,TWB_SM3,TWB_PCBA_PASTE_INSPECTION_TOP,PN-337126,00F0BA04,00F0BA04,PN-337126,00F0BA04,T27,,PROCESS,PN-27795,00F0BA04T-20180414124007,U5,1,E11,483,483,0.12,1.83,127,GOOD,GOOD,106.3889,142.8267,94.59988,0,0.9055,4/14/2018 17:36
8385,1020,FP9,TOP,4009168617,4/11/2018 8:11,1523433600,TWB_SM3,TWB_PCBA_SM3_TOP_FP,TWB_PCBA_TOP_FP9,1020,TWB_SM3,TWB_PCBA_PASTE_INSPECTION_TOP,PN-337126,00F0BA04,00F0BA04,PN-337126,00F0BA04,T27,,PROCESS,PN-27795,00F0BA04T-20180414124007,U5,1,M16,483,483,8.01,-14.74,127,GOOD,GOOD,123.1985,165.1031,94.76626,0,0.9055,4/14/2018 17:36
8754,1020,FP9,TOP,4009168617,4/11/2018 8:11,1523433600,TWB_SM3,TWB_PCBA_SM3_TOP_FP,TWB_PCBA_TOP_FP9,1020,TWB_SM3,TWB_PCBA_PASTE_INSPECTION_TOP,PN-337126,00F0BA04,00F0BA04,PN-337126,00F0BA04,T27,,PROCESS,PN-27795,00F0BA04T-20180414124007,U5,1,B9,483,483,6.43,-0.85,127,GOOD,GOOD,111.624,152.9116,92.70883,0,0.9055,4/14/2018 17:36
9023,1020,FP9,TOP,4009168617,4/11/2018 8:11,1523433600,TWB_SM3,TWB_PCBA_SM3_TOP_FP,TWB_PCBA_TOP_FP9,1020,TWB_SM3,TWB_PCBA_PASTE_INSPECTION_TOP,PN-337126,00F0BA04,00F0BA04,PN-337126,00F0BA04,T27,,PROCESS,PN-27795,00F0BA04T-20180414124007,U5,1,R4,483,483,7.29,5.12,127,GOOD,GOOD,120.102,161.3696,94.52183000000001,0,0.9055,4/14/2018 17:36
9034,1020,FP9,TOP,4009168617,4/11/2018 8:11,1523433600,TWB_SM3,TWB_PCBA_SM3_TOP_FP,TWB_PCBA_TOP_FP9,1020,TWB_SM3,TWB_PCBA_PASTE_INSPECTION_TOP,PN-337126,00F0BA04,00F0BA04,PN-337126,00F0BA04,T27,,PROCESS,PN-27795,00F0BA04T-20180414124007,U5,1,E15,483,483,0.05,-12.12,127,GOOD,GOOD,111.626,159.7734,88.72881,0,0.9055,4/14/2018 17:36
9055,1020,FP9,TOP,4009168617,4/11/2018 8:11,1523433600,TWB_SM3,TWB_PCBA_SM3_TOP_FP,TWB_PCBA_TOP_FP9,1020,TWB_SM3,TWB_PCBA_PASTE_INSPECTION_TOP,PN-337126,00F0BA04,00F0BA04,PN-337126,00F0BA04,T27,,PROCESS,PN-27795,00F0BA04T-20180414124007,U5,1,P8,483,483,8.73,10.63,127,GOOD,GOOD,118.34899999999999,161.1889,93.24665999999999,0,0.9055,4/14/2018 17:36
9495,1020,FP9,TOP,4009168617,4/11/2018 8:11,1523433600,TWB_SM3,TWB_PCBA_SM3_TOP_FP,TWB_PCBA_TOP_FP9,1020,TWB_SM3,TWB_PCBA_PASTE_INSPECTION_TOP,PN-337126,00F0BA04,00F0BA04,PN-337126,00F0BA04,T27,,PROCESS,PN-27795,00F0BA04T-20180414124007,U5,1,T8,483,483,5.71,9.73,127,GOOD,GOOD,115.2518,153.5808,95.30471999999999,0,0.9055,4/14/2018 17:36
9661,1020,FP9,TOP,4009168617,4/11/2018 8:11,1523433600,TWB_SM3,TWB_PCBA_SM3_TOP_FP,TWB_PCBA_TOP_FP9,1020,TWB_SM3,TWB_PCBA_PASTE_INSPECTION_TOP,PN-337126,00F0BA04,00F0BA04,PN-337126,00F0BA04,T27,,PROCESS,PN-27795,00F0BA04T-20180414124007,U5,1,B4,483,483,4.65,-8.4,127,GOOD,GOOD,115.1836,152.779,95.74821,0,0.9055,4/14/2018 17:36
9721,1020,FP9,TOP,4009168617,4/11/2018 8:11,1523433600,TWB_SM3,TWB_PCBA_SM3_TOP_FP,TWB_PCBA_TOP_FP9,1020,TWB_SM3,TWB_PCBA_PASTE_INSPECTION_TOP,PN-337126,00F0BA04,00F0BA04,PN-337126,00F0BA04,T27,,PROCESS,PN-27795,00F0BA04T-20180414124007,U5,1,G3,483,483,2.71,-12.14,127,GOOD,GOOD,115.7738,157.0098,93.64556999999999,0,0.9055,4/14/2018 17:36
9733,1020,FP9,TOP,4009168617,4/11/2018 8:11,1523433600,TWB_SM3,TWB_PCBA_SM3_TOP_FP,TWB_PCBA_TOP_FP9,1020,TWB_SM3,TWB_PCBA_PASTE_INSPECTION_TOP,PN-337126,00F0BA04,00F0BA04,PN-337126,00F0BA04,T27,,PROCESS,PN-27795,00F0BA04T-20180414124007,U5,1,T7,483,483,2.7,8.22,127,GOOD,GOOD,116.9769,153.6577,96.68287,0,0.9055,4/14/2018 17:36
9787,1020,FP9,TOP,4009168617,4/11/2018 8:11,1523433600,TWB_SM3,TWB_PCBA_SM3_TOP_FP,TWB_PCBA_TOP_FP9,1020,TWB_SM3,TWB_PCBA_PASTE_INSPECTION_TOP,PN-337126,00F0BA04,00F0BA04,PN-337126,00F0BA04,T27,,PROCESS,PN-27795,00F0BA04T-20180414124007,U5,1,D4,483,483,-0.03,-9.29,127,GOOD,GOOD,120.3215,164.4356,92.92898000000001,0,0.9055,4/14/2018 17:36
9826,1020,FP9,TOP,4009168617,4/11/2018 8:11,1523433600,TWB_SM3,TWB_PCBA_SM3_TOP_FP,TWB_PCBA_TOP_FP9,1020,TWB_SM3,TWB_PCBA_PASTE_INSPECTION_TOP,PN-337126,00F0BA04,00F0BA04,PN-337126,00F0BA04,T27,,PROCESS,PN-27795,00F0BA04T-20180414124007,U5,1,E3,483,483,5.73,-10.25,127,GOOD,GOOD,113.47399999999999,163.5146,88.134,0,0.9055,4/14/2018 17:36
10047,1020,FP9,TOP,4009168617,4/11/2018 8:11,1523433600,TWB_SM3,TWB_PCBA_SM3_TOP_FP,TWB_PCBA_TOP_FP9,1020,TWB_SM3,TWB_PCBA_PASTE_INSPECTION_TOP,PN-337126,00F0BA04,00F0BA04,PN-337126,00F0BA04,T27,,PROCESS,PN-27795,00F0BA04T-20180414124007,U5,1,P13,483,483,6.36,-1.83,127,GOOD,GOOD,120.3484,161.9058,94.40214,0,0.9055,4/14/2018 17:36
10051,1020,FP9,TOP,4009168617,4/11/2018 8:11,1523433600,TWB_SM3,TWB_PCBA_SM3_TOP_FP,TWB_PCBA_TOP_FP9,1020,TWB_SM3,TWB_PCBA_PASTE_INSPECTION_TOP,PN-337126,00F0BA04,00F0BA04,PN-337126,00F0BA04,T27,,PROCESS,PN-27795,00F0BA04T-20180414124007,U5,1,L5,483,483,-4.27,-12.39,127,GOOD,GOOD,124.2193,168.7403,93.49191,0,0.9055,4/14/2018 17:36
10068,1020,FP9,TOP,4009168617,4/11/2018 8:11,1523433600,TWB_SM3,TWB_PCBA_SM3_TOP_FP,TWB_PCBA_TOP_FP9,1020,TWB_SM3,TWB_PCBA_PASTE_INSPECTION_TOP,PN-337126,00F0BA04,00F0BA04,PN-337126,00F0BA04,T27,,PROCESS,PN-27795,00F0BA04T-20180414124007,U5,1,K5,483,483,-2.75,-9.46,127,GOOD,GOOD,114.0191,153.8085,94.14587,0,0.9055,4/14/2018 17:36
10197,1020,FP9,TOP,4009168617,4/11/2018 8:11,1523433600,TWB_SM3,TWB_PCBA_SM3_TOP_FP,TWB_PCBA_TOP_FP9,1020,TWB_SM3,TWB_PCBA_PASTE_INSPECTION_TOP,PN-337126,00F0BA04,00F0BA04,PN-337126,00F0BA04,T27,,PROCESS,PN-27795,00F0BA04T-20180414124007,U5,1,D12,483,483,1.99,2.8,127,GOOD,GOOD,113.131,162.7259,88.29352,0,0.9055,4/14/2018 17:36
10342,1020,FP9,TOP,4009168617,4/11/2018 8:11,1523433600,TWB_SM3,TWB_PCBA_SM3_TOP_FP,TWB_PCBA_TOP_FP9,1020,TWB_SM3,TWB_PCBA_PASTE_INSPECTION_TOP,PN-337126,00F0BA04,00F0BA04,PN-337126,00F0BA04,T27,,PROCESS,PN-27795,00F0BA04T-20180414124007,U5,1,L14,483,483,-9.54,3.69,127,GOOD,GOOD,121.0597,164.1576,93.65742,0,0.9055,4/14/2018 17:36
10346,1020,FP9,TOP,4009168617,4/11/2018 8:11,1523433600,TWB_SM3,TWB_PCBA_SM3_TOP_FP,TWB_PCBA_TOP_FP9,1020,TWB_SM3,TWB_PCBA_PASTE_INSPECTION_TOP,PN-337126,00F0BA04,00F0BA04,PN-337126,00F0BA04,T27,,PROCESS,PN-27795,00F0BA04T-20180414124007,U5,1,R8,483,483,0.59,11.17,127,GOOD,GOOD,118.7934,158.1404,95.40105,0,0.9055,4/14/2018 17:36
10369,1020,FP9,TOP,4009168617,4/11/2018 8:11,1523433600,TWB_SM3,TWB_PCBA_SM3_TOP_FP,TWB_PCBA_TOP_FP9,1020,TWB_SM3,TWB_PCBA_PASTE_INSPECTION_TOP,PN-337126,00F0BA04,00F0BA04,PN-337126,00F0BA04,T27,,PROCESS,PN-27795,00F0BA04T-20180414124007,U5,1,N1,483,483,-7.45,1.48,127,GOOD,GOOD,117.7896,158.9785,94.09628000000001,0,0.9055,4/14/2018 17:36
10387,1020,FP9,TOP,4009168617,4/11/2018 8:11,1523433600,TWB_SM3,TWB_PCBA_SM3_TOP_FP,TWB_PCBA_TOP_FP9,1020,TWB_SM3,TWB_PCBA_PASTE_INSPECTION_TOP,PN-337126,00F0BA04,00F0BA04,PN-337126,00F0BA04,T27,,PROCESS,PN-27795,00F0BA04T-20180414124007,U5,1,E16,483,483,-1.42,-10.61,127,GOOD,GOOD,111.38799999999999,155.0444,91.24016,0,0.9055,4/14/2018 17:36
10391,1020,FP9,TOP,4009168617,4/11/2018 8:11,1523433600,TWB_SM3,TWB_PCBA_SM3_TOP_FP,TWB_PCBA_TOP_FP9,1020,TWB_SM3,TWB_PCBA_PASTE_INSPECTION_TOP,PN-337126,00F0BA04,00F0BA04,PN-337126,00F0BA04,T27,,PROCESS,PN-27795,00F0BA04T-20180414124007,U5,1,J2,483,483,-0.83,-14.54,127,GOOD,GOOD,109.1773,148.6503,93.27611,0,0.9055,4/14/2018 17:36
10392,1020,FP9,TOP,4009168617,4/11/2018 8:11,1523433600,TWB_SM3,TWB_PCBA_SM3_TOP_FP,TWB_PCBA_TOP_FP9,1020,TWB_SM3,TWB_PCBA_PASTE_INSPECTION_TOP,PN-337126,00F0BA04,00F0BA04,PN-337126,00F0BA04,T27,,PROCESS,PN-27795,00F0BA04T-20180414124007,U5,1,R14,483,483,3.38,0.22,127,GOOD,GOOD,112.7933,151.8576,94.33017,0,0.9055,4/14/2018 17:36
10405,1020,FP9,TOP,4009168617,4/11/2018 8:11,1523433600,TWB_SM3,TWB_PCBA_SM3_TOP_FP,TWB_PCBA_TOP_FP9,1020,TWB_SM3,TWB_PCBA_PASTE_INSPECTION_TOP,PN-337126,00F0BA04,00F0BA04,PN-337126,00F0BA04,T27,,PROCESS,PN-27795,00F0BA04T-20180414124007,U5,1,F14,483,483,-1.98,5.92,127,GOOD,GOOD,118.2611,169.93900000000002,88.37971999999999,0,0.9055,4/14/2018 17:36
10431,1020,FP9,TOP,4009168617,4/11/2018 8:11,1523433600,TWB_SM3,TWB_PCBA_SM3_TOP_FP,TWB_PCBA_TOP_FP9,1020,TWB_SM3,TWB_PCBA_PASTE_INSPECTION_TOP,PN-337126,00F0BA04,00F0BA04,PN-337126,00F0BA04,T27,,PROCESS,PN-27795,00F0BA04T-20180414124007,U5,1,G6,483,483,0.3,-7.61,127,GOOD,GOOD,106.3792,150.9756,89.48566,0,0.9055,4/14/2018 17:36
10482,1020,FP9,TOP,4009168617,4/11/2018 8:11,1523433600,TWB_SM3,TWB_PCBA_SM3_TOP_FP,TWB_PCBA_TOP_FP9,1020,TWB_SM3,TWB_PCBA_PASTE_INSPECTION_TOP,PN-337126,00F0BA04,00F0BA04,PN-337126,00F0BA04,T27,,PROCESS,PN-27795,00F0BA04T-20180414124007,U5,1,A8,483,483,9.41,-0.91,127,GOOD,GOOD,108.9416,152.4124,90.77728,0,0.9055,4/14/2018 17:36
10483,1020,FP9,TOP,4009168617,4/11/2018 8:11,1523433600,TWB_SM3,TWB_PCBA_SM3_TOP_FP,TWB_PCBA_TOP_FP9,1020,TWB_SM3,TWB_PCBA_PASTE_INSPECTION_TOP,PN-337126,00F0BA04,00F0BA04,PN-337126,00F0BA04,T27,,PROCESS,PN-27795,00F0BA04T-20180414124007,U5,1,L12,483,483,-8.59,0.67,127,GOOD,GOOD,117.4729,160.945,92.69666,0,0.9055,4/14/2018 17:36
10609,1020,FP9,TOP,4009168617,4/11/2018 8:11,1523433600,TWB_SM3,TWB_PCBA_SM3_TOP_FP,TWB_PCBA_TOP_FP9,1020,TWB_SM3,TWB_PCBA_PASTE_INSPECTION_TOP,PN-337126,00F0BA04,00F0BA04,PN-337126,00F0BA04,T27,,PROCESS,PN-27795,00F0BA04T-20180414124007,U5,1,P7,483,483,5.72,9.11,127,GOOD,GOOD,120.8902,156.6668,97.99815,0,0.9055,4/14/2018 17:36
10667,1020,FP9,TOP,4009168617,4/11/2018 8:11,1523433600,TWB_SM3,TWB_PCBA_SM3_TOP_FP,TWB_PCBA_TOP_FP9,1020,TWB_SM3,TWB_PCBA_PASTE_INSPECTION_TOP,PN-337126,00F0BA04,00F0BA04,PN-337126,00F0BA04,T27,,PROCESS,PN-27795,00F0BA04T-20180414124007,U5,1,L3,483,483,-3.33,-12.93,127,GOOD,GOOD,113.4901,151.85399999999998,94.91512,0,0.9055,4/14/2018 17:36
10867,1020,FP9,TOP,4009168617,4/11/2018 8:11,1523433600,TWB_SM3,TWB_PCBA_SM3_TOP_FP,TWB_PCBA_TOP_FP9,1020,TWB_SM3,TWB_PCBA_PASTE_INSPECTION_TOP,PN-337126,00F0BA04,00F0BA04,PN-337126,00F0BA04,T27,,PROCESS,PN-27795,00F0BA04T-20180414124007,U5,1,J12,483,483,-5.57,0.56,127,GOOD,GOOD,120.6532,164.7236,93.0222,0,0.9055,4/14/2018 17:36
10868,1020,FP9,TOP,4009168617,4/11/2018 8:11,1523433600,TWB_SM3,TWB_PCBA_SM3_TOP_FP,TWB_PCBA_TOP_FP9,1020,TWB_SM3,TWB_PCBA_PASTE_INSPECTION_TOP,PN-337126,00F0BA04,00F0BA04,PN-337126,00F0BA04,T27,,PROCESS,PN-27795,00F0BA04T-20180414124007,U5,1,J5,483,483,-1.24,-10.01,127,GOOD,GOOD,115.693,160.6501,91.45975,0,0.9055,4/14/2018 17:36
11126,1020,FP9,TOP,4009168617,4/11/2018 8:11,1523433600,TWB_SM3,TWB_PCBA_SM3_TOP_FP,TWB_PCBA_TOP_FP9,1020,TWB_SM3,TWB_PCBA_PASTE_INSPECTION_TOP,PN-337126,00F0BA04,00F0BA04,PN-337126,00F0BA04,T27,,PROCESS,PN-27795,00F0BA04T-20180414124007,U5,1,T5,483,483,-0.32,5.2,127,GOOD,GOOD,127.8895,160.8125,100.9994,0,0.9055,4/14/2018 17:36
11219,1020,FP9,TOP,4009168617,4/11/2018 8:11,1523433600,TWB_SM3,TWB_PCBA_SM3_TOP_FP,TWB_PCBA_TOP_FP9,1020,TWB_SM3,TWB_PCBA_PASTE_INSPECTION_TOP,PN-337126,00F0BA04,00F0BA04,PN-337126,00F0BA04,T27,,PROCESS,PN-27795,00F0BA04T-20180414124007,U5,1,G16,483,483,-8.58,-12.51,127,GOOD,GOOD,107.28399999999999,147.7137,92.2397,0,0.9055,4/14/2018 17:36
11602,1020,FP9,TOP,4009168617,4/11/2018 8:11,1523433600,TWB_SM3,TWB_PCBA_SM3_TOP_FP,TWB_PCBA_TOP_FP9,1020,TWB_SM3,TWB_PCBA_PASTE_INSPECTION_TOP,PN-337126,00F0BA04,00F0BA04,PN-337126,00F0BA04,T27,,PROCESS,PN-27795,00F0BA04T-20180414124007,U5,1,H7,483,483,-1.69,-5.55,127,GOOD,GOOD,108.9558,151.8793,91.10774,0,0.9055,4/14/2018 17:36
11731,1020,FP9,TOP,4009168617,4/11/2018 8:11,1523433600,TWB_SM3,TWB_PCBA_SM3_TOP_FP,TWB_PCBA_TOP_FP9,1020,TWB_SM3,TWB_PCBA_PASTE_INSPECTION_TOP,PN-337126,00F0BA04,00F0BA04,PN-337126,00F0BA04,T27,,PROCESS,PN-27795,00F0BA04T-20180414124007,U5,1,G5,483,483,1.78,-9.12,127,GOOD,GOOD,108.6165,149.3083,92.38799,0,0.9055,4/14/2018 17:36
11993,1020,FP9,TOP,4009168617,4/11/2018 8:11,1523433600,TWB_SM3,TWB_PCBA_SM3_TOP_FP,TWB_PCBA_TOP_FP9,1020,TWB_SM3,TWB_PCBA_PASTE_INSPECTION_TOP,PN-337126,00F0BA04,00F0BA04,PN-337126,00F0BA04,T27,,PROCESS,PN-27795,00F0BA04T-20180414124007,U5,1,R11,483,483,3.97,-4.31,127,GOOD,GOOD,122.5766,163.4665,95.2319,0,0.9055,4/14/2018 17:36
12039,1020,FP9,TOP,4009168617,4/11/2018 8:11,1523433600,TWB_SM3,TWB_PCBA_SM3_TOP_FP,TWB_PCBA_TOP_FP9,1020,TWB_SM3,TWB_PCBA_PASTE_INSPECTION_TOP,PN-337126,00F0BA04,00F0BA04,PN-337126,00F0BA04,T27,,PROCESS,PN-27795,00F0BA04T-20180414124007,U5,1,H5,483,483,0.27,-8.57,127,GOOD,GOOD,112.0176,158.2358,89.9053,0,0.9055,4/14/2018 17:36
12233,1020,FP9,TOP,4009168617,4/11/2018 8:11,1523433600,TWB_SM3,TWB_PCBA_SM3_TOP_FP,TWB_PCBA_TOP_FP9,1020,TWB_SM3,TWB_PCBA_PASTE_INSPECTION_TOP,PN-337126,00F0BA04,00F0BA04,PN-337126,00F0BA04,T27,,PROCESS,PN-27795,00F0BA04T-20180414124007,U5,1,R5,483,483,8.64,6.63,127,GOOD,GOOD,120.5816,159.2584,96.15738,0,0.9055,4/14/2018 17:36
12326,1020,FP9,TOP,4009168617,4/11/2018 8:11,1523433600,TWB_SM3,TWB_PCBA_SM3_TOP_FP,TWB_PCBA_TOP_FP9,1020,TWB_SM3,TWB_PCBA_PASTE_INSPECTION_TOP,PN-337126,00F0BA04,00F0BA04,PN-337126,00F0BA04,T27,,PROCESS,PN-27795,00F0BA04T-20180414124007,U5,1,B15,483,483,4.59,-11.78,127,GOOD,GOOD,113.7988,155.4388,92.97841,0,0.9055,4/14/2018 17:36
12410,1020,FP9,TOP,4009168617,4/11/2018 8:11,1523433600,TWB_SM3,TWB_PCBA_SM3_TOP_FP,TWB_PCBA_TOP_FP9,1020,TWB_SM3,TWB_PCBA_PASTE_INSPECTION_TOP,PN-337126,00F0BA04,00F0BA04,PN-337126,00F0BA04,T27,,PROCESS,PN-27795,00F0BA04T-20180414124007,U5,1,N8,483,483,0.3,12.06,127,GOOD,GOOD,121.7206,161.8436,95.51515,0,0.9055,4/14/2018 17:36
12497,1020,FP9,TOP,4009168617,4/11/2018 8:11,1523433600,TWB_SM3,TWB_PCBA_SM3_TOP_FP,TWB_PCBA_TOP_FP9,1020,TWB_SM3,TWB_PCBA_PASTE_INSPECTION_TOP,PN-337126,00F0BA04,00F0BA04,PN-337126,00F0BA04,T27,,PROCESS,PN-27795,00F0BA04T-20180414124007,U5,1,M7,483,483,-7.73,-8.33,127,GOOD,GOOD,113.333,151.4428,95.04115,0,0.9055,4/14/2018 17:36
12620,1020,FP9,TOP,4009168617,4/11/2018 8:11,1523433600,TWB_SM3,TWB_PCBA_SM3_TOP_FP,TWB_PCBA_TOP_FP9,1020,TWB_SM3,TWB_PCBA_PASTE_INSPECTION_TOP,PN-337126,00F0BA04,00F0BA04,PN-337126,00F0BA04,T27,,PROCESS,PN-27795,00F0BA04T-20180414124007,U5,1,F3,483,483,4.22,-10.69,127,GOOD,GOOD,110.9152,154.9644,90.89983000000001,0,0.9055,4/14/2018 17:36
12859,1020,FP9,TOP,4009168617,4/11/2018 8:11,1523433600,TWB_SM3,TWB_PCBA_SM3_TOP_FP,TWB_PCBA_TOP_FP9,1020,TWB_SM3,TWB_PCBA_PASTE_INSPECTION_TOP,PN-337126,00F0BA04,00F0BA04,PN-337126,00F0BA04,T27,,PROCESS,PN-27795,00F0BA04T-20180414124007,U5,1,M8,483,483,-7.2,-6.82,127,GOOD,GOOD,114.9666,164.0817,88.98465999999999,0,0.9055,4/14/2018 17:36
13006,1020,FP9,TOP,4009168617,4/11/2018 8:11,1523433600,TWB_SM3,TWB_PCBA_SM3_TOP_FP,TWB_PCBA_TOP_FP9,1020,TWB_SM3,TWB_PCBA_PASTE_INSPECTION_TOP,PN-337126,00F0BA04,00F0BA04,PN-337126,00F0BA04,T27,,PROCESS,PN-27795,00F0BA04T-20180414124007,U5,1,A7,483,483,8.89,-2.42,127,GOOD,GOOD,110.6317,162.2702,86.5854,0,0.9055,4/14/2018 17:36
13007,1020,FP9,TOP,4009168617,4/11/2018 8:11,1523433600,TWB_SM3,TWB_PCBA_SM3_TOP_FP,TWB_PCBA_TOP_FP9,1020,TWB_SM3,TWB_PCBA_PASTE_INSPECTION_TOP,PN-337126,00F0BA04,00F0BA04,PN-337126,00F0BA04,T27,,PROCESS,PN-27795,00F0BA04T-20180414124007,U5,1,L11,483,483,-8.11,-0.84,127,GOOD,GOOD,117.9228,161.0644,92.98265,0,0.9055,4/14/2018 17:36
13008,1020,FP9,TOP,4009168617,4/11/2018 8:11,1523433600,TWB_SM3,TWB_PCBA_SM3_TOP_FP,TWB_PCBA_TOP_FP9,1020,TWB_SM3,TWB_PCBA_PASTE_INSPECTION_TOP,PN-337126,00F0BA04,00F0BA04,PN-337126,00F0BA04,T27,,PROCESS,PN-27795,00F0BA04T-20180414124007,U5,1,T16,483,483,0.92,1.81,127,GOOD,GOOD,116.4783,156.0588,94.78958,0,0.9055,4/14/2018 17:36
13021,1020,FP9,TOP,4009168617,4/11/2018 8:11,1523433600,TWB_SM3,TWB_PCBA_SM3_TOP_FP,TWB_PCBA_TOP_FP9,1020,TWB_SM3,TWB_PCBA_PASTE_INSPECTION_TOP,PN-337126,00F0BA04,00F0BA04,PN-337126,00F0BA04,T27,,PROCESS,PN-27795,00F0BA04T-20180414124007,U5,1,P3,483,483,9.45,3.07,127,GOOD,GOOD,116.7174,150.4507,98.52467,0,0.9055,4/14/2018 17:36
13046,1020,FP9,TOP,4009168617,4/11/2018 8:11,1523433600,TWB_SM3,TWB_PCBA_SM3_TOP_FP,TWB_PCBA_TOP_FP9,1020,TWB_SM3,TWB_PCBA_PASTE_INSPECTION_TOP,PN-337126,00F0BA04,00F0BA04,PN-337126,00F0BA04,T27,,PROCESS,PN-27795,00F0BA04T-20180414124007,U5,1,H8,483,483,-1.16,-4.03,127,GOOD,GOOD,107.1931,148.2069,91.85489,0,0.9055,4/14/2018 17:36
13066,1020,FP9,TOP,4009168617,4/11/2018 8:11,1523433600,TWB_SM3,TWB_PCBA_SM3_TOP_FP,TWB_PCBA_TOP_FP9,1020,TWB_SM3,TWB_PCBA_PASTE_INSPECTION_TOP,PN-337126,00F0BA04,00F0BA04,PN-337126,00F0BA04,T27,,PROCESS,PN-27795,00F0BA04T-20180414124007,U5,1,K1,483,483,-1.87,4.5,127,GOOD,GOOD,107.7754,148.838,91.9623,0,0.9055,4/14/2018 17:36
13302,1020,FP9,TOP,4009168617,4/11/2018 8:11,1523433600,TWB_SM3,TWB_PCBA_SM3_TOP_FP,TWB_PCBA_TOP_FP9,1020,TWB_SM3,TWB_PCBA_PASTE_INSPECTION_TOP,PN-337126,00F0BA04,00F0BA04,PN-337126,00F0BA04,T27,,PROCESS,PN-27795,00F0BA04T-20180414124007,U5,1,P6,483,483,1.23,7.6,127,GOOD,GOOD,121.5502,159.2311,96.94632,0,0.9055,4/14/2018 17:36
13305,1020,FP9,TOP,4009168617,4/11/2018 8:11,1523433600,TWB_SM3,TWB_PCBA_SM3_TOP_FP,TWB_PCBA_TOP_FP9,1020,TWB_SM3,TWB_PCBA_PASTE_INSPECTION_TOP,PN-337126,00F0BA04,00F0BA04,PN-337126,00F0BA04,T27,,PROCESS,PN-27795,00F0BA04T-20180414124007,U5,1,D6,483,483,4.83,-6.27,127,GOOD,GOOD,109.3894,154.2494,90.06488,0,0.9055,4/14/2018 17:36
13491,1020,FP9,TOP,4009168617,4/11/2018 8:11,1523433600,TWB_SM3,TWB_PCBA_SM3_TOP_FP,TWB_PCBA_TOP_FP9,1020,TWB_SM3,TWB_PCBA_PASTE_INSPECTION_TOP,PN-337126,00F0BA04,00F0BA04,PN-337126,00F0BA04,T27,,PROCESS,PN-27795,00F0BA04T-20180414124007,U5,1,E9,483,483,1.9,-1.19,127,GOOD,GOOD,112.9821,153.2378,93.63696,0,0.9055,4/14/2018 17:36
13583,1020,FP9,TOP,4009168617,4/11/2018 8:11,1523433600,TWB_SM3,TWB_PCBA_SM3_TOP_FP,TWB_PCBA_TOP_FP9,1020,TWB_SM3,TWB_PCBA_PASTE_INSPECTION_TOP,PN-337126,00F0BA04,00F0BA04,PN-337126,00F0BA04,T27,,PROCESS,PN-27795,00F0BA04T-20180414124007,U5,1,H1,483,483,1.15,5.39,127,GOOD,GOOD,108.9544,151.0776,91.5901,0,0.9055,4/14/2018 17:36
13628,1020,FP9,TOP,4009168617,4/11/2018 8:11,1523433600,TWB_SM3,TWB_PCBA_SM3_TOP_FP,TWB_PCBA_TOP_FP9,1020,TWB_SM3,TWB_PCBA_PASTE_INSPECTION_TOP,PN-337126,00F0BA04,00F0BA04,PN-337126,00F0BA04,T27,,PROCESS,PN-27795,00F0BA04T-20180414124007,U5,1,D10,483,483,3.93,-0.22,127,GOOD,GOOD,113.8028,158.1143,91.40827,0,0.9055,4/14/2018 17:36
13629,1020,FP9,TOP,4009168617,4/11/2018 8:11,1523433600,TWB_SM3,TWB_PCBA_SM3_TOP_FP,TWB_PCBA_TOP_FP9,1020,TWB_SM3,TWB_PCBA_PASTE_INSPECTION_TOP,PN-337126,00F0BA04,00F0BA04,PN-337126,00F0BA04,T27,,PROCESS,PN-27795,00F0BA04T-20180414124007,U5,1,L15,483,483,-9.01,5.2,127,GOOD,GOOD,121.6492,165.67700000000002,93.2504,0,0.9055,4/14/2018 17:36
13720,1020,FP9,TOP,4009168617,4/11/2018 8:11,1523433600,TWB_SM3,TWB_PCBA_SM3_TOP_FP,TWB_PCBA_TOP_FP9,1020,TWB_SM3,TWB_PCBA_PASTE_INSPECTION_TOP,PN-337126,00F0BA04,00F0BA04,PN-337126,00F0BA04,T27,,PROCESS,PN-27795,00F0BA04T-20180414124007,U5,1,E13,483,483,1.0,4.86,127,GOOD,GOOD,117.5785,156.0951,95.66264,0,0.9055,4/14/2018 17:36
13742,1020,FP9,TOP,4009168617,4/11/2018 8:11,1523433600,TWB_SM3,TWB_PCBA_SM3_TOP_FP,TWB_PCBA_TOP_FP9,1020,TWB_SM3,TWB_PCBA_PASTE_INSPECTION_TOP,PN-337126,00F0BA04,00F0BA04,PN-337126,00F0BA04,T27,,PROCESS,PN-27795,00F0BA04T-20180414124007,U5,1,E14,483,483,-0.47,6.37,127,GOOD,GOOD,117.2029,162.5784,91.55438000000001,0,0.9055,4/14/2018 17:36
13989,1020,FP9,TOP,4009168617,4/11/2018 8:11,1523433600,TWB_SM3,TWB_PCBA_SM3_TOP_FP,TWB_PCBA_TOP_FP9,1020,TWB_SM3,TWB_PCBA_PASTE_INSPECTION_TOP,PN-337126,00F0BA04,00F0BA04,PN-337126,00F0BA04,T27,,PROCESS,PN-27795,00F0BA04T-20180414124007,U5,1,C9,483,483,4.92,-0.29,127,GOOD,GOOD,110.7014,155.6238,90.34016,0,0.9055,4/14/2018 17:36
14001,1020,FP9,TOP,4009168617,4/11/2018 8:11,1523433600,TWB_SM3,TWB_PCBA_SM3_TOP_FP,TWB_PCBA_TOP_FP9,1020,TWB_SM3,TWB_PCBA_PASTE_INSPECTION_TOP,PN-337126,00F0BA04,00F0BA04,PN-337126,00F0BA04,T27,,PROCESS,PN-27795,00F0BA04T-20180414124007,U5,1,B16,483,483,-1.03,-10.28,127,GOOD,GOOD,120.3351,162.9315,93.79748000000001,0,0.9055,4/14/2018 17:36
14031,1020,FP9,TOP,4009168617,4/11/2018 8:11,1523433600,TWB_SM3,TWB_PCBA_SM3_TOP_FP,TWB_PCBA_TOP_FP9,1020,TWB_SM3,TWB_PCBA_PASTE_INSPECTION_TOP,PN-337126,00F0BA04,00F0BA04,PN-337126,00F0BA04,T27,,PROCESS,PN-27795,00F0BA04T-20180414124007,U5,1,N11,483,483,4.51,-3.41,127,GOOD,GOOD,121.405,169.6596,90.87864,0,0.9055,4/14/2018 17:36
15173,1020,FP9,TOP,4009168617,4/11/2018 8:11,1523433600,TWB_SM3,TWB_PCBA_SM3_TOP_FP,TWB_PCBA_TOP_FP9,1020,TWB_SM3,TWB_PCBA_PASTE_INSPECTION_TOP,PN-337126,00F0BA04,00F0BA04,PN-337126,00F0BA04,T27,,PROCESS,PN-27795,00F0BA04T-20180414124007,U5,1,L8,483,483,-5.69,-5.37,127,GOOD,GOOD,109.04799999999999,151.2855,91.54283000000001,0,0.9055,4/14/2018 17:36
15445,1020,FP9,TOP,4009168617,4/11/2018 8:11,1523433600,TWB_SM3,TWB_PCBA_SM3_TOP_FP,TWB_PCBA_TOP_FP9,1020,TWB_SM3,TWB_PCBA_PASTE_INSPECTION_TOP,PN-337126,00F0BA04,00F0BA04,PN-337126,00F0BA04,T27,,PROCESS,PN-27795,00F0BA04T-20180414124007,U5,1,A9,483,483,7.94,0.6,127,GOOD,GOOD,107.4499,146.6454,93.05537,0,0.9055,4/14/2018 17:36
15446,1020,FP9,TOP,4009168617,4/11/2018 8:11,1523433600,TWB_SM3,TWB_PCBA_SM3_TOP_FP,TWB_PCBA_TOP_FP9,1020,TWB_SM3,TWB_PCBA_PASTE_INSPECTION_TOP,PN-337126,00F0BA04,00F0BA04,PN-337126,00F0BA04,T27,,PROCESS,PN-27795,00F0BA04T-20180414124007,U5,1,L13,483,483,-8.06,2.18,127,GOOD,GOOD,128.3668,171.9858,94.79030999999999,0,0.9055,4/14/2018 17:36
15673,1020,FP9,TOP,4009168617,4/11/2018 8:11,1523433600,TWB_SM3,TWB_PCBA_SM3_TOP_FP,TWB_PCBA_TOP_FP9,1020,TWB_SM3,TWB_PCBA_PASTE_INSPECTION_TOP,PN-337126,00F0BA04,00F0BA04,PN-337126,00F0BA04,T27,,PROCESS,PN-27795,00F0BA04T-20180414124007,U5,1,B1,483,483,7.74,-12.93,127,GOOD,GOOD,107.0503,146.0103,93.11253,0,0.9055,4/14/2018 17:36
15709,1020,FP9,TOP,4009168617,4/11/2018 8:11,1523433600,TWB_SM3,TWB_PCBA_SM3_TOP_FP,TWB_PCBA_TOP_FP9,1020,TWB_SM3,TWB_PCBA_PASTE_INSPECTION_TOP,PN-337126,00F0BA04,00F0BA04,PN-337126,00F0BA04,T27,,PROCESS,PN-27795,00F0BA04T-20180414124007,U5,1,M10,483,483,-8.15,-3.8,127,GOOD,GOOD,110.0927,154.6367,90.41691999999999,0,0.9055,4/14/2018 17:36
15756,1020,FP9,TOP,4009168617,4/11/2018 8:11,1523433600,TWB_SM3,TWB_PCBA_SM3_TOP_FP,TWB_PCBA_TOP_FP9,1020,TWB_SM3,TWB_PCBA_PASTE_INSPECTION_TOP,PN-337126,00F0BA04,00F0BA04,PN-337126,00F0BA04,T27,,PROCESS,PN-27795,00F0BA04T-20180414124007,U5,1,B11,483,483,5.48,2.17,127,GOOD,GOOD,113.2893,152.4079,94.40283000000001,0,0.9055,4/14/2018 17:36
15757,1020,FP9,TOP,4009168617,4/11/2018 8:11,1523433600,TWB_SM3,TWB_PCBA_SM3_TOP_FP,TWB_PCBA_TOP_FP9,1020,TWB_SM3,TWB_PCBA_PASTE_INSPECTION_TOP,PN-337126,00F0BA04,00F0BA04,PN-337126,00F0BA04,T27,,PROCESS,PN-27795,00F0BA04T-20180414124007,U5,1,J16,483,483,-7.46,-13.4,127,GOOD,GOOD,116.5708,154.8781,95.588,0,0.9055,4/14/2018 17:36
15758,1020,FP9,TOP,4009168617,4/11/2018 8:11,1523433600,TWB_SM3,TWB_PCBA_SM3_TOP_FP,TWB_PCBA_TOP_FP9,1020,TWB_SM3,TWB_PCBA_PASTE_INSPECTION_TOP,PN-337126,00F0BA04,00F0BA04,PN-337126,00F0BA04,T27,,PROCESS,PN-27795,00F0BA04T-20180414124007,U5,1,J9,483,483,-4.14,-3.97,127,GOOD,GOOD,107.5065,149.4117,91.38053000000001,0,0.9055,4/14/2018 17:36
16132,1020,FP9,TOP,4009168617,4/11/2018 8:11,1523433600,TWB_SM3,TWB_PCBA_SM3_TOP_FP,TWB_PCBA_TOP_FP9,1020,TWB_SM3,TWB_PCBA_PASTE_INSPECTION_TOP,PN-337126,00F0BA04,00F0BA04,PN-337126,00F0BA04,T27,,PROCESS,PN-27795,00F0BA04T-20180414124007,U5,1,L6,483,483,-5.75,-8.4,127,GOOD,GOOD,109.5311,157.0171,88.59189,0,0.9055,4/14/2018 17:36
17384,1020,FP9,TOP,4009168617,4/11/2018 8:11,1523433600,TWB_SM3,TWB_PCBA_SM3_TOP_FP,TWB_PCBA_TOP_FP9,1020,TWB_SM3,TWB_PCBA_PASTE_INSPECTION_TOP,PN-337126,00F0BA04,00F0BA04,PN-337126,00F0BA04,T27,,PROCESS,PN-27795,00F0BA04T-20180414124007,U5,1,G13,483,483,-2.02,2.97,127,GOOD,GOOD,115.4377,159.1234,92.13349000000001,0,0.9055,4/14/2018 17:36
17505,1020,FP9,TOP,4009168617,4/11/2018 8:11,1523433600,TWB_SM3,TWB_PCBA_SM3_TOP_FP,TWB_PCBA_TOP_FP9,1020,TWB_SM3,TWB_PCBA_PASTE_INSPECTION_TOP,PN-337126,00F0BA04,00F0BA04,PN-337126,00F0BA04,T27,,PROCESS,PN-27795,00F0BA04T-20180414124007,U5,1,K6,483,483,-4.24,-7.95,127,GOOD,GOOD,113.5871,152.9371,94.32349,0,0.9055,4/14/2018 17:36
17602,1020,FP9,TOP,4009168617,4/11/2018 8:11,1523433600,TWB_SM3,TWB_PCBA_SM3_TOP_FP,TWB_PCBA_TOP_FP9,1020,TWB_SM3,TWB_PCBA_PASTE_INSPECTION_TOP,PN-337126,00F0BA04,00F0BA04,PN-337126,00F0BA04,T27,,PROCESS,PN-27795,00F0BA04T-20180414124007,U5,1,K4,483,483,-3.3,-10.97,127,GOOD,GOOD,110.8073,158.6961,88.67591,0,0.9055,4/14/2018 17:36
17769,1020,FP9,TOP,4009168617,4/11/2018 8:11,1523433600,TWB_SM3,TWB_PCBA_SM3_TOP_FP,TWB_PCBA_TOP_FP9,1020,TWB_SM3,TWB_PCBA_PASTE_INSPECTION_TOP,PN-337126,00F0BA04,00F0BA04,PN-337126,00F0BA04,T27,,PROCESS,PN-27795,00F0BA04T-20180414124007,U5,1,K13,483,483,-6.55,2.63,127,GOOD,GOOD,124.039,166.6586,94.52229,0,0.9055,4/14/2018 17:36
17832,1020,FP9,TOP,4009168617,4/11/2018 8:11,1523433600,TWB_SM3,TWB_PCBA_SM3_TOP_FP,TWB_PCBA_TOP_FP9,1020,TWB_SM3,TWB_PCBA_PASTE_INSPECTION_TOP,PN-337126,00F0BA04,00F0BA04,PN-337126,00F0BA04,T27,,PROCESS,PN-27795,00F0BA04T-20180414124007,U5,1,N14,483,483,6.4,1.12,127,GOOD,GOOD,120.3747,162.6089,94.01444000000001,0,0.9055,4/14/2018 17:36
17839,1020,FP9,TOP,4009168617,4/11/2018 8:11,1523433600,TWB_SM3,TWB_PCBA_SM3_TOP_FP,TWB_PCBA_TOP_FP9,1020,TWB_SM3,TWB_PCBA_PASTE_INSPECTION_TOP,PN-337126,00F0BA04,00F0BA04,PN-337126,00F0BA04,T27,,PROCESS,PN-27795,00F0BA04T-20180414124007,U5,1,D9,483,483,3.41,-1.74,127,GOOD,GOOD,109.4769,145.6989,95.42673,0,0.9055,4/14/2018 17:36
18111,1020,FP9,TOP,4009168617,4/11/2018 8:11,1523433600,TWB_SM3,TWB_PCBA_SM3_TOP_FP,TWB_PCBA_TOP_FP9,1020,TWB_SM3,TWB_PCBA_PASTE_INSPECTION_TOP,PN-337126,00F0BA04,00F0BA04,PN-337126,00F0BA04,T27,,PROCESS,PN-27795,00F0BA04T-20180414124007,U5,1,N5,483,483,2.55,7.53,127,GOOD,GOOD,126.5287,164.0725,97.93929,0,0.9055,4/14/2018 17:36
18274,1020,FP9,TOP,4009168617,4/11/2018 8:11,1523433600,TWB_SM3,TWB_PCBA_SM3_TOP_FP,TWB_PCBA_TOP_FP9,1020,TWB_SM3,TWB_PCBA_PASTE_INSPECTION_TOP,PN-337126,00F0BA04,00F0BA04,PN-337126,00F0BA04,T27,,PROCESS,PN-27795,00F0BA04T-20180414124007,U5,1,T3,483,483,8.09,2.18,127,GOOD,GOOD,125.8165,162.84,98.12514,0,0.9055,4/14/2018 17:36
18521,1020,FP9,TOP,4009168617,4/11/2018 8:11,1523433600,TWB_SM3,TWB_PCBA_SM3_TOP_FP,TWB_PCBA_TOP_FP9,1020,TWB_SM3,TWB_PCBA_PASTE_INSPECTION_TOP,PN-337126,00F0BA04,00F0BA04,PN-337126,00F0BA04,T27,,PROCESS,PN-27795,00F0BA04T-20180414124007,U5,1,P10,483,483,7.78,-6.36,127,GOOD,GOOD,116.1734,159.0764,92.74804,0,0.9055,4/14/2018 17:36
19055,1020,FP9,TOP,4009168617,4/11/2018 8:11,1523433600,TWB_SM3,TWB_PCBA_SM3_TOP_FP,TWB_PCBA_TOP_FP9,1020,TWB_SM3,TWB_PCBA_PASTE_INSPECTION_TOP,PN-337126,00F0BA04,00F0BA04,PN-337126,00F0BA04,T27,,PROCESS,PN-27795,00F0BA04T-20180414124007,U5,1,M1,483,483,-4.89,2.61,127,GOOD,GOOD,113.7857,157.1674,91.94511,0,0.9055,4/14/2018 17:36
19249,1020,FP9,TOP,4009168617,4/11/2018 8:11,1523433600,TWB_SM3,TWB_PCBA_SM3_TOP_FP,TWB_PCBA_TOP_FP9,1020,TWB_SM3,TWB_PCBA_PASTE_INSPECTION_TOP,PN-337126,00F0BA04,00F0BA04,PN-337126,00F0BA04,T27,,PROCESS,PN-27795,00F0BA04T-20180414124007,U5,1,H10,483,483,-2.11,-1.01,127,GOOD,GOOD,112.4842,153.1368,93.28584000000001,0,0.9055,4/14/2018 17:36
19250,1020,FP9,TOP,4009168617,4/11/2018 8:11,1523433600,TWB_SM3,TWB_PCBA_SM3_TOP_FP,TWB_PCBA_TOP_FP9,1020,TWB_SM3,TWB_PCBA_PASTE_INSPECTION_TOP,PN-337126,00F0BA04,00F0BA04,PN-337126,00F0BA04,T27,,PROCESS,PN-27795,00F0BA04T-20180414124007,U5,1,P15,483,483,2.93,1.2,127,GOOD,GOOD,121.11,159.3404,96.52895,0,0.9055,4/14/2018 17:36
19951,1020,FP9,TOP,4009168617,4/11/2018 8:11,1523433600,TWB_SM3,TWB_PCBA_SM3_TOP_FP,TWB_PCBA_TOP_FP9,1020,TWB_SM3,TWB_PCBA_PASTE_INSPECTION_TOP,PN-337126,00F0BA04,00F0BA04,PN-337126,00F0BA04,T27,,PROCESS,PN-27795,00F0BA04T-20180414124007,U5,1,H2,483,483,0.68,-13.1,127,GOOD,GOOD,111.0455,152.4648,92.49863,0,0.9055,4/14/2018 17:36
20230,1020,FP9,TOP,4009168617,4/11/2018 8:11,1523433600,TWB_SM3,TWB_PCBA_SM3_TOP_FP,TWB_PCBA_TOP_FP9,1020,TWB_SM3,TWB_PCBA_PASTE_INSPECTION_TOP,PN-337126,00F0BA04,00F0BA04,PN-337126,00F0BA04,T27,,PROCESS,PN-27795,00F0BA04T-20180414124007,U5,1,F16,483,483,-2.93,-11.06,127,GOOD,GOOD,106.9008,154.6798,87.77102,0,0.9055,4/14/2018 17:36
20238,1020,FP9,TOP,4009168617,4/11/2018 8:11,1523433600,TWB_SM3,TWB_PCBA_SM3_TOP_FP,TWB_PCBA_TOP_FP9,1020,TWB_SM3,TWB_PCBA_PASTE_INSPECTION_TOP,PN-337126,00F0BA04,00F0BA04,PN-337126,00F0BA04,T27,,PROCESS,PN-27795,00F0BA04T-20180414124007,U5,1,H4,483,483,-0.28,-10.08,127,GOOD,GOOD,111.5257,164.5007,86.10155,0,0.9055,4/14/2018 17:36
20320,1020,FP9,TOP,4009168617,4/11/2018 8:11,1523433600,TWB_SM3,TWB_PCBA_SM3_TOP_FP,TWB_PCBA_TOP_FP9,1020,TWB_SM3,TWB_PCBA_PASTE_INSPECTION_TOP,PN-337126,00F0BA04,00F0BA04,PN-337126,00F0BA04,T27,,PROCESS,PN-27795,00F0BA04T-20180414124007,U5,1,D14,483,483,1.04,5.82,127,GOOD,GOOD,116.4148,163.8381,90.23959,0,0.9055,4/14/2018 17:36
20358,1020,FP9,TOP,4009168617,4/11/2018 8:11,1523433600,TWB_SM3,TWB_PCBA_SM3_TOP_FP,TWB_PCBA_TOP_FP9,1020,TWB_SM3,TWB_PCBA_PASTE_INSPECTION_TOP,PN-337126,00F0BA04,00F0BA04,PN-337126,00F0BA04,T27,,PROCESS,PN-27795,00F0BA04T-20180414124007,U5,1,G10,483,483,-0.6,-1.57,127,GOOD,GOOD,112.881,159.8592,89.67819,0,0.9055,4/14/2018 17:36
20490,1020,FP9,TOP,4009168617,4/11/2018 8:11,1523433600,TWB_SM3,TWB_PCBA_SM3_TOP_FP,TWB_PCBA_TOP_FP9,1020,TWB_SM3,TWB_PCBA_PASTE_INSPECTION_TOP,PN-337126,00F0BA04,00F0BA04,PN-337126,00F0BA04,T27,,PROCESS,PN-27795,00F0BA04T-20180414124007,U5,1,R9,483,483,-0.05,12.67,127,GOOD,GOOD,122.4862,159.553,97.49585,0,0.9055,4/14/2018 17:36
20563,1020,FP9,TOP,4009168617,4/11/2018 8:11,1523433600,TWB_SM3,TWB_PCBA_SM3_TOP_FP,TWB_PCBA_TOP_FP9,1020,TWB_SM3,TWB_PCBA_PASTE_INSPECTION_TOP,PN-337126,00F0BA04,00F0BA04,PN-337126,00F0BA04,T27,,PROCESS,PN-27795,00F0BA04T-20180414124007,U5,1,M11,483,483,-9.62,-2.29,127,GOOD,GOOD,112.8283,164.3558,87.18398,0,0.9055,4/14/2018 17:36
20571,1020,FP9,TOP,4009168617,4/11/2018 8:11,1523433600,TWB_SM3,TWB_PCBA_SM3_TOP_FP,TWB_PCBA_TOP_FP9,1020,TWB_SM3,TWB_PCBA_PASTE_INSPECTION_TOP,PN-337126,00F0BA04,00F0BA04,PN-337126,00F0BA04,T27,,PROCESS,PN-27795,00F0BA04T-20180414124007,U5,1,L1,483,483,-3.38,4.05,127,GOOD,GOOD,108.5027,158.8342,86.75616,0,0.9055,4/14/2018 17:36
21072,1020,FP9,TOP,4009168617,4/11/2018 8:11,1523433600,TWB_SM3,TWB_PCBA_SM3_TOP_FP,TWB_PCBA_TOP_FP9,1020,TWB_SM3,TWB_PCBA_PASTE_INSPECTION_TOP,PN-337126,00F0BA04,00F0BA04,PN-337126,00F0BA04,T27,,PROCESS,PN-27795,00F0BA04T-20180414124007,U5,1,R10,483,483,4.61,-5.82,127,GOOD,GOOD,121.3841,160.69299999999998,95.93311,0,0.9055,4/14/2018 17:36
21576,1020,FP9,TOP,4009168617,4/11/2018 8:11,1523433600,TWB_SM3,TWB_PCBA_SM3_TOP_FP,TWB_PCBA_TOP_FP9,1020,TWB_SM3,TWB_PCBA_PASTE_INSPECTION_TOP,PN-337126,00F0BA04,00F0BA04,PN-337126,00F0BA04,T27,,PROCESS,PN-27795,00F0BA04T-20180414124007,U5,1,N4,483,483,8.66,6.02,127,GOOD,GOOD,128.2446,166.8965,97.58784,0,0.9055,4/14/2018 17:36
21638,1020,FP9,TOP,4009168617,4/11/2018 8:11,1523433600,TWB_SM3,TWB_PCBA_SM3_TOP_FP,TWB_PCBA_TOP_FP9,1020,TWB_SM3,TWB_PCBA_PASTE_INSPECTION_TOP,PN-337126,00F0BA04,00F0BA04,PN-337126,00F0BA04,T27,,PROCESS,PN-27795,00F0BA04T-20180414124007,U5,1,R6,483,483,7.17,8.14,127,GOOD,GOOD,124.9174,163.43,97.07217,0,0.9055,4/14/2018 17:36
21657,1020,FP9,TOP,4009168617,4/11/2018 8:11,1523433600,TWB_SM3,TWB_PCBA_SM3_TOP_FP,TWB_PCBA_TOP_FP9,1020,TWB_SM3,TWB_PCBA_PASTE_INSPECTION_TOP,PN-337126,00F0BA04,00F0BA04,PN-337126,00F0BA04,T27,,PROCESS,PN-27795,00F0BA04T-20180414124007,U5,1,E7,483,483,2.85,-4.21,127,GOOD,GOOD,108.1904,155.4984,88.36223000000001,0,0.9055,4/14/2018 17:36
21712,1020,FP9,TOP,4009168617,4/11/2018 8:11,1523433600,TWB_SM3,TWB_PCBA_SM3_TOP_FP,TWB_PCBA_TOP_FP9,1020,TWB_SM3,TWB_PCBA_PASTE_INSPECTION_TOP,PN-337126,00F0BA04,00F0BA04,PN-337126,00F0BA04,T27,,PROCESS,PN-27795,00F0BA04T-20180414124007,U5,1,K10,483,483,-5.13,-1.9,127,GOOD,GOOD,114.8142,160.0388,91.11164000000001,0,0.9055,4/14/2018 17:36
21732,1020,FP9,TOP,4009168617,4/11/2018 8:11,1523433600,TWB_SM3,TWB_PCBA_SM3_TOP_FP,TWB_PCBA_TOP_FP9,1020,TWB_SM3,TWB_PCBA_PASTE_INSPECTION_TOP,PN-337126,00F0BA04,00F0BA04,PN-337126,00F0BA04,T27,,PROCESS,PN-27795,00F0BA04T-20180414124007,U5,1,C6,483,483,6.34,-4.82,127,GOOD,GOOD,112.4351,173.1961,82.4456,0,0.9055,4/14/2018 17:36
21746,1020,FP9,TOP,4009168617,4/11/2018 8:11,1523433600,TWB_SM3,TWB_PCBA_SM3_TOP_FP,TWB_PCBA_TOP_FP9,1020,TWB_SM3,TWB_PCBA_PASTE_INSPECTION_TOP,PN-337126,00F0BA04,00F0BA04,PN-337126,00F0BA04,T27,,PROCESS,PN-27795,00F0BA04T-20180414124007,U5,1,K12,483,483,-7.08,1.12,127,GOOD,GOOD,114.1651,160.773,90.18284,0,0.9055,4/14/2018 17:36
21766,1020,FP9,TOP,4009168617,4/11/2018 8:11,1523433600,TWB_SM3,TWB_PCBA_SM3_TOP_FP,TWB_PCBA_TOP_FP9,1020,TWB_SM3,TWB_PCBA_PASTE_INSPECTION_TOP,PN-337126,00F0BA04,00F0BA04,PN-337126,00F0BA04,T27,,PROCESS,PN-27795,00F0BA04T-20180414124007,U5,1,M13,483,483,-9.57,0.73,127,GOOD,GOOD,118.6153,164.8479,91.38207,0,0.9055,4/14/2018 17:36
21843,1020,FP9,TOP,4009168617,4/11/2018 8:11,1523433600,TWB_SM3,TWB_PCBA_SM3_TOP_FP,TWB_PCBA_TOP_FP9,1020,TWB_SM3,TWB_PCBA_PASTE_INSPECTION_TOP,PN-337126,00F0BA04,00F0BA04,PN-337126,00F0BA04,T27,,PROCESS,PN-27795,00F0BA04T-20180414124007,U5,1,T6,483,483,5.66,6.71,127,GOOD,GOOD,120.1074,162.5214,93.85624,0,0.9055,4/14/2018 17:36
22170,1020,FP9,TOP,4009168617,4/11/2018 8:11,1523433600,TWB_SM3,TWB_PCBA_SM3_TOP_FP,TWB_PCBA_TOP_FP9,1020,TWB_SM3,TWB_PCBA_PASTE_INSPECTION_TOP,PN-337126,00F0BA04,00F0BA04,PN-337126,00F0BA04,T27,,PROCESS,PN-27795,00F0BA04T-20180414124007,U5,1,F12,483,483,-1.04,2.9,127,GOOD,GOOD,113.4915,160.8451,89.6106,0,0.9055,4/14/2018 17:36
22450,1020,FP9,TOP,4009168617,4/11/2018 8:11,1523433600,TWB_SM3,TWB_PCBA_SM3_TOP_FP,TWB_PCBA_TOP_FP9,1020,TWB_SM3,TWB_PCBA_PASTE_INSPECTION_TOP,PN-337126,00F0BA04,00F0BA04,PN-337126,00F0BA04,T27,,PROCESS,PN-27795,00F0BA04T-20180414124007,U5,1,A5,483,483,4.21,-5.44,127,GOOD,GOOD,112.3043,154.5154,92.30568000000001,0,0.9055,4/14/2018 17:36
22451,1020,FP9,TOP,4009168617,4/11/2018 8:11,1523433600,TWB_SM3,TWB_PCBA_SM3_TOP_FP,TWB_PCBA_TOP_FP9,1020,TWB_SM3,TWB_PCBA_PASTE_INSPECTION_TOP,PN-337126,00F0BA04,00F0BA04,PN-337126,00F0BA04,T27,,PROCESS,PN-27795,00F0BA04T-20180414124007,U5,1,T14,483,483,1.87,-1.21,127,GOOD,GOOD,115.4827,170.4677,86.03571,0,0.9055,4/14/2018 17:36
22672,1020,FP9,TOP,4009168617,4/11/2018 8:11,1523433600,TWB_SM3,TWB_PCBA_SM3_TOP_FP,TWB_PCBA_TOP_FP9,1020,TWB_SM3,TWB_PCBA_PASTE_INSPECTION_TOP,PN-337126,00F0BA04,00F0BA04,PN-337126,00F0BA04,T27,,PROCESS,PN-27795,00F0BA04T-20180414124007,U5,1,H3,483,483,1.2,-11.59,127,GOOD,GOOD,113.7286,151.9876,95.03094,0,0.9055,4/14/2018 17:36
22782,1020,FP9,TOP,4009168617,4/11/2018 8:11,1523433600,TWB_SM3,TWB_PCBA_SM3_TOP_FP,TWB_PCBA_TOP_FP9,1020,TWB_SM3,TWB_PCBA_PASTE_INSPECTION_TOP,PN-337126,00F0BA04,00F0BA04,PN-337126,00F0BA04,T27,,PROCESS,PN-27795,00F0BA04T-20180414124007,U5,1,D13,483,483,2.51,4.31,127,GOOD,GOOD,115.2209,170.1974,85.97695999999999,0,0.9055,4/14/2018 17:36
22823,1020,FP9,TOP,4009168617,4/11/2018 8:11,1523433600,TWB_SM3,TWB_PCBA_SM3_TOP_FP,TWB_PCBA_TOP_FP9,1020,TWB_SM3,TWB_PCBA_PASTE_INSPECTION_TOP,PN-337126,00F0BA04,00F0BA04,PN-337126,00F0BA04,T27,,PROCESS,PN-27795,00F0BA04T-20180414124007,U5,1,H11,483,483,-3.58,0.5,127,GOOD,GOOD,114.5112,157.6862,92.22691999999999,0,0.9055,4/14/2018 17:36
22824,1020,FP9,TOP,4009168617,4/11/2018 8:11,1523433600,TWB_SM3,TWB_PCBA_SM3_TOP_FP,TWB_PCBA_TOP_FP9,1020,TWB_SM3,TWB_PCBA_PASTE_INSPECTION_TOP,PN-337126,00F0BA04,00F0BA04,PN-337126,00F0BA04,T27,,PROCESS,PN-27795,00F0BA04T-20180414124007,U5,1,P16,483,483,3.94,2.71,127,GOOD,GOOD,123.6447,167.6456,93.6671,0,0.9055,4/14/2018 17:36
23305,1020,FP9,TOP,4009168617,4/11/2018 8:11,1523433600,TWB_SM3,TWB_PCBA_SM3_TOP_FP,TWB_PCBA_TOP_FP9,1020,TWB_SM3,TWB_PCBA_PASTE_INSPECTION_TOP,PN-337126,00F0BA04,00F0BA04,PN-337126,00F0BA04,T27,,PROCESS,PN-27795,00F0BA04T-20180414124007,U5,1,K8,483,483,-4.18,-4.92,127,GOOD,GOOD,111.0886,150.9902,93.43818,0,0.9055,4/14/2018 17:36
23371,1020,FP9,TOP,4009168617,4/11/2018 8:11,1523433600,TWB_SM3,TWB_PCBA_SM3_TOP_FP,TWB_PCBA_TOP_FP9,1020,TWB_SM3,TWB_PCBA_PASTE_INSPECTION_TOP,PN-337126,00F0BA04,00F0BA04,PN-337126,00F0BA04,T27,,PROCESS,PN-27795,00F0BA04T-20180414124007,U5,1,F1,483,483,4.18,6.29,127,GOOD,GOOD,113.9873,150.8035,95.99502,0,0.9055,4/14/2018 17:36
23773,1020,FP9,TOP,4009168617,4/11/2018 8:11,1523433600,TWB_SM3,TWB_PCBA_SM3_TOP_FP,TWB_PCBA_TOP_FP9,1020,TWB_SM3,TWB_PCBA_PASTE_INSPECTION_TOP,PN-337126,00F0BA04,00F0BA04,PN-337126,00F0BA04,T27,,PROCESS,PN-27795,00F0BA04T-20180414124007,U5,1,R2,483,483,2.43,2.1,127,GOOD,GOOD,122.9612,156.3301,99.89161999999999,0,0.9055,4/14/2018 17:36
23871,1020,FP9,TOP,4009168617,4/11/2018 8:11,1523433600,TWB_SM3,TWB_PCBA_SM3_TOP_FP,TWB_PCBA_TOP_FP9,1020,TWB_SM3,TWB_PCBA_PASTE_INSPECTION_TOP,PN-337126,00F0BA04,00F0BA04,PN-337126,00F0BA04,T27,,PROCESS,PN-27795,00F0BA04T-20180414124007,U5,1,D3,483,483,7.24,-10.8,127,GOOD,GOOD,115.736,156.8499,93.71041,0,0.9055,4/14/2018 17:36
23898,1020,FP9,TOP,4009168617,4/11/2018 8:11,1523433600,TWB_SM3,TWB_PCBA_SM3_TOP_FP,TWB_PCBA_TOP_FP9,1020,TWB_SM3,TWB_PCBA_PASTE_INSPECTION_TOP,PN-337126,00F0BA04,00F0BA04,PN-337126,00F0BA04,T27,,PROCESS,PN-27795,00F0BA04T-20180414124007,U5,1,F2,483,483,1.21,-12.2,127,GOOD,GOOD,118.1776,156.159,96.11074,0,0.9055,4/14/2018 17:36
23947,1020,FP9,TOP,4009168617,4/11/2018 8:11,1523433600,TWB_SM3,TWB_PCBA_SM3_TOP_FP,TWB_PCBA_TOP_FP9,1020,TWB_SM3,TWB_PCBA_PASTE_INSPECTION_TOP,PN-337126,00F0BA04,00F0BA04,PN-337126,00F0BA04,T27,,PROCESS,PN-27795,00F0BA04T-20180414124007,U5,1,T9,483,483,4.24,11.24,127,GOOD,GOOD,104.7853,146.7503,90.68285,0,0.9055,4/14/2018 17:36
23972,1020,FP9,TOP,4009168617,4/11/2018 8:11,1523433600,TWB_SM3,TWB_PCBA_SM3_TOP_FP,TWB_PCBA_TOP_FP9,1020,TWB_SM3,TWB_PCBA_PASTE_INSPECTION_TOP,PN-337126,00F0BA04,00F0BA04,PN-337126,00F0BA04,T27,,PROCESS,PN-27795,00F0BA04T-20180414124007,U5,1,E2,483,483,5.21,-11.76,127,GOOD,GOOD,110.4489,148.9767,94.15576,0,0.9055,4/14/2018 17:36
24101,1020,FP9,TOP,4009168617,4/11/2018 8:11,1523433600,TWB_SM3,TWB_PCBA_SM3_TOP_FP,TWB_PCBA_TOP_FP9,1020,TWB_SM3,TWB_PCBA_PASTE_INSPECTION_TOP,PN-337126,00F0BA04,00F0BA04,PN-337126,00F0BA04,T27,,PROCESS,PN-27795,00F0BA04T-20180414124007,U5,1,K2,483,483,-2.34,6.01,127,GOOD,GOOD,115.2146,152.3586,96.03825,0,0.9055,4/14/2018 17:36
24542,1020,FP9,TOP,4009168617,4/11/2018 8:11,1523433600,TWB_SM3,TWB_PCBA_SM3_TOP_FP,TWB_PCBA_TOP_FP9,1020,TWB_SM3,TWB_PCBA_PASTE_INSPECTION_TOP,PN-337126,00F0BA04,00F0BA04,PN-337126,00F0BA04,T27,,PROCESS,PN-27795,00F0BA04T-20180414124007,U5,1,B8,483,483,7.9,-2.36,127,GOOD,GOOD,115.1217,155.7513,93.87049,0,0.9055,4/14/2018 17:36
24902,1020,FP9,TOP,4009168617,4/11/2018 8:11,1523433600,TWB_SM3,TWB_PCBA_SM3_TOP_FP,TWB_PCBA_TOP_FP9,1020,TWB_SM3,TWB_PCBA_PASTE_INSPECTION_TOP,PN-337126,00F0BA04,00F0BA04,PN-337126,00F0BA04,T27,,PROCESS,PN-27795,00F0BA04T-20180414124007,U5,1,A10,483,483,8.47,2.11,127,GOOD,GOOD,110.4474,150.4214,93.25016,0,0.9055,4/14/2018 17:36
24932,1020,FP9,TOP,4009168617,4/11/2018 8:11,1523433600,TWB_SM3,TWB_PCBA_SM3_TOP_FP,TWB_PCBA_TOP_FP9,1020,TWB_SM3,TWB_PCBA_PASTE_INSPECTION_TOP,PN-337126,00F0BA04,00F0BA04,PN-337126,00F0BA04,T27,,PROCESS,PN-27795,00F0BA04T-20180414124007,U5,1,E12,483,483,0.48,3.35,127,GOOD,GOOD,114.0692,161.2254,89.85427,0,0.9055,4/14/2018 17:36
24990,1020,FP9,TOP,4009168617,4/11/2018 8:11,1523433600,TWB_SM3,TWB_PCBA_SM3_TOP_FP,TWB_PCBA_TOP_FP9,1020,TWB_SM3,TWB_PCBA_PASTE_INSPECTION_TOP,PN-337126,00F0BA04,00F0BA04,PN-337126,00F0BA04,T27,,PROCESS,PN-27795,00F0BA04T-20180414124007,U5,1,C14,483,483,2.55,-12.74,127,GOOD,GOOD,115.551,178.9975,81.98424,0,0.9055,4/14/2018 17:36
25142,1020,FP9,TOP,4009168617,4/11/2018 8:11,1523433600,TWB_SM3,TWB_PCBA_SM3_TOP_FP,TWB_PCBA_TOP_FP9,1020,TWB_SM3,TWB_PCBA_PASTE_INSPECTION_TOP,PN-337126,00F0BA04,00F0BA04,PN-337126,00F0BA04,T27,,PROCESS,PN-27795,00F0BA04T-20180414124007,U5,1,B14,483,483,4.06,-13.3,127,GOOD,GOOD,119.8204,167.842,90.66375,0,0.9055,4/14/2018 17:36
25363,1020,FP9,TOP,4009168617,4/11/2018 8:11,1523433600,TWB_SM3,TWB_PCBA_SM3_TOP_FP,TWB_PCBA_TOP_FP9,1020,TWB_SM3,TWB_PCBA_PASTE_INSPECTION_TOP,PN-337126,00F0BA04,00F0BA04,PN-337126,00F0BA04,T27,,PROCESS,PN-27795,00F0BA04T-20180414124007,U5,1,F13,483,483,-0.51,4.41,127,GOOD,GOOD,122.404,168.9691,92.00092,0,0.9055,4/14/2018 17:36
25428,1020,FP9,TOP,4009168617,4/11/2018 8:11,1523433600,TWB_SM3,TWB_PCBA_SM3_TOP_FP,TWB_PCBA_TOP_FP9,1020,TWB_SM3,TWB_PCBA_PASTE_INSPECTION_TOP,PN-337126,00F0BA04,00F0BA04,PN-337126,00F0BA04,T27,,PROCESS,PN-27795,00F0BA04T-20180414124007,U5,1,C3,483,483,8.75,-9.35,127,GOOD,GOOD,112.1103,155.8417,91.36195,0,0.9055,4/14/2018 17:36
25456,1020,FP9,TOP,4009168617,4/11/2018 8:11,1523433600,TWB_SM3,TWB_PCBA_SM3_TOP_FP,TWB_PCBA_TOP_FP9,1020,TWB_SM3,TWB_PCBA_PASTE_INSPECTION_TOP,PN-337126,00F0BA04,00F0BA04,PN-337126,00F0BA04,T27,,PROCESS,PN-27795,00F0BA04T-20180414124007,U5,1,J14,483,483,-6.51,3.58,127,GOOD,GOOD,114.1623,164.0957,88.35465,0,0.9055,4/14/2018 17:36
25457,1020,FP9,TOP,4009168617,4/11/2018 8:11,1523433600,TWB_SM3,TWB_PCBA_SM3_TOP_FP,TWB_PCBA_TOP_FP9,1020,TWB_SM3,TWB_PCBA_PASTE_INSPECTION_TOP,PN-337126,00F0BA04,00F0BA04,PN-337126,00F0BA04,T27,,PROCESS,PN-27795,00F0BA04T-20180414124007,U5,1,J7,483,483,-3.2,-6.99,127,GOOD,GOOD,108.4692,151.1848,91.1176,0,0.9055,4/14/2018 17:36
25563,1020,FP9,TOP,4009168617,4/11/2018 8:11,1523433600,TWB_SM3,TWB_PCBA_SM3_TOP_FP,TWB_PCBA_TOP_FP9,1020,TWB_SM3,TWB_PCBA_PASTE_INSPECTION_TOP,PN-337126,00F0BA04,00F0BA04,PN-337126,00F0BA04,T27,,PROCESS,PN-27795,00F0BA04T-20180414124007,U5,1,B3,483,483,10.27,-9.91,127,GOOD,GOOD,109.4905,152.2803,91.31376999999999,0,0.9055,4/14/2018 17:36
25715,1020,FP9,TOP,4009168617,4/11/2018 8:11,1523433600,TWB_SM3,TWB_PCBA_SM3_TOP_FP,TWB_PCBA_TOP_FP9,1020,TWB_SM3,TWB_PCBA_PASTE_INSPECTION_TOP,PN-337126,00F0BA04,00F0BA04,PN-337126,00F0BA04,T27,,PROCESS,PN-27795,00F0BA04T-20180414124007,U5,1,T1,483,483,8.02,-0.84,127,GOOD,GOOD,119.6268,159.0086,95.54585,0,0.9055,4/14/2018 17:36
25718,1020,FP9,TOP,4009168617,4/11/2018 8:11,1523433600,TWB_SM3,TWB_PCBA_SM3_TOP_FP,TWB_PCBA_TOP_FP9,1020,TWB_SM3,TWB_PCBA_PASTE_INSPECTION_TOP,PN-337126,00F0BA04,00F0BA04,PN-337126,00F0BA04,T27,,PROCESS,PN-27795,00F0BA04T-20180414124007,U5,1,N9,483,483,8.77,-6.43,127,GOOD,GOOD,119.1926,155.6192,97.27251,0,0.9055,4/14/2018 17:36
25773,1020,FP9,TOP,4009168617,4/11/2018 8:11,1523433600,TWB_SM3,TWB_PCBA_SM3_TOP_FP,TWB_PCBA_TOP_FP9,1020,TWB_SM3,TWB_PCBA_PASTE_INSPECTION_TOP,PN-337126,00F0BA04,00F0BA04,PN-337126,00F0BA04,T27,,PROCESS,PN-27795,00F0BA04T-20180414124007,U5,1,A14,483,483,5.57,-11.85,127,GOOD,GOOD,117.5753,167.9529,88.90629,0,0.9055,4/14/2018 17:36
25784,1020,FP9,TOP,4009168617,4/11/2018 8:11,1523433600,TWB_SM3,TWB_PCBA_SM3_TOP_FP,TWB_PCBA_TOP_FP9,1020,TWB_SM3,TWB_PCBA_PASTE_INSPECTION_TOP,PN-337126,00F0BA04,00F0BA04,PN-337126,00F0BA04,T27,,PROCESS,PN-27795,00F0BA04T-20180414124007,U5,1,G7,483,483,-0.17,-6.1,127,GOOD,GOOD,103.5636,147.5219,89.15682,0,0.9055,4/14/2018 17:36
25787,1020,FP9,TOP,4009168617,4/11/2018 8:11,1523433600,TWB_SM3,TWB_PCBA_SM3_TOP_FP,TWB_PCBA_TOP_FP9,1020,TWB_SM3,TWB_PCBA_PASTE_INSPECTION_TOP,PN-337126,00F0BA04,00F0BA04,PN-337126,00F0BA04,T27,,PROCESS,PN-27795,00F0BA04T-20180414124007,U5,1,A4,483,483,2.84,-6.95,127,GOOD,GOOD,114.0878,153.4155,94.44385,0,0.9055,4/14/2018 17:36
25788,1020,FP9,TOP,4009168617,4/11/2018 8:11,1523433600,TWB_SM3,TWB_PCBA_SM3_TOP_FP,TWB_PCBA_TOP_FP9,1020,TWB_SM3,TWB_PCBA_PASTE_INSPECTION_TOP,PN-337126,00F0BA04,00F0BA04,PN-337126,00F0BA04,T27,,PROCESS,PN-27795,00F0BA04T-20180414124007,U5,1,T13,483,483,-0.8,-2.72,127,GOOD,GOOD,123.455,162.3899,96.55022,0,0.9055,4/14/2018 17:36
25980,1020,FP9,TOP,4009168617,4/11/2018 8:11,1523433600,TWB_SM3,TWB_PCBA_SM3_TOP_FP,TWB_PCBA_TOP_FP9,1020,TWB_SM3,TWB_PCBA_PASTE_INSPECTION_TOP,PN-337126,00F0BA04,00F0BA04,PN-337126,00F0BA04,T27,,PROCESS,PN-27795,00F0BA04T-20180414124007,U5,1,K14,483,483,-8.03,4.14,127,GOOD,GOOD,120.8647,163.6658,93.7875,0,0.9055,4/14/2018 17:36
25990,1020,FP9,TOP,4009168617,4/11/2018 8:11,1523433600,TWB_SM3,TWB_PCBA_SM3_TOP_FP,TWB_PCBA_TOP_FP9,1020,TWB_SM3,TWB_PCBA_PASTE_INSPECTION_TOP,PN-337126,00F0BA04,00F0BA04,PN-337126,00F0BA04,T27,,PROCESS,PN-27795,00F0BA04T-20180414124007,U5,1,R7,483,483,6.69,9.65,127,GOOD,GOOD,116.0592,170.2753,86.56289,0,0.9055,4/14/2018 17:36
26231,1020,FP9,TOP,4009168617,4/11/2018 8:11,1523433600,TWB_SM3,TWB_PCBA_SM3_TOP_FP,TWB_PCBA_TOP_FP9,1020,TWB_SM3,TWB_PCBA_PASTE_INSPECTION_TOP,PN-337126,00F0BA04,00F0BA04,PN-337126,00F0BA04,T27,,PROCESS,PN-27795,00F0BA04T-20180414124007,U5,1,J1,483,483,-0.35,3.95,127,GOOD,GOOD,107.2901,146.8851,92.76531999999999,0,0.9055,4/14/2018 17:36
26232,1020,FP9,TOP,4009168617,4/11/2018 8:11,1523433600,TWB_SM3,TWB_PCBA_SM3_TOP_FP,TWB_PCBA_TOP_FP9,1020,TWB_SM3,TWB_PCBA_PASTE_INSPECTION_TOP,PN-337126,00F0BA04,00F0BA04,PN-337126,00F0BA04,T27,,PROCESS,PN-27795,00F0BA04T-20180414124007,U5,1,R13,483,483,-0.12,-1.28,127,GOOD,GOOD,127.2002,173.07,93.34039,0,0.9055,4/14/2018 17:36
26715,1020,FP9,TOP,4009168617,4/11/2018 8:11,1523433600,TWB_SM3,TWB_PCBA_SM3_TOP_FP,TWB_PCBA_TOP_FP9,1020,TWB_SM3,TWB_PCBA_PASTE_INSPECTION_TOP,PN-337126,00F0BA04,00F0BA04,PN-337126,00F0BA04,T27,,PROCESS,PN-27795,00F0BA04T-20180414124007,U5,1,M14,483,483,8.96,2.24,127,GOOD,GOOD,120.7805,165.9085,92.45535,0,0.9055,4/14/2018 17:36
26718,1020,FP9,TOP,4009168617,4/11/2018 8:11,1523433600,TWB_SM3,TWB_PCBA_SM3_TOP_FP,TWB_PCBA_TOP_FP9,1020,TWB_SM3,TWB_PCBA_PASTE_INSPECTION_TOP,PN-337126,00F0BA04,00F0BA04,PN-337126,00F0BA04,T27,,PROCESS,PN-27795,00F0BA04T-20180414124007,U5,1,B5,483,483,2.71,-6.89,127,GOOD,GOOD,113.2524,156.0432,92.17351,0,0.9055,4/14/2018 17:36
26761,1020,FP9,TOP,4009168617,4/11/2018 8:11,1523433600,TWB_SM3,TWB_PCBA_SM3_TOP_FP,TWB_PCBA_TOP_FP9,1020,TWB_SM3,TWB_PCBA_PASTE_INSPECTION_TOP,PN-337126,00F0BA04,00F0BA04,PN-337126,00F0BA04,T27,,PROCESS,PN-27795,00F0BA04T-20180414124007,U5,1,D16,483,483,0.09,-11.16,127,GOOD,GOOD,110.8506,156.2831,90.08035,0,0.9055,4/14/2018 17:36
26909,1020,FP9,TOP,4009168617,4/11/2018 8:11,1523433600,TWB_SM3,TWB_PCBA_SM3_TOP_FP,TWB_PCBA_TOP_FP9,1020,TWB_SM3,TWB_PCBA_PASTE_INSPECTION_TOP,PN-337126,00F0BA04,00F0BA04,PN-337126,00F0BA04,T27,,PROCESS,PN-27795,00F0BA04T-20180414124007,U5,1,D8,483,483,4.88,-3.24,127,GOOD,GOOD,110.0825,151.0475,92.5568,0,0.9055,4/14/2018 17:36
26911,1020,FP9,TOP,4009168617,4/11/2018 8:11,1523433600,TWB_SM3,TWB_PCBA_SM3_TOP_FP,TWB_PCBA_TOP_FP9,1020,TWB_SM3,TWB_PCBA_PASTE_INSPECTION_TOP,PN-337126,00F0BA04,00F0BA04,PN-337126,00F0BA04,T27,,PROCESS,PN-27795,00F0BA04T-20180414124007,U5,1,N2,483,483,-7.93,3.0,127,GOOD,GOOD,111.744,155.2706,91.3984,0,0.9055,4/14/2018 17:36
26924,1020,FP9,TOP,4009168617,4/11/2018 8:11,1523433600,TWB_SM3,TWB_PCBA_SM3_TOP_FP,TWB_PCBA_TOP_FP9,1020,TWB_SM3,TWB_PCBA_PASTE_INSPECTION_TOP,PN-337126,00F0BA04,00F0BA04,PN-337126,00F0BA04,T27,,PROCESS,PN-27795,00F0BA04T-20180414124007,U5,1,P4,483,483,9.63,4.58,127,GOOD,GOOD,113.8171,148.8635,97.1008,0,0.9055,4/14/2018 17:36
26925,1020,FP9,TOP,4009168617,4/11/2018 8:11,1523433600,TWB_SM3,TWB_PCBA_SM3_TOP_FP,TWB_PCBA_TOP_FP9,1020,TWB_SM3,TWB_PCBA_PASTE_INSPECTION_TOP,PN-337126,00F0BA04,00F0BA04,PN-337126,00F0BA04,T27,,PROCESS,PN-27795,00F0BA04T-20180414124007,U5,1,C4,483,483,7.28,-7.85,127,GOOD,GOOD,114.9155,158.9524,91.81536,0,0.9055,4/14/2018 17:36
26963,1020,FP9,TOP,4009168617,4/11/2018 8:11,1523433600,TWB_SM3,TWB_PCBA_SM3_TOP_FP,TWB_PCBA_TOP_FP9,1020,TWB_SM3,TWB_PCBA_PASTE_INSPECTION_TOP,PN-337126,00F0BA04,00F0BA04,PN-337126,00F0BA04,T27,,PROCESS,PN-27795,00F0BA04T-20180414124007,U5,1,E1,483,483,5.69,6.73,127,GOOD,GOOD,113.8687,151.9613,95.16450999999999,0,0.9055,4/14/2018 17:36
26984,1020,FP9,TOP,4009168617,4/11/2018 8:11,1523433600,TWB_SM3,TWB_PCBA_SM3_TOP_FP,TWB_PCBA_TOP_FP9,1020,TWB_SM3,TWB_PCBA_PASTE_INSPECTION_TOP,PN-337126,00F0BA04,00F0BA04,PN-337126,00F0BA04,T27,,PROCESS,PN-27795,00F0BA04T-20180414124007,U5,1,B10,483,483,5.3,0.66,127,GOOD,GOOD,123.305,160.0161,97.86353000000001,0,0.9055,4/14/2018 17:36
26985,1020,FP9,TOP,4009168617,4/11/2018 8:11,1523433600,TWB_SM3,TWB_PCBA_SM3_TOP_FP,TWB_PCBA_TOP_FP9,1020,TWB_SM3,TWB_PCBA_PASTE_INSPECTION_TOP,PN-337126,00F0BA04,00F0BA04,PN-337126,00F0BA04,T27,,PROCESS,PN-27795,00F0BA04T-20180414124007,U5,1,J15,483,483,-5.99,5.1,127,GOOD,GOOD,116.5033,161.0726,91.85866999999999,0,0.9055,4/14/2018 17:36
26986,1020,FP9,TOP,4009168617,4/11/2018 8:11,1523433600,TWB_SM3,TWB_PCBA_SM3_TOP_FP,TWB_PCBA_TOP_FP9,1020,TWB_SM3,TWB_PCBA_PASTE_INSPECTION_TOP,PN-337126,00F0BA04,00F0BA04,PN-337126,00F0BA04,T27,,PROCESS,PN-27795,00F0BA04T-20180414124007,U5,1,J8,483,483,-2.67,-5.48,127,GOOD,GOOD,116.8387,158.2449,93.76929,0,0.9055,4/14/2018 17:36
27383,1020,FP9,TOP,4009168617,4/11/2018 8:11,1523433600,TWB_SM3,TWB_PCBA_SM3_TOP_FP,TWB_PCBA_TOP_FP9,1020,TWB_SM3,TWB_PCBA_PASTE_INSPECTION_TOP,PN-337126,00F0BA04,00F0BA04,PN-337126,00F0BA04,T27,,PROCESS,PN-27795,00F0BA04T-20180414124007,U5,1,P5,483,483,1.87,6.09,127,GOOD,GOOD,121.2372,153.6345,100.2192,0,0.9055,4/14/2018 17:36
27396,1020,FP9,TOP,4009168617,4/11/2018 8:11,1523433600,TWB_SM3,TWB_PCBA_SM3_TOP_FP,TWB_PCBA_TOP_FP9,1020,TWB_SM3,TWB_PCBA_PASTE_INSPECTION_TOP,PN-337126,00F0BA04,00F0BA04,PN-337126,00F0BA04,T27,,PROCESS,PN-27795,00F0BA04T-20180414124007,U5,1,C7,483,483,5.04,-3.31,127,GOOD,GOOD,111.0491,158.6623,88.88837,0,0.9055,4/14/2018 17:36
27555,1020,FP9,TOP,4009168617,4/11/2018 8:11,1523433600,TWB_SM3,TWB_PCBA_SM3_TOP_FP,TWB_PCBA_TOP_FP9,1020,TWB_SM3,TWB_PCBA_PASTE_INSPECTION_TOP,PN-337126,00F0BA04,00F0BA04,PN-337126,00F0BA04,T27,,PROCESS,PN-27795,00F0BA04T-20180414124007,U5,1,G11,483,483,-2.07,-0.06,127,GOOD,GOOD,111.8718,156.0632,91.03820999999999,0,0.9055,4/14/2018 17:36
27669,1020,FP9,TOP,4009168617,4/11/2018 8:11,1523433600,TWB_SM3,TWB_PCBA_SM3_TOP_FP,TWB_PCBA_TOP_FP9,1020,TWB_SM3,TWB_PCBA_PASTE_INSPECTION_TOP,PN-337126,00F0BA04,00F0BA04,PN-337126,00F0BA04,T27,,PROCESS,PN-27795,00F0BA04T-20180414124007,U5,1,J13,483,483,-5.04,2.07,127,GOOD,GOOD,126.0271,169.2497,94.56702,0,0.9055,4/14/2018 17:36
27670,1020,FP9,TOP,4009168617,4/11/2018 8:11,1523433600,TWB_SM3,TWB_PCBA_SM3_TOP_FP,TWB_PCBA_TOP_FP9,1020,TWB_SM3,TWB_PCBA_PASTE_INSPECTION_TOP,PN-337126,00F0BA04,00F0BA04,PN-337126,00F0BA04,T27,,PROCESS,PN-27795,00F0BA04T-20180414124007,U5,1,J6,483,483,-2.72,-8.5,127,GOOD,GOOD,113.1749,153.7493,93.48474,0,0.9055,4/14/2018 17:36
27689,1020,FP9,TOP,4009168617,4/11/2018 8:11,1523433600,TWB_SM3,TWB_PCBA_SM3_TOP_FP,TWB_PCBA_TOP_FP9,1020,TWB_SM3,TWB_PCBA_PASTE_INSPECTION_TOP,PN-337126,00F0BA04,00F0BA04,PN-337126,00F0BA04,T27,,PROCESS,PN-27795,00F0BA04T-20180414124007,U5,1,C16,483,483,1.6,-9.72,127,GOOD,GOOD,117.8455,166.1279,90.08949,0,0.9055,4/14/2018 17:36
27707,1020,FP9,TOP,4009168617,4/11/2018 8:11,1523433600,TWB_SM3,TWB_PCBA_SM3_TOP_FP,TWB_PCBA_TOP_FP9,1020,TWB_SM3,TWB_PCBA_PASTE_INSPECTION_TOP,PN-337126,00F0BA04,00F0BA04,PN-337126,00F0BA04,T27,,PROCESS,PN-27795,00F0BA04T-20180414124007,U5,1,E5,483,483,4.8,-7.23,127,GOOD,GOOD,110.0193,146.4073,95.43545999999999,0,0.9055,4/14/2018 17:36
27817,1020,FP9,TOP,4009168617,4/11/2018 8:11,1523433600,TWB_SM3,TWB_PCBA_SM3_TOP_FP,TWB_PCBA_TOP_FP9,1020,TWB_SM3,TWB_PCBA_PASTE_INSPECTION_TOP,PN-337126,00F0BA04,00F0BA04,PN-337126,00F0BA04,T27,,PROCESS,PN-27795,00F0BA04T-20180414124007,U5,1,M12,483,483,-10.1,-0.78,127,GOOD,GOOD,111.3216,154.3444,91.59935,0,0.9055,4/14/2018 17:36
27938,1020,FP9,TOP,4009168617,4/11/2018 8:11,1523433600,TWB_SM3,TWB_PCBA_SM3_TOP_FP,TWB_PCBA_TOP_FP9,1020,TWB_SM3,TWB_PCBA_PASTE_INSPECTION_TOP,PN-337126,00F0BA04,00F0BA04,PN-337126,00F0BA04,T27,,PROCESS,PN-27795,00F0BA04T-20180414124007,U5,1,L2,483,483,-3.85,5.56,127,GOOD,GOOD,112.3501,155.3989,91.81828,0,0.9055,4/14/2018 17:36
27982,1020,FP9,TOP,4009168617,4/11/2018 8:11,1523433600,TWB_SM3,TWB_PCBA_SM3_TOP_FP,TWB_PCBA_TOP_FP9,1020,TWB_SM3,TWB_PCBA_PASTE_INSPECTION_TOP,PN-337126,00F0BA04,00F0BA04,PN-337126,00F0BA04,T27,,PROCESS,PN-27795,00F0BA04T-20180414124007,U5,1,C8,483,483,6.39,-1.8,127,GOOD,GOOD,108.6425,151.9033,90.83142,0,0.9055,4/14/2018 17:36
28065,1020,FP9,TOP,4009168617,4/11/2018 8:11,1523433600,TWB_SM3,TWB_PCBA_SM3_TOP_FP,TWB_PCBA_TOP_FP9,1020,TWB_SM3,TWB_PCBA_PASTE_INSPECTION_TOP,PN-337126,00F0BA04,00F0BA04,PN-337126,00F0BA04,T27,,PROCESS,PN-27795,00F0BA04T-20180414124007,U5,1,C5,483,483,1.19,-6.33,127,GOOD,GOOD,112.2973,150.7,94.63675,0,0.9055,4/14/2018 17:36
28332,1020,FP9,TOP,4009168617,4/11/2018 8:11,1523433600,TWB_SM3,TWB_PCBA_SM3_TOP_FP,TWB_PCBA_TOP_FP9,1020,TWB_SM3,TWB_PCBA_PASTE_INSPECTION_TOP,PN-337126,00F0BA04,00F0BA04,PN-337126,00F0BA04,T27,,PROCESS,PN-27795,00F0BA04T-20180414124007,U5,1,G4,483,483,1.24,-10.63,127,GOOD,GOOD,113.6823,156.692,92.14034000000001,0,0.9055,4/14/2018 17:36
28504,1020,FP9,TOP,4009168617,4/11/2018 8:11,1523433600,TWB_SM3,TWB_PCBA_SM3_TOP_FP,TWB_PCBA_TOP_FP9,1020,TWB_SM3,TWB_PCBA_PASTE_INSPECTION_TOP,PN-337126,00F0BA04,00F0BA04,PN-337126,00F0BA04,T27,,PROCESS,PN-27795,00F0BA04T-20180414124007,U5,1,R1,483,483,9.53,0.59,127,GOOD,GOOD,115.0273,158.1192,92.38895,0,0.9055,4/14/2018 17:36
28670,1020,FP9,TOP,4009168617,4/11/2018 8:11,1523433600,TWB_SM3,TWB_PCBA_SM3_TOP_FP,TWB_PCBA_TOP_FP9,1020,TWB_SM3,TWB_PCBA_PASTE_INSPECTION_TOP,PN-337126,00F0BA04,00F0BA04,PN-337126,00F0BA04,T27,,PROCESS,PN-27795,00F0BA04T-20180414124007,U5,1,H13,483,483,-3.53,3.52,127,GOOD,GOOD,112.2217,162.2612,87.83466,0,0.9055,4/14/2018 17:36
28720,1020,FP9,TOP,4009168617,4/11/2018 8:11,1523433600,TWB_SM3,TWB_PCBA_SM3_TOP_FP,TWB_PCBA_TOP_FP9,1020,TWB_SM3,TWB_PCBA_PASTE_INSPECTION_TOP,PN-337126,00F0BA04,00F0BA04,PN-337126,00F0BA04,T27,,PROCESS,PN-27795,00F0BA04T-20180414124007,U5,1,F11,483,483,-0.56,1.39,127,GOOD,GOOD,118.584,164.1054,91.77131,0,0.9055,4/14/2018 17:36
28721,1020,FP9,TOP,4009168617,4/11/2018 8:11,1523433600,TWB_SM3,TWB_PCBA_SM3_TOP_FP,TWB_PCBA_TOP_FP9,1020,TWB_SM3,TWB_PCBA_PASTE_INSPECTION_TOP,PN-337126,00F0BA04,00F0BA04,PN-337126,00F0BA04,T27,,PROCESS,PN-27795,00F0BA04T-20180414124007,U5,1,N16,483,483,5.45,4.14,127,GOOD,GOOD,116.2706,164.111,89.97794,0,0.9055,4/14/2018 17:36
28892,1020,FP9,TOP,4009168617,4/11/2018 8:11,1523433600,TWB_SM3,TWB_PCBA_SM3_TOP_FP,TWB_PCBA_TOP_FP9,1020,TWB_SM3,TWB_PCBA_PASTE_INSPECTION_TOP,PN-337126,00F0BA04,00F0BA04,PN-337126,00F0BA04,T27,,PROCESS,PN-27795,00F0BA04T-20180414124007,U5,1,D7,483,483,4.36,-4.76,127,GOOD,GOOD,113.4217,159.7901,90.14675,0,0.9055,4/14/2018 17:36
28895,1020,FP9,TOP,4009168617,4/11/2018 8:11,1523433600,TWB_SM3,TWB_PCBA_SM3_TOP_FP,TWB_PCBA_TOP_FP9,1020,TWB_SM3,TWB_PCBA_PASTE_INSPECTION_TOP,PN-337126,00F0BA04,00F0BA04,PN-337126,00F0BA04,T27,,PROCESS,PN-27795,00F0BA04T-20180414124007,U5,1,C12,483,483,3.5,4.24,127,GOOD,GOOD,106.429,155.9783,86.65618,0,0.9055,4/14/2018 17:36
29611,1020,FP9,TOP,4009168617,4/11/2018 8:11,1523433600,TWB_SM3,TWB_PCBA_SM3_TOP_FP,TWB_PCBA_TOP_FP9,1020,TWB_SM3,TWB_PCBA_PASTE_INSPECTION_TOP,PN-337126,00F0BA04,00F0BA04,PN-337126,00F0BA04,T27,,PROCESS,PN-27795,00F0BA04T-20180414124007,U5,1,B6,483,483,7.85,-5.38,127,GOOD,GOOD,112.8924,158.4693,90.47395,0,0.9055,4/14/2018 17:36
29623,1020,FP9,TOP,4009168617,4/11/2018 8:11,1523433600,TWB_SM3,TWB_PCBA_SM3_TOP_FP,TWB_PCBA_TOP_FP9,1020,TWB_SM3,TWB_PCBA_PASTE_INSPECTION_TOP,PN-337126,00F0BA04,00F0BA04,PN-337126,00F0BA04,T27,,PROCESS,PN-27795,00F0BA04T-20180414124007,U5,1,K9,483,483,-5.66,-3.42,127,GOOD,GOOD,111.617,157.5074,89.9981,0,0.9055,4/14/2018 17:36
29953,1020,FP9,TOP,4009168617,4/11/2018 8:11,1523433600,TWB_SM3,TWB_PCBA_SM3_TOP_FP,TWB_PCBA_TOP_FP9,1020,TWB_SM3,TWB_PCBA_PASTE_INSPECTION_TOP,PN-337126,00F0BA04,00F0BA04,PN-337126,00F0BA04,T27,,PROCESS,PN-27795,00F0BA04T-20180414124007,U5,1,P1,483,483,11.04,0.05,127,GOOD,GOOD,108.899,155.7436,88.80093000000001,0,0.9055,4/14/2018 17:36
29971,1020,FP9,TOP,4009168617,4/11/2018 8:11,1523433600,TWB_SM3,TWB_PCBA_SM3_TOP_FP,TWB_PCBA_TOP_FP9,1020,TWB_SM3,TWB_PCBA_PASTE_INSPECTION_TOP,PN-337126,00F0BA04,00F0BA04,PN-337126,00F0BA04,T27,,PROCESS,PN-27795,00F0BA04T-20180414124007,U5,1,D5,483,483,6.31,-7.78,127,GOOD,GOOD,109.9034,151.6218,92.05618,0,0.9055,4/14/2018 17:36
29985,1020,FP9,TOP,4009168617,4/11/2018 8:11,1523433600,TWB_SM3,TWB_PCBA_SM3_TOP_FP,TWB_PCBA_TOP_FP9,1020,TWB_SM3,TWB_PCBA_PASTE_INSPECTION_TOP,PN-337126,00F0BA04,00F0BA04,PN-337126,00F0BA04,T27,,PROCESS,PN-27795,00F0BA04T-20180414124007,U5,1,C11,483,483,3.97,2.73,127,GOOD,GOOD,117.1134,161.1331,92.30511,0,0.9055,4/14/2018 17:36
29986,1020,FP9,TOP,4009168617,4/11/2018 8:11,1523433600,TWB_SM3,TWB_PCBA_SM3_TOP_FP,TWB_PCBA_TOP_FP9,1020,TWB_SM3,TWB_PCBA_PASTE_INSPECTION_TOP,PN-337126,00F0BA04,00F0BA04,PN-337126,00F0BA04,T27,,PROCESS,PN-27795,00F0BA04T-20180414124007,U5,1,K16,483,483,-8.97,-12.84,127,GOOD,GOOD,125.7471,152.97899999999998,104.3927,0,0.9055,4/14/2018 17:36
30006,1020,FP9,TOP,4009168617,4/11/2018 8:11,1523433600,TWB_SM3,TWB_PCBA_SM3_TOP_FP,TWB_PCBA_TOP_FP9,1020,TWB_SM3,TWB_PCBA_PASTE_INSPECTION_TOP,PN-337126,00F0BA04,00F0BA04,PN-337126,00F0BA04,T27,,PROCESS,PN-27795,00F0BA04T-20180414124007,U5,1,E10,483,483,2.42,0.33,127,GOOD,GOOD,115.1689,154.3454,94.76438,0,0.9055,4/14/2018 17:36
30007,1020,FP9,TOP,4009168617,4/11/2018 8:11,1523433600,TWB_SM3,TWB_PCBA_SM3_TOP_FP,TWB_PCBA_TOP_FP9,1020,TWB_SM3,TWB_PCBA_PASTE_INSPECTION_TOP,PN-337126,00F0BA04,00F0BA04,PN-337126,00F0BA04,T27,,PROCESS,PN-27795,00F0BA04T-20180414124007,U5,1,M15,483,483,9.48,3.75,127,GOOD,GOOD,128.1642,170.5918,95.41403000000001,0,0.9055,4/14/2018 17:36
30063,1020,FP9,TOP,4009168617,4/11/2018 8:11,1523433600,TWB_SM3,TWB_PCBA_SM3_TOP_FP,TWB_PCBA_TOP_FP9,1020,TWB_SM3,TWB_PCBA_PASTE_INSPECTION_TOP,PN-337126,00F0BA04,00F0BA04,PN-337126,00F0BA04,T27,,PROCESS,PN-27795,00F0BA04T-20180414124007,U5,1,F4,483,483,2.74,-9.18,127,GOOD,GOOD,118.1901,158.139,94.91744,0,0.9055,4/14/2018 17:36
30340,1020,FP9,TOP,4009168617,4/11/2018 8:11,1523433600,TWB_SM3,TWB_PCBA_SM3_TOP_FP,TWB_PCBA_TOP_FP9,1020,TWB_SM3,TWB_PCBA_PASTE_INSPECTION_TOP,PN-337126,00F0BA04,00F0BA04,PN-337126,00F0BA04,T27,,PROCESS,PN-27795,00F0BA04T-20180414124007,U5,1,T2,483,483,3.4,0.66,127,GOOD,GOOD,122.2222,159.9874,97.02149,0,0.9055,4/14/2018 17:36
30424,1020,FP9,TOP,4009168617,4/11/2018 8:11,1523433600,TWB_SM3,TWB_PCBA_SM3_TOP_FP,TWB_PCBA_TOP_FP9,1020,TWB_SM3,TWB_PCBA_PASTE_INSPECTION_TOP,PN-337126,00F0BA04,00F0BA04,PN-337126,00F0BA04,T27,,PROCESS,PN-27795,00F0BA04T-20180414124007,U5,1,A1,483,483,-8.27,-11.49,127,GOOD,GOOD,112.2457,147.8132,96.44062,0,0.9055,4/14/2018 17:36
30425,1020,FP9,TOP,4009168617,4/11/2018 8:11,1523433600,TWB_SM3,TWB_PCBA_SM3_TOP_FP,TWB_PCBA_TOP_FP9,1020,TWB_SM3,TWB_PCBA_PASTE_INSPECTION_TOP,PN-337126,00F0BA04,00F0BA04,PN-337126,00F0BA04,T27,,PROCESS,PN-27795,00F0BA04T-20180414124007,U5,1,T10,483,483,-0.21,-7.25,127,GOOD,GOOD,113.4898,147.8087,97.51257,0,0.9055,4/14/2018 17:36
30489,1020,FP9,TOP,4009168617,4/11/2018 8:11,1523433600,TWB_SM3,TWB_PCBA_SM3_TOP_FP,TWB_PCBA_TOP_FP9,1020,TWB_SM3,TWB_PCBA_PASTE_INSPECTION_TOP,PN-337126,00F0BA04,00F0BA04,PN-337126,00F0BA04,T27,,PROCESS,PN-27795,00F0BA04T-20180414124007,U5,1,A15,483,483,6.09,-10.34,127,GOOD,GOOD,110.7239,155.763,90.27773,0,0.9055,4/14/2018 17:36
30672,1020,FP9,TOP,4009168617,4/11/2018 8:11,1523433600,TWB_SM3,TWB_PCBA_SM3_TOP_FP,TWB_PCBA_TOP_FP9,1020,TWB_SM3,TWB_PCBA_PASTE_INSPECTION_TOP,PN-337126,00F0BA04,00F0BA04,PN-337126,00F0BA04,T27,,PROCESS,PN-27795,00F0BA04T-20180414124007,U5,1,N3,483,483,10.13,4.51,127,GOOD,GOOD,118.2354,160.86700000000002,93.34356,0,0.9055,4/14/2018 17:36
30968,1020,FP9,TOP,4009168617,4/11/2018 8:11,1523433600,TWB_SM3,TWB_PCBA_SM3_TOP_FP,TWB_PCBA_TOP_FP9,1020,TWB_SM3,TWB_PCBA_PASTE_INSPECTION_TOP,PN-337126,00F0BA04,00F0BA04,PN-337126,00F0BA04,T27,,PROCESS,PN-27795,00F0BA04T-20180414124007,U5,1,F10,483,483,-1.57,-0.12,127,GOOD,GOOD,110.5852,150.6278,93.2386,0,0.9055,4/14/2018 17:36
30969,1020,FP9,TOP,4009168617,4/11/2018 8:11,1523433600,TWB_SM3,TWB_PCBA_SM3_TOP_FP,TWB_PCBA_TOP_FP9,1020,TWB_SM3,TWB_PCBA_PASTE_INSPECTION_TOP,PN-337126,00F0BA04,00F0BA04,PN-337126,00F0BA04,T27,,PROCESS,PN-27795,00F0BA04T-20180414124007,U5,1,N15,483,483,6.92,2.63,127,GOOD,GOOD,115.2513,162.3951,90.13155,0,0.9055,4/14/2018 17:36
31018,1020,FP9,TOP,4009168617,4/11/2018 8:11,1523433600,TWB_SM3,TWB_PCBA_SM3_TOP_FP,TWB_PCBA_TOP_FP9,1020,TWB_SM3,TWB_PCBA_PASTE_INSPECTION_TOP,PN-337126,00F0BA04,00F0BA04,PN-337126,00F0BA04,T27,,PROCESS,PN-27795,00F0BA04T-20180414124007,U5,1,F8,483,483,1.86,-3.14,127,GOOD,GOOD,110.4693,157.0163,89.35128,0,0.9055,4/14/2018 17:36
31029,1020,FP9,TOP,4009168617,4/11/2018 8:11,1523433600,TWB_SM3,TWB_PCBA_SM3_TOP_FP,TWB_PCBA_TOP_FP9,1020,TWB_SM3,TWB_PCBA_PASTE_INSPECTION_TOP,PN-337126,00F0BA04,00F0BA04,PN-337126,00F0BA04,T27,,PROCESS,PN-27795,00F0BA04T-20180414124007,U5,1,T4,483,483,-0.01,3.69,127,GOOD,GOOD,124.8833,154.993,102.3284,0,0.9055,4/14/2018 17:36
31224,1020,FP9,TOP,4009168617,4/11/2018 8:11,1523433600,TWB_SM3,TWB_PCBA_SM3_TOP_FP,TWB_PCBA_TOP_FP9,1020,TWB_SM3,TWB_PCBA_PASTE_INSPECTION_TOP,PN-337126,00F0BA04,00F0BA04,PN-337126,00F0BA04,T27,,PROCESS,PN-27795,00F0BA04T-20180414124007,U5,1,G14,483,483,-3.49,4.47,127,GOOD,GOOD,117.5452,163.8163,91.12788,0,0.9055,4/14/2018 17:36
31454,1020,FP9,TOP,4009168617,4/11/2018 8:11,1523433600,TWB_SM3,TWB_PCBA_SM3_TOP_FP,TWB_PCBA_TOP_FP9,1020,TWB_SM3,TWB_PCBA_PASTE_INSPECTION_TOP,PN-337126,00F0BA04,00F0BA04,PN-337126,00F0BA04,T27,,PROCESS,PN-27795,00F0BA04T-20180414124007,U5,1,J10,483,483,-3.62,-2.46,127,GOOD,GOOD,113.7841,159.8322,90.41099,0,0.9055,4/14/2018 17:36
31455,1020,FP9,TOP,4009168617,4/11/2018 8:11,1523433600,TWB_SM3,TWB_PCBA_SM3_TOP_FP,TWB_PCBA_TOP_FP9,1020,TWB_SM3,TWB_PCBA_PASTE_INSPECTION_TOP,PN-337126,00F0BA04,00F0BA04,PN-337126,00F0BA04,T27,,PROCESS,PN-27795,00F0BA04T-20180414124007,U5,1,J3,483,483,-0.31,-13.03,127,GOOD,GOOD,115.09,155.2632,94.13976,0,0.9055,4/14/2018 17:36
31456,1020,FP9,TOP,4009168617,4/11/2018 8:11,1523433600,TWB_SM3,TWB_PCBA_SM3_TOP_FP,TWB_PCBA_TOP_FP9,1020,TWB_SM3,TWB_PCBA_PASTE_INSPECTION_TOP,PN-337126,00F0BA04,00F0BA04,PN-337126,00F0BA04,T27,,PROCESS,PN-27795,00F0BA04T-20180414124007,U5,1,R15,483,483,3.9,1.74,127,GOOD,GOOD,120.5139,156.4444,97.83193,0,0.9055,4/14/2018 17:36
31829,1020,FP9,TOP,4009168617,4/11/2018 8:11,1523433600,TWB_SM3,TWB_PCBA_SM3_TOP_FP,TWB_PCBA_TOP_FP9,1020,TWB_SM3,TWB_PCBA_PASTE_INSPECTION_TOP,PN-337126,00F0BA04,00F0BA04,PN-337126,00F0BA04,T27,,PROCESS,PN-27795,00F0BA04T-20180414124007,U5,1,B12,483,483,1.69,3.68,127,GOOD,GOOD,114.5947,148.0894,98.27532,0,0.9055,4/14/2018 17:36
32226,1020,FP9,TOP,4009168617,4/11/2018 8:11,1523433600,TWB_SM3,TWB_PCBA_SM3_TOP_FP,TWB_PCBA_TOP_FP9,1020,TWB_SM3,TWB_PCBA_PASTE_INSPECTION_TOP,PN-337126,00F0BA04,00F0BA04,PN-337126,00F0BA04,T27,,PROCESS,PN-27795,00F0BA04T-20180414124007,U5,1,B2,483,483,9.74,-11.42,127,GOOD,GOOD,109.3701,148.5044,93.5326,0,0.9055,4/14/2018 17:36
32360,1020,FP9,TOP,4009168617,4/11/2018 8:11,1523433600,TWB_SM3,TWB_PCBA_SM3_TOP_FP,TWB_PCBA_TOP_FP9,1020,TWB_SM3,TWB_PCBA_PASTE_INSPECTION_TOP,PN-337126,00F0BA04,00F0BA04,PN-337126,00F0BA04,T27,,PROCESS,PN-27795,00F0BA04T-20180414124007,U5,1,G9,483,483,-1.12,-3.08,127,GOOD,GOOD,114.5572,155.7471,93.41279,0,0.9055,4/14/2018 17:36
32564,1020,FP9,TOP,4009168617,4/11/2018 8:11,1523433600,TWB_SM3,TWB_PCBA_SM3_TOP_FP,TWB_PCBA_TOP_FP9,1020,TWB_SM3,TWB_PCBA_PASTE_INSPECTION_TOP,PN-337126,00F0BA04,00F0BA04,PN-337126,00F0BA04,T27,,PROCESS,PN-27795,00F0BA04T-20180414124007,U5,1,L4,483,483,-4.81,-11.42,127,GOOD,GOOD,119.0141,163.938,92.19823000000001,0,0.9055,4/14/2018 17:36
32613,1020,FP9,TOP,4009168617,4/11/2018 8:11,1523433600,TWB_SM3,TWB_PCBA_SM3_TOP_FP,TWB_PCBA_TOP_FP9,1020,TWB_SM3,TWB_PCBA_PASTE_INSPECTION_TOP,PN-337126,00F0BA04,00F0BA04,PN-337126,00F0BA04,T27,,PROCESS,PN-27795,00F0BA04T-20180414124007,U5,1,L7,483,483,-6.22,-6.89,127,GOOD,GOOD,112.3162,158.7082,89.87663,0,0.9055,4/14/2018 17:36
32749,1020,FP9,TOP,4009168617,4/11/2018 8:11,1523433600,TWB_SM3,TWB_PCBA_SM3_TOP_FP,TWB_PCBA_TOP_FP9,1020,TWB_SM3,TWB_PCBA_PASTE_INSPECTION_TOP,PN-337126,00F0BA04,00F0BA04,PN-337126,00F0BA04,T27,,PROCESS,PN-27795,00F0BA04T-20180414124007,U5,1,E8,483,483,3.37,-2.7,127,GOOD,GOOD,113.979,156.0545,92.75820999999999,0,0.9055,4/14/2018 17:36
33010,1020,FP9,TOP,4009168617,4/11/2018 8:11,1523433600,TWB_SM3,TWB_PCBA_SM3_TOP_FP,TWB_PCBA_TOP_FP9,1020,TWB_SM3,TWB_PCBA_PASTE_INSPECTION_TOP,PN-337126,00F0BA04,00F0BA04,PN-337126,00F0BA04,T27,,PROCESS,PN-27795,00F0BA04T-20180414124007,U5,1,M5,483,483,-5.77,-11.35,127,GOOD,GOOD,110.3661,156.0038,89.84708,0,0.9055,4/14/2018 17:36
33031,1020,FP9,TOP,4009168617,4/11/2018 8:11,1523433600,TWB_SM3,TWB_PCBA_SM3_TOP_FP,TWB_PCBA_TOP_FP9,1020,TWB_SM3,TWB_PCBA_PASTE_INSPECTION_TOP,PN-337126,00F0BA04,00F0BA04,PN-337126,00F0BA04,T27,,PROCESS,PN-27795,00F0BA04T-20180414124007,U5,1,N10,483,483,8.47,-4.92,127,GOOD,GOOD,108.4054,150.3446,91.57285999999999,0,0.9055,4/14/2018 17:36
33043,1020,FP9,TOP,4009168617,4/11/2018 8:11,1523433600,TWB_SM3,TWB_PCBA_SM3_TOP_FP,TWB_PCBA_TOP_FP9,1020,TWB_SM3,TWB_PCBA_PASTE_INSPECTION_TOP,PN-337126,00F0BA04,00F0BA04,PN-337126,00F0BA04,T27,,PROCESS,PN-27795,00F0BA04T-20180414124007,U5,1,A3,483,483,7.64,-8.46,127,GOOD,GOOD,117.1819,160.8898,92.49875,0,0.9055,4/14/2018 17:36
33044,1020,FP9,TOP,4009168617,4/11/2018 8:11,1523433600,TWB_SM3,TWB_PCBA_SM3_TOP_FP,TWB_PCBA_TOP_FP9,1020,TWB_SM3,TWB_PCBA_PASTE_INSPECTION_TOP,PN-337126,00F0BA04,00F0BA04,PN-337126,00F0BA04,T27,,PROCESS,PN-27795,00F0BA04T-20180414124007,U5,1,T12,483,483,0.33,-4.23,127,GOOD,GOOD,117.4572,150.7903,98.92589,0,0.9055,4/14/2018 17:36
