,plcng_plant_cd,mach_id,pcb_side_inspd,wo_num,defct_dttm,intrvl_key,plcng_area_cd,plcng_prcs_cd,plcng_wrk_ctr_cd,fndng_plant_cd,fndng_area_cd,fndng_prcs_cd,bld_part_no,bld_serial_no,barcd,assy_part_no,assy_serial_no,defct_cd,failed_test_code,fail_type,cmpnt_part_no,spi_test_id,ref_id,silkscrn_nbr,cmpntpin_nbr,cmpntpin_size_x_axis,cmpntpin_size_y_axis,solder_paste_offst_x_axis,solder_paste_offst_y_axis,pad_stncl_hgt,pad_spi_result,pad_spi_defct_type,solder_paste_vol_pct,solder_paste_hgt,solder_paste_area_pct,pkg_type,stncl_surf_area_ratio,extract_dttm
1110,1020,FP9,TOP,4009211043,4/26/2018 16:16,1524759300,TWB_SM3,TWB_PCBA_SM3_TOP_FP,TWB_PCBA_TOP_FP9,1020,TWB_SM3,TWB_PCBA_PASTE_INSPECTION_TOP,PN-337126,00F15471,00F15471,PN-337126,00F15472,P20,,PROCESS,PN-27795,00F15471T-20180426154205,U5,2,M5,483,483,19.85,-14.31,127,GOOD,GOOD,125.9228,159.32,100.3779,0,0.9055,4/26/2018 19:45
1807,1020,FP9,TOP,4009211043,4/26/2018 16:16,1524759300,TWB_SM3,TWB_PCBA_SM3_TOP_FP,TWB_PCBA_TOP_FP9,1020,TWB_SM3,TWB_PCBA_PASTE_INSPECTION_TOP,PN-337126,00F15471,00F15471,PN-337126,00F15472,P20,,PROCESS,PN-27795,00F15471T-20180426154205,U5,2,G8,483,483,8.17,-6.02,127,GOOD,GOOD,122.2507,147.8149,105.0357,0,0.9055,4/26/2018 19:45
2215,1020,FP9,TOP,4009211043,4/26/2018 16:16,1524759300,TWB_SM3,TWB_PCBA_SM3_TOP_FP,TWB_PCBA_TOP_FP9,1020,TWB_SM3,TWB_PCBA_PASTE_INSPECTION_TOP,PN-337126,00F15471,00F15471,PN-337126,00F15472,P20,,PROCESS,PN-27795,00F15471T-20180426154205,U5,2,C1,483,483,17.14,5.15,127,GOOD,GOOD,121.3399,162.7122,94.70812,0,0.9055,4/26/2018 19:45
2349,1020,FP9,TOP,4009211043,4/26/2018 16:16,1524759300,TWB_SM3,TWB_PCBA_SM3_TOP_FP,TWB_PCBA_TOP_FP9,1020,TWB_SM3,TWB_PCBA_PASTE_INSPECTION_TOP,PN-337126,00F15471,00F15471,PN-337126,00F15472,P20,,PROCESS,PN-27795,00F15471T-20180426154205,U5,2,F10,483,483,3.86,-0.9,127,GOOD,GOOD,124.9491,153.0101,103.7091,0,0.9055,4/26/2018 19:45
2350,1020,FP9,TOP,4009211043,4/26/2018 16:16,1524759300,TWB_SM3,TWB_PCBA_SM3_TOP_FP,TWB_PCBA_TOP_FP9,1020,TWB_SM3,TWB_PCBA_PASTE_INSPECTION_TOP,PN-337126,00F15471,00F15471,PN-337126,00F15472,P20,,PROCESS,PN-27795,00F15471T-20180426154205,U5,2,N15,483,483,9.94,5.78,127,GOOD,GOOD,113.4093,146.3915,98.38667,0,0.9055,4/26/2018 19:45
2351,1020,FP9,TOP,4009211043,4/26/2018 16:16,1524759300,TWB_SM3,TWB_PCBA_SM3_TOP_FP,TWB_PCBA_TOP_FP9,1020,TWB_SM3,TWB_PCBA_PASTE_INSPECTION_TOP,PN-337126,00F15471,00F15471,PN-337126,00F15472,P20,,PROCESS,PN-27795,00F15471T-20180426154205,U5,2,D13,483,483,-1.35,4.57,127,GOOD,GOOD,123.5617,158.4163,99.05758,0,0.9055,4/26/2018 19:45
2468,1020,FP9,TOP,4009211043,4/26/2018 16:16,1524759300,TWB_SM3,TWB_PCBA_SM3_TOP_FP,TWB_PCBA_TOP_FP9,1020,TWB_SM3,TWB_PCBA_PASTE_INSPECTION_TOP,PN-337126,00F15471,00F15471,PN-337126,00F15472,P20,,PROCESS,PN-27795,00F15471T-20180426154205,U5,2,G4,483,483,18.99,-13.03,127,GOOD,GOOD,137.3042,160.678,108.5253,0,0.9055,4/26/2018 19:45
2686,1020,FP9,TOP,4009211043,4/26/2018 16:16,1524759300,TWB_SM3,TWB_PCBA_SM3_TOP_FP,TWB_PCBA_TOP_FP9,1020,TWB_SM3,TWB_PCBA_PASTE_INSPECTION_TOP,PN-337126,00F15471,00F15471,PN-337126,00F15472,P20,,PROCESS,PN-27795,00F15471T-20180426154205,U5,2,P2,483,483,24.21,2.13,127,GOOD,GOOD,127.57799999999999,164.737,98.3532,0,0.9055,4/26/2018 19:45
2785,1020,FP9,TOP,4009211043,4/26/2018 16:16,1524759300,TWB_SM3,TWB_PCBA_SM3_TOP_FP,TWB_PCBA_TOP_FP9,1020,TWB_SM3,TWB_PCBA_PASTE_INSPECTION_TOP,PN-337126,00F15471,00F15471,PN-337126,00F15472,P20,,PROCESS,PN-27795,00F15471T-20180426154205,U5,2,D7,483,483,13.23,-5.95,127,GOOD,GOOD,135.24200000000002,160.3417,107.1196,0,0.9055,4/26/2018 19:45
2804,1020,FP9,TOP,4009211043,4/26/2018 16:16,1524759300,TWB_SM3,TWB_PCBA_SM3_TOP_FP,TWB_PCBA_TOP_FP9,1020,TWB_SM3,TWB_PCBA_PASTE_INSPECTION_TOP,PN-337126,00F15471,00F15471,PN-337126,00F15472,P20,,PROCESS,PN-27795,00F15471T-20180426154205,U5,2,P4,483,483,12.33,5.53,127,GOOD,GOOD,125.1086,150.5395,105.5457,0,0.9055,4/26/2018 19:45
2815,1020,FP9,TOP,4009211043,4/26/2018 16:16,1524759300,TWB_SM3,TWB_PCBA_SM3_TOP_FP,TWB_PCBA_TOP_FP9,1020,TWB_SM3,TWB_PCBA_PASTE_INSPECTION_TOP,PN-337126,00F15471,00F15471,PN-337126,00F15472,P20,,PROCESS,PN-27795,00F15471T-20180426154205,U5,2,B13,483,483,1.33,5.78,127,GOOD,GOOD,114.9355,152.8764,95.48114,0,0.9055,4/26/2018 19:45
2833,1020,FP9,TOP,4009211043,4/26/2018 16:16,1524759300,TWB_SM3,TWB_PCBA_SM3_TOP_FP,TWB_PCBA_TOP_FP9,1020,TWB_SM3,TWB_PCBA_PASTE_INSPECTION_TOP,PN-337126,00F15471,00F15471,PN-337126,00F15472,P20,,PROCESS,PN-27795,00F15471T-20180426154205,U5,2,C15,483,483,-0.69,-10.33,127,GOOD,GOOD,117.2284,152.9851,97.31673,0,0.9055,4/26/2018 19:45
3095,1020,FP9,TOP,4009211043,4/26/2018 16:16,1524759300,TWB_SM3,TWB_PCBA_SM3_TOP_FP,TWB_PCBA_TOP_FP9,1020,TWB_SM3,TWB_PCBA_PASTE_INSPECTION_TOP,PN-337126,00F15471,00F15471,PN-337126,00F15472,P20,,PROCESS,PN-27795,00F15471T-20180426154205,U5,2,N8,483,483,10.18,-0.34,127,GOOD,GOOD,124.4586,148.963,106.1085,0,0.9055,4/26/2018 19:45
3381,1020,FP9,TOP,4009211043,4/26/2018 16:16,1524759300,TWB_SM3,TWB_PCBA_SM3_TOP_FP,TWB_PCBA_TOP_FP9,1020,TWB_SM3,TWB_PCBA_PASTE_INSPECTION_TOP,PN-337126,00F15471,00F15471,PN-337126,00F15472,P20,,PROCESS,PN-27795,00F15471T-20180426154205,U5,2,E7,483,483,8.17,-5.56,127,GOOD,GOOD,127.085,153.2731,105.3009,0,0.9055,4/26/2018 19:45
3488,1020,FP9,TOP,4009211043,4/26/2018 16:16,1524759300,TWB_SM3,TWB_PCBA_SM3_TOP_FP,TWB_PCBA_TOP_FP9,1020,TWB_SM3,TWB_PCBA_PASTE_INSPECTION_TOP,PN-337126,00F15471,00F15471,PN-337126,00F15472,P20,,PROCESS,PN-27795,00F15471T-20180426154205,U5,2,N9,483,483,7.98,1.36,127,GOOD,GOOD,119.4973,151.0451,100.4743,0,0.9055,4/26/2018 19:45
3888,1020,FP9,TOP,4009211043,4/26/2018 16:16,1524759300,TWB_SM3,TWB_PCBA_SM3_TOP_FP,TWB_PCBA_TOP_FP9,1020,TWB_SM3,TWB_PCBA_PASTE_INSPECTION_TOP,PN-337126,00F15471,00F15471,PN-337126,00F15472,P20,,PROCESS,PN-27795,00F15471T-20180426154205,U5,2,N6,483,483,18.75,10.46,127,GOOD,GOOD,131.3426,161.9442,103.0015,0,0.9055,4/26/2018 19:45
3946,1020,FP9,TOP,4009211043,4/26/2018 16:16,1524759300,TWB_SM3,TWB_PCBA_SM3_TOP_FP,TWB_PCBA_TOP_FP9,1020,TWB_SM3,TWB_PCBA_PASTE_INSPECTION_TOP,PN-337126,00F15471,00F15471,PN-337126,00F15472,P20,,PROCESS,PN-27795,00F15471T-20180426154205,U5,2,A6,483,483,15.81,-4.88,127,GOOD,GOOD,119.8106,151.4798,100.4487,0,0.9055,4/26/2018 19:45
3947,1020,FP9,TOP,4009211043,4/26/2018 16:16,1524759300,TWB_SM3,TWB_PCBA_SM3_TOP_FP,TWB_PCBA_TOP_FP9,1020,TWB_SM3,TWB_PCBA_PASTE_INSPECTION_TOP,PN-337126,00F15471,00F15471,PN-337126,00F15472,P20,,PROCESS,PN-27795,00F15471T-20180426154205,U5,2,L10,483,483,10.96,-3.95,127,GOOD,GOOD,117.9503,151.9473,98.58474,0,0.9055,4/26/2018 19:45
3948,1020,FP9,TOP,4009211043,4/26/2018 16:16,1524759300,TWB_SM3,TWB_PCBA_SM3_TOP_FP,TWB_PCBA_TOP_FP9,1020,TWB_SM3,TWB_PCBA_PASTE_INSPECTION_TOP,PN-337126,00F15471,00F15471,PN-337126,00F15472,P20,,PROCESS,PN-27795,00F15471T-20180426154205,U5,2,T15,483,483,4.83,3.21,127,GOOD,GOOD,121.4811,150.6316,102.4227,0,0.9055,4/26/2018 19:45
4072,1020,FP9,TOP,4009211043,4/26/2018 16:16,1524759300,TWB_SM3,TWB_PCBA_SM3_TOP_FP,TWB_PCBA_TOP_FP9,1020,TWB_SM3,TWB_PCBA_PASTE_INSPECTION_TOP,PN-337126,00F15471,00F15471,PN-337126,00F15472,P20,,PROCESS,PN-27795,00F15471T-20180426154205,U5,2,D14,483,483,-0.32,-13.68,127,GOOD,GOOD,125.4101,153.7432,103.5954,0,0.9055,4/26/2018 19:45
4447,1020,FP9,TOP,4009211043,4/26/2018 16:16,1524759300,TWB_SM3,TWB_PCBA_SM3_TOP_FP,TWB_PCBA_TOP_FP9,1020,TWB_SM3,TWB_PCBA_PASTE_INSPECTION_TOP,PN-337126,00F15471,00F15471,PN-337126,00F15472,P20,,PROCESS,PN-27795,00F15471T-20180426154205,U5,2,H10,483,483,3.67,-3.78,127,GOOD,GOOD,121.4417,153.5893,100.4177,0,0.9055,4/26/2018 19:45
4448,1020,FP9,TOP,4009211043,4/26/2018 16:16,1524759300,TWB_SM3,TWB_PCBA_SM3_TOP_FP,TWB_PCBA_TOP_FP9,1020,TWB_SM3,TWB_PCBA_PASTE_INSPECTION_TOP,PN-337126,00F15471,00F15471,PN-337126,00F15472,P20,,PROCESS,PN-27795,00F15471T-20180426154205,U5,2,P15,483,483,8.24,4.26,127,GOOD,GOOD,110.2502,155.5857,89.99399,0,0.9055,4/26/2018 19:45
4619,1020,FP9,TOP,4009211043,4/26/2018 16:16,1524759300,TWB_SM3,TWB_PCBA_SM3_TOP_FP,TWB_PCBA_TOP_FP9,1020,TWB_SM3,TWB_PCBA_PASTE_INSPECTION_TOP,PN-337126,00F15471,00F15471,PN-337126,00F15472,P20,,PROCESS,PN-27795,00F15471T-20180426154205,U5,2,E16,483,483,-0.86,-9.79,127,GOOD,GOOD,119.3992,150.0153,101.081,0,0.9055,4/26/2018 19:45
4654,1020,FP9,TOP,4009211043,4/26/2018 16:16,1524759300,TWB_SM3,TWB_PCBA_SM3_TOP_FP,TWB_PCBA_TOP_FP9,1020,TWB_SM3,TWB_PCBA_PASTE_INSPECTION_TOP,PN-337126,00F15471,00F15471,PN-337126,00F15472,P20,,PROCESS,PN-27795,00F15471T-20180426154205,U5,2,A13,483,483,3.08,-12.62,127,GOOD,GOOD,118.8576,147.942,102.0326,0,0.9055,4/26/2018 19:45
4711,1020,FP9,TOP,4009211043,4/26/2018 16:16,1524759300,TWB_SM3,TWB_PCBA_SM3_TOP_FP,TWB_PCBA_TOP_FP9,1020,TWB_SM3,TWB_PCBA_PASTE_INSPECTION_TOP,PN-337126,00F15471,00F15471,PN-337126,00F15472,P20,,PROCESS,PN-27795,00F15471T-20180426154205,U5,2,T7,483,483,14.86,9.59,127,GOOD,GOOD,117.4744,148.4406,100.5065,0,0.9055,4/26/2018 19:45
4771,1020,FP9,TOP,4009211043,4/26/2018 16:16,1524759300,TWB_SM3,TWB_PCBA_SM3_TOP_FP,TWB_PCBA_TOP_FP9,1020,TWB_SM3,TWB_PCBA_PASTE_INSPECTION_TOP,PN-337126,00F15471,00F15471,PN-337126,00F15472,P20,,PROCESS,PN-27795,00F15471T-20180426154205,U5,2,F12,483,483,4.07,2.6,127,GOOD,GOOD,116.2445,148.5102,99.40768,0,0.9055,4/26/2018 19:45
4840,1020,FP9,TOP,4009211043,4/26/2018 16:16,1524759300,TWB_SM3,TWB_PCBA_SM3_TOP_FP,TWB_PCBA_TOP_FP9,1020,TWB_SM3,TWB_PCBA_PASTE_INSPECTION_TOP,PN-337126,00F15471,00F15471,PN-337126,00F15472,P20,,PROCESS,PN-27795,00F15471T-20180426154205,U5,2,E15,483,483,-4.19,-11.54,127,GOOD,GOOD,115.9086,145.7024,101.0305,0,0.9055,4/26/2018 19:45
4850,1020,FP9,TOP,4009211043,4/26/2018 16:16,1524759300,TWB_SM3,TWB_PCBA_SM3_TOP_FP,TWB_PCBA_TOP_FP9,1020,TWB_SM3,TWB_PCBA_PASTE_INSPECTION_TOP,PN-337126,00F15471,00F15471,PN-337126,00F15472,P20,,PROCESS,PN-27795,00F15471T-20180426154205,U5,2,K11,483,483,8.59,-8.21,127,GOOD,GOOD,115.7044,147.3616,99.71704,0,0.9055,4/26/2018 19:45
4972,1020,FP9,TOP,4009211043,4/26/2018 16:16,1524759300,TWB_SM3,TWB_PCBA_SM3_TOP_FP,TWB_PCBA_TOP_FP9,1020,TWB_SM3,TWB_PCBA_PASTE_INSPECTION_TOP,PN-337126,00F15471,00F15471,PN-337126,00F15472,P20,,PROCESS,PN-27795,00F15471T-20180426154205,U5,2,K14,483,483,6.68,3.67,127,GOOD,GOOD,117.6649,152.0889,98.2547,0,0.9055,4/26/2018 19:45
5050,1020,FP9,TOP,4009211043,4/26/2018 16:16,1524759300,TWB_SM3,TWB_PCBA_SM3_TOP_FP,TWB_PCBA_TOP_FP9,1020,TWB_SM3,TWB_PCBA_PASTE_INSPECTION_TOP,PN-337126,00F15471,00F15471,PN-337126,00F15472,P20,,PROCESS,PN-27795,00F15471T-20180426154205,U5,2,M1,483,483,13.8,-1.32,127,GOOD,GOOD,125.8054,167.1045,95.61256,0,0.9055,4/26/2018 19:45
5097,1020,FP9,TOP,4009211043,4/26/2018 16:16,1524759300,TWB_SM3,TWB_PCBA_SM3_TOP_FP,TWB_PCBA_TOP_FP9,1020,TWB_SM3,TWB_PCBA_PASTE_INSPECTION_TOP,PN-337126,00F15471,00F15471,PN-337126,00F15472,P20,,PROCESS,PN-27795,00F15471T-20180426154205,U5,2,J12,483,483,-1.18,-0.22,127,GOOD,GOOD,124.1679,156.2113,100.9487,0,0.9055,4/26/2018 19:45
5098,1020,FP9,TOP,4009211043,4/26/2018 16:16,1524759300,TWB_SM3,TWB_PCBA_SM3_TOP_FP,TWB_PCBA_TOP_FP9,1020,TWB_SM3,TWB_PCBA_PASTE_INSPECTION_TOP,PN-337126,00F15471,00F15471,PN-337126,00F15472,P20,,PROCESS,PN-27795,00F15471T-20180426154205,U5,2,J5,483,483,16.7,-12.49,127,GOOD,GOOD,133.7425,161.5131,105.1635,0,0.9055,4/26/2018 19:45
5473,1020,FP9,TOP,4009211043,4/26/2018 16:16,1524759300,TWB_SM3,TWB_PCBA_SM3_TOP_FP,TWB_PCBA_TOP_FP9,1020,TWB_SM3,TWB_PCBA_PASTE_INSPECTION_TOP,PN-337126,00F15471,00F15471,PN-337126,00F15472,P20,,PROCESS,PN-27795,00F15471T-20180426154205,U5,2,G16,483,483,-9.34,-12.01,127,GOOD,GOOD,116.2144,148.64600000000002,99.29113000000001,0,0.9055,4/26/2018 19:45
5488,1020,FP9,TOP,4009211043,4/26/2018 16:16,1524759300,TWB_SM3,TWB_PCBA_SM3_TOP_FP,TWB_PCBA_TOP_FP9,1020,TWB_SM3,TWB_PCBA_PASTE_INSPECTION_TOP,PN-337126,00F15471,00F15471,PN-337126,00F15472,P20,,PROCESS,PN-27795,00F15471T-20180426154205,U5,2,L3,483,483,15.93,3.79,127,GOOD,GOOD,131.9113,168.2081,99.59527,0,0.9055,4/26/2018 19:45
5511,1020,FP9,TOP,4009211043,4/26/2018 16:16,1524759300,TWB_SM3,TWB_PCBA_SM3_TOP_FP,TWB_PCBA_TOP_FP9,1020,TWB_SM3,TWB_PCBA_PASTE_INSPECTION_TOP,PN-337126,00F15471,00F15471,PN-337126,00F15472,P20,,PROCESS,PN-27795,00F15471T-20180426154205,U5,2,H7,483,483,9.54,-7.38,127,GOOD,GOOD,127.5968,150.5004,107.6728,0,0.9055,4/26/2018 19:45
5843,1020,FP9,TOP,4009211043,4/26/2018 16:16,1524759300,TWB_SM3,TWB_PCBA_SM3_TOP_FP,TWB_PCBA_TOP_FP9,1020,TWB_SM3,TWB_PCBA_PASTE_INSPECTION_TOP,PN-337126,00F15471,00F15471,PN-337126,00F15472,P20,,PROCESS,PN-27795,00F15471T-20180426154205,U5,2,B3,483,483,12.65,-11.74,127,GOOD,GOOD,125.9936,154.8981,103.3014,0,0.9055,4/26/2018 19:45
5939,1020,FP9,TOP,4009211043,4/26/2018 16:16,1524759300,TWB_SM3,TWB_PCBA_SM3_TOP_FP,TWB_PCBA_TOP_FP9,1020,TWB_SM3,TWB_PCBA_PASTE_INSPECTION_TOP,PN-337126,00F15471,00F15471,PN-337126,00F15472,P20,,PROCESS,PN-27795,00F15471T-20180426154205,U5,2,E10,483,483,6.44,-0.3,127,GOOD,GOOD,126.7987,167.5036,96.13789,0,0.9055,4/26/2018 19:45
5940,1020,FP9,TOP,4009211043,4/26/2018 16:16,1524759300,TWB_SM3,TWB_PCBA_SM3_TOP_FP,TWB_PCBA_TOP_FP9,1020,TWB_SM3,TWB_PCBA_PASTE_INSPECTION_TOP,PN-337126,00F15471,00F15471,PN-337126,00F15472,P20,,PROCESS,PN-27795,00F15471T-20180426154205,U5,2,M15,483,483,3.55,-0.94,127,GOOD,GOOD,116.6892,156.2635,94.83676,0,0.9055,4/26/2018 19:45
6365,1020,FP9,TOP,4009211043,4/26/2018 16:16,1524759300,TWB_SM3,TWB_PCBA_SM3_TOP_FP,TWB_PCBA_TOP_FP9,1020,TWB_SM3,TWB_PCBA_PASTE_INSPECTION_TOP,PN-337126,00F15471,00F15471,PN-337126,00F15472,P20,,PROCESS,PN-27795,00F15471T-20180426154205,U5,2,F4,483,483,14.94,-11.42,127,GOOD,GOOD,128.1235,160.195,101.5742,0,0.9055,4/26/2018 19:45
6422,1020,FP9,TOP,4009211043,4/26/2018 16:16,1524759300,TWB_SM3,TWB_PCBA_SM3_TOP_FP,TWB_PCBA_TOP_FP9,1020,TWB_SM3,TWB_PCBA_PASTE_INSPECTION_TOP,PN-337126,00F15471,00F15471,PN-337126,00F15472,P20,,PROCESS,PN-27795,00F15471T-20180426154205,U5,2,P14,483,483,7.78,2.56,127,GOOD,GOOD,118.0187,148.0498,101.2387,0,0.9055,4/26/2018 19:45
6426,1020,FP9,TOP,4009211043,4/26/2018 16:16,1524759300,TWB_SM3,TWB_PCBA_SM3_TOP_FP,TWB_PCBA_TOP_FP9,1020,TWB_SM3,TWB_PCBA_PASTE_INSPECTION_TOP,PN-337126,00F15471,00F15471,PN-337126,00F15472,P20,,PROCESS,PN-27795,00F15471T-20180426154205,U5,2,E4,483,483,12.55,-10.81,127,GOOD,GOOD,125.1793,154.1031,103.1632,0,0.9055,4/26/2018 19:45
6951,1020,FP9,TOP,4009211043,4/26/2018 16:16,1524759300,TWB_SM3,TWB_PCBA_SM3_TOP_FP,TWB_PCBA_TOP_FP9,1020,TWB_SM3,TWB_PCBA_PASTE_INSPECTION_TOP,PN-337126,00F15471,00F15471,PN-337126,00F15472,P20,,PROCESS,PN-27795,00F15471T-20180426154205,U5,2,A10,483,483,10.13,2.13,127,GOOD,GOOD,121.7116,156.3904,98.83836,0,0.9055,4/26/2018 19:45
6955,1020,FP9,TOP,4009211043,4/26/2018 16:16,1524759300,TWB_SM3,TWB_PCBA_SM3_TOP_FP,TWB_PCBA_TOP_FP9,1020,TWB_SM3,TWB_PCBA_PASTE_INSPECTION_TOP,PN-337126,00F15471,00F15471,PN-337126,00F15472,P20,,PROCESS,PN-27795,00F15471T-20180426154205,U5,2,G11,483,483,-1.19,-0.76,127,GOOD,GOOD,118.5553,143.3467,105.0358,0,0.9055,4/26/2018 19:45
6968,1020,FP9,TOP,4009211043,4/26/2018 16:16,1524759300,TWB_SM3,TWB_PCBA_SM3_TOP_FP,TWB_PCBA_TOP_FP9,1020,TWB_SM3,TWB_PCBA_PASTE_INSPECTION_TOP,PN-337126,00F15471,00F15471,PN-337126,00F15472,P20,,PROCESS,PN-27795,00F15471T-20180426154205,U5,2,J11,483,483,-0.55,-1.98,127,GOOD,GOOD,120.7624,151.826,101.0158,0,0.9055,4/26/2018 19:45
6969,1020,FP9,TOP,4009211043,4/26/2018 16:16,1524759300,TWB_SM3,TWB_PCBA_SM3_TOP_FP,TWB_PCBA_TOP_FP9,1020,TWB_SM3,TWB_PCBA_PASTE_INSPECTION_TOP,PN-337126,00F15471,00F15471,PN-337126,00F15472,P20,,PROCESS,PN-27795,00F15471T-20180426154205,U5,2,J4,483,483,22.11,-14.24,127,GOOD,GOOD,135.9993,165.2116,104.5442,0,0.9055,4/26/2018 19:45
6970,1020,FP9,TOP,4009211043,4/26/2018 16:16,1524759300,TWB_SM3,TWB_PCBA_SM3_TOP_FP,TWB_PCBA_TOP_FP9,1020,TWB_SM3,TWB_PCBA_PASTE_INSPECTION_TOP,PN-337126,00F15471,00F15471,PN-337126,00F15472,P20,,PROCESS,PN-27795,00F15471T-20180426154205,U5,2,R16,483,483,4.97,6.43,127,GOOD,GOOD,117.1805,146.6566,101.4747,0,0.9055,4/26/2018 19:45
7040,1020,FP9,TOP,4009211043,4/26/2018 16:16,1524759300,TWB_SM3,TWB_PCBA_SM3_TOP_FP,TWB_PCBA_TOP_FP9,1020,TWB_SM3,TWB_PCBA_PASTE_INSPECTION_TOP,PN-337126,00F15471,00F15471,PN-337126,00F15472,P20,,PROCESS,PN-27795,00F15471T-20180426154205,U5,2,M6,483,483,17.37,-12.56,127,GOOD,GOOD,124.7327,156.7326,101.0706,0,0.9055,4/26/2018 19:45
7055,1020,FP9,TOP,4009211043,4/26/2018 16:16,1524759300,TWB_SM3,TWB_PCBA_SM3_TOP_FP,TWB_PCBA_TOP_FP9,1020,TWB_SM3,TWB_PCBA_PASTE_INSPECTION_TOP,PN-337126,00F15471,00F15471,PN-337126,00F15472,P20,,PROCESS,PN-27795,00F15471T-20180426154205,U5,2,C9,483,483,8.75,-0.84,127,GOOD,GOOD,128.1323,158.5653,102.6252,0,0.9055,4/26/2018 19:45
7261,1020,FP9,TOP,4009211043,4/26/2018 16:16,1524759300,TWB_SM3,TWB_PCBA_SM3_TOP_FP,TWB_PCBA_TOP_FP9,1020,TWB_SM3,TWB_PCBA_PASTE_INSPECTION_TOP,PN-337126,00F15471,00F15471,PN-337126,00F15472,P20,,PROCESS,PN-27795,00F15471T-20180426154205,U5,2,D3,483,483,17.43,-12.95,127,GOOD,GOOD,127.2358,164.2018,98.40908,0,0.9055,4/26/2018 19:45
7386,1020,FP9,TOP,4009211043,4/26/2018 16:16,1524759300,TWB_SM3,TWB_PCBA_SM3_TOP_FP,TWB_PCBA_TOP_FP9,1020,TWB_SM3,TWB_PCBA_PASTE_INSPECTION_TOP,PN-337126,00F15471,00F15471,PN-337126,00F15472,P20,,PROCESS,PN-27795,00F15471T-20180426154205,U5,2,F2,483,483,17.05,5.08,127,GOOD,GOOD,122.3943,169.1679,91.8855,0,0.9055,4/26/2018 19:45
7388,1020,FP9,TOP,4009211043,4/26/2018 16:16,1524759300,TWB_SM3,TWB_PCBA_SM3_TOP_FP,TWB_PCBA_TOP_FP9,1020,TWB_SM3,TWB_PCBA_PASTE_INSPECTION_TOP,PN-337126,00F15471,00F15471,PN-337126,00F15472,P20,,PROCESS,PN-27795,00F15471T-20180426154205,U5,2,A15,483,483,2.82,-9.11,127,GOOD,GOOD,111.9536,149.489,95.11140999999999,0,0.9055,4/26/2018 19:45
7764,1020,FP9,TOP,4009211043,4/26/2018 16:16,1524759300,TWB_SM3,TWB_PCBA_SM3_TOP_FP,TWB_PCBA_TOP_FP9,1020,TWB_SM3,TWB_PCBA_PASTE_INSPECTION_TOP,PN-337126,00F15471,00F15471,PN-337126,00F15472,P20,,PROCESS,PN-27795,00F15471T-20180426154205,U5,2,E11,483,483,5.63,1.45,127,GOOD,GOOD,120.8912,152.6595,100.5714,0,0.9055,4/26/2018 19:45
7765,1020,FP9,TOP,4009211043,4/26/2018 16:16,1524759300,TWB_SM3,TWB_PCBA_SM3_TOP_FP,TWB_PCBA_TOP_FP9,1020,TWB_SM3,TWB_PCBA_PASTE_INSPECTION_TOP,PN-337126,00F15471,00F15471,PN-337126,00F15472,P20,,PROCESS,PN-27795,00F15471T-20180426154205,U5,2,M16,483,483,1.91,4.96,127,GOOD,GOOD,115.853,152.4122,96.53645,0,0.9055,4/26/2018 19:45
7867,1020,FP9,TOP,4009211043,4/26/2018 16:16,1524759300,TWB_SM3,TWB_PCBA_SM3_TOP_FP,TWB_PCBA_TOP_FP9,1020,TWB_SM3,TWB_PCBA_PASTE_INSPECTION_TOP,PN-337126,00F15471,00F15471,PN-337126,00F15472,P20,,PROCESS,PN-27795,00F15471T-20180426154205,U5,2,H13,483,483,-9.18,3.13,127,GOOD,GOOD,120.1824,148.211,102.9827,0,0.9055,4/26/2018 19:45
7951,1020,FP9,TOP,4009211043,4/26/2018 16:16,1524759300,TWB_SM3,TWB_PCBA_SM3_TOP_FP,TWB_PCBA_TOP_FP9,1020,TWB_SM3,TWB_PCBA_PASTE_INSPECTION_TOP,PN-337126,00F15471,00F15471,PN-337126,00F15472,P20,,PROCESS,PN-27795,00F15471T-20180426154205,U5,2,C2,483,483,18.16,6.9,127,GOOD,GOOD,132.9943,165.1208,102.2904,0,0.9055,4/26/2018 19:45
7972,1020,FP9,TOP,4009211043,4/26/2018 16:16,1524759300,TWB_SM3,TWB_PCBA_SM3_TOP_FP,TWB_PCBA_TOP_FP9,1020,TWB_SM3,TWB_PCBA_PASTE_INSPECTION_TOP,PN-337126,00F15471,00F15471,PN-337126,00F15472,P20,,PROCESS,PN-27795,00F15471T-20180426154205,U5,2,F15,483,483,-5.94,-12.15,127,GOOD,GOOD,114.0766,144.5955,100.1949,0,0.9055,4/26/2018 19:45
8358,1020,FP9,TOP,4009211043,4/26/2018 16:16,1524759300,TWB_SM3,TWB_PCBA_SM3_TOP_FP,TWB_PCBA_TOP_FP9,1020,TWB_SM3,TWB_PCBA_PASTE_INSPECTION_TOP,PN-337126,00F15471,00F15471,PN-337126,00F15472,P20,,PROCESS,PN-27795,00F15471T-20180426154205,U5,2,T9,483,483,12.1,-7.0,127,GOOD,GOOD,119.7766,150.7162,100.929,0,0.9055,4/26/2018 19:45
8568,1020,FP9,TOP,4009211043,4/26/2018 16:16,1524759300,TWB_SM3,TWB_PCBA_SM3_TOP_FP,TWB_PCBA_TOP_FP9,1020,TWB_SM3,TWB_PCBA_PASTE_INSPECTION_TOP,PN-337126,00F15471,00F15471,PN-337126,00F15472,P20,,PROCESS,PN-27795,00F15471T-20180426154205,U5,2,L1,483,483,16.38,0.29,127,GOOD,GOOD,128.5639,167.1962,97.65545,0,0.9055,4/26/2018 19:45
8995,1020,FP9,TOP,4009211043,4/26/2018 16:16,1524759300,TWB_SM3,TWB_PCBA_SM3_TOP_FP,TWB_PCBA_TOP_FP9,1020,TWB_SM3,TWB_PCBA_PASTE_INSPECTION_TOP,PN-337126,00F15471,00F15471,PN-337126,00F15472,P20,,PROCESS,PN-27795,00F15471T-20180426154205,U5,2,B10,483,483,9.21,0.52,127,GOOD,GOOD,120.17399999999999,149.7641,101.9076,0,0.9055,4/26/2018 19:45
8996,1020,FP9,TOP,4009211043,4/26/2018 16:16,1524759300,TWB_SM3,TWB_PCBA_SM3_TOP_FP,TWB_PCBA_TOP_FP9,1020,TWB_SM3,TWB_PCBA_PASTE_INSPECTION_TOP,PN-337126,00F15471,00F15471,PN-337126,00F15472,P20,,PROCESS,PN-27795,00F15471T-20180426154205,U5,2,J15,483,483,8.81,5.03,127,GOOD,GOOD,117.6316,158.6509,94.16404,0,0.9055,4/26/2018 19:45
8997,1020,FP9,TOP,4009211043,4/26/2018 16:16,1524759300,TWB_SM3,TWB_PCBA_SM3_TOP_FP,TWB_PCBA_TOP_FP9,1020,TWB_SM3,TWB_PCBA_PASTE_INSPECTION_TOP,PN-337126,00F15471,00F15471,PN-337126,00F15472,P20,,PROCESS,PN-27795,00F15471T-20180426154205,U5,2,J8,483,483,2.18,-7.23,127,GOOD,GOOD,124.0495,158.8882,99.15326999999999,0,0.9055,4/26/2018 19:45
9061,1020,FP9,TOP,4009211043,4/26/2018 16:16,1524759300,TWB_SM3,TWB_PCBA_SM3_TOP_FP,TWB_PCBA_TOP_FP9,1020,TWB_SM3,TWB_PCBA_PASTE_INSPECTION_TOP,PN-337126,00F15471,00F15471,PN-337126,00F15472,P20,,PROCESS,PN-27795,00F15471T-20180426154205,U5,2,A9,483,483,8.94,0.38,127,GOOD,GOOD,118.5848,147.0649,102.4056,0,0.9055,4/26/2018 19:45
9062,1020,FP9,TOP,4009211043,4/26/2018 16:16,1524759300,TWB_SM3,TWB_PCBA_SM3_TOP_FP,TWB_PCBA_TOP_FP9,1020,TWB_SM3,TWB_PCBA_PASTE_INSPECTION_TOP,PN-337126,00F15471,00F15471,PN-337126,00F15472,P20,,PROCESS,PN-27795,00F15471T-20180426154205,U5,2,L13,483,483,5.56,1.31,127,GOOD,GOOD,117.8643,157.3011,95.15994,0,0.9055,4/26/2018 19:45
9066,1020,FP9,TOP,4009211043,4/26/2018 16:16,1524759300,TWB_SM3,TWB_PCBA_SM3_TOP_FP,TWB_PCBA_TOP_FP9,1020,TWB_SM3,TWB_PCBA_PASTE_INSPECTION_TOP,PN-337126,00F15471,00F15471,PN-337126,00F15472,P20,,PROCESS,PN-27795,00F15471T-20180426154205,U5,2,C13,483,483,-0.42,6.17,127,GOOD,GOOD,117.8868,148.1023,101.0897,0,0.9055,4/26/2018 19:45
9088,1020,FP9,TOP,4009211043,4/26/2018 16:16,1524759300,TWB_SM3,TWB_PCBA_SM3_TOP_FP,TWB_PCBA_TOP_FP9,1020,TWB_SM3,TWB_PCBA_PASTE_INSPECTION_TOP,PN-337126,00F15471,00F15471,PN-337126,00F15472,P20,,PROCESS,PN-27795,00F15471T-20180426154205,U5,2,H3,483,483,23.68,3.13,127,GOOD,GOOD,135.0273,168.5215,101.7583,0,0.9055,4/26/2018 19:45
9153,1020,FP9,TOP,4009211043,4/26/2018 16:16,1524759300,TWB_SM3,TWB_PCBA_SM3_TOP_FP,TWB_PCBA_TOP_FP9,1020,TWB_SM3,TWB_PCBA_PASTE_INSPECTION_TOP,PN-337126,00F15471,00F15471,PN-337126,00F15472,P20,,PROCESS,PN-27795,00F15471T-20180426154205,U5,2,G9,483,483,7.54,-4.27,127,GOOD,GOOD,125.9457,154.7306,103.3739,0,0.9055,4/26/2018 19:45
9371,1020,FP9,TOP,4009211043,4/26/2018 16:16,1524759300,TWB_SM3,TWB_PCBA_SM3_TOP_FP,TWB_PCBA_TOP_FP9,1020,TWB_SM3,TWB_PCBA_PASTE_INSPECTION_TOP,PN-337126,00F15471,00F15471,PN-337126,00F15472,P20,,PROCESS,PN-27795,00F15471T-20180426154205,U5,2,T6,483,483,23.7,7.89,127,GOOD,GOOD,129.1089,151.8407,107.9871,0,0.9055,4/26/2018 19:45
9665,1020,FP9,TOP,4009211043,4/26/2018 16:16,1524759300,TWB_SM3,TWB_PCBA_SM3_TOP_FP,TWB_PCBA_TOP_FP9,1020,TWB_SM3,TWB_PCBA_PASTE_INSPECTION_TOP,PN-337126,00F15471,00F15471,PN-337126,00F15472,P20,,PROCESS,PN-27795,00F15471T-20180426154205,U5,2,R3,483,483,20.3,4.29,127,GOOD,GOOD,132.8531,171.5754,98.33784,0,0.9055,4/26/2018 19:45
9713,1020,FP9,TOP,4009211043,4/26/2018 16:16,1524759300,TWB_SM3,TWB_PCBA_SM3_TOP_FP,TWB_PCBA_TOP_FP9,1020,TWB_SM3,TWB_PCBA_PASTE_INSPECTION_TOP,PN-337126,00F15471,00F15471,PN-337126,00F15472,P20,,PROCESS,PN-27795,00F15471T-20180426154205,U5,2,M7,483,483,15.91,-10.81,127,GOOD,GOOD,121.7158,157.4327,98.18745,0,0.9055,4/26/2018 19:45
9757,1020,FP9,TOP,4009211043,4/26/2018 16:16,1524759300,TWB_SM3,TWB_PCBA_SM3_TOP_FP,TWB_PCBA_TOP_FP9,1020,TWB_SM3,TWB_PCBA_PASTE_INSPECTION_TOP,PN-337126,00F15471,00F15471,PN-337126,00F15472,P20,,PROCESS,PN-27795,00F15471T-20180426154205,U5,2,B2,483,483,21.57,-13.49,127,GOOD,GOOD,117.4145,151.8928,98.17211999999999,0,0.9055,4/26/2018 19:45
9937,1020,FP9,TOP,4009211043,4/26/2018 16:16,1524759300,TWB_SM3,TWB_PCBA_SM3_TOP_FP,TWB_PCBA_TOP_FP9,1020,TWB_SM3,TWB_PCBA_PASTE_INSPECTION_TOP,PN-337126,00F15471,00F15471,PN-337126,00F15472,P20,,PROCESS,PN-27795,00F15471T-20180426154205,U5,2,L4,483,483,16.12,1.4,127,GOOD,GOOD,132.2301,164.011,102.3908,0,0.9055,4/26/2018 19:45
9964,1020,FP9,TOP,4009211043,4/26/2018 16:16,1524759300,TWB_SM3,TWB_PCBA_SM3_TOP_FP,TWB_PCBA_TOP_FP9,1020,TWB_SM3,TWB_PCBA_PASTE_INSPECTION_TOP,PN-337126,00F15471,00F15471,PN-337126,00F15472,P20,,PROCESS,PN-27795,00F15471T-20180426154205,U5,2,F5,483,483,15.32,-9.66,127,GOOD,GOOD,128.4921,159.2127,102.4949,0,0.9055,4/26/2018 19:45
10002,1020,FP9,TOP,4009211043,4/26/2018 16:16,1524759300,TWB_SM3,TWB_PCBA_SM3_TOP_FP,TWB_PCBA_TOP_FP9,1020,TWB_SM3,TWB_PCBA_PASTE_INSPECTION_TOP,PN-337126,00F15471,00F15471,PN-337126,00F15472,P20,,PROCESS,PN-27795,00F15471T-20180426154205,U5,2,C5,483,483,13.13,-7.84,127,GOOD,GOOD,124.7296,158.5658,99.89955,0,0.9055,4/26/2018 19:45
10015,1020,FP9,TOP,4009211043,4/26/2018 16:16,1524759300,TWB_SM3,TWB_PCBA_SM3_TOP_FP,TWB_PCBA_TOP_FP9,1020,TWB_SM3,TWB_PCBA_PASTE_INSPECTION_TOP,PN-337126,00F15471,00F15471,PN-337126,00F15472,P20,,PROCESS,PN-27795,00F15471T-20180426154205,U5,2,G7,483,483,3.84,-7.77,127,GOOD,GOOD,127.5099,157.1042,103.0766,0,0.9055,4/26/2018 19:45
10056,1020,FP9,TOP,4009211043,4/26/2018 16:16,1524759300,TWB_SM3,TWB_PCBA_SM3_TOP_FP,TWB_PCBA_TOP_FP9,1020,TWB_SM3,TWB_PCBA_PASTE_INSPECTION_TOP,PN-337126,00F15471,00F15471,PN-337126,00F15472,P20,,PROCESS,PN-27795,00F15471T-20180426154205,U5,2,D10,483,483,9.02,-0.69,127,GOOD,GOOD,125.7389,151.8152,105.1861,0,0.9055,4/26/2018 19:45
10057,1020,FP9,TOP,4009211043,4/26/2018 16:16,1524759300,TWB_SM3,TWB_PCBA_SM3_TOP_FP,TWB_PCBA_TOP_FP9,1020,TWB_SM3,TWB_PCBA_PASTE_INSPECTION_TOP,PN-337126,00F15471,00F15471,PN-337126,00F15472,P20,,PROCESS,PN-27795,00F15471T-20180426154205,U5,2,L15,483,483,5.3,1.5,127,GOOD,GOOD,122.0367,150.2703,103.1385,0,0.9055,4/26/2018 19:45
10072,1020,FP9,TOP,4009211043,4/26/2018 16:16,1524759300,TWB_SM3,TWB_PCBA_SM3_TOP_FP,TWB_PCBA_TOP_FP9,1020,TWB_SM3,TWB_PCBA_PASTE_INSPECTION_TOP,PN-337126,00F15471,00F15471,PN-337126,00F15472,P20,,PROCESS,PN-27795,00F15471T-20180426154205,U5,2,N14,483,483,9.48,6.56,127,GOOD,GOOD,121.3694,153.8018,100.2193,0,0.9055,4/26/2018 19:45
10183,1020,FP9,TOP,4009211043,4/26/2018 16:16,1524759300,TWB_SM3,TWB_PCBA_SM3_TOP_FP,TWB_PCBA_TOP_FP9,1020,TWB_SM3,TWB_PCBA_PASTE_INSPECTION_TOP,PN-337126,00F15471,00F15471,PN-337126,00F15472,P20,,PROCESS,PN-27795,00F15471T-20180426154205,U5,2,E13,483,483,-3.93,4.96,127,GOOD,GOOD,115.7043,149.161,98.51398,0,0.9055,4/26/2018 19:45
10189,1020,FP9,TOP,4009211043,4/26/2018 16:16,1524759300,TWB_SM3,TWB_PCBA_SM3_TOP_FP,TWB_PCBA_TOP_FP9,1020,TWB_SM3,TWB_PCBA_PASTE_INSPECTION_TOP,PN-337126,00F15471,00F15471,PN-337126,00F15472,P20,,PROCESS,PN-27795,00F15471T-20180426154205,U5,2,A8,483,483,12.06,-1.37,127,GOOD,GOOD,119.603,148.9818,101.956,0,0.9055,4/26/2018 19:45
10190,1020,FP9,TOP,4009211043,4/26/2018 16:16,1524759300,TWB_SM3,TWB_PCBA_SM3_TOP_FP,TWB_PCBA_TOP_FP9,1020,TWB_SM3,TWB_PCBA_PASTE_INSPECTION_TOP,PN-337126,00F15471,00F15471,PN-337126,00F15472,P20,,PROCESS,PN-27795,00F15471T-20180426154205,U5,2,L12,483,483,6.2,-7.9,127,GOOD,GOOD,119.0319,144.7732,104.4189,0,0.9055,4/26/2018 19:45
10373,1020,FP9,TOP,4009211043,4/26/2018 16:16,1524759300,TWB_SM3,TWB_PCBA_SM3_TOP_FP,TWB_PCBA_TOP_FP9,1020,TWB_SM3,TWB_PCBA_PASTE_INSPECTION_TOP,PN-337126,00F15471,00F15471,PN-337126,00F15472,P20,,PROCESS,PN-27795,00F15471T-20180426154205,U5,2,C12,483,483,0.21,4.42,127,GOOD,GOOD,122.4656,159.1884,97.70269,0,0.9055,4/26/2018 19:45
10907,1020,FP9,TOP,4009211043,4/26/2018 16:16,1524759300,TWB_SM3,TWB_PCBA_SM3_TOP_FP,TWB_PCBA_TOP_FP9,1020,TWB_SM3,TWB_PCBA_PASTE_INSPECTION_TOP,PN-337126,00F15471,00F15471,PN-337126,00F15472,P20,,PROCESS,PN-27795,00F15471T-20180426154205,U5,2,P6,483,483,12.07,8.94,127,GOOD,GOOD,128.2144,156.4425,104.0844,0,0.9055,4/26/2018 19:45
11440,1020,FP9,TOP,4009211043,4/26/2018 16:16,1524759300,TWB_SM3,TWB_PCBA_SM3_TOP_FP,TWB_PCBA_TOP_FP9,1020,TWB_SM3,TWB_PCBA_PASTE_INSPECTION_TOP,PN-337126,00F15471,00F15471,PN-337126,00F15472,P20,,PROCESS,PN-27795,00F15471T-20180426154205,U5,2,L6,483,483,19.12,-10.95,127,GOOD,GOOD,124.7754,158.3534,100.0703,0,0.9055,4/26/2018 19:45
11526,1020,FP9,TOP,4009211043,4/26/2018 16:16,1524759300,TWB_SM3,TWB_PCBA_SM3_TOP_FP,TWB_PCBA_TOP_FP9,1020,TWB_SM3,TWB_PCBA_PASTE_INSPECTION_TOP,PN-337126,00F15471,00F15471,PN-337126,00F15472,P20,,PROCESS,PN-27795,00F15471T-20180426154205,U5,2,A12,483,483,10.34,5.63,127,GOOD,GOOD,122.2717,151.3572,102.5951,0,0.9055,4/26/2018 19:45
11932,1020,FP9,TOP,4009211043,4/26/2018 16:16,1524759300,TWB_SM3,TWB_PCBA_SM3_TOP_FP,TWB_PCBA_TOP_FP9,1020,TWB_SM3,TWB_PCBA_PASTE_INSPECTION_TOP,PN-337126,00F15471,00F15471,PN-337126,00F15472,P20,,PROCESS,PN-27795,00F15471T-20180426154205,U5,2,P3,483,483,17.86,4.66,127,GOOD,GOOD,131.5035,160.4736,104.0728,0,0.9055,4/26/2018 19:45
11999,1020,FP9,TOP,4009211043,4/26/2018 16:16,1524759300,TWB_SM3,TWB_PCBA_SM3_TOP_FP,TWB_PCBA_TOP_FP9,1020,TWB_SM3,TWB_PCBA_PASTE_INSPECTION_TOP,PN-337126,00F15471,00F15471,PN-337126,00F15472,P20,,PROCESS,PN-27795,00F15471T-20180426154205,U5,2,L2,483,483,13.26,2.04,127,GOOD,GOOD,127.0509,157.3092,102.5716,0,0.9055,4/26/2018 19:45
12003,1020,FP9,TOP,4009211043,4/26/2018 16:16,1524759300,TWB_SM3,TWB_PCBA_SM3_TOP_FP,TWB_PCBA_TOP_FP9,1020,TWB_SM3,TWB_PCBA_PASTE_INSPECTION_TOP,PN-337126,00F15471,00F15471,PN-337126,00F15472,P20,,PROCESS,PN-27795,00F15471T-20180426154205,U5,2,N10,483,483,6.78,3.89,127,GOOD,GOOD,118.0833,149.0816,100.5931,0,0.9055,4/26/2018 19:45
12053,1020,FP9,TOP,4009211043,4/26/2018 16:16,1524759300,TWB_SM3,TWB_PCBA_SM3_TOP_FP,TWB_PCBA_TOP_FP9,1020,TWB_SM3,TWB_PCBA_PASTE_INSPECTION_TOP,PN-337126,00F15471,00F15471,PN-337126,00F15472,P20,,PROCESS,PN-27795,00F15471T-20180426154205,U5,2,B8,483,483,11.13,-2.98,127,GOOD,GOOD,126.574,156.4062,102.7766,0,0.9055,4/26/2018 19:45
12530,1020,FP9,TOP,4009211043,4/26/2018 16:16,1524759300,TWB_SM3,TWB_PCBA_SM3_TOP_FP,TWB_PCBA_TOP_FP9,1020,TWB_SM3,TWB_PCBA_PASTE_INSPECTION_TOP,PN-337126,00F15471,00F15471,PN-337126,00F15472,P20,,PROCESS,PN-27795,00F15471T-20180426154205,U5,2,B5,483,483,17.36,-8.24,127,GOOD,GOOD,124.5846,159.1961,99.38842,0,0.9055,4/26/2018 19:45
12555,1020,FP9,TOP,4009211043,4/26/2018 16:16,1524759300,TWB_SM3,TWB_PCBA_SM3_TOP_FP,TWB_PCBA_TOP_FP9,1020,TWB_SM3,TWB_PCBA_PASTE_INSPECTION_TOP,PN-337126,00F15471,00F15471,PN-337126,00F15472,P20,,PROCESS,PN-27795,00F15471T-20180426154205,U5,2,C10,483,483,6.63,0.92,127,GOOD,GOOD,123.5661,155.5447,100.89,0,0.9055,4/26/2018 19:45
12556,1020,FP9,TOP,4009211043,4/26/2018 16:16,1524759300,TWB_SM3,TWB_PCBA_SM3_TOP_FP,TWB_PCBA_TOP_FP9,1020,TWB_SM3,TWB_PCBA_PASTE_INSPECTION_TOP,PN-337126,00F15471,00F15471,PN-337126,00F15472,P20,,PROCESS,PN-27795,00F15471T-20180426154205,U5,2,K15,483,483,7.05,1.28,127,GOOD,GOOD,116.3956,145.0796,101.8905,0,0.9055,4/26/2018 19:45
12676,1020,FP9,TOP,4009211043,4/26/2018 16:16,1524759300,TWB_SM3,TWB_PCBA_SM3_TOP_FP,TWB_PCBA_TOP_FP9,1020,TWB_SM3,TWB_PCBA_PASTE_INSPECTION_TOP,PN-337126,00F15471,00F15471,PN-337126,00F15472,P20,,PROCESS,PN-27795,00F15471T-20180426154205,U5,2,A11,483,483,4.35,3.88,127,GOOD,GOOD,118.295,150.3793,99.90375999999999,0,0.9055,4/26/2018 19:45
12816,1020,FP9,TOP,4009211043,4/26/2018 16:16,1524759300,TWB_SM3,TWB_PCBA_SM3_TOP_FP,TWB_PCBA_TOP_FP9,1020,TWB_SM3,TWB_PCBA_PASTE_INSPECTION_TOP,PN-337126,00F15471,00F15471,PN-337126,00F15472,P20,,PROCESS,PN-27795,00F15471T-20180426154205,U5,2,P7,483,483,5.72,10.64,127,GOOD,GOOD,126.6018,152.0939,105.7138,0,0.9055,4/26/2018 19:45
12925,1020,FP9,TOP,4009211043,4/26/2018 16:16,1524759300,TWB_SM3,TWB_PCBA_SM3_TOP_FP,TWB_PCBA_TOP_FP9,1020,TWB_SM3,TWB_PCBA_PASTE_INSPECTION_TOP,PN-337126,00F15471,00F15471,PN-337126,00F15472,P20,,PROCESS,PN-27795,00F15471T-20180426154205,U5,2,P10,483,483,15.14,-4.25,127,GOOD,GOOD,120.1429,156.0613,97.77023,0,0.9055,4/26/2018 19:45
12990,1020,FP9,TOP,4009211043,4/26/2018 16:16,1524759300,TWB_SM3,TWB_PCBA_SM3_TOP_FP,TWB_PCBA_TOP_FP9,1020,TWB_SM3,TWB_PCBA_PASTE_INSPECTION_TOP,PN-337126,00F15471,00F15471,PN-337126,00F15472,P20,,PROCESS,PN-27795,00F15471T-20180426154205,U5,2,K1,483,483,16.48,-1.59,127,GOOD,GOOD,132.6691,164.0961,102.6775,0,0.9055,4/26/2018 19:45
13013,1020,FP9,TOP,4009211043,4/26/2018 16:16,1524759300,TWB_SM3,TWB_PCBA_SM3_TOP_FP,TWB_PCBA_TOP_FP9,1020,TWB_SM3,TWB_PCBA_PASTE_INSPECTION_TOP,PN-337126,00F15471,00F15471,PN-337126,00F15472,P20,,PROCESS,PN-27795,00F15471T-20180426154205,U5,2,F16,483,483,-7.59,-10.4,127,GOOD,GOOD,109.3621,146.2137,94.99098000000001,0,0.9055,4/26/2018 19:45
13075,1020,FP9,TOP,4009211043,4/26/2018 16:16,1524759300,TWB_SM3,TWB_PCBA_SM3_TOP_FP,TWB_PCBA_TOP_FP9,1020,TWB_SM3,TWB_PCBA_PASTE_INSPECTION_TOP,PN-337126,00F15471,00F15471,PN-337126,00F15472,P20,,PROCESS,PN-27795,00F15471T-20180426154205,U5,2,G6,483,483,14.41,-9.52,127,GOOD,GOOD,125.7946,154.0409,103.7122,0,0.9055,4/26/2018 19:45
13148,1020,FP9,TOP,4009211043,4/26/2018 16:16,1524759300,TWB_SM3,TWB_PCBA_SM3_TOP_FP,TWB_PCBA_TOP_FP9,1020,TWB_SM3,TWB_PCBA_PASTE_INSPECTION_TOP,PN-337126,00F15471,00F15471,PN-337126,00F15472,P20,,PROCESS,PN-27795,00F15471T-20180426154205,U5,2,B15,483,483,1.07,-10.72,127,GOOD,GOOD,123.3302,160.7216,97.45381,0,0.9055,4/26/2018 19:45
13289,1020,FP9,TOP,4009211043,4/26/2018 16:16,1524759300,TWB_SM3,TWB_PCBA_SM3_TOP_FP,TWB_PCBA_TOP_FP9,1020,TWB_SM3,TWB_PCBA_PASTE_INSPECTION_TOP,PN-337126,00F15471,00F15471,PN-337126,00F15472,P20,,PROCESS,PN-27795,00F15471T-20180426154205,U5,2,H5,483,483,15.13,-10.88,127,GOOD,GOOD,130.874,169.5898,98.00703,0,0.9055,4/26/2018 19:45
13436,1020,FP9,TOP,4009211043,4/26/2018 16:16,1524759300,TWB_SM3,TWB_PCBA_SM3_TOP_FP,TWB_PCBA_TOP_FP9,1020,TWB_SM3,TWB_PCBA_PASTE_INSPECTION_TOP,PN-337126,00F15471,00F15471,PN-337126,00F15472,P20,,PROCESS,PN-27795,00F15471T-20180426154205,U5,2,H14,483,483,-3.19,4.89,127,GOOD,GOOD,123.1523,160.2178,97.61925,0,0.9055,4/26/2018 19:45
13442,1020,FP9,TOP,4009211043,4/26/2018 16:16,1524759300,TWB_SM3,TWB_PCBA_SM3_TOP_FP,TWB_PCBA_TOP_FP9,1020,TWB_SM3,TWB_PCBA_PASTE_INSPECTION_TOP,PN-337126,00F15471,00F15471,PN-337126,00F15472,P20,,PROCESS,PN-27795,00F15471T-20180426154205,U5,2,G3,483,483,17.97,0.25,127,GOOD,GOOD,133.6382,159.2551,106.5714,0,0.9055,4/26/2018 19:45
13637,1020,FP9,TOP,4009211043,4/26/2018 16:16,1524759300,TWB_SM3,TWB_PCBA_SM3_TOP_FP,TWB_PCBA_TOP_FP9,1020,TWB_SM3,TWB_PCBA_PASTE_INSPECTION_TOP,PN-337126,00F15471,00F15471,PN-337126,00F15472,P20,,PROCESS,PN-27795,00F15471T-20180426154205,U5,2,A4,483,483,15.42,-8.38,127,GOOD,GOOD,123.4737,159.0964,98.56385,0,0.9055,4/26/2018 19:45
13638,1020,FP9,TOP,4009211043,4/26/2018 16:16,1524759300,TWB_SM3,TWB_PCBA_SM3_TOP_FP,TWB_PCBA_TOP_FP9,1020,TWB_SM3,TWB_PCBA_PASTE_INSPECTION_TOP,PN-337126,00F15471,00F15471,PN-337126,00F15472,P20,,PROCESS,PN-27795,00F15471T-20180426154205,U5,2,T13,483,483,4.93,-0.19,127,GOOD,GOOD,114.8542,143.6612,101.5339,0,0.9055,4/26/2018 19:45
13654,1020,FP9,TOP,4009211043,4/26/2018 16:16,1524759300,TWB_SM3,TWB_PCBA_SM3_TOP_FP,TWB_PCBA_TOP_FP9,1020,TWB_SM3,TWB_PCBA_PASTE_INSPECTION_TOP,PN-337126,00F15471,00F15471,PN-337126,00F15472,P20,,PROCESS,PN-27795,00F15471T-20180426154205,U5,2,N5,483,483,21.95,8.75,127,GOOD,GOOD,133.9102,165.9129,102.5031,0,0.9055,4/26/2018 19:45
13759,1020,FP9,TOP,4009211043,4/26/2018 16:16,1524759300,TWB_SM3,TWB_PCBA_SM3_TOP_FP,TWB_PCBA_TOP_FP9,1020,TWB_SM3,TWB_PCBA_PASTE_INSPECTION_TOP,PN-337126,00F15471,00F15471,PN-337126,00F15472,P20,,PROCESS,PN-27795,00F15471T-20180426154205,U5,2,B7,483,483,13.42,-4.73,127,GOOD,GOOD,125.568,157.7401,101.0976,0,0.9055,4/26/2018 19:45
13766,1020,FP9,TOP,4009211043,4/26/2018 16:16,1524759300,TWB_SM3,TWB_PCBA_SM3_TOP_FP,TWB_PCBA_TOP_FP9,1020,TWB_SM3,TWB_PCBA_PASTE_INSPECTION_TOP,PN-337126,00F15471,00F15471,PN-337126,00F15472,P20,,PROCESS,PN-27795,00F15471T-20180426154205,U5,2,N1,483,483,29.78,4.42,127,GOOD,GOOD,130.6333,167.0782,99.2974,0,0.9055,4/26/2018 19:45
14006,1020,FP9,TOP,4009211043,4/26/2018 16:16,1524759300,TWB_SM3,TWB_PCBA_SM3_TOP_FP,TWB_PCBA_TOP_FP9,1020,TWB_SM3,TWB_PCBA_PASTE_INSPECTION_TOP,PN-337126,00F15471,00F15471,PN-337126,00F15472,P20,,PROCESS,PN-27795,00F15471T-20180426154205,U5,2,K8,483,483,10.37,-6.84,127,GOOD,GOOD,125.05799999999999,158.3562,100.2952,0,0.9055,4/26/2018 19:45
14127,1020,FP9,TOP,4009211043,4/26/2018 16:16,1524759300,TWB_SM3,TWB_PCBA_SM3_TOP_FP,TWB_PCBA_TOP_FP9,1020,TWB_SM3,TWB_PCBA_PASTE_INSPECTION_TOP,PN-337126,00F15471,00F15471,PN-337126,00F15472,P20,,PROCESS,PN-27795,00F15471T-20180426154205,U5,2,E14,483,483,-1.25,2.57,127,GOOD,GOOD,125.7149,148.4664,107.538,0,0.9055,4/26/2018 19:45
14134,1020,FP9,TOP,4009211043,4/26/2018 16:16,1524759300,TWB_SM3,TWB_PCBA_SM3_TOP_FP,TWB_PCBA_TOP_FP9,1020,TWB_SM3,TWB_PCBA_PASTE_INSPECTION_TOP,PN-337126,00F15471,00F15471,PN-337126,00F15472,P20,,PROCESS,PN-27795,00F15471T-20180426154205,U5,2,F13,483,483,-2.36,4.35,127,GOOD,GOOD,122.5612,148.9128,104.5261,0,0.9055,4/26/2018 19:45
14140,1020,FP9,TOP,4009211043,4/26/2018 16:16,1524759300,TWB_SM3,TWB_PCBA_SM3_TOP_FP,TWB_PCBA_TOP_FP9,1020,TWB_SM3,TWB_PCBA_PASTE_INSPECTION_TOP,PN-337126,00F15471,00F15471,PN-337126,00F15472,P20,,PROCESS,PN-27795,00F15471T-20180426154205,U5,2,T4,483,483,18.99,4.49,127,GOOD,GOOD,131.1443,161.3513,103.22399999999999,0,0.9055,4/26/2018 19:45
15027,1020,FP9,TOP,4009211043,4/26/2018 16:16,1524759300,TWB_SM3,TWB_PCBA_SM3_TOP_FP,TWB_PCBA_TOP_FP9,1020,TWB_SM3,TWB_PCBA_PASTE_INSPECTION_TOP,PN-337126,00F15471,00F15471,PN-337126,00F15472,P20,,PROCESS,PN-27795,00F15471T-20180426154205,U5,2,P8,483,483,1.85,-4.34,127,GOOD,GOOD,122.1554,150.7246,102.9277,0,0.9055,4/26/2018 19:45
15034,1020,FP9,TOP,4009211043,4/26/2018 16:16,1524759300,TWB_SM3,TWB_PCBA_SM3_TOP_FP,TWB_PCBA_TOP_FP9,1020,TWB_SM3,TWB_PCBA_PASTE_INSPECTION_TOP,PN-337126,00F15471,00F15471,PN-337126,00F15472,P20,,PROCESS,PN-27795,00F15471T-20180426154205,U5,2,H15,483,483,-1.99,-13.36,127,GOOD,GOOD,117.9011,150.615,99.41535,0,0.9055,4/26/2018 19:45
15177,1020,FP9,TOP,4009211043,4/26/2018 16:16,1524759300,TWB_SM3,TWB_PCBA_SM3_TOP_FP,TWB_PCBA_TOP_FP9,1020,TWB_SM3,TWB_PCBA_PASTE_INSPECTION_TOP,PN-337126,00F15471,00F15471,PN-337126,00F15472,P20,,PROCESS,PN-27795,00F15471T-20180426154205,U5,2,R11,483,483,7.73,-2.09,127,GOOD,GOOD,119.1051,147.8571,102.3038,0,0.9055,4/26/2018 19:45
15622,1020,FP9,TOP,4009211043,4/26/2018 16:16,1524759300,TWB_SM3,TWB_PCBA_SM3_TOP_FP,TWB_PCBA_TOP_FP9,1020,TWB_SM3,TWB_PCBA_PASTE_INSPECTION_TOP,PN-337126,00F15471,00F15471,PN-337126,00F15472,P20,,PROCESS,PN-27795,00F15471T-20180426154205,U5,2,L14,483,483,4.93,-4.4,127,GOOD,GOOD,125.8498,154.5961,103.385,0,0.9055,4/26/2018 19:45
15752,1020,FP9,TOP,4009211043,4/26/2018 16:16,1524759300,TWB_SM3,TWB_PCBA_SM3_TOP_FP,TWB_PCBA_TOP_FP9,1020,TWB_SM3,TWB_PCBA_PASTE_INSPECTION_TOP,PN-337126,00F15471,00F15471,PN-337126,00F15472,P20,,PROCESS,PN-27795,00F15471T-20180426154205,U5,2,H16,483,483,8.91,-11.61,127,GOOD,GOOD,112.3516,142.0018,100.4823,0,0.9055,4/26/2018 19:45
15892,1020,FP9,TOP,4009211043,4/26/2018 16:16,1524759300,TWB_SM3,TWB_PCBA_SM3_TOP_FP,TWB_PCBA_TOP_FP9,1020,TWB_SM3,TWB_PCBA_PASTE_INSPECTION_TOP,PN-337126,00F15471,00F15471,PN-337126,00F15472,P20,,PROCESS,PN-27795,00F15471T-20180426154205,U5,2,H8,483,483,2.28,-5.63,127,GOOD,GOOD,119.0018,152.17700000000002,99.31345999999999,0,0.9055,4/26/2018 19:45
15980,1020,FP9,TOP,4009211043,4/26/2018 16:16,1524759300,TWB_SM3,TWB_PCBA_SM3_TOP_FP,TWB_PCBA_TOP_FP9,1020,TWB_SM3,TWB_PCBA_PASTE_INSPECTION_TOP,PN-337126,00F15471,00F15471,PN-337126,00F15472,P20,,PROCESS,PN-27795,00F15471T-20180426154205,U5,2,P12,483,483,8.88,-0.85,127,GOOD,GOOD,124.7748,152.0317,104.2309,0,0.9055,4/26/2018 19:45
17165,1020,FP9,TOP,4009211043,4/26/2018 16:16,1524759300,TWB_SM3,TWB_PCBA_SM3_TOP_FP,TWB_PCBA_TOP_FP9,1020,TWB_SM3,TWB_PCBA_PASTE_INSPECTION_TOP,PN-337126,00F15471,00F15471,PN-337126,00F15472,P20,,PROCESS,PN-27795,00F15471T-20180426154205,U5,2,R12,483,483,11.32,-0.38,127,GOOD,GOOD,124.836,162.9379,97.30196,0,0.9055,4/26/2018 19:45
17575,1020,FP9,TOP,4009211043,4/26/2018 16:16,1524759300,TWB_SM3,TWB_PCBA_SM3_TOP_FP,TWB_PCBA_TOP_FP9,1020,TWB_SM3,TWB_PCBA_PASTE_INSPECTION_TOP,PN-337126,00F15471,00F15471,PN-337126,00F15472,P20,,PROCESS,PN-27795,00F15471T-20180426154205,U5,2,K3,483,483,11.89,-3.05,127,GOOD,GOOD,137.7037,169.9914,102.87799999999999,0,0.9055,4/26/2018 19:45
17613,1020,FP9,TOP,4009211043,4/26/2018 16:16,1524759300,TWB_SM3,TWB_PCBA_SM3_TOP_FP,TWB_PCBA_TOP_FP9,1020,TWB_SM3,TWB_PCBA_PASTE_INSPECTION_TOP,PN-337126,00F15471,00F15471,PN-337126,00F15472,P20,,PROCESS,PN-27795,00F15471T-20180426154205,U5,2,F8,483,483,6.61,-4.41,127,GOOD,GOOD,122.9155,157.3687,99.19548,0,0.9055,4/26/2018 19:45
17781,1020,FP9,TOP,4009211043,4/26/2018 16:16,1524759300,TWB_SM3,TWB_PCBA_SM3_TOP_FP,TWB_PCBA_TOP_FP9,1020,TWB_SM3,TWB_PCBA_PASTE_INSPECTION_TOP,PN-337126,00F15471,00F15471,PN-337126,00F15472,P20,,PROCESS,PN-27795,00F15471T-20180426154205,U5,2,J14,483,483,8.44,3.28,127,GOOD,GOOD,125.1856,153.30100000000002,103.7082,0,0.9055,4/26/2018 19:45
17782,1020,FP9,TOP,4009211043,4/26/2018 16:16,1524759300,TWB_SM3,TWB_PCBA_SM3_TOP_FP,TWB_PCBA_TOP_FP9,1020,TWB_SM3,TWB_PCBA_PASTE_INSPECTION_TOP,PN-337126,00F15471,00F15471,PN-337126,00F15472,P20,,PROCESS,PN-27795,00F15471T-20180426154205,U5,2,J7,483,483,3.65,-8.98,127,GOOD,GOOD,124.8045,157.6612,100.5331,0,0.9055,4/26/2018 19:45
17798,1020,FP9,TOP,4009211043,4/26/2018 16:16,1524759300,TWB_SM3,TWB_PCBA_SM3_TOP_FP,TWB_PCBA_TOP_FP9,1020,TWB_SM3,TWB_PCBA_PASTE_INSPECTION_TOP,PN-337126,00F15471,00F15471,PN-337126,00F15472,P20,,PROCESS,PN-27795,00F15471T-20180426154205,U5,2,H11,483,483,-0.46,-0.37,127,GOOD,GOOD,120.8798,148.4429,103.4185,0,0.9055,4/26/2018 19:45
17799,1020,FP9,TOP,4009211043,4/26/2018 16:16,1524759300,TWB_SM3,TWB_PCBA_SM3_TOP_FP,TWB_PCBA_TOP_FP9,1020,TWB_SM3,TWB_PCBA_PASTE_INSPECTION_TOP,PN-337126,00F15471,00F15471,PN-337126,00F15472,P20,,PROCESS,PN-27795,00F15471T-20180426154205,U5,2,P16,483,483,6.68,5.96,127,GOOD,GOOD,113.844,146.3417,98.79749,0,0.9055,4/26/2018 19:45
17803,1020,FP9,TOP,4009211043,4/26/2018 16:16,1524759300,TWB_SM3,TWB_PCBA_SM3_TOP_FP,TWB_PCBA_TOP_FP9,1020,TWB_SM3,TWB_PCBA_PASTE_INSPECTION_TOP,PN-337126,00F15471,00F15471,PN-337126,00F15472,P20,,PROCESS,PN-27795,00F15471T-20180426154205,U5,2,N12,483,483,-1.96,5.64,127,GOOD,GOOD,121.4327,148.1577,104.0914,0,0.9055,4/26/2018 19:45
17849,1020,FP9,TOP,4009211043,4/26/2018 16:16,1524759300,TWB_SM3,TWB_PCBA_SM3_TOP_FP,TWB_PCBA_TOP_FP9,1020,TWB_SM3,TWB_PCBA_PASTE_INSPECTION_TOP,PN-337126,00F15471,00F15471,PN-337126,00F15472,P20,,PROCESS,PN-27795,00F15471T-20180426154205,U5,2,A2,483,483,19.18,-11.88,127,GOOD,GOOD,116.4542,155.4268,95.15529000000001,0,0.9055,4/26/2018 19:45
17850,1020,FP9,TOP,4009211043,4/26/2018 16:16,1524759300,TWB_SM3,TWB_PCBA_SM3_TOP_FP,TWB_PCBA_TOP_FP9,1020,TWB_SM3,TWB_PCBA_PASTE_INSPECTION_TOP,PN-337126,00F15471,00F15471,PN-337126,00F15472,P20,,PROCESS,PN-27795,00F15471T-20180426154205,U5,2,T11,483,483,11.83,-3.6,127,GOOD,GOOD,121.0443,143.5164,107.11399999999999,0,0.9055,4/26/2018 19:45
17942,1020,FP9,TOP,4009211043,4/26/2018 16:16,1524759300,TWB_SM3,TWB_PCBA_SM3_TOP_FP,TWB_PCBA_TOP_FP9,1020,TWB_SM3,TWB_PCBA_PASTE_INSPECTION_TOP,PN-337126,00F15471,00F15471,PN-337126,00F15472,P20,,PROCESS,PN-27795,00F15471T-20180426154205,U5,2,H6,483,483,15.97,-9.13,127,GOOD,GOOD,126.7885,156.9178,102.6151,0,0.9055,4/26/2018 19:45
17978,1020,FP9,TOP,4009211043,4/26/2018 16:16,1524759300,TWB_SM3,TWB_PCBA_SM3_TOP_FP,TWB_PCBA_TOP_FP9,1020,TWB_SM3,TWB_PCBA_PASTE_INSPECTION_TOP,PN-337126,00F15471,00F15471,PN-337126,00F15472,P20,,PROCESS,PN-27795,00F15471T-20180426154205,U5,2,J2,483,483,15.93,2.26,127,GOOD,GOOD,129.5825,166.9182,98.59303,0,0.9055,4/26/2018 19:45
17979,1020,FP9,TOP,4009211043,4/26/2018 16:16,1524759300,TWB_SM3,TWB_PCBA_SM3_TOP_FP,TWB_PCBA_TOP_FP9,1020,TWB_SM3,TWB_PCBA_PASTE_INSPECTION_TOP,PN-337126,00F15471,00F15471,PN-337126,00F15472,P20,,PROCESS,PN-27795,00F15471T-20180426154205,U5,2,R14,483,483,6.08,3.02,127,GOOD,GOOD,114.7776,146.9807,99.1746,0,0.9055,4/26/2018 19:45
18322,1020,FP9,TOP,4009211043,4/26/2018 16:16,1524759300,TWB_SM3,TWB_PCBA_SM3_TOP_FP,TWB_PCBA_TOP_FP9,1020,TWB_SM3,TWB_PCBA_PASTE_INSPECTION_TOP,PN-337126,00F15471,00F15471,PN-337126,00F15472,P20,,PROCESS,PN-27795,00F15471T-20180426154205,U5,2,M11,483,483,5.09,-7.12,127,GOOD,GOOD,116.4054,147.1667,100.454,0,0.9055,4/26/2018 19:45
18507,1020,FP9,TOP,4009211043,4/26/2018 16:16,1524759300,TWB_SM3,TWB_PCBA_SM3_TOP_FP,TWB_PCBA_TOP_FP9,1020,TWB_SM3,TWB_PCBA_PASTE_INSPECTION_TOP,PN-337126,00F15471,00F15471,PN-337126,00F15472,P20,,PROCESS,PN-27795,00F15471T-20180426154205,U5,2,A14,483,483,2.45,-10.87,127,GOOD,GOOD,122.3982,156.8278,99.11871,0,0.9055,4/26/2018 19:45
19042,1020,FP9,TOP,4009211043,4/26/2018 16:16,1524759300,TWB_SM3,TWB_PCBA_SM3_TOP_FP,TWB_PCBA_TOP_FP9,1020,TWB_SM3,TWB_PCBA_PASTE_INSPECTION_TOP,PN-337126,00F15471,00F15471,PN-337126,00F15472,P20,,PROCESS,PN-27795,00F15471T-20180426154205,U5,2,D5,483,483,11.37,-9.45,127,GOOD,GOOD,128.7997,150.8438,108.4404,0,0.9055,4/26/2018 19:45
19923,1020,FP9,TOP,4009211043,4/26/2018 16:16,1524759300,TWB_SM3,TWB_PCBA_SM3_TOP_FP,TWB_PCBA_TOP_FP9,1020,TWB_SM3,TWB_PCBA_PASTE_INSPECTION_TOP,PN-337126,00F15471,00F15471,PN-337126,00F15472,P20,,PROCESS,PN-27795,00F15471T-20180426154205,U5,2,D1,483,483,22.02,3.55,127,GOOD,GOOD,125.3325,160.3739,99.25076,0,0.9055,4/26/2018 19:45
20195,1020,FP9,TOP,4009211043,4/26/2018 16:16,1524759300,TWB_SM3,TWB_PCBA_SM3_TOP_FP,TWB_PCBA_TOP_FP9,1020,TWB_SM3,TWB_PCBA_PASTE_INSPECTION_TOP,PN-337126,00F15471,00F15471,PN-337126,00F15472,P20,,PROCESS,PN-27795,00F15471T-20180426154205,U5,2,C11,483,483,7.48,2.67,127,GOOD,GOOD,129.7461,158.3252,104.0754,0,0.9055,4/26/2018 19:45
20196,1020,FP9,TOP,4009211043,4/26/2018 16:16,1524759300,TWB_SM3,TWB_PCBA_SM3_TOP_FP,TWB_PCBA_TOP_FP9,1020,TWB_SM3,TWB_PCBA_PASTE_INSPECTION_TOP,PN-337126,00F15471,00F15471,PN-337126,00F15472,P20,,PROCESS,PN-27795,00F15471T-20180426154205,U5,2,K16,483,483,5.41,-12.83,127,GOOD,GOOD,117.2411,155.5484,95.72343000000001,0,0.9055,4/26/2018 19:45
20300,1020,FP9,TOP,4009211043,4/26/2018 16:16,1524759300,TWB_SM3,TWB_PCBA_SM3_TOP_FP,TWB_PCBA_TOP_FP9,1020,TWB_SM3,TWB_PCBA_PASTE_INSPECTION_TOP,PN-337126,00F15471,00F15471,PN-337126,00F15472,P20,,PROCESS,PN-27795,00F15471T-20180426154205,U5,2,E3,483,483,15.68,-12.56,127,GOOD,GOOD,129.4853,158.7809,103.5681,0,0.9055,4/26/2018 19:45
20494,1020,FP9,TOP,4009211043,4/26/2018 16:16,1524759300,TWB_SM3,TWB_PCBA_SM3_TOP_FP,TWB_PCBA_TOP_FP9,1020,TWB_SM3,TWB_PCBA_PASTE_INSPECTION_TOP,PN-337126,00F15471,00F15471,PN-337126,00F15472,P20,,PROCESS,PN-27795,00F15471T-20180426154205,U5,2,J10,483,483,1.92,-4.55,127,GOOD,GOOD,122.8255,154.0622,101.2503,0,0.9055,4/26/2018 19:45
20495,1020,FP9,TOP,4009211043,4/26/2018 16:16,1524759300,TWB_SM3,TWB_PCBA_SM3_TOP_FP,TWB_PCBA_TOP_FP9,1020,TWB_SM3,TWB_PCBA_PASTE_INSPECTION_TOP,PN-337126,00F15471,00F15471,PN-337126,00F15472,P20,,PROCESS,PN-27795,00F15471T-20180426154205,U5,2,J3,483,483,11.98,4.01,127,GOOD,GOOD,135.9555,173.2332,99.67115,0,0.9055,4/26/2018 19:45
20496,1020,FP9,TOP,4009211043,4/26/2018 16:16,1524759300,TWB_SM3,TWB_PCBA_SM3_TOP_FP,TWB_PCBA_TOP_FP9,1020,TWB_SM3,TWB_PCBA_PASTE_INSPECTION_TOP,PN-337126,00F15471,00F15471,PN-337126,00F15472,P20,,PROCESS,PN-27795,00F15471T-20180426154205,U5,2,R15,483,483,6.53,4.73,127,GOOD,GOOD,116.79,151.684,97.78442,0,0.9055,4/26/2018 19:45
20500,1020,FP9,TOP,4009211043,4/26/2018 16:16,1524759300,TWB_SM3,TWB_PCBA_SM3_TOP_FP,TWB_PCBA_TOP_FP9,1020,TWB_SM3,TWB_PCBA_PASTE_INSPECTION_TOP,PN-337126,00F15471,00F15471,PN-337126,00F15472,P20,,PROCESS,PN-27795,00F15471T-20180426154205,U5,2,J1,483,483,20.71,0.51,127,GOOD,GOOD,129.1064,166.3012,98.59531,0,0.9055,4/26/2018 19:45
20501,1020,FP9,TOP,4009211043,4/26/2018 16:16,1524759300,TWB_SM3,TWB_PCBA_SM3_TOP_FP,TWB_PCBA_TOP_FP9,1020,TWB_SM3,TWB_PCBA_PASTE_INSPECTION_TOP,PN-337126,00F15471,00F15471,PN-337126,00F15472,P20,,PROCESS,PN-27795,00F15471T-20180426154205,U5,2,R13,483,483,13.25,4.63,127,GOOD,GOOD,123.63600000000001,154.3453,101.7315,0,0.9055,4/26/2018 19:45
20520,1020,FP9,TOP,4009211043,4/26/2018 16:16,1524759300,TWB_SM3,TWB_PCBA_SM3_TOP_FP,TWB_PCBA_TOP_FP9,1020,TWB_SM3,TWB_PCBA_PASTE_INSPECTION_TOP,PN-337126,00F15471,00F15471,PN-337126,00F15472,P20,,PROCESS,PN-27795,00F15471T-20180426154205,U5,2,C7,483,483,14.16,-4.34,127,GOOD,GOOD,126.5498,155.0585,103.6501,0,0.9055,4/26/2018 19:45
20540,1020,FP9,TOP,4009211043,4/26/2018 16:16,1524759300,TWB_SM3,TWB_PCBA_SM3_TOP_FP,TWB_PCBA_TOP_FP9,1020,TWB_SM3,TWB_PCBA_PASTE_INSPECTION_TOP,PN-337126,00F15471,00F15471,PN-337126,00F15472,P20,,PROCESS,PN-27795,00F15471T-20180426154205,U5,2,B12,483,483,6.94,4.03,127,GOOD,GOOD,120.6012,151.3091,101.2256,0,0.9055,4/26/2018 19:45
20552,1020,FP9,TOP,4009211043,4/26/2018 16:16,1524759300,TWB_SM3,TWB_PCBA_SM3_TOP_FP,TWB_PCBA_TOP_FP9,1020,TWB_SM3,TWB_PCBA_PASTE_INSPECTION_TOP,PN-337126,00F15471,00F15471,PN-337126,00F15472,P20,,PROCESS,PN-27795,00F15471T-20180426154205,U5,2,E5,483,483,12.93,-9.06,127,GOOD,GOOD,125.897,162.6661,98.29283000000001,0,0.9055,4/26/2018 19:45
20802,1020,FP9,TOP,4009211043,4/26/2018 16:16,1524759300,TWB_SM3,TWB_PCBA_SM3_TOP_FP,TWB_PCBA_TOP_FP9,1020,TWB_SM3,TWB_PCBA_PASTE_INSPECTION_TOP,PN-337126,00F15471,00F15471,PN-337126,00F15472,P20,,PROCESS,PN-27795,00F15471T-20180426154205,U5,2,K5,483,483,6.66,-12.09,127,GOOD,GOOD,126.6799,156.7958,102.6071,0,0.9055,4/26/2018 19:45
21076,1020,FP9,TOP,4009211043,4/26/2018 16:16,1524759300,TWB_SM3,TWB_PCBA_SM3_TOP_FP,TWB_PCBA_TOP_FP9,1020,TWB_SM3,TWB_PCBA_PASTE_INSPECTION_TOP,PN-337126,00F15471,00F15471,PN-337126,00F15472,P20,,PROCESS,PN-27795,00F15471T-20180426154205,U5,2,M12,483,483,4.45,-2.05,127,GOOD,GOOD,118.4151,150.4176,99.97979000000001,0,0.9055,4/26/2018 19:45
21109,1020,FP9,TOP,4009211043,4/26/2018 16:16,1524759300,TWB_SM3,TWB_PCBA_SM3_TOP_FP,TWB_PCBA_TOP_FP9,1020,TWB_SM3,TWB_PCBA_PASTE_INSPECTION_TOP,PN-337126,00F15471,00F15471,PN-337126,00F15472,P20,,PROCESS,PN-27795,00F15471T-20180426154205,U5,2,B16,483,483,-0.58,-8.97,127,GOOD,GOOD,114.9469,150.2449,97.16308000000001,0,0.9055,4/26/2018 19:45
21116,1020,FP9,TOP,4009211043,4/26/2018 16:16,1524759300,TWB_SM3,TWB_PCBA_SM3_TOP_FP,TWB_PCBA_TOP_FP9,1020,TWB_SM3,TWB_PCBA_PASTE_INSPECTION_TOP,PN-337126,00F15471,00F15471,PN-337126,00F15472,P20,,PROCESS,PN-27795,00F15471T-20180426154205,U5,2,B6,483,483,11.58,-6.49,127,GOOD,GOOD,120.3022,154.0712,99.16444,0,0.9055,4/26/2018 19:45
21643,1020,FP9,TOP,4009211043,4/26/2018 16:16,1524759300,TWB_SM3,TWB_PCBA_SM3_TOP_FP,TWB_PCBA_TOP_FP9,1020,TWB_SM3,TWB_PCBA_PASTE_INSPECTION_TOP,PN-337126,00F15471,00F15471,PN-337126,00F15472,P20,,PROCESS,PN-27795,00F15471T-20180426154205,U5,2,G13,483,483,1.68,2.74,127,GOOD,GOOD,121.6274,152.434,101.3335,0,0.9055,4/26/2018 19:45
21730,1020,FP9,TOP,4009211043,4/26/2018 16:16,1524759300,TWB_SM3,TWB_PCBA_SM3_TOP_FP,TWB_PCBA_TOP_FP9,1020,TWB_SM3,TWB_PCBA_PASTE_INSPECTION_TOP,PN-337126,00F15471,00F15471,PN-337126,00F15472,P20,,PROCESS,PN-27795,00F15471T-20180426154205,U5,2,T5,483,483,20.28,6.19,127,GOOD,GOOD,126.8325,159.5566,100.9531,0,0.9055,4/26/2018 19:45
21801,1020,FP9,TOP,4009211043,4/26/2018 16:16,1524759300,TWB_SM3,TWB_PCBA_SM3_TOP_FP,TWB_PCBA_TOP_FP9,1020,TWB_SM3,TWB_PCBA_PASTE_INSPECTION_TOP,PN-337126,00F15471,00F15471,PN-337126,00F15472,P20,,PROCESS,PN-27795,00F15471T-20180426154205,U5,2,P1,483,483,18.97,0.42,127,GOOD,GOOD,128.3866,164.5355,99.09779,0,0.9055,4/26/2018 19:45
21901,1020,FP9,TOP,4009211043,4/26/2018 16:16,1524759300,TWB_SM3,TWB_PCBA_SM3_TOP_FP,TWB_PCBA_TOP_FP9,1020,TWB_SM3,TWB_PCBA_PASTE_INSPECTION_TOP,PN-337126,00F15471,00F15471,PN-337126,00F15472,P20,,PROCESS,PN-27795,00F15471T-20180426154205,U5,2,D2,483,483,20.55,5.3,127,GOOD,GOOD,124.9304,168.6762,94.06284000000001,0,0.9055,4/26/2018 19:45
22010,1020,FP9,TOP,4009211043,4/26/2018 16:16,1524759300,TWB_SM3,TWB_PCBA_SM3_TOP_FP,TWB_PCBA_TOP_FP9,1020,TWB_SM3,TWB_PCBA_PASTE_INSPECTION_TOP,PN-337126,00F15471,00F15471,PN-337126,00F15472,P20,,PROCESS,PN-27795,00F15471T-20180426154205,U5,2,B11,483,483,2.6,2.27,127,GOOD,GOOD,119.8052,155.6191,97.77248,0,0.9055,4/26/2018 19:45
22011,1020,FP9,TOP,4009211043,4/26/2018 16:16,1524759300,TWB_SM3,TWB_PCBA_SM3_TOP_FP,TWB_PCBA_TOP_FP9,1020,TWB_SM3,TWB_PCBA_PASTE_INSPECTION_TOP,PN-337126,00F15471,00F15471,PN-337126,00F15472,P20,,PROCESS,PN-27795,00F15471T-20180426154205,U5,2,J16,483,483,7.16,-13.22,127,GOOD,GOOD,109.7872,148.3935,93.95948,0,0.9055,4/26/2018 19:45
22012,1020,FP9,TOP,4009211043,4/26/2018 16:16,1524759300,TWB_SM3,TWB_PCBA_SM3_TOP_FP,TWB_PCBA_TOP_FP9,1020,TWB_SM3,TWB_PCBA_PASTE_INSPECTION_TOP,PN-337126,00F15471,00F15471,PN-337126,00F15472,P20,,PROCESS,PN-27795,00F15471T-20180426154205,U5,2,J9,483,483,2.38,-5.48,127,GOOD,GOOD,119.2129,150.387,100.6739,0,0.9055,4/26/2018 19:45
22165,1020,FP9,TOP,4009211043,4/26/2018 16:16,1524759300,TWB_SM3,TWB_PCBA_SM3_TOP_FP,TWB_PCBA_TOP_FP9,1020,TWB_SM3,TWB_PCBA_PASTE_INSPECTION_TOP,PN-337126,00F15471,00F15471,PN-337126,00F15472,P20,,PROCESS,PN-27795,00F15471T-20180426154205,U5,2,F14,483,483,-2.17,3.61,127,GOOD,GOOD,123.3371,152.6857,102.5886,0,0.9055,4/26/2018 19:45
22273,1020,FP9,TOP,4009211043,4/26/2018 16:16,1524759300,TWB_SM3,TWB_PCBA_SM3_TOP_FP,TWB_PCBA_TOP_FP9,1020,TWB_SM3,TWB_PCBA_PASTE_INSPECTION_TOP,PN-337126,00F15471,00F15471,PN-337126,00F15472,P20,,PROCESS,PN-27795,00F15471T-20180426154205,U5,2,D4,483,483,15.14,-11.2,127,GOOD,GOOD,128.1084,158.769,102.4745,0,0.9055,4/26/2018 19:45
22409,1020,FP9,TOP,4009211043,4/26/2018 16:16,1524759300,TWB_SM3,TWB_PCBA_SM3_TOP_FP,TWB_PCBA_TOP_FP9,1020,TWB_SM3,TWB_PCBA_PASTE_INSPECTION_TOP,PN-337126,00F15471,00F15471,PN-337126,00F15472,P20,,PROCESS,PN-27795,00F15471T-20180426154205,U5,2,B4,483,483,14.5,-9.99,127,GOOD,GOOD,121.9678,161.2083,96.0863,0,0.9055,4/26/2018 19:45
22470,1020,FP9,TOP,4009211043,4/26/2018 16:16,1524759300,TWB_SM3,TWB_PCBA_SM3_TOP_FP,TWB_PCBA_TOP_FP9,1020,TWB_SM3,TWB_PCBA_PASTE_INSPECTION_TOP,PN-337126,00F15471,00F15471,PN-337126,00F15472,P20,,PROCESS,PN-27795,00F15471T-20180426154205,U5,2,M3,483,483,25.07,-3.61,127,GOOD,GOOD,136.59799999999998,173.3815,100.0564,0,0.9055,4/26/2018 19:45
22613,1020,FP9,TOP,4009211043,4/26/2018 16:16,1524759300,TWB_SM3,TWB_PCBA_SM3_TOP_FP,TWB_PCBA_TOP_FP9,1020,TWB_SM3,TWB_PCBA_PASTE_INSPECTION_TOP,PN-337126,00F15471,00F15471,PN-337126,00F15472,P20,,PROCESS,PN-27795,00F15471T-20180426154205,U5,2,E6,483,483,11.29,-7.31,127,GOOD,GOOD,127.118,161.34,100.0619,0,0.9055,4/26/2018 19:45
22779,1020,FP9,TOP,4009211043,4/26/2018 16:16,1524759300,TWB_SM3,TWB_PCBA_SM3_TOP_FP,TWB_PCBA_TOP_FP9,1020,TWB_SM3,TWB_PCBA_PASTE_INSPECTION_TOP,PN-337126,00F15471,00F15471,PN-337126,00F15472,P20,,PROCESS,PN-27795,00F15471T-20180426154205,U5,2,B1,483,483,18.07,4.76,127,GOOD,GOOD,119.58,157.07299999999998,96.68535,0,0.9055,4/26/2018 19:45
22828,1020,FP9,TOP,4009211043,4/26/2018 16:16,1524759300,TWB_SM3,TWB_PCBA_SM3_TOP_FP,TWB_PCBA_TOP_FP9,1020,TWB_SM3,TWB_PCBA_PASTE_INSPECTION_TOP,PN-337126,00F15471,00F15471,PN-337126,00F15472,P20,,PROCESS,PN-27795,00F15471T-20180426154205,U5,2,E1,483,483,30.2,3.93,127,GOOD,GOOD,130.0763,154.0985,107.2022,0,0.9055,4/26/2018 19:45
23288,1020,FP9,TOP,4009211043,4/26/2018 16:16,1524759300,TWB_SM3,TWB_PCBA_SM3_TOP_FP,TWB_PCBA_TOP_FP9,1020,TWB_SM3,TWB_PCBA_PASTE_INSPECTION_TOP,PN-337126,00F15471,00F15471,PN-337126,00F15472,P20,,PROCESS,PN-27795,00F15471T-20180426154205,U5,2,T8,483,483,15.14,11.3,127,GOOD,GOOD,120.9939,153.4021,100.1696,0,0.9055,4/26/2018 19:45
23367,1020,FP9,TOP,4009211043,4/26/2018 16:16,1524759300,TWB_SM3,TWB_PCBA_SM3_TOP_FP,TWB_PCBA_TOP_FP9,1020,TWB_SM3,TWB_PCBA_PASTE_INSPECTION_TOP,PN-337126,00F15471,00F15471,PN-337126,00F15472,P20,,PROCESS,PN-27795,00F15471T-20180426154205,U5,2,N11,483,483,2.73,0.62,127,GOOD,GOOD,121.9245,153.5173,100.8643,0,0.9055,4/26/2018 19:45
23578,1020,FP9,TOP,4009211043,4/26/2018 16:16,1524759300,TWB_SM3,TWB_PCBA_SM3_TOP_FP,TWB_PCBA_TOP_FP9,1020,TWB_SM3,TWB_PCBA_PASTE_INSPECTION_TOP,PN-337126,00F15471,00F15471,PN-337126,00F15472,P20,,PROCESS,PN-27795,00F15471T-20180426154205,U5,2,K6,483,483,11.64,-10.35,127,GOOD,GOOD,125.2805,159.1033,100.0019,0,0.9055,4/26/2018 19:45
23902,1020,FP9,TOP,4009211043,4/26/2018 16:16,1524759300,TWB_SM3,TWB_PCBA_SM3_TOP_FP,TWB_PCBA_TOP_FP9,1020,TWB_SM3,TWB_PCBA_PASTE_INSPECTION_TOP,PN-337126,00F15471,00F15471,PN-337126,00F15472,P20,,PROCESS,PN-27795,00F15471T-20180426154205,U5,2,A3,483,483,19.37,-10.13,127,GOOD,GOOD,118.5301,157.4816,95.58781,0,0.9055,4/26/2018 19:45
23903,1020,FP9,TOP,4009211043,4/26/2018 16:16,1524759300,TWB_SM3,TWB_PCBA_SM3_TOP_FP,TWB_PCBA_TOP_FP9,1020,TWB_SM3,TWB_PCBA_PASTE_INSPECTION_TOP,PN-337126,00F15471,00F15471,PN-337126,00F15472,P20,,PROCESS,PN-27795,00F15471T-20180426154205,U5,2,T12,483,483,9.62,-1.89,127,GOOD,GOOD,125.0853,151.4999,104.8571,0,0.9055,4/26/2018 19:45
24213,1020,FP9,TOP,4009211043,4/26/2018 16:16,1524759300,TWB_SM3,TWB_PCBA_SM3_TOP_FP,TWB_PCBA_TOP_FP9,1020,TWB_SM3,TWB_PCBA_PASTE_INSPECTION_TOP,PN-337126,00F15471,00F15471,PN-337126,00F15472,P20,,PROCESS,PN-27795,00F15471T-20180426154205,U5,2,C3,483,483,17.52,-11.35,127,GOOD,GOOD,128.1124,165.5745,98.26554,0,0.9055,4/26/2018 19:45
24413,1020,FP9,TOP,4009211043,4/26/2018 16:16,1524759300,TWB_SM3,TWB_PCBA_SM3_TOP_FP,TWB_PCBA_TOP_FP9,1020,TWB_SM3,TWB_PCBA_PASTE_INSPECTION_TOP,PN-337126,00F15471,00F15471,PN-337126,00F15472,P20,,PROCESS,PN-27795,00F15471T-20180426154205,U5,2,K4,483,483,24.5,-4.62,127,GOOD,GOOD,139.8577,163.9872,108.3128,0,0.9055,4/26/2018 19:45
24537,1020,FP9,TOP,4009211043,4/26/2018 16:16,1524759300,TWB_SM3,TWB_PCBA_SM3_TOP_FP,TWB_PCBA_TOP_FP9,1020,TWB_SM3,TWB_PCBA_PASTE_INSPECTION_TOP,PN-337126,00F15471,00F15471,PN-337126,00F15472,P20,,PROCESS,PN-27795,00F15471T-20180426154205,U5,2,N4,483,483,23.98,7.05,127,GOOD,GOOD,137.0137,168.2822,103.4022,0,0.9055,4/26/2018 19:45
24862,1020,FP9,TOP,4009211043,4/26/2018 16:16,1524759300,TWB_SM3,TWB_PCBA_SM3_TOP_FP,TWB_PCBA_TOP_FP9,1020,TWB_SM3,TWB_PCBA_PASTE_INSPECTION_TOP,PN-337126,00F15471,00F15471,PN-337126,00F15472,P20,,PROCESS,PN-27795,00F15471T-20180426154205,U5,2,P11,483,483,15.23,-2.55,127,GOOD,GOOD,121.3538,146.9287,104.89399999999999,0,0.9055,4/26/2018 19:45
25124,1020,FP9,TOP,4009211043,4/26/2018 16:16,1524759300,TWB_SM3,TWB_PCBA_SM3_TOP_FP,TWB_PCBA_TOP_FP9,1020,TWB_SM3,TWB_PCBA_PASTE_INSPECTION_TOP,PN-337126,00F15471,00F15471,PN-337126,00F15472,P20,,PROCESS,PN-27795,00F15471T-20180426154205,U5,2,C8,483,483,11.04,-2.59,127,GOOD,GOOD,122.4873,149.2964,104.1947,0,0.9055,4/26/2018 19:45
25296,1020,FP9,TOP,4009211043,4/26/2018 16:16,1524759300,TWB_SM3,TWB_PCBA_SM3_TOP_FP,TWB_PCBA_TOP_FP9,1020,TWB_SM3,TWB_PCBA_PASTE_INSPECTION_TOP,PN-337126,00F15471,00F15471,PN-337126,00F15472,P20,,PROCESS,PN-27795,00F15471T-20180426154205,U5,2,G15,483,483,-7.69,-13.76,127,GOOD,GOOD,117.1201,151.6329,98.09383000000001,0,0.9055,4/26/2018 19:45
25302,1020,FP9,TOP,4009211043,4/26/2018 16:16,1524759300,TWB_SM3,TWB_PCBA_SM3_TOP_FP,TWB_PCBA_TOP_FP9,1020,TWB_SM3,TWB_PCBA_PASTE_INSPECTION_TOP,PN-337126,00F15471,00F15471,PN-337126,00F15472,P20,,PROCESS,PN-27795,00F15471T-20180426154205,U5,2,E9,483,483,7.73,-2.05,127,GOOD,GOOD,126.5074,157.0883,102.2765,0,0.9055,4/26/2018 19:45
25340,1020,FP9,TOP,4009211043,4/26/2018 16:16,1524759300,TWB_SM3,TWB_PCBA_SM3_TOP_FP,TWB_PCBA_TOP_FP9,1020,TWB_SM3,TWB_PCBA_PASTE_INSPECTION_TOP,PN-337126,00F15471,00F15471,PN-337126,00F15472,P20,,PROCESS,PN-27795,00F15471T-20180426154205,U5,2,H4,483,483,15.58,-12.63,127,GOOD,GOOD,132.9976,163.87900000000002,103.0681,0,0.9055,4/26/2018 19:45
25701,1020,FP9,TOP,4009211043,4/26/2018 16:16,1524759300,TWB_SM3,TWB_PCBA_SM3_TOP_FP,TWB_PCBA_TOP_FP9,1020,TWB_SM3,TWB_PCBA_PASTE_INSPECTION_TOP,PN-337126,00F15471,00F15471,PN-337126,00F15472,P20,,PROCESS,PN-27795,00F15471T-20180426154205,U5,2,M2,483,483,22.4,-0.39,127,GOOD,GOOD,131.4854,167.4585,99.71814,0,0.9055,4/26/2018 19:45
25723,1020,FP9,TOP,4009211043,4/26/2018 16:16,1524759300,TWB_SM3,TWB_PCBA_SM3_TOP_FP,TWB_PCBA_TOP_FP9,1020,TWB_SM3,TWB_PCBA_PASTE_INSPECTION_TOP,PN-337126,00F15471,00F15471,PN-337126,00F15472,P20,,PROCESS,PN-27795,00F15471T-20180426154205,U5,2,P13,483,483,8.33,0.85,127,GOOD,GOOD,113.3884,144.8834,99.39249000000001,0,0.9055,4/26/2018 19:45
25781,1020,FP9,TOP,4009211043,4/26/2018 16:16,1524759300,TWB_SM3,TWB_PCBA_SM3_TOP_FP,TWB_PCBA_TOP_FP9,1020,TWB_SM3,TWB_PCBA_PASTE_INSPECTION_TOP,PN-337126,00F15471,00F15471,PN-337126,00F15472,P20,,PROCESS,PN-27795,00F15471T-20180426154205,U5,2,T1,483,483,23.14,-0.62,127,GOOD,GOOD,124.5568,156.3062,101.2034,0,0.9055,4/26/2018 19:45
25863,1020,FP9,TOP,4009211043,4/26/2018 16:16,1524759300,TWB_SM3,TWB_PCBA_SM3_TOP_FP,TWB_PCBA_TOP_FP9,1020,TWB_SM3,TWB_PCBA_PASTE_INSPECTION_TOP,PN-337126,00F15471,00F15471,PN-337126,00F15472,P20,,PROCESS,PN-27795,00F15471T-20180426154205,U5,2,K13,483,483,7.32,-1.4,127,GOOD,GOOD,123.0263,150.8407,103.5817,0,0.9055,4/26/2018 19:45
25949,1020,FP9,TOP,4009211043,4/26/2018 16:16,1524759300,TWB_SM3,TWB_PCBA_SM3_TOP_FP,TWB_PCBA_TOP_FP9,1020,TWB_SM3,TWB_PCBA_PASTE_INSPECTION_TOP,PN-337126,00F15471,00F15471,PN-337126,00F15472,P20,,PROCESS,PN-27795,00F15471T-20180426154205,U5,2,A16,483,483,1.17,-7.36,127,GOOD,GOOD,116.4111,145.5773,101.5557,0,0.9055,4/26/2018 19:45
25984,1020,FP9,TOP,4009211043,4/26/2018 16:16,1524759300,TWB_SM3,TWB_PCBA_SM3_TOP_FP,TWB_PCBA_TOP_FP9,1020,TWB_SM3,TWB_PCBA_PASTE_INSPECTION_TOP,PN-337126,00F15471,00F15471,PN-337126,00F15472,P20,,PROCESS,PN-27795,00F15471T-20180426154205,U5,2,N13,483,483,10.03,3.2,127,GOOD,GOOD,124.6477,151.6652,104.3763,0,0.9055,4/26/2018 19:45
25999,1020,FP9,TOP,4009211043,4/26/2018 16:16,1524759300,TWB_SM3,TWB_PCBA_SM3_TOP_FP,TWB_PCBA_TOP_FP9,1020,TWB_SM3,TWB_PCBA_PASTE_INSPECTION_TOP,PN-337126,00F15471,00F15471,PN-337126,00F15472,P20,,PROCESS,PN-27795,00F15471T-20180426154205,U5,2,A7,483,483,13.52,-3.13,127,GOOD,GOOD,114.3716,150.0839,96.78054,0,0.9055,4/26/2018 19:45
26000,1020,FP9,TOP,4009211043,4/26/2018 16:16,1524759300,TWB_SM3,TWB_PCBA_SM3_TOP_FP,TWB_PCBA_TOP_FP9,1020,TWB_SM3,TWB_PCBA_PASTE_INSPECTION_TOP,PN-337126,00F15471,00F15471,PN-337126,00F15472,P20,,PROCESS,PN-27795,00F15471T-20180426154205,U5,2,L11,483,483,9.32,-2.2,127,GOOD,GOOD,123.0619,151.9653,102.8449,0,0.9055,4/26/2018 19:45
26001,1020,FP9,TOP,4009211043,4/26/2018 16:16,1524759300,TWB_SM3,TWB_PCBA_SM3_TOP_FP,TWB_PCBA_TOP_FP9,1020,TWB_SM3,TWB_PCBA_PASTE_INSPECTION_TOP,PN-337126,00F15471,00F15471,PN-337126,00F15472,P20,,PROCESS,PN-27795,00F15471T-20180426154205,U5,2,T16,483,483,3.27,4.92,127,GOOD,GOOD,115.7355,143.847,102.1809,0,0.9055,4/26/2018 19:45
26006,1020,FP9,TOP,4009211043,4/26/2018 16:16,1524759300,TWB_SM3,TWB_PCBA_SM3_TOP_FP,TWB_PCBA_TOP_FP9,1020,TWB_SM3,TWB_PCBA_PASTE_INSPECTION_TOP,PN-337126,00F15471,00F15471,PN-337126,00F15472,P20,,PROCESS,PN-27795,00F15471T-20180426154205,U5,2,M10,483,483,6.72,-6.38,127,GOOD,GOOD,119.6737,150.4464,101.0231,0,0.9055,4/26/2018 19:45
26217,1020,FP9,TOP,4009211043,4/26/2018 16:16,1524759300,TWB_SM3,TWB_PCBA_SM3_TOP_FP,TWB_PCBA_TOP_FP9,1020,TWB_SM3,TWB_PCBA_PASTE_INSPECTION_TOP,PN-337126,00F15471,00F15471,PN-337126,00F15472,P20,,PROCESS,PN-27795,00F15471T-20180426154205,U5,2,H12,483,483,0.57,1.38,127,GOOD,GOOD,119.3431,153.0611,99.02301,0,0.9055,4/26/2018 19:45
26688,1020,FP9,TOP,4009211043,4/26/2018 16:16,1524759300,TWB_SM3,TWB_PCBA_SM3_TOP_FP,TWB_PCBA_TOP_FP9,1020,TWB_SM3,TWB_PCBA_PASTE_INSPECTION_TOP,PN-337126,00F15471,00F15471,PN-337126,00F15472,P20,,PROCESS,PN-27795,00F15471T-20180426154205,U5,2,R6,483,483,18.77,9.4,127,GOOD,GOOD,128.0392,151.1929,107.5513,0,0.9055,4/26/2018 19:45
26699,1020,FP9,TOP,4009211043,4/26/2018 16:16,1524759300,TWB_SM3,TWB_PCBA_SM3_TOP_FP,TWB_PCBA_TOP_FP9,1020,TWB_SM3,TWB_PCBA_PASTE_INSPECTION_TOP,PN-337126,00F15471,00F15471,PN-337126,00F15472,P20,,PROCESS,PN-27795,00F15471T-20180426154205,U5,2,M4,483,483,19.47,-1.86,127,GOOD,GOOD,127.5723,159.1521,101.8,0,0.9055,4/26/2018 19:45
26726,1020,FP9,TOP,4009211043,4/26/2018 16:16,1524759300,TWB_SM3,TWB_PCBA_SM3_TOP_FP,TWB_PCBA_TOP_FP9,1020,TWB_SM3,TWB_PCBA_PASTE_INSPECTION_TOP,PN-337126,00F15471,00F15471,PN-337126,00F15472,P20,,PROCESS,PN-27795,00F15471T-20180426154205,U5,2,K10,483,483,10.23,-4.16,127,GOOD,GOOD,122.4126,154.7884,100.4365,0,0.9055,4/26/2018 19:45
26740,1020,FP9,TOP,4009211043,4/26/2018 16:16,1524759300,TWB_SM3,TWB_PCBA_SM3_TOP_FP,TWB_PCBA_TOP_FP9,1020,TWB_SM3,TWB_PCBA_PASTE_INSPECTION_TOP,PN-337126,00F15471,00F15471,PN-337126,00F15472,P20,,PROCESS,PN-27795,00F15471T-20180426154205,U5,2,F3,483,483,17.24,-13.17,127,GOOD,GOOD,132.1308,167.4707,100.2003,0,0.9055,4/26/2018 19:45
26768,1020,FP9,TOP,4009211043,4/26/2018 16:16,1524759300,TWB_SM3,TWB_PCBA_SM3_TOP_FP,TWB_PCBA_TOP_FP9,1020,TWB_SM3,TWB_PCBA_PASTE_INSPECTION_TOP,PN-337126,00F15471,00F15471,PN-337126,00F15472,P20,,PROCESS,PN-27795,00F15471T-20180426154205,U5,2,A5,483,483,18.29,-6.63,127,GOOD,GOOD,123.6253,150.2542,104.4924,0,0.9055,4/26/2018 19:45
26769,1020,FP9,TOP,4009211043,4/26/2018 16:16,1524759300,TWB_SM3,TWB_PCBA_SM3_TOP_FP,TWB_PCBA_TOP_FP9,1020,TWB_SM3,TWB_PCBA_PASTE_INSPECTION_TOP,PN-337126,00F15471,00F15471,PN-337126,00F15472,P20,,PROCESS,PN-27795,00F15471T-20180426154205,U5,2,T14,483,483,4.38,3.99,127,GOOD,GOOD,125.8562,150.6647,106.0881,0,0.9055,4/26/2018 19:45
26922,1020,FP9,TOP,4009211043,4/26/2018 16:16,1524759300,TWB_SM3,TWB_PCBA_SM3_TOP_FP,TWB_PCBA_TOP_FP9,1020,TWB_SM3,TWB_PCBA_PASTE_INSPECTION_TOP,PN-337126,00F15471,00F15471,PN-337126,00F15472,P20,,PROCESS,PN-27795,00F15471T-20180426154205,U5,2,R10,483,483,12.6,1.19,127,GOOD,GOOD,124.2316,150.1856,105.0528,0,0.9055,4/26/2018 19:45
26962,1020,FP9,TOP,4009211043,4/26/2018 16:16,1524759300,TWB_SM3,TWB_PCBA_SM3_TOP_FP,TWB_PCBA_TOP_FP9,1020,TWB_SM3,TWB_PCBA_PASTE_INSPECTION_TOP,PN-337126,00F15471,00F15471,PN-337126,00F15472,P20,,PROCESS,PN-27795,00F15471T-20180426154205,U5,2,M8,483,483,9.48,-9.06,127,GOOD,GOOD,124.3335,151.3583,104.3243,0,0.9055,4/26/2018 19:45
26980,1020,FP9,TOP,4009211043,4/26/2018 16:16,1524759300,TWB_SM3,TWB_PCBA_SM3_TOP_FP,TWB_PCBA_TOP_FP9,1020,TWB_SM3,TWB_PCBA_PASTE_INSPECTION_TOP,PN-337126,00F15471,00F15471,PN-337126,00F15472,P20,,PROCESS,PN-27795,00F15471T-20180426154205,U5,2,H2,483,483,18.51,3.87,127,GOOD,GOOD,130.4319,176.8981,93.64069,0,0.9055,4/26/2018 19:45
27082,1020,FP9,TOP,4009211043,4/26/2018 16:16,1524759300,TWB_SM3,TWB_PCBA_SM3_TOP_FP,TWB_PCBA_TOP_FP9,1020,TWB_SM3,TWB_PCBA_PASTE_INSPECTION_TOP,PN-337126,00F15471,00F15471,PN-337126,00F15472,P20,,PROCESS,PN-27795,00F15471T-20180426154205,U5,2,D12,483,483,3.43,1.99,127,GOOD,GOOD,123.2983,146.9776,106.5393,0,0.9055,4/26/2018 19:45
27109,1020,FP9,TOP,4009211043,4/26/2018 16:16,1524759300,TWB_SM3,TWB_PCBA_SM3_TOP_FP,TWB_PCBA_TOP_FP9,1020,TWB_SM3,TWB_PCBA_PASTE_INSPECTION_TOP,PN-337126,00F15471,00F15471,PN-337126,00F15472,P20,,PROCESS,PN-27795,00F15471T-20180426154205,U5,2,D6,483,483,13.04,-7.7,127,GOOD,GOOD,121.0232,156.60399999999998,98.14533,0,0.9055,4/26/2018 19:45
27350,1020,FP9,TOP,4009211043,4/26/2018 16:16,1524759300,TWB_SM3,TWB_PCBA_SM3_TOP_FP,TWB_PCBA_TOP_FP9,1020,TWB_SM3,TWB_PCBA_PASTE_INSPECTION_TOP,PN-337126,00F15471,00F15471,PN-337126,00F15472,P20,,PROCESS,PN-27795,00F15471T-20180426154205,U5,2,R2,483,483,17.54,2.59,127,GOOD,GOOD,127.9556,165.6676,98.09013,0,0.9055,4/26/2018 19:45
27378,1020,FP9,TOP,4009211043,4/26/2018 16:16,1524759300,TWB_SM3,TWB_PCBA_SM3_TOP_FP,TWB_PCBA_TOP_FP9,1020,TWB_SM3,TWB_PCBA_PASTE_INSPECTION_TOP,PN-337126,00F15471,00F15471,PN-337126,00F15472,P20,,PROCESS,PN-27795,00F15471T-20180426154205,U5,2,L9,483,483,8.93,-6.53,127,GOOD,GOOD,120.5242,146.7773,104.2843,0,0.9055,4/26/2018 19:45
27379,1020,FP9,TOP,4009211043,4/26/2018 16:16,1524759300,TWB_SM3,TWB_PCBA_SM3_TOP_FP,TWB_PCBA_TOP_FP9,1020,TWB_SM3,TWB_PCBA_PASTE_INSPECTION_TOP,PN-337126,00F15471,00F15471,PN-337126,00F15472,P20,,PROCESS,PN-27795,00F15471T-20180426154205,U5,2,D15,483,483,0.05,-11.93,127,GOOD,GOOD,125.2446,152.6128,104.225,0,0.9055,4/26/2018 19:45
27534,1020,FP9,TOP,4009211043,4/26/2018 16:16,1524759300,TWB_SM3,TWB_PCBA_SM3_TOP_FP,TWB_PCBA_TOP_FP9,1020,TWB_SM3,TWB_PCBA_PASTE_INSPECTION_TOP,PN-337126,00F15471,00F15471,PN-337126,00F15472,P20,,PROCESS,PN-27795,00F15471T-20180426154205,U5,2,D16,483,483,-4.08,-10.18,127,GOOD,GOOD,118.3953,154.7093,97.19,0,0.9055,4/26/2018 19:45
27663,1020,FP9,TOP,4009211043,4/26/2018 16:16,1524759300,TWB_SM3,TWB_PCBA_SM3_TOP_FP,TWB_PCBA_TOP_FP9,1020,TWB_SM3,TWB_PCBA_PASTE_INSPECTION_TOP,PN-337126,00F15471,00F15471,PN-337126,00F15472,P20,,PROCESS,PN-27795,00F15471T-20180426154205,U5,2,T3,483,483,31.14,2.78,127,GOOD,GOOD,136.7674,173.8373,99.91792,0,0.9055,4/26/2018 19:45
27859,1020,FP9,TOP,4009211043,4/26/2018 16:16,1524759300,TWB_SM3,TWB_PCBA_SM3_TOP_FP,TWB_PCBA_TOP_FP9,1020,TWB_SM3,TWB_PCBA_PASTE_INSPECTION_TOP,PN-337126,00F15471,00F15471,PN-337126,00F15472,P20,,PROCESS,PN-27795,00F15471T-20180426154205,U5,2,K7,483,483,4.38,-8.59,127,GOOD,GOOD,124.2972,154.2676,102.32700000000001,0,0.9055,4/26/2018 19:45
27978,1020,FP9,TOP,4009211043,4/26/2018 16:16,1524759300,TWB_SM3,TWB_PCBA_SM3_TOP_FP,TWB_PCBA_TOP_FP9,1020,TWB_SM3,TWB_PCBA_PASTE_INSPECTION_TOP,PN-337126,00F15471,00F15471,PN-337126,00F15472,P20,,PROCESS,PN-27795,00F15471T-20180426154205,U5,2,C6,483,483,13.14,-6.09,127,GOOD,GOOD,124.5863,165.8924,95.37786,0,0.9055,4/26/2018 19:45
27995,1020,FP9,TOP,4009211043,4/26/2018 16:16,1524759300,TWB_SM3,TWB_PCBA_SM3_TOP_FP,TWB_PCBA_TOP_FP9,1020,TWB_SM3,TWB_PCBA_PASTE_INSPECTION_TOP,PN-337126,00F15471,00F15471,PN-337126,00F15472,P20,,PROCESS,PN-27795,00F15471T-20180426154205,U5,2,E12,483,483,4.99,3.2,127,GOOD,GOOD,120.0735,151.0748,100.939,0,0.9055,4/26/2018 19:45
28206,1020,FP9,TOP,4009211043,4/26/2018 16:16,1524759300,TWB_SM3,TWB_PCBA_SM3_TOP_FP,TWB_PCBA_TOP_FP9,1020,TWB_SM3,TWB_PCBA_PASTE_INSPECTION_TOP,PN-337126,00F15471,00F15471,PN-337126,00F15472,P20,,PROCESS,PN-27795,00F15471T-20180426154205,U5,2,G10,483,483,2.11,-2.51,127,GOOD,GOOD,121.8268,151.9704,101.8093,0,0.9055,4/26/2018 19:45
28217,1020,FP9,TOP,4009211043,4/26/2018 16:16,1524759300,TWB_SM3,TWB_PCBA_SM3_TOP_FP,TWB_PCBA_TOP_FP9,1020,TWB_SM3,TWB_PCBA_PASTE_INSPECTION_TOP,PN-337126,00F15471,00F15471,PN-337126,00F15472,P20,,PROCESS,PN-27795,00F15471T-20180426154205,U5,2,P9,483,483,19.65,-1.81,127,GOOD,GOOD,122.7515,150.6536,103.4787,0,0.9055,4/26/2018 19:45
28328,1020,FP9,TOP,4009211043,4/26/2018 16:16,1524759300,TWB_SM3,TWB_PCBA_SM3_TOP_FP,TWB_PCBA_TOP_FP9,1020,TWB_SM3,TWB_PCBA_PASTE_INSPECTION_TOP,PN-337126,00F15471,00F15471,PN-337126,00F15472,P20,,PROCESS,PN-27795,00F15471T-20180426154205,U5,2,N7,483,483,9.08,12.15,127,GOOD,GOOD,122.1268,163.1353,95.07513,0,0.9055,4/26/2018 19:45
28357,1020,FP9,TOP,4009211043,4/26/2018 16:16,1524759300,TWB_SM3,TWB_PCBA_SM3_TOP_FP,TWB_PCBA_TOP_FP9,1020,TWB_SM3,TWB_PCBA_PASTE_INSPECTION_TOP,PN-337126,00F15471,00F15471,PN-337126,00F15472,P20,,PROCESS,PN-27795,00F15471T-20180426154205,U5,2,C14,483,483,0.6,-12.08,127,GOOD,GOOD,124.6387,149.0876,106.1733,0,0.9055,4/26/2018 19:45
28645,1020,FP9,TOP,4009211043,4/26/2018 16:16,1524759300,TWB_SM3,TWB_PCBA_SM3_TOP_FP,TWB_PCBA_TOP_FP9,1020,TWB_SM3,TWB_PCBA_PASTE_INSPECTION_TOP,PN-337126,00F15471,00F15471,PN-337126,00F15472,P20,,PROCESS,PN-27795,00F15471T-20180426154205,U5,2,R5,483,483,21.99,7.7,127,GOOD,GOOD,127.6023,157.3394,102.99700000000001,0,0.9055,4/26/2018 19:45
28908,1020,FP9,TOP,4009211043,4/26/2018 16:16,1524759300,TWB_SM3,TWB_PCBA_SM3_TOP_FP,TWB_PCBA_TOP_FP9,1020,TWB_SM3,TWB_PCBA_PASTE_INSPECTION_TOP,PN-337126,00F15471,00F15471,PN-337126,00F15472,P20,,PROCESS,PN-27795,00F15471T-20180426154205,U5,2,R9,483,483,16.29,-3.83,127,GOOD,GOOD,126.9603,154.1979,104.5666,0,0.9055,4/26/2018 19:45
28916,1020,FP9,TOP,4009211043,4/26/2018 16:16,1524759300,TWB_SM3,TWB_PCBA_SM3_TOP_FP,TWB_PCBA_TOP_FP9,1020,TWB_SM3,TWB_PCBA_PASTE_INSPECTION_TOP,PN-337126,00F15471,00F15471,PN-337126,00F15472,P20,,PROCESS,PN-27795,00F15471T-20180426154205,U5,2,N3,483,483,18.73,7.0,127,GOOD,GOOD,128.9575,160.0445,102.3316,0,0.9055,4/26/2018 19:45
29096,1020,FP9,TOP,4009211043,4/26/2018 16:16,1524759300,TWB_SM3,TWB_PCBA_SM3_TOP_FP,TWB_PCBA_TOP_FP9,1020,TWB_SM3,TWB_PCBA_PASTE_INSPECTION_TOP,PN-337126,00F15471,00F15471,PN-337126,00F15472,P20,,PROCESS,PN-27795,00F15471T-20180426154205,U5,2,R8,483,483,18.5,12.81,127,GOOD,GOOD,128.6998,150.3258,108.7297,0,0.9055,4/26/2018 19:45
29238,1020,FP9,TOP,4009211043,4/26/2018 16:16,1524759300,TWB_SM3,TWB_PCBA_SM3_TOP_FP,TWB_PCBA_TOP_FP9,1020,TWB_SM3,TWB_PCBA_PASTE_INSPECTION_TOP,PN-337126,00F15471,00F15471,PN-337126,00F15472,P20,,PROCESS,PN-27795,00F15471T-20180426154205,U5,2,R7,483,483,15.73,11.1,127,GOOD,GOOD,125.3912,152.5051,104.4206,0,0.9055,4/26/2018 19:45
29259,1020,FP9,TOP,4009211043,4/26/2018 16:16,1524759300,TWB_SM3,TWB_PCBA_SM3_TOP_FP,TWB_PCBA_TOP_FP9,1020,TWB_SM3,TWB_PCBA_PASTE_INSPECTION_TOP,PN-337126,00F15471,00F15471,PN-337126,00F15472,P20,,PROCESS,PN-27795,00F15471T-20180426154205,U5,2,K9,483,483,14.83,-5.09,127,GOOD,GOOD,122.8029,150.1905,103.8412,0,0.9055,4/26/2018 19:45
29341,1020,FP9,TOP,4009211043,4/26/2018 16:16,1524759300,TWB_SM3,TWB_PCBA_SM3_TOP_FP,TWB_PCBA_TOP_FP9,1020,TWB_SM3,TWB_PCBA_PASTE_INSPECTION_TOP,PN-337126,00F15471,00F15471,PN-337126,00F15472,P20,,PROCESS,PN-27795,00F15471T-20180426154205,U5,2,B14,483,483,5.67,-12.47,127,GOOD,GOOD,120.5711,148.257,103.2837,0,0.9055,4/26/2018 19:45
29478,1020,FP9,TOP,4009211043,4/26/2018 16:16,1524759300,TWB_SM3,TWB_PCBA_SM3_TOP_FP,TWB_PCBA_TOP_FP9,1020,TWB_SM3,TWB_PCBA_PASTE_INSPECTION_TOP,PN-337126,00F15471,00F15471,PN-337126,00F15472,P20,,PROCESS,PN-27795,00F15471T-20180426154205,U5,2,E2,483,483,19.63,5.69,127,GOOD,GOOD,124.6754,154.666,102.374,0,0.9055,4/26/2018 19:45
29485,1020,FP9,TOP,4009211043,4/26/2018 16:16,1524759300,TWB_SM3,TWB_PCBA_SM3_TOP_FP,TWB_PCBA_TOP_FP9,1020,TWB_SM3,TWB_PCBA_PASTE_INSPECTION_TOP,PN-337126,00F15471,00F15471,PN-337126,00F15472,P20,,PROCESS,PN-27795,00F15471T-20180426154205,U5,2,G12,483,483,-0.99,-0.67,127,GOOD,GOOD,122.3774,148.4413,104.7009,0,0.9055,4/26/2018 19:45
29497,1020,FP9,TOP,4009211043,4/26/2018 16:16,1524759300,TWB_SM3,TWB_PCBA_SM3_TOP_FP,TWB_PCBA_TOP_FP9,1020,TWB_SM3,TWB_PCBA_PASTE_INSPECTION_TOP,PN-337126,00F15471,00F15471,PN-337126,00F15472,P20,,PROCESS,PN-27795,00F15471T-20180426154205,U5,2,F9,483,483,1.83,-2.66,127,GOOD,GOOD,121.3007,151.6311,101.5965,0,0.9055,4/26/2018 19:45
29943,1020,FP9,TOP,4009211043,4/26/2018 16:16,1524759300,TWB_SM3,TWB_PCBA_SM3_TOP_FP,TWB_PCBA_TOP_FP9,1020,TWB_SM3,TWB_PCBA_PASTE_INSPECTION_TOP,PN-337126,00F15471,00F15471,PN-337126,00F15472,P20,,PROCESS,PN-27795,00F15471T-20180426154205,U5,2,A1,483,483,18.99,6.37,127,GOOD,GOOD,107.3826,147.9586,92.17168000000001,0,0.9055,4/26/2018 19:45
29944,1020,FP9,TOP,4009211043,4/26/2018 16:16,1524759300,TWB_SM3,TWB_PCBA_SM3_TOP_FP,TWB_PCBA_TOP_FP9,1020,TWB_SM3,TWB_PCBA_PASTE_INSPECTION_TOP,PN-337126,00F15471,00F15471,PN-337126,00F15472,P20,,PROCESS,PN-27795,00F15471T-20180426154205,U5,2,T10,483,483,7.59,-5.3,127,GOOD,GOOD,119.0334,157.7841,95.80972,0,0.9055,4/26/2018 19:45
29957,1020,FP9,TOP,4009211043,4/26/2018 16:16,1524759300,TWB_SM3,TWB_PCBA_SM3_TOP_FP,TWB_PCBA_TOP_FP9,1020,TWB_SM3,TWB_PCBA_PASTE_INSPECTION_TOP,PN-337126,00F15471,00F15471,PN-337126,00F15472,P20,,PROCESS,PN-27795,00F15471T-20180426154205,U5,2,G1,483,483,22.56,1.72,127,GOOD,GOOD,128.9007,166.2607,98.46214,0,0.9055,4/26/2018 19:45
29969,1020,FP9,TOP,4009211043,4/26/2018 16:16,1524759300,TWB_SM3,TWB_PCBA_SM3_TOP_FP,TWB_PCBA_TOP_FP9,1020,TWB_SM3,TWB_PCBA_PASTE_INSPECTION_TOP,PN-337126,00F15471,00F15471,PN-337126,00F15472,P20,,PROCESS,PN-27795,00F15471T-20180426154205,U5,2,D9,483,483,6.99,-2.44,127,GOOD,GOOD,120.0594,149.5788,101.9365,0,0.9055,4/26/2018 19:45
29978,1020,FP9,TOP,4009211043,4/26/2018 16:16,1524759300,TWB_SM3,TWB_PCBA_SM3_TOP_FP,TWB_PCBA_TOP_FP9,1020,TWB_SM3,TWB_PCBA_PASTE_INSPECTION_TOP,PN-337126,00F15471,00F15471,PN-337126,00F15472,P20,,PROCESS,PN-27795,00F15471T-20180426154205,U5,2,C16,483,483,-2.33,-8.58,127,GOOD,GOOD,121.06,153.5464,100.1301,0,0.9055,4/26/2018 19:45
30018,1020,FP9,TOP,4009211043,4/26/2018 16:16,1524759300,TWB_SM3,TWB_PCBA_SM3_TOP_FP,TWB_PCBA_TOP_FP9,1020,TWB_SM3,TWB_PCBA_PASTE_INSPECTION_TOP,PN-337126,00F15471,00F15471,PN-337126,00F15472,P20,,PROCESS,PN-27795,00F15471T-20180426154205,U5,2,P5,483,483,13.63,7.24,127,GOOD,GOOD,123.8485,161.3997,97.45217,0,0.9055,4/26/2018 19:45
30027,1020,FP9,TOP,4009211043,4/26/2018 16:16,1524759300,TWB_SM3,TWB_PCBA_SM3_TOP_FP,TWB_PCBA_TOP_FP9,1020,TWB_SM3,TWB_PCBA_PASTE_INSPECTION_TOP,PN-337126,00F15471,00F15471,PN-337126,00F15472,P20,,PROCESS,PN-27795,00F15471T-20180426154205,U5,2,G14,483,483,-1.44,4.49,127,GOOD,GOOD,124.432,158.1643,99.91427,0,0.9055,4/26/2018 19:45
30067,1020,FP9,TOP,4009211043,4/26/2018 16:16,1524759300,TWB_SM3,TWB_PCBA_SM3_TOP_FP,TWB_PCBA_TOP_FP9,1020,TWB_SM3,TWB_PCBA_PASTE_INSPECTION_TOP,PN-337126,00F15471,00F15471,PN-337126,00F15472,P20,,PROCESS,PN-27795,00F15471T-20180426154205,U5,2,R1,483,483,16.43,0.89,127,GOOD,GOOD,127.7527,164.0233,98.91637,0,0.9055,4/26/2018 19:45
30353,1020,FP9,TOP,4009211043,4/26/2018 16:16,1524759300,TWB_SM3,TWB_PCBA_SM3_TOP_FP,TWB_PCBA_TOP_FP9,1020,TWB_SM3,TWB_PCBA_PASTE_INSPECTION_TOP,PN-337126,00F15471,00F15471,PN-337126,00F15472,P20,,PROCESS,PN-27795,00F15471T-20180426154205,U5,2,E8,483,483,12.5,-3.8,127,GOOD,GOOD,127.7915,157.3787,103.124,0,0.9055,4/26/2018 19:45
30665,1020,FP9,TOP,4009211043,4/26/2018 16:16,1524759300,TWB_SM3,TWB_PCBA_SM3_TOP_FP,TWB_PCBA_TOP_FP9,1020,TWB_SM3,TWB_PCBA_PASTE_INSPECTION_TOP,PN-337126,00F15471,00F15471,PN-337126,00F15472,P20,,PROCESS,PN-27795,00F15471T-20180426154205,U5,2,D8,483,483,9.29,-4.19,127,GOOD,GOOD,126.2732,151.1724,106.0822,0,0.9055,4/26/2018 19:45
30669,1020,FP9,TOP,4009211043,4/26/2018 16:16,1524759300,TWB_SM3,TWB_PCBA_SM3_TOP_FP,TWB_PCBA_TOP_FP9,1020,TWB_SM3,TWB_PCBA_PASTE_INSPECTION_TOP,PN-337126,00F15471,00F15471,PN-337126,00F15472,P20,,PROCESS,PN-27795,00F15471T-20180426154205,U5,2,N2,483,483,21.77,3.64,127,GOOD,GOOD,130.2999,164.7245,100.4592,0,0.9055,4/26/2018 19:45
30692,1020,FP9,TOP,4009211043,4/26/2018 16:16,1524759300,TWB_SM3,TWB_PCBA_SM3_TOP_FP,TWB_PCBA_TOP_FP9,1020,TWB_SM3,TWB_PCBA_PASTE_INSPECTION_TOP,PN-337126,00F15471,00F15471,PN-337126,00F15472,P20,,PROCESS,PN-27795,00F15471T-20180426154205,U5,2,F7,483,483,12.21,-6.16,127,GOOD,GOOD,122.7571,151.6047,102.8342,0,0.9055,4/26/2018 19:45
30697,1020,FP9,TOP,4009211043,4/26/2018 16:16,1524759300,TWB_SM3,TWB_PCBA_SM3_TOP_FP,TWB_PCBA_TOP_FP9,1020,TWB_SM3,TWB_PCBA_PASTE_INSPECTION_TOP,PN-337126,00F15471,00F15471,PN-337126,00F15472,P20,,PROCESS,PN-27795,00F15471T-20180426154205,U5,2,M14,483,483,3.18,-1.86,127,GOOD,GOOD,119.4512,156.00799999999998,97.2405,0,0.9055,4/26/2018 19:45
31182,1020,FP9,TOP,4009211043,4/26/2018 16:16,1524759300,TWB_SM3,TWB_PCBA_SM3_TOP_FP,TWB_PCBA_TOP_FP9,1020,TWB_SM3,TWB_PCBA_PASTE_INSPECTION_TOP,PN-337126,00F15471,00F15471,PN-337126,00F15472,P20,,PROCESS,PN-27795,00F15471T-20180426154205,U5,2,C4,483,483,23.51,-9.6,127,GOOD,GOOD,131.4016,157.827,105.7361,0,0.9055,4/26/2018 19:45
31202,1020,FP9,TOP,4009211043,4/26/2018 16:16,1524759300,TWB_SM3,TWB_PCBA_SM3_TOP_FP,TWB_PCBA_TOP_FP9,1020,TWB_SM3,TWB_PCBA_PASTE_INSPECTION_TOP,PN-337126,00F15471,00F15471,PN-337126,00F15472,P20,,PROCESS,PN-27795,00F15471T-20180426154205,U5,2,M9,483,483,8.01,-7.31,127,GOOD,GOOD,122.9519,150.2565,103.9215,0,0.9055,4/26/2018 19:45
31233,1020,FP9,TOP,4009211043,4/26/2018 16:16,1524759300,TWB_SM3,TWB_PCBA_SM3_TOP_FP,TWB_PCBA_TOP_FP9,1020,TWB_SM3,TWB_PCBA_PASTE_INSPECTION_TOP,PN-337126,00F15471,00F15471,PN-337126,00F15472,P20,,PROCESS,PN-27795,00F15471T-20180426154205,U5,2,M13,483,483,3.81,-1.95,127,GOOD,GOOD,114.2569,147.9526,98.07621,0,0.9055,4/26/2018 19:45
31635,1020,FP9,TOP,4009211043,4/26/2018 16:16,1524759300,TWB_SM3,TWB_PCBA_SM3_TOP_FP,TWB_PCBA_TOP_FP9,1020,TWB_SM3,TWB_PCBA_PASTE_INSPECTION_TOP,PN-337126,00F15471,00F15471,PN-337126,00F15472,P20,,PROCESS,PN-27795,00F15471T-20180426154205,U5,2,L7,483,483,18.49,-9.2,127,GOOD,GOOD,122.3543,150.634,103.1572,0,0.9055,4/26/2018 19:45
31679,1020,FP9,TOP,4009211043,4/26/2018 16:16,1524759300,TWB_SM3,TWB_PCBA_SM3_TOP_FP,TWB_PCBA_TOP_FP9,1020,TWB_SM3,TWB_PCBA_PASTE_INSPECTION_TOP,PN-337126,00F15471,00F15471,PN-337126,00F15472,P20,,PROCESS,PN-27795,00F15471T-20180426154205,U5,2,G5,483,483,13.57,-11.27,127,GOOD,GOOD,126.9868,159.2749,101.2546,0,0.9055,4/26/2018 19:45
31818,1020,FP9,TOP,4009211043,4/26/2018 16:16,1524759300,TWB_SM3,TWB_PCBA_SM3_TOP_FP,TWB_PCBA_TOP_FP9,1020,TWB_SM3,TWB_PCBA_PASTE_INSPECTION_TOP,PN-337126,00F15471,00F15471,PN-337126,00F15472,P20,,PROCESS,PN-27795,00F15471T-20180426154205,U5,2,H1,483,483,16.67,2.11,127,GOOD,GOOD,131.3122,172.0661,96.92003000000001,0,0.9055,4/26/2018 19:45
31911,1020,FP9,TOP,4009211043,4/26/2018 16:16,1524759300,TWB_SM3,TWB_PCBA_SM3_TOP_FP,TWB_PCBA_TOP_FP9,1020,TWB_SM3,TWB_PCBA_PASTE_INSPECTION_TOP,PN-337126,00F15471,00F15471,PN-337126,00F15472,P20,,PROCESS,PN-27795,00F15471T-20180426154205,U5,2,H9,483,483,5.78,-3.87,127,GOOD,GOOD,123.7668,152.1292,103.3226,0,0.9055,4/26/2018 19:45
32054,1020,FP9,TOP,4009211043,4/26/2018 16:16,1524759300,TWB_SM3,TWB_PCBA_SM3_TOP_FP,TWB_PCBA_TOP_FP9,1020,TWB_SM3,TWB_PCBA_PASTE_INSPECTION_TOP,PN-337126,00F15471,00F15471,PN-337126,00F15472,P20,,PROCESS,PN-27795,00F15471T-20180426154205,U5,2,L8,483,483,12.05,-11.59,127,GOOD,GOOD,125.2013,148.8099,106.8515,0,0.9055,4/26/2018 19:45
32157,1020,FP9,TOP,4009211043,4/26/2018 16:16,1524759300,TWB_SM3,TWB_PCBA_SM3_TOP_FP,TWB_PCBA_TOP_FP9,1020,TWB_SM3,TWB_PCBA_PASTE_INSPECTION_TOP,PN-337126,00F15471,00F15471,PN-337126,00F15472,P20,,PROCESS,PN-27795,00F15471T-20180426154205,U5,2,F1,483,483,12.71,1.67,127,GOOD,GOOD,119.1953,157.7647,95.95182,0,0.9055,4/26/2018 19:45
32205,1020,FP9,TOP,4009211043,4/26/2018 16:16,1524759300,TWB_SM3,TWB_PCBA_SM3_TOP_FP,TWB_PCBA_TOP_FP9,1020,TWB_SM3,TWB_PCBA_PASTE_INSPECTION_TOP,PN-337126,00F15471,00F15471,PN-337126,00F15472,P20,,PROCESS,PN-27795,00F15471T-20180426154205,U5,2,F6,483,483,9.54,-7.91,127,GOOD,GOOD,122.3889,150.91899999999998,102.9917,0,0.9055,4/26/2018 19:45
32230,1020,FP9,TOP,4009211043,4/26/2018 16:16,1524759300,TWB_SM3,TWB_PCBA_SM3_TOP_FP,TWB_PCBA_TOP_FP9,1020,TWB_SM3,TWB_PCBA_PASTE_INSPECTION_TOP,PN-337126,00F15471,00F15471,PN-337126,00F15472,P20,,PROCESS,PN-27795,00F15471T-20180426154205,U5,2,G2,483,483,18.61,3.47,127,GOOD,GOOD,125.6455,163.5362,97.57455,0,0.9055,4/26/2018 19:45
32247,1020,FP9,TOP,4009211043,4/26/2018 16:16,1524759300,TWB_SM3,TWB_PCBA_SM3_TOP_FP,TWB_PCBA_TOP_FP9,1020,TWB_SM3,TWB_PCBA_PASTE_INSPECTION_TOP,PN-337126,00F15471,00F15471,PN-337126,00F15472,P20,,PROCESS,PN-27795,00F15471T-20180426154205,U5,2,D11,483,483,-0.9,1.06,127,GOOD,GOOD,122.5568,149.5189,104.0987,0,0.9055,4/26/2018 19:45
32248,1020,FP9,TOP,4009211043,4/26/2018 16:16,1524759300,TWB_SM3,TWB_PCBA_SM3_TOP_FP,TWB_PCBA_TOP_FP9,1020,TWB_SM3,TWB_PCBA_PASTE_INSPECTION_TOP,PN-337126,00F15471,00F15471,PN-337126,00F15472,P20,,PROCESS,PN-27795,00F15471T-20180426154205,U5,2,L16,483,483,3.66,-13.44,127,GOOD,GOOD,114.49700000000001,145.273,100.0951,0,0.9055,4/26/2018 19:45
32365,1020,FP9,TOP,4009211043,4/26/2018 16:16,1524759300,TWB_SM3,TWB_PCBA_SM3_TOP_FP,TWB_PCBA_TOP_FP9,1020,TWB_SM3,TWB_PCBA_PASTE_INSPECTION_TOP,PN-337126,00F15471,00F15471,PN-337126,00F15472,P20,,PROCESS,PN-27795,00F15471T-20180426154205,U5,2,F11,483,483,4.71,0.84,127,GOOD,GOOD,120.8875,155.7178,98.59312,0,0.9055,4/26/2018 19:45
32366,1020,FP9,TOP,4009211043,4/26/2018 16:16,1524759300,TWB_SM3,TWB_PCBA_SM3_TOP_FP,TWB_PCBA_TOP_FP9,1020,TWB_SM3,TWB_PCBA_PASTE_INSPECTION_TOP,PN-337126,00F15471,00F15471,PN-337126,00F15472,P20,,PROCESS,PN-27795,00F15471T-20180426154205,U5,2,N16,483,483,8.38,7.48,127,GOOD,GOOD,122.6972,154.3046,100.9856,0,0.9055,4/26/2018 19:45
32367,1020,FP9,TOP,4009211043,4/26/2018 16:16,1524759300,TWB_SM3,TWB_PCBA_SM3_TOP_FP,TWB_PCBA_TOP_FP9,1020,TWB_SM3,TWB_PCBA_PASTE_INSPECTION_TOP,PN-337126,00F15471,00F15471,PN-337126,00F15472,P20,,PROCESS,PN-27795,00F15471T-20180426154205,U5,2,T2,483,483,28.38,1.08,127,GOOD,GOOD,129.2946,168.1143,97.67414000000001,0,0.9055,4/26/2018 19:45
32432,1020,FP9,TOP,4009211043,4/26/2018 16:16,1524759300,TWB_SM3,TWB_PCBA_SM3_TOP_FP,TWB_PCBA_TOP_FP9,1020,TWB_SM3,TWB_PCBA_PASTE_INSPECTION_TOP,PN-337126,00F15471,00F15471,PN-337126,00F15472,P20,,PROCESS,PN-27795,00F15471T-20180426154205,U5,2,K12,483,483,8.78,0.17,127,GOOD,GOOD,119.3713,149.0871,101.6866,0,0.9055,4/26/2018 19:45
32438,1020,FP9,TOP,4009211043,4/26/2018 16:16,1524759300,TWB_SM3,TWB_PCBA_SM3_TOP_FP,TWB_PCBA_TOP_FP9,1020,TWB_SM3,TWB_PCBA_PASTE_INSPECTION_TOP,PN-337126,00F15471,00F15471,PN-337126,00F15472,P20,,PROCESS,PN-27795,00F15471T-20180426154205,U5,2,J13,483,483,9.07,1.53,127,GOOD,GOOD,118.3106,148.7045,101.0423,0,0.9055,4/26/2018 19:45
32439,1020,FP9,TOP,4009211043,4/26/2018 16:16,1524759300,TWB_SM3,TWB_PCBA_SM3_TOP_FP,TWB_PCBA_TOP_FP9,1020,TWB_SM3,TWB_PCBA_PASTE_INSPECTION_TOP,PN-337126,00F15471,00F15471,PN-337126,00F15472,P20,,PROCESS,PN-27795,00F15471T-20180426154205,U5,2,J6,483,483,5.94,-10.74,127,GOOD,GOOD,125.6227,165.8014,96.22406,0,0.9055,4/26/2018 19:45
32735,1020,FP9,TOP,4009211043,4/26/2018 16:16,1524759300,TWB_SM3,TWB_PCBA_SM3_TOP_FP,TWB_PCBA_TOP_FP9,1020,TWB_SM3,TWB_PCBA_PASTE_INSPECTION_TOP,PN-337126,00F15471,00F15471,PN-337126,00F15472,P20,,PROCESS,PN-27795,00F15471T-20180426154205,U5,2,L5,483,483,9.88,-12.7,127,GOOD,GOOD,126.475,160.1468,100.2975,0,0.9055,4/26/2018 19:45
32789,1020,FP9,TOP,4009211043,4/26/2018 16:16,1524759300,TWB_SM3,TWB_PCBA_SM3_TOP_FP,TWB_PCBA_TOP_FP9,1020,TWB_SM3,TWB_PCBA_PASTE_INSPECTION_TOP,PN-337126,00F15471,00F15471,PN-337126,00F15472,P20,,PROCESS,PN-27795,00F15471T-20180426154205,U5,2,R4,483,483,26.37,6.0,127,GOOD,GOOD,128.2095,156.2229,104.2268,0,0.9055,4/26/2018 19:45
32806,1020,FP9,TOP,4009211043,4/26/2018 16:16,1524759300,TWB_SM3,TWB_PCBA_SM3_TOP_FP,TWB_PCBA_TOP_FP9,1020,TWB_SM3,TWB_PCBA_PASTE_INSPECTION_TOP,PN-337126,00F15471,00F15471,PN-337126,00F15472,P20,,PROCESS,PN-27795,00F15471T-20180426154205,U5,2,K2,483,483,18.32,0.99,127,GOOD,GOOD,132.6076,165.4355,101.79899999999999,0,0.9055,4/26/2018 19:45
32857,1020,FP9,TOP,4009211043,4/26/2018 16:16,1524759300,TWB_SM3,TWB_PCBA_SM3_TOP_FP,TWB_PCBA_TOP_FP9,1020,TWB_SM3,TWB_PCBA_PASTE_INSPECTION_TOP,PN-337126,00F15471,00F15471,PN-337126,00F15472,P20,,PROCESS,PN-27795,00F15471T-20180426154205,U5,2,B9,483,483,13.81,-1.23,127,GOOD,GOOD,120.7103,153.9589,99.57337,0,0.9055,4/26/2018 19:45
