,plcng_plant_cd,mach_id,pcb_side_inspd,wo_num,defct_dttm,intrvl_key,plcng_area_cd,plcng_prcs_cd,plcng_wrk_ctr_cd,fndng_plant_cd,fndng_area_cd,fndng_prcs_cd,bld_part_no,bld_serial_no,barcd,assy_part_no,assy_serial_no,defct_cd,failed_test_code,fail_type,cmpnt_part_no,spi_test_id,ref_id,silkscrn_nbr,cmpntpin_nbr,cmpntpin_size_x_axis,cmpntpin_size_y_axis,solder_paste_offst_x_axis,solder_paste_offst_y_axis,pad_stncl_hgt,pad_spi_result,pad_spi_defct_type,solder_paste_vol_pct,solder_paste_hgt,solder_paste_area_pct,pkg_type,stncl_surf_area_ratio,extract_dttm
862,1020,FP9,TOP,4009168617,4/11/2018 7:07,1523430000,TWB_SM3,TWB_PCBA_SM3_TOP_FP,TWB_PCBA_TOP_FP9,1020,TWB_SM3,TWB_PCBA_PASTE_INSPECTION_TOP,PN-337126,00F0B9E8,00F0B9E8,PN-337126,00F0B9E8,P16,,PROCESS,PN-27795,00F0B9E8T-20180414124002,U5,1,G7,483,483,-1.64,-6.12,127,GOOD,GOOD,113.6159,166.33,86.75052,0,0.9055,4/14/2018 17:36
1133,1020,FP9,TOP,4009168617,4/11/2018 7:07,1523430000,TWB_SM3,TWB_PCBA_SM3_TOP_FP,TWB_PCBA_TOP_FP9,1020,TWB_SM3,TWB_PCBA_PASTE_INSPECTION_TOP,PN-337126,00F0B9E8,00F0B9E8,PN-337126,00F0B9E8,P16,,PROCESS,PN-27795,00F0B9E8T-20180414124002,U5,1,H14,483,483,-6.7,5.76,127,GOOD,GOOD,121.6909,173.7177,88.96469,0,0.9055,4/14/2018 17:36
1174,1020,FP9,TOP,4009168617,4/11/2018 7:07,1523430000,TWB_SM3,TWB_PCBA_SM3_TOP_FP,TWB_PCBA_TOP_FP9,1020,TWB_SM3,TWB_PCBA_PASTE_INSPECTION_TOP,PN-337126,00F0B9E8,00F0B9E8,PN-337126,00F0B9E8,P16,,PROCESS,PN-27795,00F0B9E8T-20180414124002,U5,1,G14,483,483,-5.08,5.22,127,GOOD,GOOD,111.6208,159.6851,88.77372,0,0.9055,4/14/2018 17:36
1730,1020,FP9,TOP,4009168617,4/11/2018 7:07,1523430000,TWB_SM3,TWB_PCBA_SM3_TOP_FP,TWB_PCBA_TOP_FP9,1020,TWB_SM3,TWB_PCBA_PASTE_INSPECTION_TOP,PN-337126,00F0B9E8,00F0B9E8,PN-337126,00F0B9E8,P16,,PROCESS,PN-27795,00F0B9E8T-20180414124002,U5,1,T7,483,483,4.45,8.57,127,GOOD,GOOD,114.7477,160.601,90.74011999999999,0,0.9055,4/14/2018 17:36
1736,1020,FP9,TOP,4009168617,4/11/2018 7:07,1523430000,TWB_SM3,TWB_PCBA_SM3_TOP_FP,TWB_PCBA_TOP_FP9,1020,TWB_SM3,TWB_PCBA_PASTE_INSPECTION_TOP,PN-337126,00F0B9E8,00F0B9E8,PN-337126,00F0B9E8,P16,,PROCESS,PN-27795,00F0B9E8T-20180414124002,U5,1,G6,483,483,-1.15,-7.74,127,GOOD,GOOD,106.4959,143.9121,93.98084,0,0.9055,4/14/2018 17:36
1824,1020,FP9,TOP,4009168617,4/11/2018 7:07,1523430000,TWB_SM3,TWB_PCBA_SM3_TOP_FP,TWB_PCBA_TOP_FP9,1020,TWB_SM3,TWB_PCBA_PASTE_INSPECTION_TOP,PN-337126,00F0B9E8,00F0B9E8,PN-337126,00F0B9E8,P16,,PROCESS,PN-27795,00F0B9E8T-20180414124002,U5,1,E14,483,483,-1.84,-12.86,127,GOOD,GOOD,113.6004,160.7943,89.7249,0,0.9055,4/14/2018 17:36
1829,1020,FP9,TOP,4009168617,4/11/2018 7:07,1523430000,TWB_SM3,TWB_PCBA_SM3_TOP_FP,TWB_PCBA_TOP_FP9,1020,TWB_SM3,TWB_PCBA_PASTE_INSPECTION_TOP,PN-337126,00F0B9E8,00F0B9E8,PN-337126,00F0B9E8,P16,,PROCESS,PN-27795,00F0B9E8T-20180414124002,U5,1,J10,483,483,-5.36,-2.19,127,GOOD,GOOD,117.1215,152.9612,97.24318000000001,0,0.9055,4/14/2018 17:36
1830,1020,FP9,TOP,4009168617,4/11/2018 7:07,1523430000,TWB_SM3,TWB_PCBA_SM3_TOP_FP,TWB_PCBA_TOP_FP9,1020,TWB_SM3,TWB_PCBA_PASTE_INSPECTION_TOP,PN-337126,00F0B9E8,00F0B9E8,PN-337126,00F0B9E8,P16,,PROCESS,PN-27795,00F0B9E8T-20180414124002,U5,1,J3,483,483,-1.93,-13.53,127,GOOD,GOOD,105.2353,152.9668,87.37111999999999,0,0.9055,4/14/2018 17:36
1831,1020,FP9,TOP,4009168617,4/11/2018 7:07,1523430000,TWB_SM3,TWB_PCBA_SM3_TOP_FP,TWB_PCBA_TOP_FP9,1020,TWB_SM3,TWB_PCBA_PASTE_INSPECTION_TOP,PN-337126,00F0B9E8,00F0B9E8,PN-337126,00F0B9E8,P16,,PROCESS,PN-27795,00F0B9E8T-20180414124002,U5,1,R15,483,483,2.31,2.98,127,GOOD,GOOD,112.01700000000001,154.3202,92.18593,0,0.9055,4/14/2018 17:36
1953,1020,FP9,TOP,4009168617,4/11/2018 7:07,1523430000,TWB_SM3,TWB_PCBA_SM3_TOP_FP,TWB_PCBA_TOP_FP9,1020,TWB_SM3,TWB_PCBA_PASTE_INSPECTION_TOP,PN-337126,00F0B9E8,00F0B9E8,PN-337126,00F0B9E8,P16,,PROCESS,PN-27795,00F0B9E8T-20180414124002,U5,1,P3,483,483,-6.85,3.02,127,GOOD,GOOD,111.1661,150.3703,93.88889,0,0.9055,4/14/2018 17:36
2059,1020,FP9,TOP,4009168617,4/11/2018 7:07,1523430000,TWB_SM3,TWB_PCBA_SM3_TOP_FP,TWB_PCBA_TOP_FP9,1020,TWB_SM3,TWB_PCBA_PASTE_INSPECTION_TOP,PN-337126,00F0B9E8,00F0B9E8,PN-337126,00F0B9E8,P16,,PROCESS,PN-27795,00F0B9E8T-20180414124002,U5,1,F2,483,483,2.42,-12.76,127,GOOD,GOOD,117.8108,163.6815,91.40908,0,0.9055,4/14/2018 17:36
2216,1020,FP9,TOP,4009168617,4/11/2018 7:07,1523430000,TWB_SM3,TWB_PCBA_SM3_TOP_FP,TWB_PCBA_TOP_FP9,1020,TWB_SM3,TWB_PCBA_PASTE_INSPECTION_TOP,PN-337126,00F0B9E8,00F0B9E8,PN-337126,00F0B9E8,P16,,PROCESS,PN-27795,00F0B9E8T-20180414124002,U5,1,N1,483,483,-5.27,1.23,127,GOOD,GOOD,107.925,157.8187,86.84949,0,0.9055,4/14/2018 17:36
2388,1020,FP9,TOP,4009168617,4/11/2018 7:07,1523430000,TWB_SM3,TWB_PCBA_SM3_TOP_FP,TWB_PCBA_TOP_FP9,1020,TWB_SM3,TWB_PCBA_PASTE_INSPECTION_TOP,PN-337126,00F0B9E8,00F0B9E8,PN-337126,00F0B9E8,P16,,PROCESS,PN-27795,00F0B9E8T-20180414124002,U5,1,T3,483,483,9.91,2.09,127,GOOD,GOOD,113.1834,161.9814,88.74034,0,0.9055,4/14/2018 17:36
2727,1020,FP9,TOP,4009168617,4/11/2018 7:07,1523430000,TWB_SM3,TWB_PCBA_SM3_TOP_FP,TWB_PCBA_TOP_FP9,1020,TWB_SM3,TWB_PCBA_PASTE_INSPECTION_TOP,PN-337126,00F0B9E8,00F0B9E8,PN-337126,00F0B9E8,P16,,PROCESS,PN-27795,00F0B9E8T-20180414124002,U5,1,D16,483,483,-1.2,-10.15,127,GOOD,GOOD,103.9559,157.291,83.93615,0,0.9055,4/14/2018 17:36
2796,1020,FP9,TOP,4009168617,4/11/2018 7:07,1523430000,TWB_SM3,TWB_PCBA_SM3_TOP_FP,TWB_PCBA_TOP_FP9,1020,TWB_SM3,TWB_PCBA_PASTE_INSPECTION_TOP,PN-337126,00F0B9E8,00F0B9E8,PN-337126,00F0B9E8,P16,,PROCESS,PN-27795,00F0B9E8T-20180414124002,U5,1,P6,483,483,5.7,7.88,127,GOOD,GOOD,108.8538,154.0671,89.72991999999999,0,0.9055,4/14/2018 17:36
2819,1020,FP9,TOP,4009168617,4/11/2018 7:07,1523430000,TWB_SM3,TWB_PCBA_SM3_TOP_FP,TWB_PCBA_TOP_FP9,1020,TWB_SM3,TWB_PCBA_PASTE_INSPECTION_TOP,PN-337126,00F0B9E8,00F0B9E8,PN-337126,00F0B9E8,P16,,PROCESS,PN-27795,00F0B9E8T-20180414124002,U5,1,A9,483,483,3.78,0.9,127,GOOD,GOOD,112.0974,143.9861,98.87324,0,0.9055,4/14/2018 17:36
2820,1020,FP9,TOP,4009168617,4/11/2018 7:07,1523430000,TWB_SM3,TWB_PCBA_SM3_TOP_FP,TWB_PCBA_TOP_FP9,1020,TWB_SM3,TWB_PCBA_PASTE_INSPECTION_TOP,PN-337126,00F0B9E8,00F0B9E8,PN-337126,00F0B9E8,P16,,PROCESS,PN-27795,00F0B9E8T-20180414124002,U5,1,L13,483,483,4.13,2.75,127,GOOD,GOOD,118.3733,157.7032,95.32722,0,0.9055,4/14/2018 17:36
3359,1020,FP9,TOP,4009168617,4/11/2018 7:07,1523430000,TWB_SM3,TWB_PCBA_SM3_TOP_FP,TWB_PCBA_TOP_FP9,1020,TWB_SM3,TWB_PCBA_PASTE_INSPECTION_TOP,PN-337126,00F0B9E8,00F0B9E8,PN-337126,00F0B9E8,P16,,PROCESS,PN-27795,00F0B9E8T-20180414124002,U5,1,A13,483,483,6.13,-12.62,127,GOOD,GOOD,109.9452,150.1763,92.97769,0,0.9055,4/14/2018 17:36
3807,1020,FP9,TOP,4009168617,4/11/2018 7:07,1523430000,TWB_SM3,TWB_PCBA_SM3_TOP_FP,TWB_PCBA_TOP_FP9,1020,TWB_SM3,TWB_PCBA_PASTE_INSPECTION_TOP,PN-337126,00F0B9E8,00F0B9E8,PN-337126,00F0B9E8,P16,,PROCESS,PN-27795,00F0B9E8T-20180414124002,U5,1,F3,483,483,2.93,-11.14,127,GOOD,GOOD,104.8463,149.2778,89.19934,0,0.9055,4/14/2018 17:36
3821,1020,FP9,TOP,4009168617,4/11/2018 7:07,1523430000,TWB_SM3,TWB_PCBA_SM3_TOP_FP,TWB_PCBA_TOP_FP9,1020,TWB_SM3,TWB_PCBA_PASTE_INSPECTION_TOP,PN-337126,00F0B9E8,00F0B9E8,PN-337126,00F0B9E8,P16,,PROCESS,PN-27795,00F0B9E8T-20180414124002,U5,1,D15,483,483,0.29,-11.77,127,GOOD,GOOD,105.3613,151.5137,88.31464,0,0.9055,4/14/2018 17:36
3917,1020,FP9,TOP,4009168617,4/11/2018 7:07,1523430000,TWB_SM3,TWB_PCBA_SM3_TOP_FP,TWB_PCBA_TOP_FP9,1020,TWB_SM3,TWB_PCBA_PASTE_INSPECTION_TOP,PN-337126,00F0B9E8,00F0B9E8,PN-337126,00F0B9E8,P16,,PROCESS,PN-27795,00F0B9E8T-20180414124002,U5,1,P4,483,483,-8.35,4.63,127,GOOD,GOOD,104.3272,149.1257,88.84818,0,0.9055,4/14/2018 17:36
4040,1020,FP9,TOP,4009168617,4/11/2018 7:07,1523430000,TWB_SM3,TWB_PCBA_SM3_TOP_FP,TWB_PCBA_TOP_FP9,1020,TWB_SM3,TWB_PCBA_PASTE_INSPECTION_TOP,PN-337126,00F0B9E8,00F0B9E8,PN-337126,00F0B9E8,P16,,PROCESS,PN-27795,00F0B9E8T-20180414124002,U5,1,F15,483,483,-5.44,-11.7,127,GOOD,GOOD,107.7233,150.7179,90.77129000000001,0,0.9055,4/14/2018 17:36
4069,1020,FP9,TOP,4009168617,4/11/2018 7:07,1523430000,TWB_SM3,TWB_PCBA_SM3_TOP_FP,TWB_PCBA_TOP_FP9,1020,TWB_SM3,TWB_PCBA_PASTE_INSPECTION_TOP,PN-337126,00F0B9E8,00F0B9E8,PN-337126,00F0B9E8,P16,,PROCESS,PN-27795,00F0B9E8T-20180414124002,U5,1,F12,483,483,-2.48,3.44,127,GOOD,GOOD,107.296,149.5454,91.12009,0,0.9055,4/14/2018 17:36
4070,1020,FP9,TOP,4009168617,4/11/2018 7:07,1523430000,TWB_SM3,TWB_PCBA_SM3_TOP_FP,TWB_PCBA_TOP_FP9,1020,TWB_SM3,TWB_PCBA_PASTE_INSPECTION_TOP,PN-337126,00F0B9E8,00F0B9E8,PN-337126,00F0B9E8,P16,,PROCESS,PN-27795,00F0B9E8T-20180414124002,U5,1,F4,483,483,1.44,-9.52,127,GOOD,GOOD,111.9876,170.8912,83.225,0,0.9055,4/14/2018 17:36
4188,1020,FP9,TOP,4009168617,4/11/2018 7:07,1523430000,TWB_SM3,TWB_PCBA_SM3_TOP_FP,TWB_PCBA_TOP_FP9,1020,TWB_SM3,TWB_PCBA_PASTE_INSPECTION_TOP,PN-337126,00F0B9E8,00F0B9E8,PN-337126,00F0B9E8,P16,,PROCESS,PN-27795,00F0B9E8T-20180414124002,U5,1,L5,483,483,-6.14,-10.22,127,GOOD,GOOD,111.7593,157.3859,90.18236999999999,0,0.9055,4/14/2018 17:36
4199,1020,FP9,TOP,4009168617,4/11/2018 7:07,1523430000,TWB_SM3,TWB_PCBA_SM3_TOP_FP,TWB_PCBA_TOP_FP9,1020,TWB_SM3,TWB_PCBA_PASTE_INSPECTION_TOP,PN-337126,00F0B9E8,00F0B9E8,PN-337126,00F0B9E8,P16,,PROCESS,PN-27795,00F0B9E8T-20180414124002,U5,1,T6,483,483,7.43,6.95,127,GOOD,GOOD,114.7933,151.4578,96.25613,0,0.9055,4/14/2018 17:36
4271,1020,FP9,TOP,4009168617,4/11/2018 7:07,1523430000,TWB_SM3,TWB_PCBA_SM3_TOP_FP,TWB_PCBA_TOP_FP9,1020,TWB_SM3,TWB_PCBA_PASTE_INSPECTION_TOP,PN-337126,00F0B9E8,00F0B9E8,PN-337126,00F0B9E8,P16,,PROCESS,PN-27795,00F0B9E8T-20180414124002,U5,1,G10,483,483,-2.12,-1.26,127,GOOD,GOOD,112.5599,154.0788,92.77787,0,0.9055,4/14/2018 17:36
4294,1020,FP9,TOP,4009168617,4/11/2018 7:07,1523430000,TWB_SM3,TWB_PCBA_SM3_TOP_FP,TWB_PCBA_TOP_FP9,1020,TWB_SM3,TWB_PCBA_PASTE_INSPECTION_TOP,PN-337126,00F0B9E8,00F0B9E8,PN-337126,00F0B9E8,P16,,PROCESS,PN-27795,00F0B9E8T-20180414124002,U5,1,E9,483,483,0.61,-0.96,127,GOOD,GOOD,109.1412,155.8222,88.95348,0,0.9055,4/14/2018 17:36
4322,1020,FP9,TOP,4009168617,4/11/2018 7:07,1523430000,TWB_SM3,TWB_PCBA_SM3_TOP_FP,TWB_PCBA_TOP_FP9,1020,TWB_SM3,TWB_PCBA_PASTE_INSPECTION_TOP,PN-337126,00F0B9E8,00F0B9E8,PN-337126,00F0B9E8,P16,,PROCESS,PN-27795,00F0B9E8T-20180414124002,U5,1,C4,483,483,6.3,-8.13,127,GOOD,GOOD,106.6365,155.5521,87.06303,0,0.9055,4/14/2018 17:36
4433,1020,FP9,TOP,4009168617,4/11/2018 7:07,1523430000,TWB_SM3,TWB_PCBA_SM3_TOP_FP,TWB_PCBA_TOP_FP9,1020,TWB_SM3,TWB_PCBA_PASTE_INSPECTION_TOP,PN-337126,00F0B9E8,00F0B9E8,PN-337126,00F0B9E8,P16,,PROCESS,PN-27795,00F0B9E8T-20180414124002,U5,1,B5,483,483,8.45,-7.05,127,GOOD,GOOD,109.0338,155.0379,89.31554,0,0.9055,4/14/2018 17:36
4473,1020,FP9,TOP,4009168617,4/11/2018 7:07,1523430000,TWB_SM3,TWB_PCBA_SM3_TOP_FP,TWB_PCBA_TOP_FP9,1020,TWB_SM3,TWB_PCBA_PASTE_INSPECTION_TOP,PN-337126,00F0B9E8,00F0B9E8,PN-337126,00F0B9E8,P16,,PROCESS,PN-27795,00F0B9E8T-20180414124002,U5,1,P9,483,483,8.37,-7.27,127,GOOD,GOOD,108.7907,157.7302,87.59525,0,0.9055,4/14/2018 17:36
4489,1020,FP9,TOP,4009168617,4/11/2018 7:07,1523430000,TWB_SM3,TWB_PCBA_SM3_TOP_FP,TWB_PCBA_TOP_FP9,1020,TWB_SM3,TWB_PCBA_PASTE_INSPECTION_TOP,PN-337126,00F0B9E8,00F0B9E8,PN-337126,00F0B9E8,P16,,PROCESS,PN-27795,00F0B9E8T-20180414124002,U5,1,J13,483,483,-6.83,2.68,127,GOOD,GOOD,112.5617,157.8701,90.55122,0,0.9055,4/14/2018 17:36
4490,1020,FP9,TOP,4009168617,4/11/2018 7:07,1523430000,TWB_SM3,TWB_PCBA_SM3_TOP_FP,TWB_PCBA_TOP_FP9,1020,TWB_SM3,TWB_PCBA_PASTE_INSPECTION_TOP,PN-337126,00F0B9E8,00F0B9E8,PN-337126,00F0B9E8,P16,,PROCESS,PN-27795,00F0B9E8T-20180414124002,U5,1,J6,483,483,-4.39,-8.67,127,GOOD,GOOD,112.2562,157.1131,90.7406,0,0.9055,4/14/2018 17:36
4937,1020,FP9,TOP,4009168617,4/11/2018 7:07,1523430000,TWB_SM3,TWB_PCBA_SM3_TOP_FP,TWB_PCBA_TOP_FP9,1020,TWB_SM3,TWB_PCBA_PASTE_INSPECTION_TOP,PN-337126,00F0B9E8,00F0B9E8,PN-337126,00F0B9E8,P16,,PROCESS,PN-27795,00F0B9E8T-20180414124002,U5,1,R7,483,483,8.55,10.02,127,GOOD,GOOD,108.5458,154.6998,89.11017,0,0.9055,4/14/2018 17:36
5449,1020,FP9,TOP,4009168617,4/11/2018 7:07,1523430000,TWB_SM3,TWB_PCBA_SM3_TOP_FP,TWB_PCBA_TOP_FP9,1020,TWB_SM3,TWB_PCBA_PASTE_INSPECTION_TOP,PN-337126,00F0B9E8,00F0B9E8,PN-337126,00F0B9E8,P16,,PROCESS,PN-27795,00F0B9E8T-20180414124002,U5,1,N13,483,483,6.53,0.67,127,GOOD,GOOD,103.4461,150.9716,87.02071,0,0.9055,4/14/2018 17:36
5570,1020,FP9,TOP,4009168617,4/11/2018 7:07,1523430000,TWB_SM3,TWB_PCBA_SM3_TOP_FP,TWB_PCBA_TOP_FP9,1020,TWB_SM3,TWB_PCBA_PASTE_INSPECTION_TOP,PN-337126,00F0B9E8,00F0B9E8,PN-337126,00F0B9E8,P16,,PROCESS,PN-27795,00F0B9E8T-20180414124002,U5,1,H3,483,483,-0.31,-12.07,127,GOOD,GOOD,108.8695,146.2461,94.54214,0,0.9055,4/14/2018 17:36
5579,1020,FP9,TOP,4009168617,4/11/2018 7:07,1523430000,TWB_SM3,TWB_PCBA_SM3_TOP_FP,TWB_PCBA_TOP_FP9,1020,TWB_SM3,TWB_PCBA_PASTE_INSPECTION_TOP,PN-337126,00F0B9E8,00F0B9E8,PN-337126,00F0B9E8,P16,,PROCESS,PN-27795,00F0B9E8T-20180414124002,U5,1,F6,483,483,0.47,-6.28,127,GOOD,GOOD,112.4704,155.2511,92.00412,0,0.9055,4/14/2018 17:36
5714,1020,FP9,TOP,4009168617,4/11/2018 7:07,1523430000,TWB_SM3,TWB_PCBA_SM3_TOP_FP,TWB_PCBA_TOP_FP9,1020,TWB_SM3,TWB_PCBA_PASTE_INSPECTION_TOP,PN-337126,00F0B9E8,00F0B9E8,PN-337126,00F0B9E8,P16,,PROCESS,PN-27795,00F0B9E8T-20180414124002,U5,1,N4,483,483,-6.73,6.09,127,GOOD,GOOD,110.7204,160.3192,87.70936,0,0.9055,4/14/2018 17:36
5802,1020,FP9,TOP,4009168617,4/11/2018 7:07,1523430000,TWB_SM3,TWB_PCBA_SM3_TOP_FP,TWB_PCBA_TOP_FP9,1020,TWB_SM3,TWB_PCBA_PASTE_INSPECTION_TOP,PN-337126,00F0B9E8,00F0B9E8,PN-337126,00F0B9E8,P16,,PROCESS,PN-27795,00F0B9E8T-20180414124002,U5,1,N8,483,483,-7.7,12.57,127,GOOD,GOOD,109.5725,156.7889,88.75444,0,0.9055,4/14/2018 17:36
5837,1020,FP9,TOP,4009168617,4/11/2018 7:07,1523430000,TWB_SM3,TWB_PCBA_SM3_TOP_FP,TWB_PCBA_TOP_FP9,1020,TWB_SM3,TWB_PCBA_PASTE_INSPECTION_TOP,PN-337126,00F0B9E8,00F0B9E8,PN-337126,00F0B9E8,P16,,PROCESS,PN-27795,00F0B9E8T-20180414124002,U5,1,B16,483,483,2.04,-9.23,127,GOOD,GOOD,105.635,153.7296,87.26784,0,0.9055,4/14/2018 17:36
5949,1020,FP9,TOP,4009168617,4/11/2018 7:07,1523430000,TWB_SM3,TWB_PCBA_SM3_TOP_FP,TWB_PCBA_TOP_FP9,1020,TWB_SM3,TWB_PCBA_PASTE_INSPECTION_TOP,PN-337126,00F0B9E8,00F0B9E8,PN-337126,00F0B9E8,P16,,PROCESS,PN-27795,00F0B9E8T-20180414124002,U5,1,F9,483,483,-1.01,-1.42,127,GOOD,GOOD,109.2003,155.4225,89.23053,0,0.9055,4/14/2018 17:36
5969,1020,FP9,TOP,4009168617,4/11/2018 7:07,1523430000,TWB_SM3,TWB_PCBA_SM3_TOP_FP,TWB_PCBA_TOP_FP9,1020,TWB_SM3,TWB_PCBA_PASTE_INSPECTION_TOP,PN-337126,00F0B9E8,00F0B9E8,PN-337126,00F0B9E8,P16,,PROCESS,PN-27795,00F0B9E8T-20180414124002,U5,1,B6,483,483,6.95,-5.43,127,GOOD,GOOD,119.1328,168.2171,89.94253,0,0.9055,4/14/2018 17:36
6380,1020,FP9,TOP,4009168617,4/11/2018 7:07,1523430000,TWB_SM3,TWB_PCBA_SM3_TOP_FP,TWB_PCBA_TOP_FP9,1020,TWB_SM3,TWB_PCBA_PASTE_INSPECTION_TOP,PN-337126,00F0B9E8,00F0B9E8,PN-337126,00F0B9E8,P16,,PROCESS,PN-27795,00F0B9E8T-20180414124002,U5,1,R2,483,483,11.0,1.92,127,GOOD,GOOD,116.881,162.5783,91.30296,0,0.9055,4/14/2018 17:36
6553,1020,FP9,TOP,4009168617,4/11/2018 7:07,1523430000,TWB_SM3,TWB_PCBA_SM3_TOP_FP,TWB_PCBA_TOP_FP9,1020,TWB_SM3,TWB_PCBA_PASTE_INSPECTION_TOP,PN-337126,00F0B9E8,00F0B9E8,PN-337126,00F0B9E8,P16,,PROCESS,PN-27795,00F0B9E8T-20180414124002,U5,1,B8,483,483,6.97,-2.19,127,GOOD,GOOD,110.7205,150.8203,93.23348,0,0.9055,4/14/2018 17:36
6577,1020,FP9,TOP,4009168617,4/11/2018 7:07,1523430000,TWB_SM3,TWB_PCBA_SM3_TOP_FP,TWB_PCBA_TOP_FP9,1020,TWB_SM3,TWB_PCBA_PASTE_INSPECTION_TOP,PN-337126,00F0B9E8,00F0B9E8,PN-337126,00F0B9E8,P16,,PROCESS,PN-27795,00F0B9E8T-20180414124002,U5,1,L6,483,483,-7.64,-8.6,127,GOOD,GOOD,115.8748,168.2616,87.45965,0,0.9055,4/14/2018 17:36
6797,1020,FP9,TOP,4009168617,4/11/2018 7:07,1523430000,TWB_SM3,TWB_PCBA_SM3_TOP_FP,TWB_PCBA_TOP_FP9,1020,TWB_SM3,TWB_PCBA_PASTE_INSPECTION_TOP,PN-337126,00F0B9E8,00F0B9E8,PN-337126,00F0B9E8,P16,,PROCESS,PN-27795,00F0B9E8T-20180414124002,U5,1,G16,483,483,-7.72,-11.54,127,GOOD,GOOD,108.4301,142.2448,96.80935,0,0.9055,4/14/2018 17:36
6994,1020,FP9,TOP,4009168617,4/11/2018 7:07,1523430000,TWB_SM3,TWB_PCBA_SM3_TOP_FP,TWB_PCBA_TOP_FP9,1020,TWB_SM3,TWB_PCBA_PASTE_INSPECTION_TOP,PN-337126,00F0B9E8,00F0B9E8,PN-337126,00F0B9E8,P16,,PROCESS,PN-27795,00F0B9E8T-20180414124002,U5,1,L4,483,483,-6.67,-11.84,127,GOOD,GOOD,107.9413,153.8971,89.07600000000001,0,0.9055,4/14/2018 17:36
7025,1020,FP9,TOP,4009168617,4/11/2018 7:07,1523430000,TWB_SM3,TWB_PCBA_SM3_TOP_FP,TWB_PCBA_TOP_FP9,1020,TWB_SM3,TWB_PCBA_PASTE_INSPECTION_TOP,PN-337126,00F0B9E8,00F0B9E8,PN-337126,00F0B9E8,P16,,PROCESS,PN-27795,00F0B9E8T-20180414124002,U5,1,A6,483,483,8.57,-3.96,127,GOOD,GOOD,108.4839,145.8745,94.4473,0,0.9055,4/14/2018 17:36
7026,1020,FP9,TOP,4009168617,4/11/2018 7:07,1523430000,TWB_SM3,TWB_PCBA_SM3_TOP_FP,TWB_PCBA_TOP_FP9,1020,TWB_SM3,TWB_PCBA_PASTE_INSPECTION_TOP,PN-337126,00F0B9E8,00F0B9E8,PN-337126,00F0B9E8,P16,,PROCESS,PN-27795,00F0B9E8T-20180414124002,U5,1,L10,483,483,-8.6,-2.11,127,GOOD,GOOD,112.0736,152.5117,93.32623000000001,0,0.9055,4/14/2018 17:36
7027,1020,FP9,TOP,4009168617,4/11/2018 7:07,1523430000,TWB_SM3,TWB_PCBA_SM3_TOP_FP,TWB_PCBA_TOP_FP9,1020,TWB_SM3,TWB_PCBA_PASTE_INSPECTION_TOP,PN-337126,00F0B9E8,00F0B9E8,PN-337126,00F0B9E8,P16,,PROCESS,PN-27795,00F0B9E8T-20180414124002,U5,1,T15,483,483,4.01,1.53,127,GOOD,GOOD,115.7889,158.4157,92.82659,0,0.9055,4/14/2018 17:36
7226,1020,FP9,TOP,4009168617,4/11/2018 7:07,1523430000,TWB_SM3,TWB_PCBA_SM3_TOP_FP,TWB_PCBA_TOP_FP9,1020,TWB_SM3,TWB_PCBA_PASTE_INSPECTION_TOP,PN-337126,00F0B9E8,00F0B9E8,PN-337126,00F0B9E8,P16,,PROCESS,PN-27795,00F0B9E8T-20180414124002,U5,1,B2,483,483,8.91,-11.91,127,GOOD,GOOD,106.2124,164.8203,81.84048,0,0.9055,4/14/2018 17:36
7276,1020,FP9,TOP,4009168617,4/11/2018 7:07,1523430000,TWB_SM3,TWB_PCBA_SM3_TOP_FP,TWB_PCBA_TOP_FP9,1020,TWB_SM3,TWB_PCBA_PASTE_INSPECTION_TOP,PN-337126,00F0B9E8,00F0B9E8,PN-337126,00F0B9E8,P16,,PROCESS,PN-27795,00F0B9E8T-20180414124002,U5,1,D3,483,483,6.17,-11.21,127,GOOD,GOOD,109.9634,165.5426,84.36112,0,0.9055,4/14/2018 17:36
7307,1020,FP9,TOP,4009168617,4/11/2018 7:07,1523430000,TWB_SM3,TWB_PCBA_SM3_TOP_FP,TWB_PCBA_TOP_FP9,1020,TWB_SM3,TWB_PCBA_PASTE_INSPECTION_TOP,PN-337126,00F0B9E8,00F0B9E8,PN-337126,00F0B9E8,P16,,PROCESS,PN-27795,00F0B9E8T-20180414124002,U5,1,F16,483,483,-4.45,-10.08,127,GOOD,GOOD,105.8781,146.1693,91.99277,0,0.9055,4/14/2018 17:36
7349,1020,FP9,TOP,4009168617,4/11/2018 7:07,1523430000,TWB_SM3,TWB_PCBA_SM3_TOP_FP,TWB_PCBA_TOP_FP9,1020,TWB_SM3,TWB_PCBA_PASTE_INSPECTION_TOP,PN-337126,00F0B9E8,00F0B9E8,PN-337126,00F0B9E8,P16,,PROCESS,PN-27795,00F0B9E8T-20180414124002,U5,1,J2,483,483,-2.43,4.85,127,GOOD,GOOD,106.8965,158.1003,85.86861999999999,0,0.9055,4/14/2018 17:36
7350,1020,FP9,TOP,4009168617,4/11/2018 7:07,1523430000,TWB_SM3,TWB_PCBA_SM3_TOP_FP,TWB_PCBA_TOP_FP9,1020,TWB_SM3,TWB_PCBA_PASTE_INSPECTION_TOP,PN-337126,00F0B9E8,00F0B9E8,PN-337126,00F0B9E8,P16,,PROCESS,PN-27795,00F0B9E8T-20180414124002,U5,1,R14,483,483,5.12,1.36,127,GOOD,GOOD,115.861,155.8153,94.43451,0,0.9055,4/14/2018 17:36
7542,1020,FP9,TOP,4009168617,4/11/2018 7:07,1523430000,TWB_SM3,TWB_PCBA_SM3_TOP_FP,TWB_PCBA_TOP_FP9,1020,TWB_SM3,TWB_PCBA_PASTE_INSPECTION_TOP,PN-337126,00F0B9E8,00F0B9E8,PN-337126,00F0B9E8,P16,,PROCESS,PN-27795,00F0B9E8T-20180414124002,U5,1,K3,483,483,-3.55,-12.99,127,GOOD,GOOD,111.2533,161.9151,87.26279,0,0.9055,4/14/2018 17:36
7622,1020,FP9,TOP,4009168617,4/11/2018 7:07,1523430000,TWB_SM3,TWB_PCBA_SM3_TOP_FP,TWB_PCBA_TOP_FP9,1020,TWB_SM3,TWB_PCBA_PASTE_INSPECTION_TOP,PN-337126,00F0B9E8,00F0B9E8,PN-337126,00F0B9E8,P16,,PROCESS,PN-27795,00F0B9E8T-20180414124002,U5,1,L2,483,483,-5.68,4.92,127,GOOD,GOOD,108.3025,160.6409,85.62213,0,0.9055,4/14/2018 17:36
7969,1020,FP9,TOP,4009168617,4/11/2018 7:07,1523430000,TWB_SM3,TWB_PCBA_SM3_TOP_FP,TWB_PCBA_TOP_FP9,1020,TWB_SM3,TWB_PCBA_PASTE_INSPECTION_TOP,PN-337126,00F0B9E8,00F0B9E8,PN-337126,00F0B9E8,P16,,PROCESS,PN-27795,00F0B9E8T-20180414124002,U5,1,A15,483,483,-3.14,-9.38,127,GOOD,GOOD,111.22,140.2365,100.7223,0,0.9055,4/14/2018 17:36
8232,1020,FP9,TOP,4009168617,4/11/2018 7:07,1523430000,TWB_SM3,TWB_PCBA_SM3_TOP_FP,TWB_PCBA_TOP_FP9,1020,TWB_SM3,TWB_PCBA_PASTE_INSPECTION_TOP,PN-337126,00F0B9E8,00F0B9E8,PN-337126,00F0B9E8,P16,,PROCESS,PN-27795,00F0B9E8T-20180414124002,U5,1,J14,483,483,-8.32,4.29,127,GOOD,GOOD,115.3258,155.4164,94.23964000000001,0,0.9055,4/14/2018 17:36
8233,1020,FP9,TOP,4009168617,4/11/2018 7:07,1523430000,TWB_SM3,TWB_PCBA_SM3_TOP_FP,TWB_PCBA_TOP_FP9,1020,TWB_SM3,TWB_PCBA_PASTE_INSPECTION_TOP,PN-337126,00F0B9E8,00F0B9E8,PN-337126,00F0B9E8,P16,,PROCESS,PN-27795,00F0B9E8T-20180414124002,U5,1,J7,483,483,-4.88,-7.05,127,GOOD,GOOD,108.3153,157.9206,87.10731,0,0.9055,4/14/2018 17:36
8305,1020,FP9,TOP,4009168617,4/11/2018 7:07,1523430000,TWB_SM3,TWB_PCBA_SM3_TOP_FP,TWB_PCBA_TOP_FP9,1020,TWB_SM3,TWB_PCBA_PASTE_INSPECTION_TOP,PN-337126,00F0B9E8,00F0B9E8,PN-337126,00F0B9E8,P16,,PROCESS,PN-27795,00F0B9E8T-20180414124002,U5,1,D7,483,483,0.73,-4.73,127,GOOD,GOOD,121.0755,177.7953,86.48479,0,0.9055,4/14/2018 17:36
8309,1020,FP9,TOP,4009168617,4/11/2018 7:07,1523430000,TWB_SM3,TWB_PCBA_SM3_TOP_FP,TWB_PCBA_TOP_FP9,1020,TWB_SM3,TWB_PCBA_PASTE_INSPECTION_TOP,PN-337126,00F0B9E8,00F0B9E8,PN-337126,00F0B9E8,P16,,PROCESS,PN-27795,00F0B9E8T-20180414124002,U5,1,E15,483,483,-1.33,-11.24,127,GOOD,GOOD,108.8577,155.7382,88.77033,0,0.9055,4/14/2018 17:36
8565,1020,FP9,TOP,4009168617,4/11/2018 7:07,1523430000,TWB_SM3,TWB_PCBA_SM3_TOP_FP,TWB_PCBA_TOP_FP9,1020,TWB_SM3,TWB_PCBA_PASTE_INSPECTION_TOP,PN-337126,00F0B9E8,00F0B9E8,PN-337126,00F0B9E8,P16,,PROCESS,PN-27795,00F0B9E8T-20180414124002,U5,1,B14,483,483,3.02,-12.47,127,GOOD,GOOD,111.6316,157.5451,89.98825,0,0.9055,4/14/2018 17:36
8746,1020,FP9,TOP,4009168617,4/11/2018 7:07,1523430000,TWB_SM3,TWB_PCBA_SM3_TOP_FP,TWB_PCBA_TOP_FP9,1020,TWB_SM3,TWB_PCBA_PASTE_INSPECTION_TOP,PN-337126,00F0B9E8,00F0B9E8,PN-337126,00F0B9E8,P16,,PROCESS,PN-27795,00F0B9E8T-20180414124002,U5,1,B7,483,483,6.46,-3.81,127,GOOD,GOOD,109.4098,158.6693,87.57236999999999,0,0.9055,4/14/2018 17:36
9018,1020,FP9,TOP,4009168617,4/11/2018 7:07,1523430000,TWB_SM3,TWB_PCBA_SM3_TOP_FP,TWB_PCBA_TOP_FP9,1020,TWB_SM3,TWB_PCBA_PASTE_INSPECTION_TOP,PN-337126,00F0B9E8,00F0B9E8,PN-337126,00F0B9E8,P16,,PROCESS,PN-27795,00F0B9E8T-20180414124002,U5,1,A12,483,483,5.62,5.76,127,GOOD,GOOD,110.1306,148.8308,93.97646,0,0.9055,4/14/2018 17:36
9022,1020,FP9,TOP,4009168617,4/11/2018 7:07,1523430000,TWB_SM3,TWB_PCBA_SM3_TOP_FP,TWB_PCBA_TOP_FP9,1020,TWB_SM3,TWB_PCBA_PASTE_INSPECTION_TOP,PN-337126,00F0B9E8,00F0B9E8,PN-337126,00F0B9E8,P16,,PROCESS,PN-27795,00F0B9E8T-20180414124002,U5,1,K4,483,483,-5.04,-11.37,127,GOOD,GOOD,109.2758,153.0957,90.64936,0,0.9055,4/14/2018 17:36
9037,1020,FP9,TOP,4009168617,4/11/2018 7:07,1523430000,TWB_SM3,TWB_PCBA_SM3_TOP_FP,TWB_PCBA_TOP_FP9,1020,TWB_SM3,TWB_PCBA_PASTE_INSPECTION_TOP,PN-337126,00F0B9E8,00F0B9E8,PN-337126,00F0B9E8,P16,,PROCESS,PN-27795,00F0B9E8T-20180414124002,U5,1,P14,483,483,3.43,0.84,127,GOOD,GOOD,111.7439,151.8358,93.46593,0,0.9055,4/14/2018 17:36
9083,1020,FP9,TOP,4009168617,4/11/2018 7:07,1523430000,TWB_SM3,TWB_PCBA_SM3_TOP_FP,TWB_PCBA_TOP_FP9,1020,TWB_SM3,TWB_PCBA_PASTE_INSPECTION_TOP,PN-337126,00F0B9E8,00F0B9E8,PN-337126,00F0B9E8,P16,,PROCESS,PN-27795,00F0B9E8T-20180414124002,U5,1,H13,483,483,-5.21,4.14,127,GOOD,GOOD,107.7973,157.5116,86.91586,0,0.9055,4/14/2018 17:36
9247,1020,FP9,TOP,4009168617,4/11/2018 7:07,1523430000,TWB_SM3,TWB_PCBA_SM3_TOP_FP,TWB_PCBA_TOP_FP9,1020,TWB_SM3,TWB_PCBA_PASTE_INSPECTION_TOP,PN-337126,00F0B9E8,00F0B9E8,PN-337126,00F0B9E8,P16,,PROCESS,PN-27795,00F0B9E8T-20180414124002,U5,1,R12,483,483,6.1,-1.88,127,GOOD,GOOD,104.2905,151.5141,87.41691999999999,0,0.9055,4/14/2018 17:36
9408,1020,FP9,TOP,4009168617,4/11/2018 7:07,1523430000,TWB_SM3,TWB_PCBA_SM3_TOP_FP,TWB_PCBA_TOP_FP9,1020,TWB_SM3,TWB_PCBA_PASTE_INSPECTION_TOP,PN-337126,00F0B9E8,00F0B9E8,PN-337126,00F0B9E8,P16,,PROCESS,PN-27795,00F0B9E8T-20180414124002,U5,1,T9,483,483,5.95,-8.19,127,GOOD,GOOD,106.8976,156.3895,86.80887,0,0.9055,4/14/2018 17:36
9494,1020,FP9,TOP,4009168617,4/11/2018 7:07,1523430000,TWB_SM3,TWB_PCBA_SM3_TOP_FP,TWB_PCBA_TOP_FP9,1020,TWB_SM3,TWB_PCBA_PASTE_INSPECTION_TOP,PN-337126,00F0B9E8,00F0B9E8,PN-337126,00F0B9E8,P16,,PROCESS,PN-27795,00F0B9E8T-20180414124002,U5,1,M8,483,483,10.77,-6.82,127,GOOD,GOOD,106.3708,156.7367,86.1897,0,0.9055,4/14/2018 17:36
9525,1020,FP9,TOP,4009168617,4/11/2018 7:07,1523430000,TWB_SM3,TWB_PCBA_SM3_TOP_FP,TWB_PCBA_TOP_FP9,1020,TWB_SM3,TWB_PCBA_PASTE_INSPECTION_TOP,PN-337126,00F0B9E8,00F0B9E8,PN-337126,00F0B9E8,P16,,PROCESS,PN-27795,00F0B9E8T-20180414124002,U5,1,B1,483,483,9.4,-13.53,127,GOOD,GOOD,104.007,146.9291,89.89971,0,0.9055,4/14/2018 17:36
9691,1020,FP9,TOP,4009168617,4/11/2018 7:07,1523430000,TWB_SM3,TWB_PCBA_SM3_TOP_FP,TWB_PCBA_TOP_FP9,1020,TWB_SM3,TWB_PCBA_PASTE_INSPECTION_TOP,PN-337126,00F0B9E8,00F0B9E8,PN-337126,00F0B9E8,P16,,PROCESS,PN-27795,00F0B9E8T-20180414124002,U5,1,D12,483,483,0.76,3.37,127,GOOD,GOOD,112.0373,156.8414,90.72055999999999,0,0.9055,4/14/2018 17:36
9732,1020,FP9,TOP,4009168617,4/11/2018 7:07,1523430000,TWB_SM3,TWB_PCBA_SM3_TOP_FP,TWB_PCBA_TOP_FP9,1020,TWB_SM3,TWB_PCBA_PASTE_INSPECTION_TOP,PN-337126,00F0B9E8,00F0B9E8,PN-337126,00F0B9E8,P16,,PROCESS,PN-27795,00F0B9E8T-20180414124002,U5,1,M7,483,483,-9.74,-8.44,127,GOOD,GOOD,114.1645,160.3828,90.40176,0,0.9055,4/14/2018 17:36
9785,1020,FP9,TOP,4009168617,4/11/2018 7:07,1523430000,TWB_SM3,TWB_PCBA_SM3_TOP_FP,TWB_PCBA_TOP_FP9,1020,TWB_SM3,TWB_PCBA_PASTE_INSPECTION_TOP,PN-337126,00F0B9E8,00F0B9E8,PN-337126,00F0B9E8,P16,,PROCESS,PN-27795,00F0B9E8T-20180414124002,U5,1,H15,483,483,-6.2,-12.62,127,GOOD,GOOD,111.2919,162.095,87.19622,0,0.9055,4/14/2018 17:36
9821,1020,FP9,TOP,4009168617,4/11/2018 7:07,1523430000,TWB_SM3,TWB_PCBA_SM3_TOP_FP,TWB_PCBA_TOP_FP9,1020,TWB_SM3,TWB_PCBA_PASTE_INSPECTION_TOP,PN-337126,00F0B9E8,00F0B9E8,PN-337126,00F0B9E8,P16,,PROCESS,PN-27795,00F0B9E8T-20180414124002,U5,1,R10,483,483,6.42,-5.12,127,GOOD,GOOD,112.7054,164.3366,87.09918,0,0.9055,4/14/2018 17:36
10050,1020,FP9,TOP,4009168617,4/11/2018 7:07,1523430000,TWB_SM3,TWB_PCBA_SM3_TOP_FP,TWB_PCBA_TOP_FP9,1020,TWB_SM3,TWB_PCBA_PASTE_INSPECTION_TOP,PN-337126,00F0B9E8,00F0B9E8,PN-337126,00F0B9E8,P16,,PROCESS,PN-27795,00F0B9E8T-20180414124002,U5,1,E5,483,483,3.58,-7.44,127,GOOD,GOOD,115.9189,157.6853,93.36131,0,0.9055,4/14/2018 17:36
10067,1020,FP9,TOP,4009168617,4/11/2018 7:07,1523430000,TWB_SM3,TWB_PCBA_SM3_TOP_FP,TWB_PCBA_TOP_FP9,1020,TWB_SM3,TWB_PCBA_PASTE_INSPECTION_TOP,PN-337126,00F0B9E8,00F0B9E8,PN-337126,00F0B9E8,P16,,PROCESS,PN-27795,00F0B9E8T-20180414124002,U5,1,D5,483,483,5.21,-7.97,127,GOOD,GOOD,108.9292,156.2712,88.52563,0,0.9055,4/14/2018 17:36
10149,1020,FP9,TOP,4009168617,4/11/2018 7:07,1523430000,TWB_SM3,TWB_PCBA_SM3_TOP_FP,TWB_PCBA_TOP_FP9,1020,TWB_SM3,TWB_PCBA_PASTE_INSPECTION_TOP,PN-337126,00F0B9E8,00F0B9E8,PN-337126,00F0B9E8,P16,,PROCESS,PN-27795,00F0B9E8T-20180414124002,U5,1,D10,483,483,2.74,0.13,127,GOOD,GOOD,109.8552,153.9851,90.60361999999999,0,0.9055,4/14/2018 17:36
10150,1020,FP9,TOP,4009168617,4/11/2018 7:07,1523430000,TWB_SM3,TWB_PCBA_SM3_TOP_FP,TWB_PCBA_TOP_FP9,1020,TWB_SM3,TWB_PCBA_PASTE_INSPECTION_TOP,PN-337126,00F0B9E8,00F0B9E8,PN-337126,00F0B9E8,P16,,PROCESS,PN-27795,00F0B9E8T-20180414124002,U5,1,L15,483,483,4.8,5.99,127,GOOD,GOOD,107.6768,155.8802,87.72726999999999,0,0.9055,4/14/2018 17:36
10191,1020,FP9,TOP,4009168617,4/11/2018 7:07,1523430000,TWB_SM3,TWB_PCBA_SM3_TOP_FP,TWB_PCBA_TOP_FP9,1020,TWB_SM3,TWB_PCBA_PASTE_INSPECTION_TOP,PN-337126,00F0B9E8,00F0B9E8,PN-337126,00F0B9E8,P16,,PROCESS,PN-27795,00F0B9E8T-20180414124002,U5,1,L8,483,483,-7.62,-5.35,127,GOOD,GOOD,111.1582,156.0336,90.47473000000001,0,0.9055,4/14/2018 17:36
10345,1020,FP9,TOP,4009168617,4/11/2018 7:07,1523430000,TWB_SM3,TWB_PCBA_SM3_TOP_FP,TWB_PCBA_TOP_FP9,1020,TWB_SM3,TWB_PCBA_PASTE_INSPECTION_TOP,PN-337126,00F0B9E8,00F0B9E8,PN-337126,00F0B9E8,P16,,PROCESS,PN-27795,00F0B9E8T-20180414124002,U5,1,K8,483,483,-6.0,-4.89,127,GOOD,GOOD,123.3077,166.0701,94.29799,0,0.9055,4/14/2018 17:36
10368,1020,FP9,TOP,4009168617,4/11/2018 7:07,1523430000,TWB_SM3,TWB_PCBA_SM3_TOP_FP,TWB_PCBA_TOP_FP9,1020,TWB_SM3,TWB_PCBA_PASTE_INSPECTION_TOP,PN-337126,00F0B9E8,00F0B9E8,PN-337126,00F0B9E8,P16,,PROCESS,PN-27795,00F0B9E8T-20180414124002,U5,1,G1,483,483,1.3,4.16,127,GOOD,GOOD,100.9906,148.4668,86.38837,0,0.9055,4/14/2018 17:36
10390,1020,FP9,TOP,4009168617,4/11/2018 7:07,1523430000,TWB_SM3,TWB_PCBA_SM3_TOP_FP,TWB_PCBA_TOP_FP9,1020,TWB_SM3,TWB_PCBA_PASTE_INSPECTION_TOP,PN-337126,00F0B9E8,00F0B9E8,PN-337126,00F0B9E8,P16,,PROCESS,PN-27795,00F0B9E8T-20180414124002,U5,1,C2,483,483,7.29,-11.37,127,GOOD,GOOD,110.2057,163.7905,85.45139,0,0.9055,4/14/2018 17:36
10666,1020,FP9,TOP,4009168617,4/11/2018 7:07,1523430000,TWB_SM3,TWB_PCBA_SM3_TOP_FP,TWB_PCBA_TOP_FP9,1020,TWB_SM3,TWB_PCBA_PASTE_INSPECTION_TOP,PN-337126,00F0B9E8,00F0B9E8,PN-337126,00F0B9E8,P16,,PROCESS,PN-27795,00F0B9E8T-20180414124002,U5,1,E3,483,483,4.55,-10.68,127,GOOD,GOOD,104.7706,152.608,87.18982,0,0.9055,4/14/2018 17:36
10831,1020,FP9,TOP,4009168617,4/11/2018 7:07,1523430000,TWB_SM3,TWB_PCBA_SM3_TOP_FP,TWB_PCBA_TOP_FP9,1020,TWB_SM3,TWB_PCBA_PASTE_INSPECTION_TOP,PN-337126,00F0B9E8,00F0B9E8,PN-337126,00F0B9E8,P16,,PROCESS,PN-27795,00F0B9E8T-20180414124002,U5,1,R8,483,483,6.58,11.64,127,GOOD,GOOD,111.6666,159.7311,88.78457,0,0.9055,4/14/2018 17:36
10866,1020,FP9,TOP,4009168617,4/11/2018 7:07,1523430000,TWB_SM3,TWB_PCBA_SM3_TOP_FP,TWB_PCBA_TOP_FP9,1020,TWB_SM3,TWB_PCBA_PASTE_INSPECTION_TOP,PN-337126,00F0B9E8,00F0B9E8,PN-337126,00F0B9E8,P16,,PROCESS,PN-27795,00F0B9E8T-20180414124002,U5,1,C5,483,483,6.82,-6.51,127,GOOD,GOOD,109.4561,159.28799999999998,87.26916999999999,0,0.9055,4/14/2018 17:36
11125,1020,FP9,TOP,4009168617,4/11/2018 7:07,1523430000,TWB_SM3,TWB_PCBA_SM3_TOP_FP,TWB_PCBA_TOP_FP9,1020,TWB_SM3,TWB_PCBA_PASTE_INSPECTION_TOP,PN-337126,00F0B9E8,00F0B9E8,PN-337126,00F0B9E8,P16,,PROCESS,PN-27795,00F0B9E8T-20180414124002,U5,1,M5,483,483,-7.76,-11.68,127,GOOD,GOOD,112.7006,151.0119,94.78048000000001,0,0.9055,4/14/2018 17:36
11260,1020,FP9,TOP,4009168617,4/11/2018 7:07,1523430000,TWB_SM3,TWB_PCBA_SM3_TOP_FP,TWB_PCBA_TOP_FP9,1020,TWB_SM3,TWB_PCBA_PASTE_INSPECTION_TOP,PN-337126,00F0B9E8,00F0B9E8,PN-337126,00F0B9E8,P16,,PROCESS,PN-27795,00F0B9E8T-20180414124002,U5,1,M13,483,483,8.31,1.28,127,GOOD,GOOD,100.2345,148.5562,85.69004,0,0.9055,4/14/2018 17:36
11278,1020,FP9,TOP,4009168617,4/11/2018 7:07,1523430000,TWB_SM3,TWB_PCBA_SM3_TOP_FP,TWB_PCBA_TOP_FP9,1020,TWB_SM3,TWB_PCBA_PASTE_INSPECTION_TOP,PN-337126,00F0B9E8,00F0B9E8,PN-337126,00F0B9E8,P16,,PROCESS,PN-27795,00F0B9E8T-20180414124002,U5,1,H10,483,483,-3.74,-0.72,127,GOOD,GOOD,115.1839,162.1474,90.2164,0,0.9055,4/14/2018 17:36
11279,1020,FP9,TOP,4009168617,4/11/2018 7:07,1523430000,TWB_SM3,TWB_PCBA_SM3_TOP_FP,TWB_PCBA_TOP_FP9,1020,TWB_SM3,TWB_PCBA_PASTE_INSPECTION_TOP,PN-337126,00F0B9E8,00F0B9E8,PN-337126,00F0B9E8,P16,,PROCESS,PN-27795,00F0B9E8T-20180414124002,U5,1,P15,483,483,4.76,2.46,127,GOOD,GOOD,105.9443,149.1749,90.19565,0,0.9055,4/14/2018 17:36
11446,1020,FP9,TOP,4009168617,4/11/2018 7:07,1523430000,TWB_SM3,TWB_PCBA_SM3_TOP_FP,TWB_PCBA_TOP_FP9,1020,TWB_SM3,TWB_PCBA_PASTE_INSPECTION_TOP,PN-337126,00F0B9E8,00F0B9E8,PN-337126,00F0B9E8,P16,,PROCESS,PN-27795,00F0B9E8T-20180414124002,U5,1,C16,483,483,0.42,-8.69,127,GOOD,GOOD,107.2768,148.8469,91.53135999999999,0,0.9055,4/14/2018 17:36
11599,1020,FP9,TOP,4009168617,4/11/2018 7:07,1523430000,TWB_SM3,TWB_PCBA_SM3_TOP_FP,TWB_PCBA_TOP_FP9,1020,TWB_SM3,TWB_PCBA_PASTE_INSPECTION_TOP,PN-337126,00F0B9E8,00F0B9E8,PN-337126,00F0B9E8,P16,,PROCESS,PN-27795,00F0B9E8T-20180414124002,U5,1,A7,483,483,3.11,-2.34,127,GOOD,GOOD,121.0462,154.3404,99.60361999999999,0,0.9055,4/14/2018 17:36
11600,1020,FP9,TOP,4009168617,4/11/2018 7:07,1523430000,TWB_SM3,TWB_PCBA_SM3_TOP_FP,TWB_PCBA_TOP_FP9,1020,TWB_SM3,TWB_PCBA_PASTE_INSPECTION_TOP,PN-337126,00F0B9E8,00F0B9E8,PN-337126,00F0B9E8,P16,,PROCESS,PN-27795,00F0B9E8T-20180414124002,U5,1,L11,483,483,-10.09,-0.5,127,GOOD,GOOD,113.0781,154.1493,93.16243,0,0.9055,4/14/2018 17:36
11601,1020,FP9,TOP,4009168617,4/11/2018 7:07,1523430000,TWB_SM3,TWB_PCBA_SM3_TOP_FP,TWB_PCBA_TOP_FP9,1020,TWB_SM3,TWB_PCBA_PASTE_INSPECTION_TOP,PN-337126,00F0B9E8,00F0B9E8,PN-337126,00F0B9E8,P16,,PROCESS,PN-27795,00F0B9E8T-20180414124002,U5,1,T16,483,483,-0.8,3.15,127,GOOD,GOOD,105.1423,151.8551,87.93296,0,0.9055,4/14/2018 17:36
11607,1020,FP9,TOP,4009168617,4/11/2018 7:07,1523430000,TWB_SM3,TWB_PCBA_SM3_TOP_FP,TWB_PCBA_TOP_FP9,1020,TWB_SM3,TWB_PCBA_PASTE_INSPECTION_TOP,PN-337126,00F0B9E8,00F0B9E8,PN-337126,00F0B9E8,P16,,PROCESS,PN-27795,00F0B9E8T-20180414124002,U5,1,P10,483,483,9.7,-5.64,127,GOOD,GOOD,105.6234,151.5964,88.48613,0,0.9055,4/14/2018 17:36
11937,1020,FP9,TOP,4009168617,4/11/2018 7:07,1523430000,TWB_SM3,TWB_PCBA_SM3_TOP_FP,TWB_PCBA_TOP_FP9,1020,TWB_SM3,TWB_PCBA_PASTE_INSPECTION_TOP,PN-337126,00F0B9E8,00F0B9E8,PN-337126,00F0B9E8,P16,,PROCESS,PN-27795,00F0B9E8T-20180414124002,U5,1,C13,483,483,-0.42,6.45,127,GOOD,GOOD,112.7701,152.5895,93.85838000000001,0,0.9055,4/14/2018 17:36
12036,1020,FP9,TOP,4009168617,4/11/2018 7:07,1523430000,TWB_SM3,TWB_PCBA_SM3_TOP_FP,TWB_PCBA_TOP_FP9,1020,TWB_SM3,TWB_PCBA_PASTE_INSPECTION_TOP,PN-337126,00F0B9E8,00F0B9E8,PN-337126,00F0B9E8,P16,,PROCESS,PN-27795,00F0B9E8T-20180414124002,U5,1,A5,483,483,10.06,-5.58,127,GOOD,GOOD,109.7203,153.3176,90.88637,0,0.9055,4/14/2018 17:36
12037,1020,FP9,TOP,4009168617,4/11/2018 7:07,1523430000,TWB_SM3,TWB_PCBA_SM3_TOP_FP,TWB_PCBA_TOP_FP9,1020,TWB_SM3,TWB_PCBA_PASTE_INSPECTION_TOP,PN-337126,00F0B9E8,00F0B9E8,PN-337126,00F0B9E8,P16,,PROCESS,PN-27795,00F0B9E8T-20180414124002,U5,1,T14,483,483,3.5,-0.09,127,GOOD,GOOD,109.6118,156.9455,88.69771,0,0.9055,4/14/2018 17:36
12150,1020,FP9,TOP,4009168617,4/11/2018 7:07,1523430000,TWB_SM3,TWB_PCBA_SM3_TOP_FP,TWB_PCBA_TOP_FP9,1020,TWB_SM3,TWB_PCBA_PASTE_INSPECTION_TOP,PN-337126,00F0B9E8,00F0B9E8,PN-337126,00F0B9E8,P16,,PROCESS,PN-27795,00F0B9E8T-20180414124002,U5,1,B12,483,483,-2.62,4.29,127,GOOD,GOOD,121.7861,170.8527,90.52731,0,0.9055,4/14/2018 17:36
12232,1020,FP9,TOP,4009168617,4/11/2018 7:07,1523430000,TWB_SM3,TWB_PCBA_SM3_TOP_FP,TWB_PCBA_TOP_FP9,1020,TWB_SM3,TWB_PCBA_PASTE_INSPECTION_TOP,PN-337126,00F0B9E8,00F0B9E8,PN-337126,00F0B9E8,P16,,PROCESS,PN-27795,00F0B9E8T-20180414124002,U5,1,K5,483,483,-4.52,-9.75,127,GOOD,GOOD,112.6303,159.0779,89.91855,0,0.9055,4/14/2018 17:36
12242,1020,FP9,TOP,4009168617,4/11/2018 7:07,1523430000,TWB_SM3,TWB_PCBA_SM3_TOP_FP,TWB_PCBA_TOP_FP9,1020,TWB_SM3,TWB_PCBA_PASTE_INSPECTION_TOP,PN-337126,00F0B9E8,00F0B9E8,PN-337126,00F0B9E8,P16,,PROCESS,PN-27795,00F0B9E8T-20180414124002,U5,1,E13,483,483,-0.35,5.53,127,GOOD,GOOD,108.727,150.0337,92.03487,0,0.9055,4/14/2018 17:36
12335,1020,FP9,TOP,4009168617,4/11/2018 7:07,1523430000,TWB_SM3,TWB_PCBA_SM3_TOP_FP,TWB_PCBA_TOP_FP9,1020,TWB_SM3,TWB_PCBA_PASTE_INSPECTION_TOP,PN-337126,00F0B9E8,00F0B9E8,PN-337126,00F0B9E8,P16,,PROCESS,PN-27795,00F0B9E8T-20180414124002,U5,1,N11,483,483,9.83,-2.57,127,GOOD,GOOD,109.1148,156.7916,88.38213,0,0.9055,4/14/2018 17:36
12409,1020,FP9,TOP,4009168617,4/11/2018 7:07,1523430000,TWB_SM3,TWB_PCBA_SM3_TOP_FP,TWB_PCBA_TOP_FP9,1020,TWB_SM3,TWB_PCBA_PASTE_INSPECTION_TOP,PN-337126,00F0B9E8,00F0B9E8,PN-337126,00F0B9E8,P16,,PROCESS,PN-27795,00F0B9E8T-20180414124002,U5,1,G8,483,483,-1.14,-4.5,127,GOOD,GOOD,106.4572,147.5171,91.65077,0,0.9055,4/14/2018 17:36
12419,1020,FP9,TOP,4009168617,4/11/2018 7:07,1523430000,TWB_SM3,TWB_PCBA_SM3_TOP_FP,TWB_PCBA_TOP_FP9,1020,TWB_SM3,TWB_PCBA_PASTE_INSPECTION_TOP,PN-337126,00F0B9E8,00F0B9E8,PN-337126,00F0B9E8,P16,,PROCESS,PN-27795,00F0B9E8T-20180414124002,U5,1,M10,483,483,6.47,-3.58,127,GOOD,GOOD,111.8045,159.6955,88.91408,0,0.9055,4/14/2018 17:36
12493,1020,FP9,TOP,4009168617,4/11/2018 7:07,1523430000,TWB_SM3,TWB_PCBA_SM3_TOP_FP,TWB_PCBA_TOP_FP9,1020,TWB_SM3,TWB_PCBA_PASTE_INSPECTION_TOP,PN-337126,00F0B9E8,00F0B9E8,PN-337126,00F0B9E8,P16,,PROCESS,PN-27795,00F0B9E8T-20180414124002,U5,1,L7,483,483,-8.13,-6.98,127,GOOD,GOOD,115.8305,155.5556,94.56730999999999,0,0.9055,4/14/2018 17:36
12496,1020,FP9,TOP,4009168617,4/11/2018 7:07,1523430000,TWB_SM3,TWB_PCBA_SM3_TOP_FP,TWB_PCBA_TOP_FP9,1020,TWB_SM3,TWB_PCBA_PASTE_INSPECTION_TOP,PN-337126,00F0B9E8,00F0B9E8,PN-337126,00F0B9E8,P16,,PROCESS,PN-27795,00F0B9E8T-20180414124002,U5,1,F7,483,483,-1.68,-4.66,127,GOOD,GOOD,114.6312,155.3931,93.68604,0,0.9055,4/14/2018 17:36
12507,1020,FP9,TOP,4009168617,4/11/2018 7:07,1523430000,TWB_SM3,TWB_PCBA_SM3_TOP_FP,TWB_PCBA_TOP_FP9,1020,TWB_SM3,TWB_PCBA_PASTE_INSPECTION_TOP,PN-337126,00F0B9E8,00F0B9E8,PN-337126,00F0B9E8,P16,,PROCESS,PN-27795,00F0B9E8T-20180414124002,U5,1,L9,483,483,-9.11,-3.74,127,GOOD,GOOD,112.3336,155.6859,91.63558,0,0.9055,4/14/2018 17:36
12522,1020,FP9,TOP,4009168617,4/11/2018 7:07,1523430000,TWB_SM3,TWB_PCBA_SM3_TOP_FP,TWB_PCBA_TOP_FP9,1020,TWB_SM3,TWB_PCBA_PASTE_INSPECTION_TOP,PN-337126,00F0B9E8,00F0B9E8,PN-337126,00F0B9E8,P16,,PROCESS,PN-27795,00F0B9E8T-20180414124002,U5,1,E11,483,483,-0.37,2.28,127,GOOD,GOOD,111.7148,154.1558,92.03536,0,0.9055,4/14/2018 17:36
12523,1020,FP9,TOP,4009168617,4/11/2018 7:07,1523430000,TWB_SM3,TWB_PCBA_SM3_TOP_FP,TWB_PCBA_TOP_FP9,1020,TWB_SM3,TWB_PCBA_PASTE_INSPECTION_TOP,PN-337126,00F0B9E8,00F0B9E8,PN-337126,00F0B9E8,P16,,PROCESS,PN-27795,00F0B9E8T-20180414124002,U5,1,M16,483,483,5.84,-13.86,127,GOOD,GOOD,111.6874,152.7869,92.83715,0,0.9055,4/14/2018 17:36
12550,1020,FP9,TOP,4009168617,4/11/2018 7:07,1523430000,TWB_SM3,TWB_PCBA_SM3_TOP_FP,TWB_PCBA_TOP_FP9,1020,TWB_SM3,TWB_PCBA_PASTE_INSPECTION_TOP,PN-337126,00F0B9E8,00F0B9E8,PN-337126,00F0B9E8,P16,,PROCESS,PN-27795,00F0B9E8T-20180414124002,U5,1,C11,483,483,2.87,3.21,127,GOOD,GOOD,107.2543,156.05100000000002,87.28744,0,0.9055,4/14/2018 17:36
12551,1020,FP9,TOP,4009168617,4/11/2018 7:07,1523430000,TWB_SM3,TWB_PCBA_SM3_TOP_FP,TWB_PCBA_TOP_FP9,1020,TWB_SM3,TWB_PCBA_PASTE_INSPECTION_TOP,PN-337126,00F0B9E8,00F0B9E8,PN-337126,00F0B9E8,P16,,PROCESS,PN-27795,00F0B9E8T-20180414124002,U5,1,K16,483,483,-10.93,-11.93,127,GOOD,GOOD,104.5379,153.3797,86.55852,0,0.9055,4/14/2018 17:36
12858,1020,FP9,TOP,4009168617,4/11/2018 7:07,1523430000,TWB_SM3,TWB_PCBA_SM3_TOP_FP,TWB_PCBA_TOP_FP9,1020,TWB_SM3,TWB_PCBA_PASTE_INSPECTION_TOP,PN-337126,00F0B9E8,00F0B9E8,PN-337126,00F0B9E8,P16,,PROCESS,PN-27795,00F0B9E8T-20180414124002,U5,1,F8,483,483,0.48,-3.04,127,GOOD,GOOD,115.9036,162.458,90.60654,0,0.9055,4/14/2018 17:36
12868,1020,FP9,TOP,4009168617,4/11/2018 7:07,1523430000,TWB_SM3,TWB_PCBA_SM3_TOP_FP,TWB_PCBA_TOP_FP9,1020,TWB_SM3,TWB_PCBA_PASTE_INSPECTION_TOP,PN-337126,00F0B9E8,00F0B9E8,PN-337126,00F0B9E8,P16,,PROCESS,PN-27795,00F0B9E8T-20180414124002,U5,1,T5,483,483,8.92,5.33,127,GOOD,GOOD,109.1892,156.317,88.71094000000001,0,0.9055,4/14/2018 17:36
12927,1020,FP9,TOP,4009168617,4/11/2018 7:07,1523430000,TWB_SM3,TWB_PCBA_SM3_TOP_FP,TWB_PCBA_TOP_FP9,1020,TWB_SM3,TWB_PCBA_PASTE_INSPECTION_TOP,PN-337126,00F0B9E8,00F0B9E8,PN-337126,00F0B9E8,P16,,PROCESS,PN-27795,00F0B9E8T-20180414124002,U5,1,B3,483,483,9.41,-10.29,127,GOOD,GOOD,102.2224,149.0591,87.09455,0,0.9055,4/14/2018 17:36
13019,1020,FP9,TOP,4009168617,4/11/2018 7:07,1523430000,TWB_SM3,TWB_PCBA_SM3_TOP_FP,TWB_PCBA_TOP_FP9,1020,TWB_SM3,TWB_PCBA_PASTE_INSPECTION_TOP,PN-337126,00F0B9E8,00F0B9E8,PN-337126,00F0B9E8,P16,,PROCESS,PN-27795,00F0B9E8T-20180414124002,U5,1,M12,483,483,7.8,-0.34,127,GOOD,GOOD,109.4649,150.7412,92.22458,0,0.9055,4/14/2018 17:36
13044,1020,FP9,TOP,4009168617,4/11/2018 7:07,1523430000,TWB_SM3,TWB_PCBA_SM3_TOP_FP,TWB_PCBA_TOP_FP9,1020,TWB_SM3,TWB_PCBA_PASTE_INSPECTION_TOP,PN-337126,00F0B9E8,00F0B9E8,PN-337126,00F0B9E8,P16,,PROCESS,PN-27795,00F0B9E8T-20180414124002,U5,1,A8,483,483,5.27,-0.72,127,GOOD,GOOD,112.211,145.1019,98.21236,0,0.9055,4/14/2018 17:36
13045,1020,FP9,TOP,4009168617,4/11/2018 7:07,1523430000,TWB_SM3,TWB_PCBA_SM3_TOP_FP,TWB_PCBA_TOP_FP9,1020,TWB_SM3,TWB_PCBA_PASTE_INSPECTION_TOP,PN-337126,00F0B9E8,00F0B9E8,PN-337126,00F0B9E8,P16,,PROCESS,PN-27795,00F0B9E8T-20180414124002,U5,1,L12,483,483,9.42,1.12,127,GOOD,GOOD,112.0009,152.725,93.13551,0,0.9055,4/14/2018 17:36
13065,1020,FP9,TOP,4009168617,4/11/2018 7:07,1523430000,TWB_SM3,TWB_PCBA_SM3_TOP_FP,TWB_PCBA_TOP_FP9,1020,TWB_SM3,TWB_PCBA_PASTE_INSPECTION_TOP,PN-337126,00F0B9E8,00F0B9E8,PN-337126,00F0B9E8,P16,,PROCESS,PN-27795,00F0B9E8T-20180414124002,U5,1,D1,483,483,6.16,5.55,127,GOOD,GOOD,112.2365,153.7249,92.7243,0,0.9055,4/14/2018 17:36
13136,1020,FP9,TOP,4009168617,4/11/2018 7:07,1523430000,TWB_SM3,TWB_PCBA_SM3_TOP_FP,TWB_PCBA_TOP_FP9,1020,TWB_SM3,TWB_PCBA_PASTE_INSPECTION_TOP,PN-337126,00F0B9E8,00F0B9E8,PN-337126,00F0B9E8,P16,,PROCESS,PN-27795,00F0B9E8T-20180414124002,U5,1,B13,483,483,4.51,5.92,127,GOOD,GOOD,111.0348,150.3777,93.77335,0,0.9055,4/14/2018 17:36
13576,1020,FP9,TOP,4009168617,4/11/2018 7:07,1523430000,TWB_SM3,TWB_PCBA_SM3_TOP_FP,TWB_PCBA_TOP_FP9,1020,TWB_SM3,TWB_PCBA_PASTE_INSPECTION_TOP,PN-337126,00F0B9E8,00F0B9E8,PN-337126,00F0B9E8,P16,,PROCESS,PN-27795,00F0B9E8T-20180414124002,U5,1,G13,483,483,-3.59,3.6,127,GOOD,GOOD,107.9559,159.2547,86.09103,0,0.9055,4/14/2018 17:36
13579,1020,FP9,TOP,4009168617,4/11/2018 7:07,1523430000,TWB_SM3,TWB_PCBA_SM3_TOP_FP,TWB_PCBA_TOP_FP9,1020,TWB_SM3,TWB_PCBA_PASTE_INSPECTION_TOP,PN-337126,00F0B9E8,00F0B9E8,PN-337126,00F0B9E8,P16,,PROCESS,PN-27795,00F0B9E8T-20180414124002,U5,1,A1,483,483,11.02,-12.06,127,GOOD,GOOD,101.0924,146.4242,87.68183,0,0.9055,4/14/2018 17:36
13580,1020,FP9,TOP,4009168617,4/11/2018 7:07,1523430000,TWB_SM3,TWB_PCBA_SM3_TOP_FP,TWB_PCBA_TOP_FP9,1020,TWB_SM3,TWB_PCBA_PASTE_INSPECTION_TOP,PN-337126,00F0B9E8,00F0B9E8,PN-337126,00F0B9E8,P16,,PROCESS,PN-27795,00F0B9E8T-20180414124002,U5,1,T10,483,483,6.46,-6.57,127,GOOD,GOOD,107.8543,155.5258,88.07212,0,0.9055,4/14/2018 17:36
13782,1020,FP9,TOP,4009168617,4/11/2018 7:07,1523430000,TWB_SM3,TWB_PCBA_SM3_TOP_FP,TWB_PCBA_TOP_FP9,1020,TWB_SM3,TWB_PCBA_PASTE_INSPECTION_TOP,PN-337126,00F0B9E8,00F0B9E8,PN-337126,00F0B9E8,P16,,PROCESS,PN-27795,00F0B9E8T-20180414124002,U5,1,D14,483,483,-0.22,-13.39,127,GOOD,GOOD,109.3905,156.578,88.72636999999999,0,0.9055,4/14/2018 17:36
13970,1020,FP9,TOP,4009168617,4/11/2018 7:07,1523430000,TWB_SM3,TWB_PCBA_SM3_TOP_FP,TWB_PCBA_TOP_FP9,1020,TWB_SM3,TWB_PCBA_PASTE_INSPECTION_TOP,PN-337126,00F0B9E8,00F0B9E8,PN-337126,00F0B9E8,P16,,PROCESS,PN-27795,00F0B9E8T-20180414124002,U5,1,A10,483,483,5.95,2.52,127,GOOD,GOOD,118.3118,152.4595,98.5547,0,0.9055,4/14/2018 17:36
13995,1020,FP9,TOP,4009168617,4/11/2018 7:07,1523430000,TWB_SM3,TWB_PCBA_SM3_TOP_FP,TWB_PCBA_TOP_FP9,1020,TWB_SM3,TWB_PCBA_PASTE_INSPECTION_TOP,PN-337126,00F0B9E8,00F0B9E8,PN-337126,00F0B9E8,P16,,PROCESS,PN-27795,00F0B9E8T-20180414124002,U5,1,R11,483,483,3.28,-3.5,127,GOOD,GOOD,113.3969,159.4623,90.31223,0,0.9055,4/14/2018 17:36
14990,1020,FP9,TOP,4009168617,4/11/2018 7:07,1523430000,TWB_SM3,TWB_PCBA_SM3_TOP_FP,TWB_PCBA_TOP_FP9,1020,TWB_SM3,TWB_PCBA_PASTE_INSPECTION_TOP,PN-337126,00F0B9E8,00F0B9E8,PN-337126,00F0B9E8,P16,,PROCESS,PN-27795,00F0B9E8T-20180414124002,U5,1,H7,483,483,-3.26,-5.59,127,GOOD,GOOD,113.6444,157.3232,91.74013000000001,0,0.9055,4/14/2018 17:36
15000,1020,FP9,TOP,4009168617,4/11/2018 7:07,1523430000,TWB_SM3,TWB_PCBA_SM3_TOP_FP,TWB_PCBA_TOP_FP9,1020,TWB_SM3,TWB_PCBA_PASTE_INSPECTION_TOP,PN-337126,00F0B9E8,00F0B9E8,PN-337126,00F0B9E8,P16,,PROCESS,PN-27795,00F0B9E8T-20180414124002,U5,1,N9,483,483,6.67,-5.81,127,GOOD,GOOD,109.3371,154.725,89.74512,0,0.9055,4/14/2018 17:36
15172,1020,FP9,TOP,4009168617,4/11/2018 7:07,1523430000,TWB_SM3,TWB_PCBA_SM3_TOP_FP,TWB_PCBA_TOP_FP9,1020,TWB_SM3,TWB_PCBA_PASTE_INSPECTION_TOP,PN-337126,00F0B9E8,00F0B9E8,PN-337126,00F0B9E8,P16,,PROCESS,PN-27795,00F0B9E8T-20180414124002,U5,1,E8,483,483,2.1,-2.57,127,GOOD,GOOD,113.00299999999999,153.1442,93.71153000000001,0,0.9055,4/14/2018 17:36
15409,1020,FP9,TOP,4009168617,4/11/2018 7:07,1523430000,TWB_SM3,TWB_PCBA_SM3_TOP_FP,TWB_PCBA_TOP_FP9,1020,TWB_SM3,TWB_PCBA_PASTE_INSPECTION_TOP,PN-337126,00F0B9E8,00F0B9E8,PN-337126,00F0B9E8,P16,,PROCESS,PN-27795,00F0B9E8T-20180414124002,U5,1,P12,483,483,7.72,-2.4,127,GOOD,GOOD,109.6381,153.4825,90.72066,0,0.9055,4/14/2018 17:36
15461,1020,FP9,TOP,4009168617,4/11/2018 7:07,1523430000,TWB_SM3,TWB_PCBA_SM3_TOP_FP,TWB_PCBA_TOP_FP9,1020,TWB_SM3,TWB_PCBA_PASTE_INSPECTION_TOP,PN-337126,00F0B9E8,00F0B9E8,PN-337126,00F0B9E8,P16,,PROCESS,PN-27795,00F0B9E8T-20180414124002,U5,1,P7,483,483,9.35,9.5,127,GOOD,GOOD,116.8899,166.7988,88.9995,0,0.9055,4/14/2018 17:36
15755,1020,FP9,TOP,4009168617,4/11/2018 7:07,1523430000,TWB_SM3,TWB_PCBA_SM3_TOP_FP,TWB_PCBA_TOP_FP9,1020,TWB_SM3,TWB_PCBA_PASTE_INSPECTION_TOP,PN-337126,00F0B9E8,00F0B9E8,PN-337126,00F0B9E8,P16,,PROCESS,PN-27795,00F0B9E8T-20180414124002,U5,1,C9,483,483,2.2,-0.03,127,GOOD,GOOD,113.2542,159.6866,90.07195,0,0.9055,4/14/2018 17:36
15944,1020,FP9,TOP,4009168617,4/11/2018 7:07,1523430000,TWB_SM3,TWB_PCBA_SM3_TOP_FP,TWB_PCBA_TOP_FP9,1020,TWB_SM3,TWB_PCBA_PASTE_INSPECTION_TOP,PN-337126,00F0B9E8,00F0B9E8,PN-337126,00F0B9E8,P16,,PROCESS,PN-27795,00F0B9E8T-20180414124002,U5,1,K11,483,483,-8.47,-0.03,127,GOOD,GOOD,113.1167,150.6303,95.37141,0,0.9055,4/14/2018 17:36
16131,1020,FP9,TOP,4009168617,4/11/2018 7:07,1523430000,TWB_SM3,TWB_PCBA_SM3_TOP_FP,TWB_PCBA_TOP_FP9,1020,TWB_SM3,TWB_PCBA_PASTE_INSPECTION_TOP,PN-337126,00F0B9E8,00F0B9E8,PN-337126,00F0B9E8,P16,,PROCESS,PN-27795,00F0B9E8T-20180414124002,U5,1,E6,483,483,2.09,-5.82,127,GOOD,GOOD,112.0851,158.5805,89.76395,0,0.9055,4/14/2018 17:36
17336,1020,FP9,TOP,4009168617,4/11/2018 7:07,1523430000,TWB_SM3,TWB_PCBA_SM3_TOP_FP,TWB_PCBA_TOP_FP9,1020,TWB_SM3,TWB_PCBA_PASTE_INSPECTION_TOP,PN-337126,00F0B9E8,00F0B9E8,PN-337126,00F0B9E8,P16,,PROCESS,PN-27795,00F0B9E8T-20180414124002,U5,1,H8,483,483,-2.76,-3.96,127,GOOD,GOOD,116.2824,162.6939,90.77086,0,0.9055,4/14/2018 17:36
17358,1020,FP9,TOP,4009168617,4/11/2018 7:07,1523430000,TWB_SM3,TWB_PCBA_SM3_TOP_FP,TWB_PCBA_TOP_FP9,1020,TWB_SM3,TWB_PCBA_PASTE_INSPECTION_TOP,PN-337126,00F0B9E8,00F0B9E8,PN-337126,00F0B9E8,P16,,PROCESS,PN-27795,00F0B9E8T-20180414124002,U5,1,B9,483,483,5.48,-0.57,127,GOOD,GOOD,113.0382,167.0727,85.92579,0,0.9055,4/14/2018 17:36
17504,1020,FP9,TOP,4009168617,4/11/2018 7:07,1523430000,TWB_SM3,TWB_PCBA_SM3_TOP_FP,TWB_PCBA_TOP_FP9,1020,TWB_SM3,TWB_PCBA_PASTE_INSPECTION_TOP,PN-337126,00F0B9E8,00F0B9E8,PN-337126,00F0B9E8,P16,,PROCESS,PN-27795,00F0B9E8T-20180414124002,U5,1,D6,483,483,3.71,-6.35,127,GOOD,GOOD,118.2455,163.9456,91.59858,0,0.9055,4/14/2018 17:36
17601,1020,FP9,TOP,4009168617,4/11/2018 7:07,1523430000,TWB_SM3,TWB_PCBA_SM3_TOP_FP,TWB_PCBA_TOP_FP9,1020,TWB_SM3,TWB_PCBA_PASTE_INSPECTION_TOP,PN-337126,00F0B9E8,00F0B9E8,PN-337126,00F0B9E8,P16,,PROCESS,PN-27795,00F0B9E8T-20180414124002,U5,1,D4,483,483,4.68,-9.59,127,GOOD,GOOD,105.8558,147.5006,91.14321,0,0.9055,4/14/2018 17:36
17813,1020,FP9,TOP,4009168617,4/11/2018 7:07,1523430000,TWB_SM3,TWB_PCBA_SM3_TOP_FP,TWB_PCBA_TOP_FP9,1020,TWB_SM3,TWB_PCBA_PASTE_INSPECTION_TOP,PN-337126,00F0B9E8,00F0B9E8,PN-337126,00F0B9E8,P16,,PROCESS,PN-27795,00F0B9E8T-20180414124002,U5,1,R9,483,483,7.57,-6.74,127,GOOD,GOOD,112.3487,164.6765,86.64433000000001,0,0.9055,4/14/2018 17:36
17836,1020,FP9,TOP,4009168617,4/11/2018 7:07,1523430000,TWB_SM3,TWB_PCBA_SM3_TOP_FP,TWB_PCBA_TOP_FP9,1020,TWB_SM3,TWB_PCBA_PASTE_INSPECTION_TOP,PN-337126,00F0B9E8,00F0B9E8,PN-337126,00F0B9E8,P16,,PROCESS,PN-27795,00F0B9E8T-20180414124002,U5,1,H1,483,483,-0.32,4.69,127,GOOD,GOOD,102.0158,149.89,86.43675999999999,0,0.9055,4/14/2018 17:36
18110,1020,FP9,TOP,4009168617,4/11/2018 7:07,1523430000,TWB_SM3,TWB_PCBA_SM3_TOP_FP,TWB_PCBA_TOP_FP9,1020,TWB_SM3,TWB_PCBA_PASTE_INSPECTION_TOP,PN-337126,00F0B9E8,00F0B9E8,PN-337126,00F0B9E8,P16,,PROCESS,PN-27795,00F0B9E8T-20180414124002,U5,1,G5,483,483,0.34,-9.36,127,GOOD,GOOD,116.3089,162.61,90.83839,0,0.9055,4/14/2018 17:36
18162,1020,FP9,TOP,4009168617,4/11/2018 7:07,1523430000,TWB_SM3,TWB_PCBA_SM3_TOP_FP,TWB_PCBA_TOP_FP9,1020,TWB_SM3,TWB_PCBA_PASTE_INSPECTION_TOP,PN-337126,00F0B9E8,00F0B9E8,PN-337126,00F0B9E8,P16,,PROCESS,PN-27795,00F0B9E8T-20180414124002,U5,1,B11,483,483,4.5,2.67,127,GOOD,GOOD,110.1379,145.9257,95.85369,0,0.9055,4/14/2018 17:36
18163,1020,FP9,TOP,4009168617,4/11/2018 7:07,1523430000,TWB_SM3,TWB_PCBA_SM3_TOP_FP,TWB_PCBA_TOP_FP9,1020,TWB_SM3,TWB_PCBA_PASTE_INSPECTION_TOP,PN-337126,00F0B9E8,00F0B9E8,PN-337126,00F0B9E8,P16,,PROCESS,PN-27795,00F0B9E8T-20180414124002,U5,1,J16,483,483,-9.3,-12.47,127,GOOD,GOOD,106.9608,159.8029,85.00486,0,0.9055,4/14/2018 17:36
18164,1020,FP9,TOP,4009168617,4/11/2018 7:07,1523430000,TWB_SM3,TWB_PCBA_SM3_TOP_FP,TWB_PCBA_TOP_FP9,1020,TWB_SM3,TWB_PCBA_PASTE_INSPECTION_TOP,PN-337126,00F0B9E8,00F0B9E8,PN-337126,00F0B9E8,P16,,PROCESS,PN-27795,00F0B9E8T-20180414124002,U5,1,J9,483,483,-5.87,-3.81,127,GOOD,GOOD,112.166,154.2803,92.33243,0,0.9055,4/14/2018 17:36
18207,1020,FP9,TOP,4009168617,4/11/2018 7:07,1523430000,TWB_SM3,TWB_PCBA_SM3_TOP_FP,TWB_PCBA_TOP_FP9,1020,TWB_SM3,TWB_PCBA_PASTE_INSPECTION_TOP,PN-337126,00F0B9E8,00F0B9E8,PN-337126,00F0B9E8,P16,,PROCESS,PN-27795,00F0B9E8T-20180414124002,U5,1,P8,483,483,10.68,11.12,127,GOOD,GOOD,121.3246,192.2242,80.1576,0,0.9055,4/14/2018 17:36
18254,1020,FP9,TOP,4009168617,4/11/2018 7:07,1523430000,TWB_SM3,TWB_PCBA_SM3_TOP_FP,TWB_PCBA_TOP_FP9,1020,TWB_SM3,TWB_PCBA_PASTE_INSPECTION_TOP,PN-337126,00F0B9E8,00F0B9E8,PN-337126,00F0B9E8,P16,,PROCESS,PN-27795,00F0B9E8T-20180414124002,U5,1,N14,483,483,8.36,2.29,127,GOOD,GOOD,109.9453,155.3325,89.89143,0,0.9055,4/14/2018 17:36
18273,1020,FP9,TOP,4009168617,4/11/2018 7:07,1523430000,TWB_SM3,TWB_PCBA_SM3_TOP_FP,TWB_PCBA_TOP_FP9,1020,TWB_SM3,TWB_PCBA_PASTE_INSPECTION_TOP,PN-337126,00F0B9E8,00F0B9E8,PN-337126,00F0B9E8,P16,,PROCESS,PN-27795,00F0B9E8T-20180414124002,U5,1,M3,483,483,-6.79,-14.92,127,GOOD,GOOD,117.669,175.1209,85.33511999999999,0,0.9055,4/14/2018 17:36
18864,1020,FP9,TOP,4009168617,4/11/2018 7:07,1523430000,TWB_SM3,TWB_PCBA_SM3_TOP_FP,TWB_PCBA_TOP_FP9,1020,TWB_SM3,TWB_PCBA_PASTE_INSPECTION_TOP,PN-337126,00F0B9E8,00F0B9E8,PN-337126,00F0B9E8,P16,,PROCESS,PN-27795,00F0B9E8T-20180414124002,U5,1,G15,483,483,-4.57,-13.16,127,GOOD,GOOD,113.853,154.6134,93.51929,0,0.9055,4/14/2018 17:36
18887,1020,FP9,TOP,4009168617,4/11/2018 7:07,1523430000,TWB_SM3,TWB_PCBA_SM3_TOP_FP,TWB_PCBA_TOP_FP9,1020,TWB_SM3,TWB_PCBA_PASTE_INSPECTION_TOP,PN-337126,00F0B9E8,00F0B9E8,PN-337126,00F0B9E8,P16,,PROCESS,PN-27795,00F0B9E8T-20180414124002,U5,1,H5,483,483,-1.28,-8.83,127,GOOD,GOOD,113.9428,162.0864,89.27792,0,0.9055,4/14/2018 17:36
19050,1020,FP9,TOP,4009168617,4/11/2018 7:07,1523430000,TWB_SM3,TWB_PCBA_SM3_TOP_FP,TWB_PCBA_TOP_FP9,1020,TWB_SM3,TWB_PCBA_PASTE_INSPECTION_TOP,PN-337126,00F0B9E8,00F0B9E8,PN-337126,00F0B9E8,P16,,PROCESS,PN-27795,00F0B9E8T-20180414124002,U5,1,K13,483,483,-8.45,3.21,127,GOOD,GOOD,115.6978,156.5176,93.87835,0,0.9055,4/14/2018 17:36
19054,1020,FP9,TOP,4009168617,4/11/2018 7:07,1523430000,TWB_SM3,TWB_PCBA_SM3_TOP_FP,TWB_PCBA_TOP_FP9,1020,TWB_SM3,TWB_PCBA_PASTE_INSPECTION_TOP,PN-337126,00F0B9E8,00F0B9E8,PN-337126,00F0B9E8,P16,,PROCESS,PN-27795,00F0B9E8T-20180414124002,U5,1,F1,483,483,2.92,5.62,127,GOOD,GOOD,108.5497,149.3045,92.33355,0,0.9055,4/14/2018 17:36
19912,1020,FP9,TOP,4009168617,4/11/2018 7:07,1523430000,TWB_SM3,TWB_PCBA_SM3_TOP_FP,TWB_PCBA_TOP_FP9,1020,TWB_SM3,TWB_PCBA_PASTE_INSPECTION_TOP,PN-337126,00F0B9E8,00F0B9E8,PN-337126,00F0B9E8,P16,,PROCESS,PN-27795,00F0B9E8T-20180414124002,U5,1,H4,483,483,-1.8,-10.45,127,GOOD,GOOD,107.9118,160.0876,85.6081,0,0.9055,4/14/2018 17:36
19928,1020,FP9,TOP,4009168617,4/11/2018 7:07,1523430000,TWB_SM3,TWB_PCBA_SM3_TOP_FP,TWB_PCBA_TOP_FP9,1020,TWB_SM3,TWB_PCBA_PASTE_INSPECTION_TOP,PN-337126,00F0B9E8,00F0B9E8,PN-337126,00F0B9E8,P16,,PROCESS,PN-27795,00F0B9E8T-20180414124002,U5,1,B15,483,483,-0.61,-10.85,127,GOOD,GOOD,108.6627,155.9788,88.47462,0,0.9055,4/14/2018 17:36
19948,1020,FP9,TOP,4009168617,4/11/2018 7:07,1523430000,TWB_SM3,TWB_PCBA_SM3_TOP_FP,TWB_PCBA_TOP_FP9,1020,TWB_SM3,TWB_PCBA_PASTE_INSPECTION_TOP,PN-337126,00F0B9E8,00F0B9E8,PN-337126,00F0B9E8,P16,,PROCESS,PN-27795,00F0B9E8T-20180414124002,U5,1,A2,483,483,10.53,-10.44,127,GOOD,GOOD,102.2179,142.8271,90.89088000000001,0,0.9055,4/14/2018 17:36
19949,1020,FP9,TOP,4009168617,4/11/2018 7:07,1523430000,TWB_SM3,TWB_PCBA_SM3_TOP_FP,TWB_PCBA_TOP_FP9,1020,TWB_SM3,TWB_PCBA_PASTE_INSPECTION_TOP,PN-337126,00F0B9E8,00F0B9E8,PN-337126,00F0B9E8,P16,,PROCESS,PN-27795,00F0B9E8T-20180414124002,U5,1,T11,483,483,1.66,-4.95,127,GOOD,GOOD,110.8947,149.6142,94.13298,0,0.9055,4/14/2018 17:36
20151,1020,FP9,TOP,4009168617,4/11/2018 7:07,1523430000,TWB_SM3,TWB_PCBA_SM3_TOP_FP,TWB_PCBA_TOP_FP9,1020,TWB_SM3,TWB_PCBA_PASTE_INSPECTION_TOP,PN-337126,00F0B9E8,00F0B9E8,PN-337126,00F0B9E8,P16,,PROCESS,PN-27795,00F0B9E8T-20180414124002,U5,1,F14,483,483,-3.46,-13.32,127,GOOD,GOOD,110.5098,158.9863,88.27645,0,0.9055,4/14/2018 17:36
20235,1020,FP9,TOP,4009168617,4/11/2018 7:07,1523430000,TWB_SM3,TWB_PCBA_SM3_TOP_FP,TWB_PCBA_TOP_FP9,1020,TWB_SM3,TWB_PCBA_PASTE_INSPECTION_TOP,PN-337126,00F0B9E8,00F0B9E8,PN-337126,00F0B9E8,P16,,PROCESS,PN-27795,00F0B9E8T-20180414124002,U5,1,A4,483,483,9.54,-7.2,127,GOOD,GOOD,109.473,156.8374,88.64641999999999,0,0.9055,4/14/2018 17:36
20236,1020,FP9,TOP,4009168617,4/11/2018 7:07,1523430000,TWB_SM3,TWB_PCBA_SM3_TOP_FP,TWB_PCBA_TOP_FP9,1020,TWB_SM3,TWB_PCBA_PASTE_INSPECTION_TOP,PN-337126,00F0B9E8,00F0B9E8,PN-337126,00F0B9E8,P16,,PROCESS,PN-27795,00F0B9E8T-20180414124002,U5,1,T13,483,483,4.16,-1.71,127,GOOD,GOOD,111.8638,154.0271,92.23512,0,0.9055,4/14/2018 17:36
20330,1020,FP9,TOP,4009168617,4/11/2018 7:07,1523430000,TWB_SM3,TWB_PCBA_SM3_TOP_FP,TWB_PCBA_TOP_FP9,1020,TWB_SM3,TWB_PCBA_PASTE_INSPECTION_TOP,PN-337126,00F0B9E8,00F0B9E8,PN-337126,00F0B9E8,P16,,PROCESS,PN-27795,00F0B9E8T-20180414124002,U5,1,D11,483,483,1.25,1.75,127,GOOD,GOOD,110.5845,156.7494,89.59676,0,0.9055,4/14/2018 17:36
20331,1020,FP9,TOP,4009168617,4/11/2018 7:07,1523430000,TWB_SM3,TWB_PCBA_SM3_TOP_FP,TWB_PCBA_TOP_FP9,1020,TWB_SM3,TWB_PCBA_PASTE_INSPECTION_TOP,PN-337126,00F0B9E8,00F0B9E8,PN-337126,00F0B9E8,P16,,PROCESS,PN-27795,00F0B9E8T-20180414124002,U5,1,L16,483,483,7.46,-12.4,127,GOOD,GOOD,109.6344,154.7704,89.96271999999999,0,0.9055,4/14/2018 17:36
20489,1020,FP9,TOP,4009168617,4/11/2018 7:07,1523430000,TWB_SM3,TWB_PCBA_SM3_TOP_FP,TWB_PCBA_TOP_FP9,1020,TWB_SM3,TWB_PCBA_PASTE_INSPECTION_TOP,PN-337126,00F0B9E8,00F0B9E8,PN-337126,00F0B9E8,P16,,PROCESS,PN-27795,00F0B9E8T-20180414124002,U5,1,K9,483,483,-7.49,-3.27,127,GOOD,GOOD,117.9205,166.3543,90.02415,0,0.9055,4/14/2018 17:36
20556,1020,FP9,TOP,4009168617,4/11/2018 7:07,1523430000,TWB_SM3,TWB_PCBA_SM3_TOP_FP,TWB_PCBA_TOP_FP9,1020,TWB_SM3,TWB_PCBA_PASTE_INSPECTION_TOP,PN-337126,00F0B9E8,00F0B9E8,PN-337126,00F0B9E8,P16,,PROCESS,PN-27795,00F0B9E8T-20180414124002,U5,1,A16,483,483,3.66,-7.76,127,GOOD,GOOD,107.2837,148.7331,91.60722,0,0.9055,4/14/2018 17:36
20570,1020,FP9,TOP,4009168617,4/11/2018 7:07,1523430000,TWB_SM3,TWB_PCBA_SM3_TOP_FP,TWB_PCBA_TOP_FP9,1020,TWB_SM3,TWB_PCBA_PASTE_INSPECTION_TOP,PN-337126,00F0B9E8,00F0B9E8,PN-337126,00F0B9E8,P16,,PROCESS,PN-27795,00F0B9E8T-20180414124002,U5,1,E1,483,483,4.54,6.08,127,GOOD,GOOD,112.8715,151.1739,94.82249,0,0.9055,4/14/2018 17:36
20774,1020,FP9,TOP,4009168617,4/11/2018 7:07,1523430000,TWB_SM3,TWB_PCBA_SM3_TOP_FP,TWB_PCBA_TOP_FP9,1020,TWB_SM3,TWB_PCBA_PASTE_INSPECTION_TOP,PN-337126,00F0B9E8,00F0B9E8,PN-337126,00F0B9E8,P16,,PROCESS,PN-27795,00F0B9E8T-20180414124002,U5,1,T1,483,483,9.88,-1.15,127,GOOD,GOOD,112.0146,156.7183,90.77342,0,0.9055,4/14/2018 17:36
20832,1020,FP9,TOP,4009168617,4/11/2018 7:07,1523430000,TWB_SM3,TWB_PCBA_SM3_TOP_FP,TWB_PCBA_TOP_FP9,1020,TWB_SM3,TWB_PCBA_PASTE_INSPECTION_TOP,PN-337126,00F0B9E8,00F0B9E8,PN-337126,00F0B9E8,P16,,PROCESS,PN-27795,00F0B9E8T-20180414124002,U5,1,F11,483,483,-1.99,1.82,127,GOOD,GOOD,113.7473,152.5266,94.71074,0,0.9055,4/14/2018 17:36
20833,1020,FP9,TOP,4009168617,4/11/2018 7:07,1523430000,TWB_SM3,TWB_PCBA_SM3_TOP_FP,TWB_PCBA_TOP_FP9,1020,TWB_SM3,TWB_PCBA_PASTE_INSPECTION_TOP,PN-337126,00F0B9E8,00F0B9E8,PN-337126,00F0B9E8,P16,,PROCESS,PN-27795,00F0B9E8T-20180414124002,U5,1,N16,483,483,7.38,5.53,127,GOOD,GOOD,107.8346,154.9086,88.40691,0,0.9055,4/14/2018 17:36
20876,1020,FP9,TOP,4009168617,4/11/2018 7:07,1523430000,TWB_SM3,TWB_PCBA_SM3_TOP_FP,TWB_PCBA_TOP_FP9,1020,TWB_SM3,TWB_PCBA_PASTE_INSPECTION_TOP,PN-337126,00F0B9E8,00F0B9E8,PN-337126,00F0B9E8,P16,,PROCESS,PN-27795,00F0B9E8T-20180414124002,U5,1,M11,483,483,8.29,-1.96,127,GOOD,GOOD,112.4854,166.9348,85.57616999999999,0,0.9055,4/14/2018 17:36
21045,1020,FP9,TOP,4009168617,4/11/2018 7:07,1523430000,TWB_SM3,TWB_PCBA_SM3_TOP_FP,TWB_PCBA_TOP_FP9,1020,TWB_SM3,TWB_PCBA_PASTE_INSPECTION_TOP,PN-337126,00F0B9E8,00F0B9E8,PN-337126,00F0B9E8,P16,,PROCESS,PN-27795,00F0B9E8T-20180414124002,U5,1,H2,483,483,-0.82,6.31,127,GOOD,GOOD,99.15861,151.2747,83.24684,0,0.9055,4/14/2018 17:36
21068,1020,FP9,TOP,4009168617,4/11/2018 7:07,1523430000,TWB_SM3,TWB_PCBA_SM3_TOP_FP,TWB_PCBA_TOP_FP9,1020,TWB_SM3,TWB_PCBA_PASTE_INSPECTION_TOP,PN-337126,00F0B9E8,00F0B9E8,PN-337126,00F0B9E8,P16,,PROCESS,PN-27795,00F0B9E8T-20180414124002,U5,1,R4,483,483,10.03,5.16,127,GOOD,GOOD,110.9214,166.4104,84.65224,0,0.9055,4/14/2018 17:36
21086,1020,FP9,TOP,4009168617,4/11/2018 7:07,1523430000,TWB_SM3,TWB_PCBA_SM3_TOP_FP,TWB_PCBA_TOP_FP9,1020,TWB_SM3,TWB_PCBA_PASTE_INSPECTION_TOP,PN-337126,00F0B9E8,00F0B9E8,PN-337126,00F0B9E8,P16,,PROCESS,PN-27795,00F0B9E8T-20180414124002,U5,1,A11,483,483,6.11,4.14,127,GOOD,GOOD,114.0109,151.9524,95.28893000000001,0,0.9055,4/14/2018 17:36
21230,1020,FP9,TOP,4009168617,4/11/2018 7:07,1523430000,TWB_SM3,TWB_PCBA_SM3_TOP_FP,TWB_PCBA_TOP_FP9,1020,TWB_SM3,TWB_PCBA_PASTE_INSPECTION_TOP,PN-337126,00F0B9E8,00F0B9E8,PN-337126,00F0B9E8,P16,,PROCESS,PN-27795,00F0B9E8T-20180414124002,U5,1,N6,483,483,-7.72,9.33,127,GOOD,GOOD,110.4757,156.1459,89.85446999999999,0,0.9055,4/14/2018 17:36
21575,1020,FP9,TOP,4009168617,4/11/2018 7:07,1523430000,TWB_SM3,TWB_PCBA_SM3_TOP_FP,TWB_PCBA_TOP_FP9,1020,TWB_SM3,TWB_PCBA_PASTE_INSPECTION_TOP,PN-337126,00F0B9E8,00F0B9E8,PN-337126,00F0B9E8,P16,,PROCESS,PN-27795,00F0B9E8T-20180414124002,U5,1,G4,483,483,-0.18,-10.98,127,GOOD,GOOD,120.8007,172.528,88.92284000000001,0,0.9055,4/14/2018 17:36
21637,1020,FP9,TOP,4009168617,4/11/2018 7:07,1523430000,TWB_SM3,TWB_PCBA_SM3_TOP_FP,TWB_PCBA_TOP_FP9,1020,TWB_SM3,TWB_PCBA_PASTE_INSPECTION_TOP,PN-337126,00F0B9E8,00F0B9E8,PN-337126,00F0B9E8,P16,,PROCESS,PN-27795,00F0B9E8T-20180414124002,U5,1,K6,483,483,-6.02,-8.13,127,GOOD,GOOD,110.2502,158.2336,88.48806,0,0.9055,4/14/2018 17:36
21842,1020,FP9,TOP,4009168617,4/11/2018 7:07,1523430000,TWB_SM3,TWB_PCBA_SM3_TOP_FP,TWB_PCBA_TOP_FP9,1020,TWB_SM3,TWB_PCBA_PASTE_INSPECTION_TOP,PN-337126,00F0B9E8,00F0B9E8,PN-337126,00F0B9E8,P16,,PROCESS,PN-27795,00F0B9E8T-20180414124002,U5,1,M6,483,483,-9.26,-10.06,127,GOOD,GOOD,108.8122,152.0545,90.88289,0,0.9055,4/14/2018 17:36
22004,1020,FP9,TOP,4009168617,4/11/2018 7:07,1523430000,TWB_SM3,TWB_PCBA_SM3_TOP_FP,TWB_PCBA_TOP_FP9,1020,TWB_SM3,TWB_PCBA_PASTE_INSPECTION_TOP,PN-337126,00F0B9E8,00F0B9E8,PN-337126,00F0B9E8,P16,,PROCESS,PN-27795,00F0B9E8T-20180414124002,U5,1,K12,483,483,-8.96,1.59,127,GOOD,GOOD,116.3409,161.4168,91.53508000000001,0,0.9055,4/14/2018 17:36
22312,1020,FP9,TOP,4009168617,4/11/2018 7:07,1523430000,TWB_SM3,TWB_PCBA_SM3_TOP_FP,TWB_PCBA_TOP_FP9,1020,TWB_SM3,TWB_PCBA_PASTE_INSPECTION_TOP,PN-337126,00F0B9E8,00F0B9E8,PN-337126,00F0B9E8,P16,,PROCESS,PN-27795,00F0B9E8T-20180414124002,U5,1,D13,483,483,1.27,4.99,127,GOOD,GOOD,112.4505,157.3927,90.73617,0,0.9055,4/14/2018 17:36
22319,1020,FP9,TOP,4009168617,4/11/2018 7:07,1523430000,TWB_SM3,TWB_PCBA_SM3_TOP_FP,TWB_PCBA_TOP_FP9,1020,TWB_SM3,TWB_PCBA_PASTE_INSPECTION_TOP,PN-337126,00F0B9E8,00F0B9E8,PN-337126,00F0B9E8,P16,,PROCESS,PN-27795,00F0B9E8T-20180414124002,U5,1,A14,483,483,1.33,-11.0,127,GOOD,GOOD,112.7389,152.8581,93.66755,0,0.9055,4/14/2018 17:36
22595,1020,FP9,TOP,4009168617,4/11/2018 7:07,1523430000,TWB_SM3,TWB_PCBA_SM3_TOP_FP,TWB_PCBA_TOP_FP9,1020,TWB_SM3,TWB_PCBA_PASTE_INSPECTION_TOP,PN-337126,00F0B9E8,00F0B9E8,PN-337126,00F0B9E8,P16,,PROCESS,PN-27795,00F0B9E8T-20180414124002,U5,1,N10,483,483,5.52,-4.19,127,GOOD,GOOD,105.8356,155.1993,86.60558,0,0.9055,4/14/2018 17:36
22669,1020,FP9,TOP,4009168617,4/11/2018 7:07,1523430000,TWB_SM3,TWB_PCBA_SM3_TOP_FP,TWB_PCBA_TOP_FP9,1020,TWB_SM3,TWB_PCBA_PASTE_INSPECTION_TOP,PN-337126,00F0B9E8,00F0B9E8,PN-337126,00F0B9E8,P16,,PROCESS,PN-27795,00F0B9E8T-20180414124002,U5,1,A3,483,483,11.03,-8.82,127,GOOD,GOOD,112.3045,157.6904,90.44735,0,0.9055,4/14/2018 17:36
22670,1020,FP9,TOP,4009168617,4/11/2018 7:07,1523430000,TWB_SM3,TWB_PCBA_SM3_TOP_FP,TWB_PCBA_TOP_FP9,1020,TWB_SM3,TWB_PCBA_PASTE_INSPECTION_TOP,PN-337126,00F0B9E8,00F0B9E8,PN-337126,00F0B9E8,P16,,PROCESS,PN-27795,00F0B9E8T-20180414124002,U5,1,T12,483,483,4.48,-3.33,127,GOOD,GOOD,110.6322,149.8118,93.78625,0,0.9055,4/14/2018 17:36
22822,1020,FP9,TOP,4009168617,4/11/2018 7:07,1523430000,TWB_SM3,TWB_PCBA_SM3_TOP_FP,TWB_PCBA_TOP_FP9,1020,TWB_SM3,TWB_PCBA_PASTE_INSPECTION_TOP,PN-337126,00F0B9E8,00F0B9E8,PN-337126,00F0B9E8,P16,,PROCESS,PN-27795,00F0B9E8T-20180414124002,U5,1,L1,483,483,-5.18,3.3,127,GOOD,GOOD,111.6524,166.1127,85.36287,0,0.9055,4/14/2018 17:36
22877,1020,FP9,TOP,4009168617,4/11/2018 7:07,1523430000,TWB_SM3,TWB_PCBA_SM3_TOP_FP,TWB_PCBA_TOP_FP9,1020,TWB_SM3,TWB_PCBA_PASTE_INSPECTION_TOP,PN-337126,00F0B9E8,00F0B9E8,PN-337126,00F0B9E8,P16,,PROCESS,PN-27795,00F0B9E8T-20180414124002,U5,1,N3,483,483,-5.24,4.47,127,GOOD,GOOD,113.1402,162.4771,88.43587,0,0.9055,4/14/2018 17:36
22916,1020,FP9,TOP,4009168617,4/11/2018 7:07,1523430000,TWB_SM3,TWB_PCBA_SM3_TOP_FP,TWB_PCBA_TOP_FP9,1020,TWB_SM3,TWB_PCBA_PASTE_INSPECTION_TOP,PN-337126,00F0B9E8,00F0B9E8,PN-337126,00F0B9E8,P16,,PROCESS,PN-27795,00F0B9E8T-20180414124002,U5,1,K14,483,483,-9.95,4.83,127,GOOD,GOOD,117.435,162.5695,91.74074,0,0.9055,4/14/2018 17:36
22929,1020,FP9,TOP,4009168617,4/11/2018 7:07,1523430000,TWB_SM3,TWB_PCBA_SM3_TOP_FP,TWB_PCBA_TOP_FP9,1020,TWB_SM3,TWB_PCBA_PASTE_INSPECTION_TOP,PN-337126,00F0B9E8,00F0B9E8,PN-337126,00F0B9E8,P16,,PROCESS,PN-27795,00F0B9E8T-20180414124002,U5,1,G12,483,483,-4.1,1.98,127,GOOD,GOOD,115.6918,162.7449,90.28158,0,0.9055,4/14/2018 17:36
23294,1020,FP9,TOP,4009168617,4/11/2018 7:07,1523430000,TWB_SM3,TWB_PCBA_SM3_TOP_FP,TWB_PCBA_TOP_FP9,1020,TWB_SM3,TWB_PCBA_PASTE_INSPECTION_TOP,PN-337126,00F0B9E8,00F0B9E8,PN-337126,00F0B9E8,P16,,PROCESS,PN-27795,00F0B9E8T-20180414124002,U5,1,H11,483,483,-5.23,0.89,127,GOOD,GOOD,117.8503,156.4452,95.66918000000001,0,0.9055,4/14/2018 17:36
23295,1020,FP9,TOP,4009168617,4/11/2018 7:07,1523430000,TWB_SM3,TWB_PCBA_SM3_TOP_FP,TWB_PCBA_TOP_FP9,1020,TWB_SM3,TWB_PCBA_PASTE_INSPECTION_TOP,PN-337126,00F0B9E8,00F0B9E8,PN-337126,00F0B9E8,P16,,PROCESS,PN-27795,00F0B9E8T-20180414124002,U5,1,P16,483,483,5.76,4.08,127,GOOD,GOOD,106.648,152.3961,88.87564,0,0.9055,4/14/2018 17:36
23300,1020,FP9,TOP,4009168617,4/11/2018 7:07,1523430000,TWB_SM3,TWB_PCBA_SM3_TOP_FP,TWB_PCBA_TOP_FP9,1020,TWB_SM3,TWB_PCBA_PASTE_INSPECTION_TOP,PN-337126,00F0B9E8,00F0B9E8,PN-337126,00F0B9E8,P16,,PROCESS,PN-27795,00F0B9E8T-20180414124002,U5,1,L14,483,483,5.12,4.36,127,GOOD,GOOD,119.3009,160.1525,94.60491999999999,0,0.9055,4/14/2018 17:36
23304,1020,FP9,TOP,4009168617,4/11/2018 7:07,1523430000,TWB_SM3,TWB_PCBA_SM3_TOP_FP,TWB_PCBA_TOP_FP9,1020,TWB_SM3,TWB_PCBA_PASTE_INSPECTION_TOP,PN-337126,00F0B9E8,00F0B9E8,PN-337126,00F0B9E8,P16,,PROCESS,PN-27795,00F0B9E8T-20180414124002,U5,1,D8,483,483,3.73,-3.11,127,GOOD,GOOD,108.5497,148.6185,92.75972,0,0.9055,4/14/2018 17:36
23482,1020,FP9,TOP,4009168617,4/11/2018 7:07,1523430000,TWB_SM3,TWB_PCBA_SM3_TOP_FP,TWB_PCBA_TOP_FP9,1020,TWB_SM3,TWB_PCBA_PASTE_INSPECTION_TOP,PN-337126,00F0B9E8,00F0B9E8,PN-337126,00F0B9E8,P16,,PROCESS,PN-27795,00F0B9E8T-20180414124002,U5,1,N5,483,483,-6.22,7.71,127,GOOD,GOOD,118.5329,176.4808,85.29924,0,0.9055,4/14/2018 17:36
23772,1020,FP9,TOP,4009168617,4/11/2018 7:07,1523430000,TWB_SM3,TWB_PCBA_SM3_TOP_FP,TWB_PCBA_TOP_FP9,1020,TWB_SM3,TWB_PCBA_PASTE_INSPECTION_TOP,PN-337126,00F0B9E8,00F0B9E8,PN-337126,00F0B9E8,P16,,PROCESS,PN-27795,00F0B9E8T-20180414124002,U5,1,K2,483,483,-4.06,5.39,127,GOOD,GOOD,104.7289,151.1083,88.02013000000001,0,0.9055,4/14/2018 17:36
23870,1020,FP9,TOP,4009168617,4/11/2018 7:07,1523430000,TWB_SM3,TWB_PCBA_SM3_TOP_FP,TWB_PCBA_TOP_FP9,1020,TWB_SM3,TWB_PCBA_PASTE_INSPECTION_TOP,PN-337126,00F0B9E8,00F0B9E8,PN-337126,00F0B9E8,P16,,PROCESS,PN-27795,00F0B9E8T-20180414124002,U5,1,E16,483,483,-2.83,-9.62,127,GOOD,GOOD,108.7983,157.0122,88.00203,0,0.9055,4/14/2018 17:36
23946,1020,FP9,TOP,4009168617,4/11/2018 7:07,1523430000,TWB_SM3,TWB_PCBA_SM3_TOP_FP,TWB_PCBA_TOP_FP9,1020,TWB_SM3,TWB_PCBA_PASTE_INSPECTION_TOP,PN-337126,00F0B9E8,00F0B9E8,PN-337126,00F0B9E8,P16,,PROCESS,PN-27795,00F0B9E8T-20180414124002,U5,1,M9,483,483,7.62,-5.2,127,GOOD,GOOD,108.7764,154.3408,89.50714,0,0.9055,4/14/2018 17:36
24100,1020,FP9,TOP,4009168617,4/11/2018 7:07,1523430000,TWB_SM3,TWB_PCBA_SM3_TOP_FP,TWB_PCBA_TOP_FP9,1020,TWB_SM3,TWB_PCBA_PASTE_INSPECTION_TOP,PN-337126,00F0B9E8,00F0B9E8,PN-337126,00F0B9E8,P16,,PROCESS,PN-27795,00F0B9E8T-20180414124002,U5,1,D2,483,483,5.67,-12.83,127,GOOD,GOOD,101.7296,148.0453,87.26823,0,0.9055,4/14/2018 17:36
24866,1020,FP9,TOP,4009168617,4/11/2018 7:07,1523430000,TWB_SM3,TWB_PCBA_SM3_TOP_FP,TWB_PCBA_TOP_FP9,1020,TWB_SM3,TWB_PCBA_PASTE_INSPECTION_TOP,PN-337126,00F0B9E8,00F0B9E8,PN-337126,00F0B9E8,P16,,PROCESS,PN-27795,00F0B9E8T-20180414124002,U5,1,E10,483,483,1.12,0.67,127,GOOD,GOOD,117.5021,165.9725,89.91105999999999,0,0.9055,4/14/2018 17:36
24867,1020,FP9,TOP,4009168617,4/11/2018 7:07,1523430000,TWB_SM3,TWB_PCBA_SM3_TOP_FP,TWB_PCBA_TOP_FP9,1020,TWB_SM3,TWB_PCBA_PASTE_INSPECTION_TOP,PN-337126,00F0B9E8,00F0B9E8,PN-337126,00F0B9E8,P16,,PROCESS,PN-27795,00F0B9E8T-20180414124002,U5,1,M15,483,483,2.36,4.52,127,GOOD,GOOD,109.0992,152.7011,90.73669,0,0.9055,4/14/2018 17:36
24880,1020,FP9,TOP,4009168617,4/11/2018 7:07,1523430000,TWB_SM3,TWB_PCBA_SM3_TOP_FP,TWB_PCBA_TOP_FP9,1020,TWB_SM3,TWB_PCBA_PASTE_INSPECTION_TOP,PN-337126,00F0B9E8,00F0B9E8,PN-337126,00F0B9E8,P16,,PROCESS,PN-27795,00F0B9E8T-20180414124002,U5,1,N2,483,483,-5.76,2.85,127,GOOD,GOOD,105.4042,145.789,91.81997,0,0.9055,4/14/2018 17:36
24920,1020,FP9,TOP,4009168617,4/11/2018 7:07,1523430000,TWB_SM3,TWB_PCBA_SM3_TOP_FP,TWB_PCBA_TOP_FP9,1020,TWB_SM3,TWB_PCBA_PASTE_INSPECTION_TOP,PN-337126,00F0B9E8,00F0B9E8,PN-337126,00F0B9E8,P16,,PROCESS,PN-27795,00F0B9E8T-20180414124002,U5,1,R6,483,483,5.73,8.4,127,GOOD,GOOD,111.4803,153.2718,92.37182,0,0.9055,4/14/2018 17:36
24962,1020,FP9,TOP,4009168617,4/11/2018 7:07,1523430000,TWB_SM3,TWB_PCBA_SM3_TOP_FP,TWB_PCBA_TOP_FP9,1020,TWB_SM3,TWB_PCBA_PASTE_INSPECTION_TOP,PN-337126,00F0B9E8,00F0B9E8,PN-337126,00F0B9E8,P16,,PROCESS,PN-27795,00F0B9E8T-20180414124002,U5,1,P13,483,483,1.6,-0.78,127,GOOD,GOOD,112.5301,155.1568,92.10892,0,0.9055,4/14/2018 17:36
24970,1020,FP9,TOP,4009168617,4/11/2018 7:07,1523430000,TWB_SM3,TWB_PCBA_SM3_TOP_FP,TWB_PCBA_TOP_FP9,1020,TWB_SM3,TWB_PCBA_PASTE_INSPECTION_TOP,PN-337126,00F0B9E8,00F0B9E8,PN-337126,00F0B9E8,P16,,PROCESS,PN-27795,00F0B9E8T-20180414124002,U5,1,H9,483,483,-4.25,-2.35,127,GOOD,GOOD,107.7337,152.5349,89.69875,0,0.9055,4/14/2018 17:36
25356,1020,FP9,TOP,4009168617,4/11/2018 7:07,1523430000,TWB_SM3,TWB_PCBA_SM3_TOP_FP,TWB_PCBA_TOP_FP9,1020,TWB_SM3,TWB_PCBA_PASTE_INSPECTION_TOP,PN-337126,00F0B9E8,00F0B9E8,PN-337126,00F0B9E8,P16,,PROCESS,PN-27795,00F0B9E8T-20180414124002,U5,1,F13,483,483,-1.97,5.07,127,GOOD,GOOD,117.1747,164.1389,90.66211,0,0.9055,4/14/2018 17:36
25431,1020,FP9,TOP,4009168617,4/11/2018 7:07,1523430000,TWB_SM3,TWB_PCBA_SM3_TOP_FP,TWB_PCBA_TOP_FP9,1020,TWB_SM3,TWB_PCBA_PASTE_INSPECTION_TOP,PN-337126,00F0B9E8,00F0B9E8,PN-337126,00F0B9E8,P16,,PROCESS,PN-27795,00F0B9E8T-20180414124002,U5,1,N12,483,483,9.34,-0.95,127,GOOD,GOOD,115.7366,164.5464,89.32766,0,0.9055,4/14/2018 17:36
25455,1020,FP9,TOP,4009168617,4/11/2018 7:07,1523430000,TWB_SM3,TWB_PCBA_SM3_TOP_FP,TWB_PCBA_TOP_FP9,1020,TWB_SM3,TWB_PCBA_PASTE_INSPECTION_TOP,PN-337126,00F0B9E8,00F0B9E8,PN-337126,00F0B9E8,P16,,PROCESS,PN-27795,00F0B9E8T-20180414124002,U5,1,C7,483,483,4.84,-3.27,127,GOOD,GOOD,114.7733,155.7999,93.55722,0,0.9055,4/14/2018 17:36
25714,1020,FP9,TOP,4009168617,4/11/2018 7:07,1523430000,TWB_SM3,TWB_PCBA_SM3_TOP_FP,TWB_PCBA_TOP_FP9,1020,TWB_SM3,TWB_PCBA_PASTE_INSPECTION_TOP,PN-337126,00F0B9E8,00F0B9E8,PN-337126,00F0B9E8,P16,,PROCESS,PN-27795,00F0B9E8T-20180414124002,U5,1,M1,483,483,-6.8,1.84,127,GOOD,GOOD,107.23299999999999,168.47799999999998,80.83308000000001,0,0.9055,4/14/2018 17:36
25717,1020,FP9,TOP,4009168617,4/11/2018 7:07,1523430000,TWB_SM3,TWB_PCBA_SM3_TOP_FP,TWB_PCBA_TOP_FP9,1020,TWB_SM3,TWB_PCBA_PASTE_INSPECTION_TOP,PN-337126,00F0B9E8,00F0B9E8,PN-337126,00F0B9E8,P16,,PROCESS,PN-27795,00F0B9E8T-20180414124002,U5,1,G9,483,483,-2.63,-2.88,127,GOOD,GOOD,117.0729,155.6857,95.5018,0,0.9055,4/14/2018 17:36
25722,1020,FP9,TOP,4009168617,4/11/2018 7:07,1523430000,TWB_SM3,TWB_PCBA_SM3_TOP_FP,TWB_PCBA_TOP_FP9,1020,TWB_SM3,TWB_PCBA_PASTE_INSPECTION_TOP,PN-337126,00F0B9E8,00F0B9E8,PN-337126,00F0B9E8,P16,,PROCESS,PN-27795,00F0B9E8T-20180414124002,U5,1,E12,483,483,-0.86,3.9,127,GOOD,GOOD,107.9647,146.97799999999998,93.28956,0,0.9055,4/14/2018 17:36
25989,1020,FP9,TOP,4009168617,4/11/2018 7:07,1523430000,TWB_SM3,TWB_PCBA_SM3_TOP_FP,TWB_PCBA_TOP_FP9,1020,TWB_SM3,TWB_PCBA_PASTE_INSPECTION_TOP,PN-337126,00F0B9E8,00F0B9E8,PN-337126,00F0B9E8,P16,,PROCESS,PN-27795,00F0B9E8T-20180414124002,U5,1,K7,483,483,-6.51,-6.51,127,GOOD,GOOD,120.4778,172.7863,88.5526,0,0.9055,4/14/2018 17:36
26226,1020,FP9,TOP,4009168617,4/11/2018 7:07,1523430000,TWB_SM3,TWB_PCBA_SM3_TOP_FP,TWB_PCBA_TOP_FP9,1020,TWB_SM3,TWB_PCBA_PASTE_INSPECTION_TOP,PN-337126,00F0B9E8,00F0B9E8,PN-337126,00F0B9E8,P16,,PROCESS,PN-27795,00F0B9E8T-20180414124002,U5,1,T4,483,483,8.41,3.71,127,GOOD,GOOD,112.021,161.2856,88.20794000000001,0,0.9055,4/14/2018 17:36
26227,1020,FP9,TOP,4009168617,4/11/2018 7:07,1523430000,TWB_SM3,TWB_PCBA_SM3_TOP_FP,TWB_PCBA_TOP_FP9,1020,TWB_SM3,TWB_PCBA_PASTE_INSPECTION_TOP,PN-337126,00F0B9E8,00F0B9E8,PN-337126,00F0B9E8,P16,,PROCESS,PN-27795,00F0B9E8T-20180414124002,U5,1,P1,483,483,-6.89,-0.22,127,GOOD,GOOD,105.7306,153.5019,87.47632,0,0.9055,4/14/2018 17:36
26230,1020,FP9,TOP,4009168617,4/11/2018 7:07,1523430000,TWB_SM3,TWB_PCBA_SM3_TOP_FP,TWB_PCBA_TOP_FP9,1020,TWB_SM3,TWB_PCBA_PASTE_INSPECTION_TOP,PN-337126,00F0B9E8,00F0B9E8,PN-337126,00F0B9E8,P16,,PROCESS,PN-27795,00F0B9E8T-20180414124002,U5,1,C1,483,483,7.78,-12.99,127,GOOD,GOOD,110.5935,169.4171,82.90413000000001,0,0.9055,4/14/2018 17:36
26723,1020,FP9,TOP,4009168617,4/11/2018 7:07,1523430000,TWB_SM3,TWB_PCBA_SM3_TOP_FP,TWB_PCBA_TOP_FP9,1020,TWB_SM3,TWB_PCBA_PASTE_INSPECTION_TOP,PN-337126,00F0B9E8,00F0B9E8,PN-337126,00F0B9E8,P16,,PROCESS,PN-27795,00F0B9E8T-20180414124002,U5,1,F10,483,483,-0.5,0.2,127,GOOD,GOOD,113.2137,158.6751,90.61374,0,0.9055,4/14/2018 17:36
26724,1020,FP9,TOP,4009168617,4/11/2018 7:07,1523430000,TWB_SM3,TWB_PCBA_SM3_TOP_FP,TWB_PCBA_TOP_FP9,1020,TWB_SM3,TWB_PCBA_PASTE_INSPECTION_TOP,PN-337126,00F0B9E8,00F0B9E8,PN-337126,00F0B9E8,P16,,PROCESS,PN-27795,00F0B9E8T-20180414124002,U5,1,N15,483,483,8.87,3.91,127,GOOD,GOOD,105.5087,160.9312,83.2629,0,0.9055,4/14/2018 17:36
26910,1020,FP9,TOP,4009168617,4/11/2018 7:07,1523430000,TWB_SM3,TWB_PCBA_SM3_TOP_FP,TWB_PCBA_TOP_FP9,1020,TWB_SM3,TWB_PCBA_PASTE_INSPECTION_TOP,PN-337126,00F0B9E8,00F0B9E8,PN-337126,00F0B9E8,P16,,PROCESS,PN-27795,00F0B9E8T-20180414124002,U5,1,G2,483,483,0.81,-14.22,127,GOOD,GOOD,107.8421,147.3439,92.95232,0,0.9055,4/14/2018 17:36
26936,1020,FP9,TOP,4009168617,4/11/2018 7:07,1523430000,TWB_SM3,TWB_PCBA_SM3_TOP_FP,TWB_PCBA_TOP_FP9,1020,TWB_SM3,TWB_PCBA_PASTE_INSPECTION_TOP,PN-337126,00F0B9E8,00F0B9E8,PN-337126,00F0B9E8,P16,,PROCESS,PN-27795,00F0B9E8T-20180414124002,U5,1,C15,483,483,-0.58,-10.31,127,GOOD,GOOD,110.5348,148.0491,94.81931,0,0.9055,4/14/2018 17:36
26983,1020,FP9,TOP,4009168617,4/11/2018 7:07,1523430000,TWB_SM3,TWB_PCBA_SM3_TOP_FP,TWB_PCBA_TOP_FP9,1020,TWB_SM3,TWB_PCBA_PASTE_INSPECTION_TOP,PN-337126,00F0B9E8,00F0B9E8,PN-337126,00F0B9E8,P16,,PROCESS,PN-27795,00F0B9E8T-20180414124002,U5,1,C8,483,483,5.34,-1.65,127,GOOD,GOOD,119.98100000000001,167.9638,90.71946,0,0.9055,4/14/2018 17:36
27302,1020,FP9,TOP,4009168617,4/11/2018 7:07,1523430000,TWB_SM3,TWB_PCBA_SM3_TOP_FP,TWB_PCBA_TOP_FP9,1020,TWB_SM3,TWB_PCBA_PASTE_INSPECTION_TOP,PN-337126,00F0B9E8,00F0B9E8,PN-337126,00F0B9E8,P16,,PROCESS,PN-27795,00F0B9E8T-20180414124002,U5,1,R1,483,483,11.5,0.3,127,GOOD,GOOD,104.7708,153.0809,86.92063,0,0.9055,4/14/2018 17:36
27346,1020,FP9,TOP,4009168617,4/11/2018 7:07,1523430000,TWB_SM3,TWB_PCBA_SM3_TOP_FP,TWB_PCBA_TOP_FP9,1020,TWB_SM3,TWB_PCBA_PASTE_INSPECTION_TOP,PN-337126,00F0B9E8,00F0B9E8,PN-337126,00F0B9E8,P16,,PROCESS,PN-27795,00F0B9E8T-20180414124002,U5,1,H12,483,483,-5.72,2.51,127,GOOD,GOOD,118.8203,162.3979,92.92101,0,0.9055,4/14/2018 17:36
27359,1020,FP9,TOP,4009168617,4/11/2018 7:07,1523430000,TWB_SM3,TWB_PCBA_SM3_TOP_FP,TWB_PCBA_TOP_FP9,1020,TWB_SM3,TWB_PCBA_PASTE_INSPECTION_TOP,PN-337126,00F0B9E8,00F0B9E8,PN-337126,00F0B9E8,P16,,PROCESS,PN-27795,00F0B9E8T-20180414124002,U5,1,J11,483,483,-6.85,-0.57,127,GOOD,GOOD,123.0786,168.3748,92.83443,0,0.9055,4/14/2018 17:36
27360,1020,FP9,TOP,4009168617,4/11/2018 7:07,1523430000,TWB_SM3,TWB_PCBA_SM3_TOP_FP,TWB_PCBA_TOP_FP9,1020,TWB_SM3,TWB_PCBA_PASTE_INSPECTION_TOP,PN-337126,00F0B9E8,00F0B9E8,PN-337126,00F0B9E8,P16,,PROCESS,PN-27795,00F0B9E8T-20180414124002,U5,1,J4,483,483,-3.42,-11.91,127,GOOD,GOOD,114.5077,167.495,86.82333,0,0.9055,4/14/2018 17:36
27361,1020,FP9,TOP,4009168617,4/11/2018 7:07,1523430000,TWB_SM3,TWB_PCBA_SM3_TOP_FP,TWB_PCBA_TOP_FP9,1020,TWB_SM3,TWB_PCBA_PASTE_INSPECTION_TOP,PN-337126,00F0B9E8,00F0B9E8,PN-337126,00F0B9E8,P16,,PROCESS,PN-27795,00F0B9E8T-20180414124002,U5,1,R16,483,483,4.13,4.6,127,GOOD,GOOD,107.1933,153.3838,88.75479,0,0.9055,4/14/2018 17:36
27611,1020,FP9,TOP,4009168617,4/11/2018 7:07,1523430000,TWB_SM3,TWB_PCBA_SM3_TOP_FP,TWB_PCBA_TOP_FP9,1020,TWB_SM3,TWB_PCBA_PASTE_INSPECTION_TOP,PN-337126,00F0B9E8,00F0B9E8,PN-337126,00F0B9E8,P16,,PROCESS,PN-27795,00F0B9E8T-20180414124002,U5,1,J12,483,483,-7.34,1.05,127,GOOD,GOOD,116.1506,158.9681,92.79301,0,0.9055,4/14/2018 17:36
27612,1020,FP9,TOP,4009168617,4/11/2018 7:07,1523430000,TWB_SM3,TWB_PCBA_SM3_TOP_FP,TWB_PCBA_TOP_FP9,1020,TWB_SM3,TWB_PCBA_PASTE_INSPECTION_TOP,PN-337126,00F0B9E8,00F0B9E8,PN-337126,00F0B9E8,P16,,PROCESS,PN-27795,00F0B9E8T-20180414124002,U5,1,J5,483,483,-2.9,-10.29,127,GOOD,GOOD,112.7769,159.7642,89.64879,0,0.9055,4/14/2018 17:36
27668,1020,FP9,TOP,4009168617,4/11/2018 7:07,1523430000,TWB_SM3,TWB_PCBA_SM3_TOP_FP,TWB_PCBA_TOP_FP9,1020,TWB_SM3,TWB_PCBA_PASTE_INSPECTION_TOP,PN-337126,00F0B9E8,00F0B9E8,PN-337126,00F0B9E8,P16,,PROCESS,PN-27795,00F0B9E8T-20180414124002,U5,1,C6,483,483,5.33,-4.89,127,GOOD,GOOD,120.5288,171.3217,89.34747,0,0.9055,4/14/2018 17:36
27695,1020,FP9,TOP,4009168617,4/11/2018 7:07,1523430000,TWB_SM3,TWB_PCBA_SM3_TOP_FP,TWB_PCBA_TOP_FP9,1020,TWB_SM3,TWB_PCBA_PASTE_INSPECTION_TOP,PN-337126,00F0B9E8,00F0B9E8,PN-337126,00F0B9E8,P16,,PROCESS,PN-27795,00F0B9E8T-20180414124002,U5,1,C10,483,483,3.53,1.59,127,GOOD,GOOD,115.7837,164.7308,89.26405,0,0.9055,4/14/2018 17:36
27696,1020,FP9,TOP,4009168617,4/11/2018 7:07,1523430000,TWB_SM3,TWB_PCBA_SM3_TOP_FP,TWB_PCBA_TOP_FP9,1020,TWB_SM3,TWB_PCBA_PASTE_INSPECTION_TOP,PN-337126,00F0B9E8,00F0B9E8,PN-337126,00F0B9E8,P16,,PROCESS,PN-27795,00F0B9E8T-20180414124002,U5,1,K15,483,483,-9.44,-13.55,127,GOOD,GOOD,107.6941,159.9821,85.49176,0,0.9055,4/14/2018 17:36
27869,1020,FP9,TOP,4009168617,4/11/2018 7:07,1523430000,TWB_SM3,TWB_PCBA_SM3_TOP_FP,TWB_PCBA_TOP_FP9,1020,TWB_SM3,TWB_PCBA_PASTE_INSPECTION_TOP,PN-337126,00F0B9E8,00F0B9E8,PN-337126,00F0B9E8,P16,,PROCESS,PN-27795,00F0B9E8T-20180414124002,U5,1,P2,483,483,-7.38,1.4,127,GOOD,GOOD,112.0221,162.7481,87.41615,0,0.9055,4/14/2018 17:36
27937,1020,FP9,TOP,4009168617,4/11/2018 7:07,1523430000,TWB_SM3,TWB_PCBA_SM3_TOP_FP,TWB_PCBA_TOP_FP9,1020,TWB_SM3,TWB_PCBA_PASTE_INSPECTION_TOP,PN-337126,00F0B9E8,00F0B9E8,PN-337126,00F0B9E8,P16,,PROCESS,PN-27795,00F0B9E8T-20180414124002,U5,1,E2,483,483,4.05,-12.3,127,GOOD,GOOD,104.3897,154.30200000000002,85.91914,0,0.9055,4/14/2018 17:36
27967,1020,FP9,TOP,4009168617,4/11/2018 7:07,1523430000,TWB_SM3,TWB_PCBA_SM3_TOP_FP,TWB_PCBA_TOP_FP9,1020,TWB_SM3,TWB_PCBA_PASTE_INSPECTION_TOP,PN-337126,00F0B9E8,00F0B9E8,PN-337126,00F0B9E8,P16,,PROCESS,PN-27795,00F0B9E8T-20180414124002,U5,1,J1,483,483,-1.94,3.23,127,GOOD,GOOD,108.9971,163.2211,84.80906,0,0.9055,4/14/2018 17:36
27968,1020,FP9,TOP,4009168617,4/11/2018 7:07,1523430000,TWB_SM3,TWB_PCBA_SM3_TOP_FP,TWB_PCBA_TOP_FP9,1020,TWB_SM3,TWB_PCBA_PASTE_INSPECTION_TOP,PN-337126,00F0B9E8,00F0B9E8,PN-337126,00F0B9E8,P16,,PROCESS,PN-27795,00F0B9E8T-20180414124002,U5,1,R13,483,483,6.61,-0.26,127,GOOD,GOOD,117.6434,159.6585,93.57915,0,0.9055,4/14/2018 17:36
28102,1020,FP9,TOP,4009168617,4/11/2018 7:07,1523430000,TWB_SM3,TWB_PCBA_SM3_TOP_FP,TWB_PCBA_TOP_FP9,1020,TWB_SM3,TWB_PCBA_PASTE_INSPECTION_TOP,PN-337126,00F0B9E8,00F0B9E8,PN-337126,00F0B9E8,P16,,PROCESS,PN-27795,00F0B9E8T-20180414124002,U5,1,R3,483,483,11.53,3.54,127,GOOD,GOOD,111.774,161.2712,88.02129000000001,0,0.9055,4/14/2018 17:36
28202,1020,FP9,TOP,4009168617,4/11/2018 7:07,1523430000,TWB_SM3,TWB_PCBA_SM3_TOP_FP,TWB_PCBA_TOP_FP9,1020,TWB_SM3,TWB_PCBA_PASTE_INSPECTION_TOP,PN-337126,00F0B9E8,00F0B9E8,PN-337126,00F0B9E8,P16,,PROCESS,PN-27795,00F0B9E8T-20180414124002,U5,1,T8,483,483,7.44,10.19,127,GOOD,GOOD,110.0931,155.9097,89.67898000000001,0,0.9055,4/14/2018 17:36
28503,1020,FP9,TOP,4009168617,4/11/2018 7:07,1523430000,TWB_SM3,TWB_PCBA_SM3_TOP_FP,TWB_PCBA_TOP_FP9,1020,TWB_SM3,TWB_PCBA_PASTE_INSPECTION_TOP,PN-337126,00F0B9E8,00F0B9E8,PN-337126,00F0B9E8,P16,,PROCESS,PN-27795,00F0B9E8T-20180414124002,U5,1,K1,483,483,-3.56,3.77,127,GOOD,GOOD,106.101,152.6762,88.2575,0,0.9055,4/14/2018 17:36
28669,1020,FP9,TOP,4009168617,4/11/2018 7:07,1523430000,TWB_SM3,TWB_PCBA_SM3_TOP_FP,TWB_PCBA_TOP_FP9,1020,TWB_SM3,TWB_PCBA_PASTE_INSPECTION_TOP,PN-337126,00F0B9E8,00F0B9E8,PN-337126,00F0B9E8,P16,,PROCESS,PN-27795,00F0B9E8T-20180414124002,U5,1,L3,483,483,-5.17,-13.46,127,GOOD,GOOD,110.2601,152.1148,92.05569,0,0.9055,4/14/2018 17:36
28675,1020,FP9,TOP,4009168617,4/11/2018 7:07,1523430000,TWB_SM3,TWB_PCBA_SM3_TOP_FP,TWB_PCBA_TOP_FP9,1020,TWB_SM3,TWB_PCBA_PASTE_INSPECTION_TOP,PN-337126,00F0B9E8,00F0B9E8,PN-337126,00F0B9E8,P16,,PROCESS,PN-27795,00F0B9E8T-20180414124002,U5,1,C12,483,483,2.38,4.83,127,GOOD,GOOD,106.4299,149.7399,90.26714,0,0.9055,4/14/2018 17:36
28684,1020,FP9,TOP,4009168617,4/11/2018 7:07,1523430000,TWB_SM3,TWB_PCBA_SM3_TOP_FP,TWB_PCBA_TOP_FP9,1020,TWB_SM3,TWB_PCBA_PASTE_INSPECTION_TOP,PN-337126,00F0B9E8,00F0B9E8,PN-337126,00F0B9E8,P16,,PROCESS,PN-27795,00F0B9E8T-20180414124002,U5,1,R5,483,483,10.54,6.78,127,GOOD,GOOD,114.7149,163.4233,89.14756,0,0.9055,4/14/2018 17:36
28730,1020,FP9,TOP,4009168617,4/11/2018 7:07,1523430000,TWB_SM3,TWB_PCBA_SM3_TOP_FP,TWB_PCBA_TOP_FP9,1020,TWB_SM3,TWB_PCBA_PASTE_INSPECTION_TOP,PN-337126,00F0B9E8,00F0B9E8,PN-337126,00F0B9E8,P16,,PROCESS,PN-27795,00F0B9E8T-20180414124002,U5,1,C14,483,483,-1.09,-11.93,127,GOOD,GOOD,112.5983,161.6056,88.48693,0,0.9055,4/14/2018 17:36
28890,1020,FP9,TOP,4009168617,4/11/2018 7:07,1523430000,TWB_SM3,TWB_PCBA_SM3_TOP_FP,TWB_PCBA_TOP_FP9,1020,TWB_SM3,TWB_PCBA_PASTE_INSPECTION_TOP,PN-337126,00F0B9E8,00F0B9E8,PN-337126,00F0B9E8,P16,,PROCESS,PN-27795,00F0B9E8T-20180414124002,U5,1,N7,483,483,-8.21,10.95,127,GOOD,GOOD,115.2523,156.9147,93.28024,0,0.9055,4/14/2018 17:36
29622,1020,FP9,TOP,4009168617,4/11/2018 7:07,1523430000,TWB_SM3,TWB_PCBA_SM3_TOP_FP,TWB_PCBA_TOP_FP9,1020,TWB_SM3,TWB_PCBA_PASTE_INSPECTION_TOP,PN-337126,00F0B9E8,00F0B9E8,PN-337126,00F0B9E8,P16,,PROCESS,PN-27795,00F0B9E8T-20180414124002,U5,1,D9,483,483,2.24,-1.49,127,GOOD,GOOD,109.9904,149.1529,93.65413000000001,0,0.9055,4/14/2018 17:36
29704,1020,FP9,TOP,4009168617,4/11/2018 7:07,1523430000,TWB_SM3,TWB_PCBA_SM3_TOP_FP,TWB_PCBA_TOP_FP9,1020,TWB_SM3,TWB_PCBA_PASTE_INSPECTION_TOP,PN-337126,00F0B9E8,00F0B9E8,PN-337126,00F0B9E8,P16,,PROCESS,PN-27795,00F0B9E8T-20180414124002,U5,1,G11,483,483,-3.61,0.36,127,GOOD,GOOD,114.4041,154.9182,93.78706,0,0.9055,4/14/2018 17:36
30037,1020,FP9,TOP,4009168617,4/11/2018 7:07,1523430000,TWB_SM3,TWB_PCBA_SM3_TOP_FP,TWB_PCBA_TOP_FP9,1020,TWB_SM3,TWB_PCBA_PASTE_INSPECTION_TOP,PN-337126,00F0B9E8,00F0B9E8,PN-337126,00F0B9E8,P16,,PROCESS,PN-27795,00F0B9E8T-20180414124002,U5,1,P5,483,483,12.16,6.26,127,GOOD,GOOD,112.0801,154.3659,92.2106,0,0.9055,4/14/2018 17:36
30161,1020,FP9,TOP,4009168617,4/11/2018 7:07,1523430000,TWB_SM3,TWB_PCBA_SM3_TOP_FP,TWB_PCBA_TOP_FP9,1020,TWB_SM3,TWB_PCBA_PASTE_INSPECTION_TOP,PN-337126,00F0B9E8,00F0B9E8,PN-337126,00F0B9E8,P16,,PROCESS,PN-27795,00F0B9E8T-20180414124002,U5,1,P11,483,483,8.21,-4.02,127,GOOD,GOOD,111.8173,158.0145,89.87025,0,0.9055,4/14/2018 17:36
30339,1020,FP9,TOP,4009168617,4/11/2018 7:07,1523430000,TWB_SM3,TWB_PCBA_SM3_TOP_FP,TWB_PCBA_TOP_FP9,1020,TWB_SM3,TWB_PCBA_PASTE_INSPECTION_TOP,PN-337126,00F0B9E8,00F0B9E8,PN-337126,00F0B9E8,P16,,PROCESS,PN-27795,00F0B9E8T-20180414124002,U5,1,M2,483,483,-7.3,3.46,127,GOOD,GOOD,105.4897,156.4518,85.63143000000001,0,0.9055,4/14/2018 17:36
30671,1020,FP9,TOP,4009168617,4/11/2018 7:07,1523430000,TWB_SM3,TWB_PCBA_SM3_TOP_FP,TWB_PCBA_TOP_FP9,1020,TWB_SM3,TWB_PCBA_PASTE_INSPECTION_TOP,PN-337126,00F0B9E8,00F0B9E8,PN-337126,00F0B9E8,P16,,PROCESS,PN-27795,00F0B9E8T-20180414124002,U5,1,G3,483,483,1.31,-12.6,127,GOOD,GOOD,110.5093,159.4576,88.01514,0,0.9055,4/14/2018 17:36
30963,1020,FP9,TOP,4009168617,4/11/2018 7:07,1523430000,TWB_SM3,TWB_PCBA_SM3_TOP_FP,TWB_PCBA_TOP_FP9,1020,TWB_SM3,TWB_PCBA_PASTE_INSPECTION_TOP,PN-337126,00F0B9E8,00F0B9E8,PN-337126,00F0B9E8,P16,,PROCESS,PN-27795,00F0B9E8T-20180414124002,U5,1,B4,483,483,7.92,-8.67,127,GOOD,GOOD,118.6687,168.8014,89.28199000000001,0,0.9055,4/14/2018 17:36
31028,1020,FP9,TOP,4009168617,4/11/2018 7:07,1523430000,TWB_SM3,TWB_PCBA_SM3_TOP_FP,TWB_PCBA_TOP_FP9,1020,TWB_SM3,TWB_PCBA_PASTE_INSPECTION_TOP,PN-337126,00F0B9E8,00F0B9E8,PN-337126,00F0B9E8,P16,,PROCESS,PN-27795,00F0B9E8T-20180414124002,U5,1,M4,483,483,-8.28,-13.3,127,GOOD,GOOD,115.3575,163.4604,89.62664000000001,0,0.9055,4/14/2018 17:36
31453,1020,FP9,TOP,4009168617,4/11/2018 7:07,1523430000,TWB_SM3,TWB_PCBA_SM3_TOP_FP,TWB_PCBA_TOP_FP9,1020,TWB_SM3,TWB_PCBA_PASTE_INSPECTION_TOP,PN-337126,00F0B9E8,00F0B9E8,PN-337126,00F0B9E8,P16,,PROCESS,PN-27795,00F0B9E8T-20180414124002,U5,1,C3,483,483,7.79,-9.75,127,GOOD,GOOD,109.50200000000001,154.2987,90.12873,0,0.9055,4/14/2018 17:36
32213,1020,FP9,TOP,4009168617,4/11/2018 7:07,1523430000,TWB_SM3,TWB_PCBA_SM3_TOP_FP,TWB_PCBA_TOP_FP9,1020,TWB_SM3,TWB_PCBA_PASTE_INSPECTION_TOP,PN-337126,00F0B9E8,00F0B9E8,PN-337126,00F0B9E8,P16,,PROCESS,PN-27795,00F0B9E8T-20180414124002,U5,1,H6,483,483,-2.78,-7.21,127,GOOD,GOOD,112.9769,156.0585,91.94028,0,0.9055,4/14/2018 17:36
32223,1020,FP9,TOP,4009168617,4/11/2018 7:07,1523430000,TWB_SM3,TWB_PCBA_SM3_TOP_FP,TWB_PCBA_TOP_FP9,1020,TWB_SM3,TWB_PCBA_PASTE_INSPECTION_TOP,PN-337126,00F0B9E8,00F0B9E8,PN-337126,00F0B9E8,P16,,PROCESS,PN-27795,00F0B9E8T-20180414124002,U5,1,H16,483,483,-7.69,-11.01,127,GOOD,GOOD,103.6486,155.8361,84.4693,0,0.9055,4/14/2018 17:36
32242,1020,FP9,TOP,4009168617,4/11/2018 7:07,1523430000,TWB_SM3,TWB_PCBA_SM3_TOP_FP,TWB_PCBA_TOP_FP9,1020,TWB_SM3,TWB_PCBA_PASTE_INSPECTION_TOP,PN-337126,00F0B9E8,00F0B9E8,PN-337126,00F0B9E8,P16,,PROCESS,PN-27795,00F0B9E8T-20180414124002,U5,1,T2,483,483,9.38,0.47,127,GOOD,GOOD,110.8125,157.7583,89.20728000000001,0,0.9055,4/14/2018 17:36
32563,1020,FP9,TOP,4009168617,4/11/2018 7:07,1523430000,TWB_SM3,TWB_PCBA_SM3_TOP_FP,TWB_PCBA_TOP_FP9,1020,TWB_SM3,TWB_PCBA_PASTE_INSPECTION_TOP,PN-337126,00F0B9E8,00F0B9E8,PN-337126,00F0B9E8,P16,,PROCESS,PN-27795,00F0B9E8T-20180414124002,U5,1,E4,483,483,3.06,-9.06,127,GOOD,GOOD,116.0362,166.8534,88.32063000000001,0,0.9055,4/14/2018 17:36
32588,1020,FP9,TOP,4009168617,4/11/2018 7:07,1523430000,TWB_SM3,TWB_PCBA_SM3_TOP_FP,TWB_PCBA_TOP_FP9,1020,TWB_SM3,TWB_PCBA_PASTE_INSPECTION_TOP,PN-337126,00F0B9E8,00F0B9E8,PN-337126,00F0B9E8,P16,,PROCESS,PN-27795,00F0B9E8T-20180414124002,U5,1,M14,483,483,6.82,2.9,127,GOOD,GOOD,109.3744,157.4898,88.19965,0,0.9055,4/14/2018 17:36
32609,1020,FP9,TOP,4009168617,4/11/2018 7:07,1523430000,TWB_SM3,TWB_PCBA_SM3_TOP_FP,TWB_PCBA_TOP_FP9,1020,TWB_SM3,TWB_PCBA_PASTE_INSPECTION_TOP,PN-337126,00F0B9E8,00F0B9E8,PN-337126,00F0B9E8,P16,,PROCESS,PN-27795,00F0B9E8T-20180414124002,U5,1,K10,483,483,-6.98,-1.65,127,GOOD,GOOD,112.0524,157.702,90.23763000000001,0,0.9055,4/14/2018 17:36
32612,1020,FP9,TOP,4009168617,4/11/2018 7:07,1523430000,TWB_SM3,TWB_PCBA_SM3_TOP_FP,TWB_PCBA_TOP_FP9,1020,TWB_SM3,TWB_PCBA_PASTE_INSPECTION_TOP,PN-337126,00F0B9E8,00F0B9E8,PN-337126,00F0B9E8,P16,,PROCESS,PN-27795,00F0B9E8T-20180414124002,U5,1,E7,483,483,1.6,-4.2,127,GOOD,GOOD,119.4004,170.5422,88.91553,0,0.9055,4/14/2018 17:36
33009,1020,FP9,TOP,4009168617,4/11/2018 7:07,1523430000,TWB_SM3,TWB_PCBA_SM3_TOP_FP,TWB_PCBA_TOP_FP9,1020,TWB_SM3,TWB_PCBA_PASTE_INSPECTION_TOP,PN-337126,00F0B9E8,00F0B9E8,PN-337126,00F0B9E8,P16,,PROCESS,PN-27795,00F0B9E8T-20180414124002,U5,1,F5,483,483,1.96,-7.9,127,GOOD,GOOD,108.8843,154.8254,89.31548000000001,0,0.9055,4/14/2018 17:36
33036,1020,FP9,TOP,4009168617,4/11/2018 7:07,1523430000,TWB_SM3,TWB_PCBA_SM3_TOP_FP,TWB_PCBA_TOP_FP9,1020,TWB_SM3,TWB_PCBA_PASTE_INSPECTION_TOP,PN-337126,00F0B9E8,00F0B9E8,PN-337126,00F0B9E8,P16,,PROCESS,PN-27795,00F0B9E8T-20180414124002,U5,1,B10,483,483,3.5,1.05,127,GOOD,GOOD,110.6392,152.1398,92.35706,0,0.9055,4/14/2018 17:36
33037,1020,FP9,TOP,4009168617,4/11/2018 7:07,1523430000,TWB_SM3,TWB_PCBA_SM3_TOP_FP,TWB_PCBA_TOP_FP9,1020,TWB_SM3,TWB_PCBA_PASTE_INSPECTION_TOP,PN-337126,00F0B9E8,00F0B9E8,PN-337126,00F0B9E8,P16,,PROCESS,PN-27795,00F0B9E8T-20180414124002,U5,1,J15,483,483,-7.81,-14.09,127,GOOD,GOOD,108.5685,151.7268,90.87519,0,0.9055,4/14/2018 17:36
33038,1020,FP9,TOP,4009168617,4/11/2018 7:07,1523430000,TWB_SM3,TWB_PCBA_SM3_TOP_FP,TWB_PCBA_TOP_FP9,1020,TWB_SM3,TWB_PCBA_PASTE_INSPECTION_TOP,PN-337126,00F0B9E8,00F0B9E8,PN-337126,00F0B9E8,P16,,PROCESS,PN-27795,00F0B9E8T-20180414124002,U5,1,J8,483,483,-4.38,-5.43,127,GOOD,GOOD,109.88600000000001,163.9565,85.11728000000001,0,0.9055,4/14/2018 17:36
