,plcng_plant_cd,mach_id,pcb_side_inspd,wo_num,defct_dttm,intrvl_key,plcng_area_cd,plcng_prcs_cd,plcng_wrk_ctr_cd,fndng_plant_cd,fndng_area_cd,fndng_prcs_cd,bld_part_no,bld_serial_no,barcd,assy_part_no,assy_serial_no,defct_cd,failed_test_code,fail_type,cmpnt_part_no,spi_test_id,ref_id,silkscrn_nbr,cmpntpin_nbr,cmpntpin_size_x_axis,cmpntpin_size_y_axis,solder_paste_offst_x_axis,solder_paste_offst_y_axis,pad_stncl_hgt,pad_spi_result,pad_spi_defct_type,solder_paste_vol_pct,solder_paste_hgt,solder_paste_area_pct,pkg_type,stncl_surf_area_ratio,extract_dttm
3430,1020,FP9,TOP,4009518747,8/19/2018 15:15,1534691700,TWB_SM3,TWB_PCBA_SM3_TOP_FP,TWB_PCBA_TOP_FP9,1020,TWB_SM3,TWB_PCBA_PASTE_INSPECTION_TOP,PN-337126,00F75C6A,00F75C6A,PN-337126,00F75C6B,T31,,PROCESS,PN-27795,00F75C6AT-20180820075748,U5,2,B4,483,483,8.95,-7.75,127,GOOD,GOOD,138.8657,169.6393,103.9614,0,0.9055,8/20/2018 11:59
3431,1020,FP9,TOP,4009518747,8/19/2018 15:15,1534691700,TWB_SM3,TWB_PCBA_SM3_TOP_FP,TWB_PCBA_TOP_FP9,1020,TWB_SM3,TWB_PCBA_PASTE_INSPECTION_TOP,PN-337126,00F75C6A,00F75C6A,PN-337126,00F75C6B,T31,,PROCESS,PN-27795,00F75C6AT-20180820075748,U5,2,C9,483,483,5.48,0.29,127,GOOD,GOOD,140.7917,166.36,107.4811,0,0.9055,8/20/2018 11:59
3432,1020,FP9,TOP,4009518747,8/19/2018 15:15,1534691700,TWB_SM3,TWB_PCBA_SM3_TOP_FP,TWB_PCBA_TOP_FP9,1020,TWB_SM3,TWB_PCBA_PASTE_INSPECTION_TOP,PN-337126,00F75C6A,00F75C6A,PN-337126,00F75C6B,T31,,PROCESS,PN-27795,00F75C6AT-20180820075748,U5,2,D2,483,483,6.78,-11.46,127,GOOD,GOOD,132.4194,179.2939,93.79723,0,0.9055,8/20/2018 11:59
3433,1020,FP9,TOP,4009518747,8/19/2018 15:15,1534691700,TWB_SM3,TWB_PCBA_SM3_TOP_FP,TWB_PCBA_TOP_FP9,1020,TWB_SM3,TWB_PCBA_PASTE_INSPECTION_TOP,PN-337126,00F75C6A,00F75C6A,PN-337126,00F75C6B,T31,,PROCESS,PN-27795,00F75C6AT-20180820075748,U5,2,E16,483,483,-0.27,-10.07,127,GOOD,GOOD,139.6228,167.4809,105.8753,0,0.9055,8/20/2018 11:59
3434,1020,FP9,TOP,4009518747,8/19/2018 15:15,1534691700,TWB_SM3,TWB_PCBA_SM3_TOP_FP,TWB_PCBA_TOP_FP9,1020,TWB_SM3,TWB_PCBA_PASTE_INSPECTION_TOP,PN-337126,00F75C6A,00F75C6A,PN-337126,00F75C6B,T31,,PROCESS,PN-27795,00F75C6AT-20180820075748,U5,2,E7,483,483,3.31,-3.42,127,GOOD,GOOD,136.5005,166.3802,104.1924,0,0.9055,8/20/2018 11:59
3435,1020,FP9,TOP,4009518747,8/19/2018 15:15,1534691700,TWB_SM3,TWB_PCBA_SM3_TOP_FP,TWB_PCBA_TOP_FP9,1020,TWB_SM3,TWB_PCBA_PASTE_INSPECTION_TOP,PN-337126,00F75C6A,00F75C6A,PN-337126,00F75C6B,T31,,PROCESS,PN-27795,00F75C6AT-20180820075748,U5,2,F15,483,483,-0.35,-11.92,127,GOOD,GOOD,144.3288,175.4895,104.4493,0,0.9055,8/20/2018 11:59
3436,1020,FP9,TOP,4009518747,8/19/2018 15:15,1534691700,TWB_SM3,TWB_PCBA_SM3_TOP_FP,TWB_PCBA_TOP_FP9,1020,TWB_SM3,TWB_PCBA_PASTE_INSPECTION_TOP,PN-337126,00F75C6A,00F75C6A,PN-337126,00F75C6B,T31,,PROCESS,PN-27795,00F75C6AT-20180820075748,U5,2,G14,483,483,-0.78,5.22,127,GOOD,GOOD,144.8669,174.3169,105.5439,0,0.9055,8/20/2018 11:59
3437,1020,FP9,TOP,4009518747,8/19/2018 15:15,1534691700,TWB_SM3,TWB_PCBA_SM3_TOP_FP,TWB_PCBA_TOP_FP9,1020,TWB_SM3,TWB_PCBA_PASTE_INSPECTION_TOP,PN-337126,00F75C6A,00F75C6A,PN-337126,00F75C6B,T31,,PROCESS,PN-27795,00F75C6AT-20180820075748,U5,2,G5,483,483,2.15,-8.12,127,GOOD,GOOD,140.5599,165.9885,107.5442,0,0.9055,8/20/2018 11:59
3438,1020,FP9,TOP,4009518747,8/19/2018 15:15,1534691700,TWB_SM3,TWB_PCBA_SM3_TOP_FP,TWB_PCBA_TOP_FP9,1020,TWB_SM3,TWB_PCBA_PASTE_INSPECTION_TOP,PN-337126,00F75C6A,00F75C6A,PN-337126,00F75C6B,T31,,PROCESS,PN-27795,00F75C6AT-20180820075748,U5,2,H13,483,483,-3.53,4.37,127,GOOD,GOOD,145.5544,175.1439,105.5441,0,0.9055,8/20/2018 11:59
3439,1020,FP9,TOP,4009518747,8/19/2018 15:15,1534691700,TWB_SM3,TWB_PCBA_SM3_TOP_FP,TWB_PCBA_TOP_FP9,1020,TWB_SM3,TWB_PCBA_PASTE_INSPECTION_TOP,PN-337126,00F75C6A,00F75C6A,PN-337126,00F75C6B,T31,,PROCESS,PN-27795,00F75C6AT-20180820075748,U5,2,J11,483,483,-4.21,0.04,127,GOOD,GOOD,142.5377,168.2434,107.5959,0,0.9055,8/20/2018 11:59
3440,1020,FP9,TOP,4009518747,8/19/2018 15:15,1534691700,TWB_SM3,TWB_PCBA_SM3_TOP_FP,TWB_PCBA_TOP_FP9,1020,TWB_SM3,TWB_PCBA_PASTE_INSPECTION_TOP,PN-337126,00F75C6A,00F75C6A,PN-337126,00F75C6B,T31,,PROCESS,PN-27795,00F75C6AT-20180820075748,U5,2,J8,483,483,-3.02,-4.41,127,GOOD,GOOD,151.7656,174.7239,110.3125,0,0.9055,8/20/2018 11:59
3441,1020,FP9,TOP,4009518747,8/19/2018 15:15,1534691700,TWB_SM3,TWB_PCBA_SM3_TOP_FP,TWB_PCBA_TOP_FP9,1020,TWB_SM3,TWB_PCBA_PASTE_INSPECTION_TOP,PN-337126,00F75C6A,00F75C6A,PN-337126,00F75C6B,T31,,PROCESS,PN-27795,00F75C6AT-20180820075748,U5,2,K1,483,483,-1.71,0.87,127,GOOD,GOOD,146.7517,182.6204,102.0558,0,0.9055,8/20/2018 11:59
3442,1020,FP9,TOP,4009518747,8/19/2018 15:15,1534691700,TWB_SM3,TWB_PCBA_SM3_TOP_FP,TWB_PCBA_TOP_FP9,1020,TWB_SM3,TWB_PCBA_PASTE_INSPECTION_TOP,PN-337126,00F75C6A,00F75C6A,PN-337126,00F75C6B,T31,,PROCESS,PN-27795,00F75C6AT-20180820075748,U5,2,K10,483,483,-0.15,-0.82,127,GOOD,GOOD,149.4335,169.0027,112.2943,0,0.9055,8/20/2018 11:59
3443,1020,FP9,TOP,4009518747,8/19/2018 15:15,1534691700,TWB_SM3,TWB_PCBA_SM3_TOP_FP,TWB_PCBA_TOP_FP9,1020,TWB_SM3,TWB_PCBA_PASTE_INSPECTION_TOP,PN-337126,00F75C6A,00F75C6A,PN-337126,00F75C6B,T31,,PROCESS,PN-27795,00F75C6AT-20180820075748,U5,2,L6,483,483,-0.22,-7.12,127,GOOD,GOOD,143.733,167.8007,108.7844,0,0.9055,8/20/2018 11:59
3444,1020,FP9,TOP,4009518747,8/19/2018 15:15,1534691700,TWB_SM3,TWB_PCBA_SM3_TOP_FP,TWB_PCBA_TOP_FP9,1020,TWB_SM3,TWB_PCBA_PASTE_INSPECTION_TOP,PN-337126,00F75C6A,00F75C6A,PN-337126,00F75C6B,T31,,PROCESS,PN-27795,00F75C6AT-20180820075748,U5,2,N4,483,483,14.01,4.07,127,GOOD,GOOD,148.1064,182.2644,103.199,0,0.9055,8/20/2018 11:59
3445,1020,FP9,TOP,4009518747,8/19/2018 15:15,1534691700,TWB_SM3,TWB_PCBA_SM3_TOP_FP,TWB_PCBA_TOP_FP9,1020,TWB_SM3,TWB_PCBA_PASTE_INSPECTION_TOP,PN-337126,00F75C6A,00F75C6A,PN-337126,00F75C6B,T31,,PROCESS,PN-27795,00F75C6AT-20180820075748,U5,2,P2,483,483,12.43,-0.26,127,GOOD,GOOD,141.6835,184.4823,97.53676,0,0.9055,8/20/2018 11:59
3446,1020,FP9,TOP,4009518747,8/19/2018 15:15,1534691700,TWB_SM3,TWB_PCBA_SM3_TOP_FP,TWB_PCBA_TOP_FP9,1020,TWB_SM3,TWB_PCBA_PASTE_INSPECTION_TOP,PN-337126,00F75C6A,00F75C6A,PN-337126,00F75C6B,T31,,PROCESS,PN-27795,00F75C6AT-20180820075748,U5,2,R15,483,483,4.64,4.02,127,GOOD,GOOD,131.2686,159.4423,104.5589,0,0.9055,8/20/2018 11:59
3447,1020,FP9,TOP,4009518747,8/19/2018 15:15,1534691700,TWB_SM3,TWB_PCBA_SM3_TOP_FP,TWB_PCBA_TOP_FP9,1020,TWB_SM3,TWB_PCBA_PASTE_INSPECTION_TOP,PN-337126,00F75C6A,00F75C6A,PN-337126,00F75C6B,T31,,PROCESS,PN-27795,00F75C6AT-20180820075748,U5,2,T13,483,483,2.87,2.17,127,GOOD,GOOD,144.3022,171.5641,106.8194,0,0.9055,8/20/2018 11:59
5326,1020,FP9,TOP,4009518747,8/19/2018 15:15,1534691700,TWB_SM3,TWB_PCBA_SM3_TOP_FP,TWB_PCBA_TOP_FP9,1020,TWB_SM3,TWB_PCBA_PASTE_INSPECTION_TOP,PN-337126,00F75C6A,00F75C6A,PN-337126,00F75C6B,T31,,PROCESS,PN-27795,00F75C6AT-20180820075748,U5,2,A13,483,483,7.68,6.96,127,GOOD,GOOD,149.2277,176.3852,107.4463,0,0.9055,8/20/2018 11:59
5327,1020,FP9,TOP,4009518747,8/19/2018 15:15,1534691700,TWB_SM3,TWB_PCBA_SM3_TOP_FP,TWB_PCBA_TOP_FP9,1020,TWB_SM3,TWB_PCBA_PASTE_INSPECTION_TOP,PN-337126,00F75C6A,00F75C6A,PN-337126,00F75C6B,T31,,PROCESS,PN-27795,00F75C6AT-20180820075748,U5,2,A4,483,483,10.43,-6.38,127,GOOD,GOOD,137.5907,173.4504,100.7436,0,0.9055,8/20/2018 11:59
5328,1020,FP9,TOP,4009518747,8/19/2018 15:15,1534691700,TWB_SM3,TWB_PCBA_SM3_TOP_FP,TWB_PCBA_TOP_FP9,1020,TWB_SM3,TWB_PCBA_PASTE_INSPECTION_TOP,PN-337126,00F75C6A,00F75C6A,PN-337126,00F75C6B,T31,,PROCESS,PN-27795,00F75C6AT-20180820075748,U5,2,B12,483,483,5.77,4.11,127,GOOD,GOOD,149.1027,173.2921,109.2724,0,0.9055,8/20/2018 11:59
5329,1020,FP9,TOP,4009518747,8/19/2018 15:15,1534691700,TWB_SM3,TWB_PCBA_SM3_TOP_FP,TWB_PCBA_TOP_FP9,1020,TWB_SM3,TWB_PCBA_PASTE_INSPECTION_TOP,PN-337126,00F75C6A,00F75C6A,PN-337126,00F75C6B,T31,,PROCESS,PN-27795,00F75C6AT-20180820075748,U5,2,B9,483,483,6.96,-0.34,127,GOOD,GOOD,141.4754,171.5426,104.74,0,0.9055,8/20/2018 11:59
5330,1020,FP9,TOP,4009518747,8/19/2018 15:15,1534691700,TWB_SM3,TWB_PCBA_SM3_TOP_FP,TWB_PCBA_TOP_FP9,1020,TWB_SM3,TWB_PCBA_PASTE_INSPECTION_TOP,PN-337126,00F75C6A,00F75C6A,PN-337126,00F75C6B,T31,,PROCESS,PN-27795,00F75C6AT-20180820075748,U5,2,C11,483,483,4.68,3.26,127,GOOD,GOOD,148.3689,173.9466,108.3255,0,0.9055,8/20/2018 11:59
5331,1020,FP9,TOP,4009518747,8/19/2018 15:15,1534691700,TWB_SM3,TWB_PCBA_SM3_TOP_FP,TWB_PCBA_TOP_FP9,1020,TWB_SM3,TWB_PCBA_PASTE_INSPECTION_TOP,PN-337126,00F75C6A,00F75C6A,PN-337126,00F75C6B,T31,,PROCESS,PN-27795,00F75C6AT-20180820075748,U5,2,C2,483,483,8.27,-10.09,127,GOOD,GOOD,150.2972,184.5677,103.4187,0,0.9055,8/20/2018 11:59
5332,1020,FP9,TOP,4009518747,8/19/2018 15:15,1534691700,TWB_SM3,TWB_PCBA_SM3_TOP_FP,TWB_PCBA_TOP_FP9,1020,TWB_SM3,TWB_PCBA_PASTE_INSPECTION_TOP,PN-337126,00F75C6A,00F75C6A,PN-337126,00F75C6B,T31,,PROCESS,PN-27795,00F75C6AT-20180820075748,U5,2,D10,483,483,4.61,0.41,127,GOOD,GOOD,154.6181,171.8747,114.2489,0,0.9055,8/20/2018 11:59
5333,1020,FP9,TOP,4009518747,8/19/2018 15:15,1534691700,TWB_SM3,TWB_PCBA_SM3_TOP_FP,TWB_PCBA_TOP_FP9,1020,TWB_SM3,TWB_PCBA_PASTE_INSPECTION_TOP,PN-337126,00F75C6A,00F75C6A,PN-337126,00F75C6B,T31,,PROCESS,PN-27795,00F75C6AT-20180820075748,U5,2,D7,483,483,8.11,-4.04,127,GOOD,GOOD,148.4088,172.2532,109.4199,0,0.9055,8/20/2018 11:59
5334,1020,FP9,TOP,4009518747,8/19/2018 15:15,1534691700,TWB_SM3,TWB_PCBA_SM3_TOP_FP,TWB_PCBA_TOP_FP9,1020,TWB_SM3,TWB_PCBA_PASTE_INSPECTION_TOP,PN-337126,00F75C6A,00F75C6A,PN-337126,00F75C6B,T31,,PROCESS,PN-27795,00F75C6AT-20180820075748,U5,2,F5,483,483,3.63,-6.75,127,GOOD,GOOD,138.966,175.3289,100.6604,0,0.9055,8/20/2018 11:59
5335,1020,FP9,TOP,4009518747,8/19/2018 15:15,1534691700,TWB_SM3,TWB_PCBA_SM3_TOP_FP,TWB_PCBA_TOP_FP9,1020,TWB_SM3,TWB_PCBA_PASTE_INSPECTION_TOP,PN-337126,00F75C6A,00F75C6A,PN-337126,00F75C6B,T31,,PROCESS,PN-27795,00F75C6AT-20180820075748,U5,2,H3,483,483,7.91,-10.46,127,GOOD,GOOD,148.6877,187.0851,100.9344,0,0.9055,8/20/2018 11:59
5336,1020,FP9,TOP,4009518747,8/19/2018 15:15,1534691700,TWB_SM3,TWB_PCBA_SM3_TOP_FP,TWB_PCBA_TOP_FP9,1020,TWB_SM3,TWB_PCBA_PASTE_INSPECTION_TOP,PN-337126,00F75C6A,00F75C6A,PN-337126,00F75C6B,T31,,PROCESS,PN-27795,00F75C6AT-20180820075748,U5,2,J1,483,483,3.08,5.21,127,GOOD,GOOD,142.1549,169.5567,106.4757,0,0.9055,8/20/2018 11:59
5337,1020,FP9,TOP,4009518747,8/19/2018 15:15,1534691700,TWB_SM3,TWB_PCBA_SM3_TOP_FP,TWB_PCBA_TOP_FP9,1020,TWB_SM3,TWB_PCBA_PASTE_INSPECTION_TOP,PN-337126,00F75C6A,00F75C6A,PN-337126,00F75C6B,T31,,PROCESS,PN-27795,00F75C6AT-20180820075748,U5,2,J16,483,483,-6.2,-12.55,127,GOOD,GOOD,140.2802,172.2034,103.4566,0,0.9055,8/20/2018 11:59
5338,1020,FP9,TOP,4009518747,8/19/2018 15:15,1534691700,TWB_SM3,TWB_PCBA_SM3_TOP_FP,TWB_PCBA_TOP_FP9,1020,TWB_SM3,TWB_PCBA_PASTE_INSPECTION_TOP,PN-337126,00F75C6A,00F75C6A,PN-337126,00F75C6B,T31,,PROCESS,PN-27795,00F75C6AT-20180820075748,U5,2,K15,483,483,-6.28,-13.41,127,GOOD,GOOD,146.3848,185.0438,100.4673,0,0.9055,8/20/2018 11:59
5339,1020,FP9,TOP,4009518747,8/19/2018 15:15,1534691700,TWB_SM3,TWB_PCBA_SM3_TOP_FP,TWB_PCBA_TOP_FP9,1020,TWB_SM3,TWB_PCBA_PASTE_INSPECTION_TOP,PN-337126,00F75C6A,00F75C6A,PN-337126,00F75C6B,T31,,PROCESS,PN-27795,00F75C6AT-20180820075748,U5,2,K6,483,483,0.43,-6.75,127,GOOD,GOOD,148.3841,171.0288,110.1848,0,0.9055,8/20/2018 11:59
5340,1020,FP9,TOP,4009518747,8/19/2018 15:15,1534691700,TWB_SM3,TWB_PCBA_SM3_TOP_FP,TWB_PCBA_TOP_FP9,1020,TWB_SM3,TWB_PCBA_PASTE_INSPECTION_TOP,PN-337126,00F75C6A,00F75C6A,PN-337126,00F75C6B,T31,,PROCESS,PN-27795,00F75C6AT-20180820075748,U5,2,L14,483,483,-8.37,4.74,127,GOOD,GOOD,141.4132,176.5465,101.7266,0,0.9055,8/20/2018 11:59
5341,1020,FP9,TOP,4009518747,8/19/2018 15:15,1534691700,TWB_SM3,TWB_PCBA_SM3_TOP_FP,TWB_PCBA_TOP_FP9,1020,TWB_SM3,TWB_PCBA_PASTE_INSPECTION_TOP,PN-337126,00F75C6A,00F75C6A,PN-337126,00F75C6B,T31,,PROCESS,PN-27795,00F75C6AT-20180820075748,U5,2,M13,483,483,-9.46,1.89,127,GOOD,GOOD,136.0274,185.7987,92.97955,0,0.9055,8/20/2018 11:59
5342,1020,FP9,TOP,4009518747,8/19/2018 15:15,1534691700,TWB_SM3,TWB_PCBA_SM3_TOP_FP,TWB_PCBA_TOP_FP9,1020,TWB_SM3,TWB_PCBA_PASTE_INSPECTION_TOP,PN-337126,00F75C6A,00F75C6A,PN-337126,00F75C6B,T31,,PROCESS,PN-27795,00F75C6AT-20180820075748,U5,2,M4,483,483,-0.91,-11.46,127,GOOD,GOOD,143.3781,176.525,103.1526,0,0.9055,8/20/2018 11:59
5343,1020,FP9,TOP,4009518747,8/19/2018 15:15,1534691700,TWB_SM3,TWB_PCBA_SM3_TOP_FP,TWB_PCBA_TOP_FP9,1020,TWB_SM3,TWB_PCBA_PASTE_INSPECTION_TOP,PN-337126,00F75C6A,00F75C6A,PN-337126,00F75C6B,T31,,PROCESS,PN-27795,00F75C6AT-20180820075748,U5,2,N12,483,483,7.74,-3.93,127,GOOD,GOOD,137.217,176.1351,98.93858,0,0.9055,8/20/2018 11:59
5344,1020,FP9,TOP,4009518747,8/19/2018 15:15,1534691700,TWB_SM3,TWB_PCBA_SM3_TOP_FP,TWB_PCBA_TOP_FP9,1020,TWB_SM3,TWB_PCBA_PASTE_INSPECTION_TOP,PN-337126,00F75C6A,00F75C6A,PN-337126,00F75C6B,T31,,PROCESS,PN-27795,00F75C6AT-20180820075748,U5,2,N9,483,483,8.85,11.57,127,GOOD,GOOD,142.4068,166.8286,108.4087,0,0.9055,8/20/2018 11:59
5345,1020,FP9,TOP,4009518747,8/19/2018 15:15,1534691700,TWB_SM3,TWB_PCBA_SM3_TOP_FP,TWB_PCBA_TOP_FP9,1020,TWB_SM3,TWB_PCBA_PASTE_INSPECTION_TOP,PN-337126,00F75C6A,00F75C6A,PN-337126,00F75C6B,T31,,PROCESS,PN-27795,00F75C6AT-20180820075748,U5,2,P10,483,483,7.99,11.74,127,GOOD,GOOD,140.6485,167.4155,106.6948,0,0.9055,8/20/2018 11:59
5346,1020,FP9,TOP,4009518747,8/19/2018 15:15,1534691700,TWB_SM3,TWB_PCBA_SM3_TOP_FP,TWB_PCBA_TOP_FP9,1020,TWB_SM3,TWB_PCBA_PASTE_INSPECTION_TOP,PN-337126,00F75C6A,00F75C6A,PN-337126,00F75C6B,T31,,PROCESS,PN-27795,00F75C6AT-20180820075748,U5,2,P7,483,483,9.75,7.24,127,GOOD,GOOD,141.6891,172.1938,104.5016,0,0.9055,8/20/2018 11:59
5347,1020,FP9,TOP,4009518747,8/19/2018 15:15,1534691700,TWB_SM3,TWB_PCBA_SM3_TOP_FP,TWB_PCBA_TOP_FP9,1020,TWB_SM3,TWB_PCBA_PASTE_INSPECTION_TOP,PN-337126,00F75C6A,00F75C6A,PN-337126,00F75C6B,T31,,PROCESS,PN-27795,00F75C6AT-20180820075748,U5,2,R5,483,483,11.65,4.88,127,GOOD,GOOD,150.5965,189.1783,101.0991,0,0.9055,8/20/2018 11:59
5348,1020,FP9,TOP,4009518747,8/19/2018 15:15,1534691700,TWB_SM3,TWB_PCBA_SM3_TOP_FP,TWB_PCBA_TOP_FP9,1020,TWB_SM3,TWB_PCBA_PASTE_INSPECTION_TOP,PN-337126,00F75C6A,00F75C6A,PN-337126,00F75C6B,T31,,PROCESS,PN-27795,00F75C6AT-20180820075748,U5,2,T3,483,483,12.37,0.55,127,GOOD,GOOD,142.2546,181.7485,99.40295,0,0.9055,8/20/2018 11:59
7122,1020,FP9,TOP,4009518747,8/19/2018 15:15,1534691700,TWB_SM3,TWB_PCBA_SM3_TOP_FP,TWB_PCBA_TOP_FP9,1020,TWB_SM3,TWB_PCBA_PASTE_INSPECTION_TOP,PN-337126,00F75C6A,00F75C6A,PN-337126,00F75C6B,T31,,PROCESS,PN-27795,00F75C6AT-20180820075748,U5,2,A11,483,483,7.65,4.0,127,GOOD,GOOD,146.3896,169.6144,109.6102,0,0.9055,8/20/2018 11:59
7123,1020,FP9,TOP,4009518747,8/19/2018 15:15,1534691700,TWB_SM3,TWB_PCBA_SM3_TOP_FP,TWB_PCBA_TOP_FP9,1020,TWB_SM3,TWB_PCBA_PASTE_INSPECTION_TOP,PN-337126,00F75C6A,00F75C6A,PN-337126,00F75C6B,T31,,PROCESS,PN-27795,00F75C6AT-20180820075748,U5,2,A2,483,483,-4.63,-9.35,127,GOOD,GOOD,136.0808,176.3713,97.98793,0,0.9055,8/20/2018 11:59
7124,1020,FP9,TOP,4009518747,8/19/2018 15:15,1534691700,TWB_SM3,TWB_PCBA_SM3_TOP_FP,TWB_PCBA_TOP_FP9,1020,TWB_SM3,TWB_PCBA_PASTE_INSPECTION_TOP,PN-337126,00F75C6A,00F75C6A,PN-337126,00F75C6B,T31,,PROCESS,PN-27795,00F75C6AT-20180820075748,U5,2,B10,483,483,7.57,1.15,127,GOOD,GOOD,150.2355,169.5371,112.5412,0,0.9055,8/20/2018 11:59
7125,1020,FP9,TOP,4009518747,8/19/2018 15:15,1534691700,TWB_SM3,TWB_PCBA_SM3_TOP_FP,TWB_PCBA_TOP_FP9,1020,TWB_SM3,TWB_PCBA_PASTE_INSPECTION_TOP,PN-337126,00F75C6A,00F75C6A,PN-337126,00F75C6B,T31,,PROCESS,PN-27795,00F75C6AT-20180820075748,U5,2,B7,483,483,7.76,-3.3,127,GOOD,GOOD,138.9433,169.8443,103.89399999999999,0,0.9055,8/20/2018 11:59
7126,1020,FP9,TOP,4009518747,8/19/2018 15:15,1534691700,TWB_SM3,TWB_PCBA_SM3_TOP_FP,TWB_PCBA_TOP_FP9,1020,TWB_SM3,TWB_PCBA_PASTE_INSPECTION_TOP,PN-337126,00F75C6A,00F75C6A,PN-337126,00F75C6B,T31,,PROCESS,PN-27795,00F75C6AT-20180820075748,U5,2,D5,483,483,9.91,-7.01,127,GOOD,GOOD,152.4374,177.8134,108.8757,0,0.9055,8/20/2018 11:59
7127,1020,FP9,TOP,4009518747,8/19/2018 15:15,1534691700,TWB_SM3,TWB_PCBA_SM3_TOP_FP,TWB_PCBA_TOP_FP9,1020,TWB_SM3,TWB_PCBA_PASTE_INSPECTION_TOP,PN-337126,00F75C6A,00F75C6A,PN-337126,00F75C6B,T31,,PROCESS,PN-27795,00F75C6AT-20180820075748,U5,2,F3,483,483,5.9,-9.71,127,GOOD,GOOD,134.9932,194.5909,88.10351999999999,0,0.9055,8/20/2018 11:59
7128,1020,FP9,TOP,4009518747,8/19/2018 15:15,1534691700,TWB_SM3,TWB_PCBA_SM3_TOP_FP,TWB_PCBA_TOP_FP9,1020,TWB_SM3,TWB_PCBA_PASTE_INSPECTION_TOP,PN-337126,00F75C6A,00F75C6A,PN-337126,00F75C6B,T31,,PROCESS,PN-27795,00F75C6AT-20180820075748,U5,2,G8,483,483,-0.05,-3.67,127,GOOD,GOOD,145.5847,173.6299,106.4866,0,0.9055,8/20/2018 11:59
7129,1020,FP9,TOP,4009518747,8/19/2018 15:15,1534691700,TWB_SM3,TWB_PCBA_SM3_TOP_FP,TWB_PCBA_TOP_FP9,1020,TWB_SM3,TWB_PCBA_PASTE_INSPECTION_TOP,PN-337126,00F75C6A,00F75C6A,PN-337126,00F75C6B,T31,,PROCESS,PN-27795,00F75C6AT-20180820075748,U5,2,H1,483,483,1.25,-13.42,127,GOOD,GOOD,132.6517,183.7719,91.67211999999999,0,0.9055,8/20/2018 11:59
7130,1020,FP9,TOP,4009518747,8/19/2018 15:15,1534691700,TWB_SM3,TWB_PCBA_SM3_TOP_FP,TWB_PCBA_TOP_FP9,1020,TWB_SM3,TWB_PCBA_PASTE_INSPECTION_TOP,PN-337126,00F75C6A,00F75C6A,PN-337126,00F75C6B,T31,,PROCESS,PN-27795,00F75C6AT-20180820075748,U5,2,H16,483,483,-4.72,-11.18,127,GOOD,GOOD,129.8265,171.6856,96.03578,0,0.9055,8/20/2018 11:59
7131,1020,FP9,TOP,4009518747,8/19/2018 15:15,1534691700,TWB_SM3,TWB_PCBA_SM3_TOP_FP,TWB_PCBA_TOP_FP9,1020,TWB_SM3,TWB_PCBA_PASTE_INSPECTION_TOP,PN-337126,00F75C6A,00F75C6A,PN-337126,00F75C6B,T31,,PROCESS,PN-27795,00F75C6AT-20180820075748,U5,2,J14,483,483,-5.41,4.48,127,GOOD,GOOD,147.77700000000002,174.5299,107.5327,0,0.9055,8/20/2018 11:59
7132,1020,FP9,TOP,4009518747,8/19/2018 15:15,1534691700,TWB_SM3,TWB_PCBA_SM3_TOP_FP,TWB_PCBA_TOP_FP9,1020,TWB_SM3,TWB_PCBA_PASTE_INSPECTION_TOP,PN-337126,00F75C6A,00F75C6A,PN-337126,00F75C6B,T31,,PROCESS,PN-27795,00F75C6AT-20180820075748,U5,2,K13,483,483,-6.49,3.63,127,GOOD,GOOD,146.3477,186.1266,99.85764,0,0.9055,8/20/2018 11:59
7133,1020,FP9,TOP,4009518747,8/19/2018 15:15,1534691700,TWB_SM3,TWB_PCBA_SM3_TOP_FP,TWB_PCBA_TOP_FP9,1020,TWB_SM3,TWB_PCBA_PASTE_INSPECTION_TOP,PN-337126,00F75C6A,00F75C6A,PN-337126,00F75C6B,T31,,PROCESS,PN-27795,00F75C6AT-20180820075748,U5,2,K4,483,483,-0.43,-9.71,127,GOOD,GOOD,142.1883,170.3533,106.0027,0,0.9055,8/20/2018 11:59
7134,1020,FP9,TOP,4009518747,8/19/2018 15:15,1534691700,TWB_SM3,TWB_PCBA_SM3_TOP_FP,TWB_PCBA_TOP_FP9,1020,TWB_SM3,TWB_PCBA_PASTE_INSPECTION_TOP,PN-337126,00F75C6A,00F75C6A,PN-337126,00F75C6B,T31,,PROCESS,PN-27795,00F75C6AT-20180820075748,U5,2,L12,483,483,-7.58,1.77,127,GOOD,GOOD,141.8239,172.0,104.7188,0,0.9055,8/20/2018 11:59
7135,1020,FP9,TOP,4009518747,8/19/2018 15:15,1534691700,TWB_SM3,TWB_PCBA_SM3_TOP_FP,TWB_PCBA_TOP_FP9,1020,TWB_SM3,TWB_PCBA_PASTE_INSPECTION_TOP,PN-337126,00F75C6A,00F75C6A,PN-337126,00F75C6B,T31,,PROCESS,PN-27795,00F75C6AT-20180820075748,U5,2,L9,483,483,-3.9,-2.67,127,GOOD,GOOD,148.1342,170.9747,110.0341,0,0.9055,8/20/2018 11:59
7136,1020,FP9,TOP,4009518747,8/19/2018 15:15,1534691700,TWB_SM3,TWB_PCBA_SM3_TOP_FP,TWB_PCBA_TOP_FP9,1020,TWB_SM3,TWB_PCBA_PASTE_INSPECTION_TOP,PN-337126,00F75C6A,00F75C6A,PN-337126,00F75C6B,T31,,PROCESS,PN-27795,00F75C6AT-20180820075748,U5,2,M11,483,483,-8.66,-1.08,127,GOOD,GOOD,138.4911,164.0571,107.2088,0,0.9055,8/20/2018 11:59
7137,1020,FP9,TOP,4009518747,8/19/2018 15:15,1534691700,TWB_SM3,TWB_PCBA_SM3_TOP_FP,TWB_PCBA_TOP_FP9,1020,TWB_SM3,TWB_PCBA_PASTE_INSPECTION_TOP,PN-337126,00F75C6A,00F75C6A,PN-337126,00F75C6B,T31,,PROCESS,PN-27795,00F75C6AT-20180820075748,U5,2,M2,483,483,4.86,-14.42,127,GOOD,GOOD,145.4199,177.9226,103.7998,0,0.9055,8/20/2018 11:59
7138,1020,FP9,TOP,4009518747,8/19/2018 15:15,1534691700,TWB_SM3,TWB_PCBA_SM3_TOP_FP,TWB_PCBA_TOP_FP9,1020,TWB_SM3,TWB_PCBA_PASTE_INSPECTION_TOP,PN-337126,00F75C6A,00F75C6A,PN-337126,00F75C6B,T31,,PROCESS,PN-27795,00F75C6AT-20180820075748,U5,2,N10,483,483,9.49,13.07,127,GOOD,GOOD,141.2724,171.2357,104.7772,0,0.9055,8/20/2018 11:59
7139,1020,FP9,TOP,4009518747,8/19/2018 15:15,1534691700,TWB_SM3,TWB_PCBA_SM3_TOP_FP,TWB_PCBA_TOP_FP9,1020,TWB_SM3,TWB_PCBA_PASTE_INSPECTION_TOP,PN-337126,00F75C6A,00F75C6A,PN-337126,00F75C6B,T31,,PROCESS,PN-27795,00F75C6AT-20180820075748,U5,2,N7,483,483,9.59,8.57,127,GOOD,GOOD,147.0541,186.5811,100.0952,0,0.9055,8/20/2018 11:59
7140,1020,FP9,TOP,4009518747,8/19/2018 15:15,1534691700,TWB_SM3,TWB_PCBA_SM3_TOP_FP,TWB_PCBA_TOP_FP9,1020,TWB_SM3,TWB_PCBA_PASTE_INSPECTION_TOP,PN-337126,00F75C6A,00F75C6A,PN-337126,00F75C6B,T31,,PROCESS,PN-27795,00F75C6AT-20180820075748,U5,2,P5,483,483,11.5,4.24,127,GOOD,GOOD,147.7236,175.1499,107.1133,0,0.9055,8/20/2018 11:59
7141,1020,FP9,TOP,4009518747,8/19/2018 15:15,1534691700,TWB_SM3,TWB_PCBA_SM3_TOP_FP,TWB_PCBA_TOP_FP9,1020,TWB_SM3,TWB_PCBA_PASTE_INSPECTION_TOP,PN-337126,00F75C6A,00F75C6A,PN-337126,00F75C6B,T31,,PROCESS,PN-27795,00F75C6AT-20180820075748,U5,2,R3,483,483,8.07,1.88,127,GOOD,GOOD,140.4395,185.4748,96.16301999999999,0,0.9055,8/20/2018 11:59
7142,1020,FP9,TOP,4009518747,8/19/2018 15:15,1534691700,TWB_SM3,TWB_PCBA_SM3_TOP_FP,TWB_PCBA_TOP_FP9,1020,TWB_SM3,TWB_PCBA_PASTE_INSPECTION_TOP,PN-337126,00F75C6A,00F75C6A,PN-337126,00F75C6B,T31,,PROCESS,PN-27795,00F75C6AT-20180820075748,U5,2,T1,483,483,10.63,-2.45,127,GOOD,GOOD,134.1179,166.1414,102.521,0,0.9055,8/20/2018 11:59
7143,1020,FP9,TOP,4009518747,8/19/2018 15:15,1534691700,TWB_SM3,TWB_PCBA_SM3_TOP_FP,TWB_PCBA_TOP_FP9,1020,TWB_SM3,TWB_PCBA_PASTE_INSPECTION_TOP,PN-337126,00F75C6A,00F75C6A,PN-337126,00F75C6B,T31,,PROCESS,PN-27795,00F75C6AT-20180820075748,U5,2,T16,483,483,1.76,0.04,127,GOOD,GOOD,142.1726,175.2103,103.0529,0,0.9055,8/20/2018 11:59
8060,1020,FP9,TOP,4009518747,8/19/2018 15:15,1534691700,TWB_SM3,TWB_PCBA_SM3_TOP_FP,TWB_PCBA_TOP_FP9,1020,TWB_SM3,TWB_PCBA_PASTE_INSPECTION_TOP,PN-337126,00F75C6A,00F75C6A,PN-337126,00F75C6B,T31,,PROCESS,PN-27795,00F75C6AT-20180820075748,U5,2,A16,483,483,5.66,-8.59,127,GOOD,GOOD,132.3976,164.8667,101.9884,0,0.9055,8/20/2018 11:59
8061,1020,FP9,TOP,4009518747,8/19/2018 15:15,1534691700,TWB_SM3,TWB_PCBA_SM3_TOP_FP,TWB_PCBA_TOP_FP9,1020,TWB_SM3,TWB_PCBA_PASTE_INSPECTION_TOP,PN-337126,00F75C6A,00F75C6A,PN-337126,00F75C6B,T31,,PROCESS,PN-27795,00F75C6AT-20180820075748,U5,2,A7,483,483,9.24,-1.93,127,GOOD,GOOD,140.4688,170.2617,104.7772,0,0.9055,8/20/2018 11:59
8062,1020,FP9,TOP,4009518747,8/19/2018 15:15,1534691700,TWB_SM3,TWB_PCBA_SM3_TOP_FP,TWB_PCBA_TOP_FP9,1020,TWB_SM3,TWB_PCBA_PASTE_INSPECTION_TOP,PN-337126,00F75C6A,00F75C6A,PN-337126,00F75C6B,T31,,PROCESS,PN-27795,00F75C6AT-20180820075748,U5,2,B15,483,483,5.58,-11.44,127,GOOD,GOOD,145.0259,171.9532,107.1123,0,0.9055,8/20/2018 11:59
8063,1020,FP9,TOP,4009518747,8/19/2018 15:15,1534691700,TWB_SM3,TWB_PCBA_SM3_TOP_FP,TWB_PCBA_TOP_FP9,1020,TWB_SM3,TWB_PCBA_PASTE_INSPECTION_TOP,PN-337126,00F75C6A,00F75C6A,PN-337126,00F75C6B,T31,,PROCESS,PN-27795,00F75C6AT-20180820075748,U5,2,C14,483,483,3.49,-12.3,127,GOOD,GOOD,140.5718,185.717,96.12810999999999,0,0.9055,8/20/2018 11:59
8064,1020,FP9,TOP,4009518747,8/19/2018 15:15,1534691700,TWB_SM3,TWB_PCBA_SM3_TOP_FP,TWB_PCBA_TOP_FP9,1020,TWB_SM3,TWB_PCBA_PASTE_INSPECTION_TOP,PN-337126,00F75C6A,00F75C6A,PN-337126,00F75C6B,T31,,PROCESS,PN-27795,00F75C6AT-20180820075748,U5,2,C5,483,483,8.08,-5.64,127,GOOD,GOOD,144.0461,170.8479,107.0769,0,0.9055,8/20/2018 11:59
8065,1020,FP9,TOP,4009518747,8/19/2018 15:15,1534691700,TWB_SM3,TWB_PCBA_SM3_TOP_FP,TWB_PCBA_TOP_FP9,1020,TWB_SM3,TWB_PCBA_PASTE_INSPECTION_TOP,PN-337126,00F75C6A,00F75C6A,PN-337126,00F75C6B,T31,,PROCESS,PN-27795,00F75C6AT-20180820075748,U5,2,D13,483,483,2.41,4.85,127,GOOD,GOOD,143.7502,167.5676,108.9488,0,0.9055,8/20/2018 11:59
8066,1020,FP9,TOP,4009518747,8/19/2018 15:15,1534691700,TWB_SM3,TWB_PCBA_SM3_TOP_FP,TWB_PCBA_TOP_FP9,1020,TWB_SM3,TWB_PCBA_PASTE_INSPECTION_TOP,PN-337126,00F75C6A,00F75C6A,PN-337126,00F75C6B,T31,,PROCESS,PN-27795,00F75C6AT-20180820075748,U5,2,E12,483,483,1.32,4.0,127,GOOD,GOOD,148.153,174.4456,107.8584,0,0.9055,8/20/2018 11:59
8067,1020,FP9,TOP,4009518747,8/19/2018 15:15,1534691700,TWB_SM3,TWB_PCBA_SM3_TOP_FP,TWB_PCBA_TOP_FP9,1020,TWB_SM3,TWB_PCBA_PASTE_INSPECTION_TOP,PN-337126,00F75C6A,00F75C6A,PN-337126,00F75C6B,T31,,PROCESS,PN-27795,00F75C6AT-20180820075748,U5,2,E3,483,483,4.9,-9.35,127,GOOD,GOOD,138.14600000000002,179.1778,97.91695,0,0.9055,8/20/2018 11:59
8068,1020,FP9,TOP,4009518747,8/19/2018 15:15,1534691700,TWB_SM3,TWB_PCBA_SM3_TOP_FP,TWB_PCBA_TOP_FP9,1020,TWB_SM3,TWB_PCBA_PASTE_INSPECTION_TOP,PN-337126,00F75C6A,00F75C6A,PN-337126,00F75C6B,T31,,PROCESS,PN-27795,00F75C6AT-20180820075748,U5,2,F11,483,483,0.24,2.15,127,GOOD,GOOD,139.2762,164.3152,107.6473,0,0.9055,8/20/2018 11:59
8069,1020,FP9,TOP,4009518747,8/19/2018 15:15,1534691700,TWB_SM3,TWB_PCBA_SM3_TOP_FP,TWB_PCBA_TOP_FP9,1020,TWB_SM3,TWB_PCBA_PASTE_INSPECTION_TOP,PN-337126,00F75C6A,00F75C6A,PN-337126,00F75C6B,T31,,PROCESS,PN-27795,00F75C6AT-20180820075748,U5,2,F8,483,483,1.43,-2.3,127,GOOD,GOOD,141.4858,172.21200000000002,104.3406,0,0.9055,8/20/2018 11:59
8070,1020,FP9,TOP,4009518747,8/19/2018 15:15,1534691700,TWB_SM3,TWB_PCBA_SM3_TOP_FP,TWB_PCBA_TOP_FP9,1020,TWB_SM3,TWB_PCBA_PASTE_INSPECTION_TOP,PN-337126,00F75C6A,00F75C6A,PN-337126,00F75C6B,T31,,PROCESS,PN-27795,00F75C6AT-20180820075748,U5,2,G1,483,483,2.73,-14.05,127,GOOD,GOOD,138.1104,182.7186,95.99475,0,0.9055,8/20/2018 11:59
8071,1020,FP9,TOP,4009518747,8/19/2018 15:15,1534691700,TWB_SM3,TWB_PCBA_SM3_TOP_FP,TWB_PCBA_TOP_FP9,1020,TWB_SM3,TWB_PCBA_PASTE_INSPECTION_TOP,PN-337126,00F75C6A,00F75C6A,PN-337126,00F75C6B,T31,,PROCESS,PN-27795,00F75C6AT-20180820075748,U5,2,G10,483,483,0.16,-0.71,127,GOOD,GOOD,143.0582,172.1723,105.5245,0,0.9055,8/20/2018 11:59
8072,1020,FP9,TOP,4009518747,8/19/2018 15:15,1534691700,TWB_SM3,TWB_PCBA_SM3_TOP_FP,TWB_PCBA_TOP_FP9,1020,TWB_SM3,TWB_PCBA_PASTE_INSPECTION_TOP,PN-337126,00F75C6A,00F75C6A,PN-337126,00F75C6B,T31,,PROCESS,PN-27795,00F75C6AT-20180820075748,U5,2,H6,483,483,-0.74,-6.01,127,GOOD,GOOD,144.4564,173.0594,106.0096,0,0.9055,8/20/2018 11:59
8073,1020,FP9,TOP,4009518747,8/19/2018 15:15,1534691700,TWB_SM3,TWB_PCBA_SM3_TOP_FP,TWB_PCBA_TOP_FP9,1020,TWB_SM3,TWB_PCBA_PASTE_INSPECTION_TOP,PN-337126,00F75C6A,00F75C6A,PN-337126,00F75C6B,T31,,PROCESS,PN-27795,00F75C6AT-20180820075748,U5,2,J4,483,483,-1.43,-10.34,127,GOOD,GOOD,144.0963,170.8723,107.0989,0,0.9055,8/20/2018 11:59
8074,1020,FP9,TOP,4009518747,8/19/2018 15:15,1534691700,TWB_SM3,TWB_PCBA_SM3_TOP_FP,TWB_PCBA_TOP_FP9,1020,TWB_SM3,TWB_PCBA_PASTE_INSPECTION_TOP,PN-337126,00F75C6A,00F75C6A,PN-337126,00F75C6B,T31,,PROCESS,PN-27795,00F75C6AT-20180820075748,U5,2,K9,483,483,-4.07,-2.3,127,GOOD,GOOD,151.2582,178.5259,107.6022,0,0.9055,8/20/2018 11:59
8075,1020,FP9,TOP,4009518747,8/19/2018 15:15,1534691700,TWB_SM3,TWB_PCBA_SM3_TOP_FP,TWB_PCBA_TOP_FP9,1020,TWB_SM3,TWB_PCBA_PASTE_INSPECTION_TOP,PN-337126,00F75C6A,00F75C6A,PN-337126,00F75C6B,T31,,PROCESS,PN-27795,00F75C6AT-20180820075748,U5,2,L2,483,483,-1.94,-13.05,127,GOOD,GOOD,142.4785,188.3691,96.06021,0,0.9055,8/20/2018 11:59
8076,1020,FP9,TOP,4009518747,8/19/2018 15:15,1534691700,TWB_SM3,TWB_PCBA_SM3_TOP_FP,TWB_PCBA_TOP_FP9,1020,TWB_SM3,TWB_PCBA_PASTE_INSPECTION_TOP,PN-337126,00F75C6A,00F75C6A,PN-337126,00F75C6B,T31,,PROCESS,PN-27795,00F75C6AT-20180820075748,U5,2,M16,483,483,-10.65,-13.67,127,GOOD,GOOD,135.2068,177.2441,96.8792,0,0.9055,8/20/2018 11:59
8077,1020,FP9,TOP,4009518747,8/19/2018 15:15,1534691700,TWB_SM3,TWB_PCBA_SM3_TOP_FP,TWB_PCBA_TOP_FP9,1020,TWB_SM3,TWB_PCBA_PASTE_INSPECTION_TOP,PN-337126,00F75C6A,00F75C6A,PN-337126,00F75C6B,T31,,PROCESS,PN-27795,00F75C6AT-20180820075748,U5,2,M7,483,483,-7.07,-7.01,127,GOOD,GOOD,137.9588,166.588,105.1742,0,0.9055,8/20/2018 11:59
8078,1020,FP9,TOP,4009518747,8/19/2018 15:15,1534691700,TWB_SM3,TWB_PCBA_SM3_TOP_FP,TWB_PCBA_TOP_FP9,1020,TWB_SM3,TWB_PCBA_PASTE_INSPECTION_TOP,PN-337126,00F75C6A,00F75C6A,PN-337126,00F75C6B,T31,,PROCESS,PN-27795,00F75C6AT-20180820075748,U5,2,N15,483,483,7.64,0.57,127,GOOD,GOOD,134.7992,169.9185,100.7512,0,0.9055,8/20/2018 11:59
8079,1020,FP9,TOP,4009518747,8/19/2018 15:15,1534691700,TWB_SM3,TWB_PCBA_SM3_TOP_FP,TWB_PCBA_TOP_FP9,1020,TWB_SM3,TWB_PCBA_PASTE_INSPECTION_TOP,PN-337126,00F75C6A,00F75C6A,PN-337126,00F75C6B,T31,,PROCESS,PN-27795,00F75C6AT-20180820075748,U5,2,P13,483,483,5.87,-3.77,127,GOOD,GOOD,135.8957,163.9949,105.2396,0,0.9055,8/20/2018 11:59
8080,1020,FP9,TOP,4009518747,8/19/2018 15:15,1534691700,TWB_SM3,TWB_PCBA_SM3_TOP_FP,TWB_PCBA_TOP_FP9,1020,TWB_SM3,TWB_PCBA_PASTE_INSPECTION_TOP,PN-337126,00F75C6A,00F75C6A,PN-337126,00F75C6B,T31,,PROCESS,PN-27795,00F75C6AT-20180820075748,U5,2,R11,483,483,5.11,-1.15,127,GOOD,GOOD,145.1107,168.47099999999998,109.3901,0,0.9055,8/20/2018 11:59
8081,1020,FP9,TOP,4009518747,8/19/2018 15:15,1534691700,TWB_SM3,TWB_PCBA_SM3_TOP_FP,TWB_PCBA_TOP_FP9,1020,TWB_SM3,TWB_PCBA_PASTE_INSPECTION_TOP,PN-337126,00F75C6A,00F75C6A,PN-337126,00F75C6B,T31,,PROCESS,PN-27795,00F75C6AT-20180820075748,U5,2,R8,483,483,12.85,9.38,127,GOOD,GOOD,149.9653,190.7041,99.86985,0,0.9055,8/20/2018 11:59
8082,1020,FP9,TOP,4009518747,8/19/2018 15:15,1534691700,TWB_SM3,TWB_PCBA_SM3_TOP_FP,TWB_PCBA_TOP_FP9,1020,TWB_SM3,TWB_PCBA_PASTE_INSPECTION_TOP,PN-337126,00F75C6A,00F75C6A,PN-337126,00F75C6B,T31,,PROCESS,PN-27795,00F75C6AT-20180820075748,U5,2,T6,483,483,5.47,5.05,127,GOOD,GOOD,145.8769,178.9032,103.5552,0,0.9055,8/20/2018 11:59
11369,1020,FP9,TOP,4009518747,8/19/2018 15:15,1534691700,TWB_SM3,TWB_PCBA_SM3_TOP_FP,TWB_PCBA_TOP_FP9,1020,TWB_SM3,TWB_PCBA_PASTE_INSPECTION_TOP,PN-337126,00F75C6A,00F75C6A,PN-337126,00F75C6B,T31,,PROCESS,PN-27795,00F75C6AT-20180820075748,U5,2,A12,483,483,7.25,5.48,127,GOOD,GOOD,146.6661,173.4137,107.4114,0,0.9055,8/20/2018 11:59
11370,1020,FP9,TOP,4009518747,8/19/2018 15:15,1534691700,TWB_SM3,TWB_PCBA_SM3_TOP_FP,TWB_PCBA_TOP_FP9,1020,TWB_SM3,TWB_PCBA_PASTE_INSPECTION_TOP,PN-337126,00F75C6A,00F75C6A,PN-337126,00F75C6B,T31,,PROCESS,PN-27795,00F75C6AT-20180820075748,U5,2,A3,483,483,0.77,-7.86,127,GOOD,GOOD,136.406,168.31799999999998,102.9216,0,0.9055,8/20/2018 11:59
11371,1020,FP9,TOP,4009518747,8/19/2018 15:15,1534691700,TWB_SM3,TWB_PCBA_SM3_TOP_FP,TWB_PCBA_TOP_FP9,1020,TWB_SM3,TWB_PCBA_PASTE_INSPECTION_TOP,PN-337126,00F75C6A,00F75C6A,PN-337126,00F75C6B,T31,,PROCESS,PN-27795,00F75C6AT-20180820075748,U5,2,B11,483,483,6.17,2.63,127,GOOD,GOOD,146.1512,170.9015,108.6076,0,0.9055,8/20/2018 11:59
11372,1020,FP9,TOP,4009518747,8/19/2018 15:15,1534691700,TWB_SM3,TWB_PCBA_SM3_TOP_FP,TWB_PCBA_TOP_FP9,1020,TWB_SM3,TWB_PCBA_PASTE_INSPECTION_TOP,PN-337126,00F75C6A,00F75C6A,PN-337126,00F75C6B,T31,,PROCESS,PN-27795,00F75C6AT-20180820075748,U5,2,B8,483,483,7.36,-1.82,127,GOOD,GOOD,160.4012,198.3242,102.7154,0,0.9055,8/20/2018 11:59
11373,1020,FP9,TOP,4009518747,8/19/2018 15:15,1534691700,TWB_SM3,TWB_PCBA_SM3_TOP_FP,TWB_PCBA_TOP_FP9,1020,TWB_SM3,TWB_PCBA_PASTE_INSPECTION_TOP,PN-337126,00F75C6A,00F75C6A,PN-337126,00F75C6B,T31,,PROCESS,PN-27795,00F75C6AT-20180820075748,U5,2,C1,483,483,8.67,-11.57,127,GOOD,GOOD,142.2485,170.726,105.8161,0,0.9055,8/20/2018 11:59
11374,1020,FP9,TOP,4009518747,8/19/2018 15:15,1534691700,TWB_SM3,TWB_PCBA_SM3_TOP_FP,TWB_PCBA_TOP_FP9,1020,TWB_SM3,TWB_PCBA_PASTE_INSPECTION_TOP,PN-337126,00F75C6A,00F75C6A,PN-337126,00F75C6B,T31,,PROCESS,PN-27795,00F75C6AT-20180820075748,U5,2,C10,483,483,6.09,1.78,127,GOOD,GOOD,151.3096,170.1986,112.9053,0,0.9055,8/20/2018 11:59
11375,1020,FP9,TOP,4009518747,8/19/2018 15:15,1534691700,TWB_SM3,TWB_PCBA_SM3_TOP_FP,TWB_PCBA_TOP_FP9,1020,TWB_SM3,TWB_PCBA_PASTE_INSPECTION_TOP,PN-337126,00F75C6A,00F75C6A,PN-337126,00F75C6B,T31,,PROCESS,PN-27795,00F75C6AT-20180820075748,U5,2,D6,483,483,5.19,-5.53,127,GOOD,GOOD,138.2931,174.2476,100.7946,0,0.9055,8/20/2018 11:59
11376,1020,FP9,TOP,4009518747,8/19/2018 15:15,1534691700,TWB_SM3,TWB_PCBA_SM3_TOP_FP,TWB_PCBA_TOP_FP9,1020,TWB_SM3,TWB_PCBA_PASTE_INSPECTION_TOP,PN-337126,00F75C6A,00F75C6A,PN-337126,00F75C6B,T31,,PROCESS,PN-27795,00F75C6AT-20180820075748,U5,2,F4,483,483,3.01,-8.23,127,GOOD,GOOD,156.4024,187.9268,105.6959,0,0.9055,8/20/2018 11:59
11377,1020,FP9,TOP,4009518747,8/19/2018 15:15,1534691700,TWB_SM3,TWB_PCBA_SM3_TOP_FP,TWB_PCBA_TOP_FP9,1020,TWB_SM3,TWB_PCBA_PASTE_INSPECTION_TOP,PN-337126,00F75C6A,00F75C6A,PN-337126,00F75C6B,T31,,PROCESS,PN-27795,00F75C6AT-20180820075748,U5,2,G9,483,483,4.52,-2.19,127,GOOD,GOOD,142.6951,175.3306,103.3606,0,0.9055,8/20/2018 11:59
11378,1020,FP9,TOP,4009518747,8/19/2018 15:15,1534691700,TWB_SM3,TWB_PCBA_SM3_TOP_FP,TWB_PCBA_TOP_FP9,1020,TWB_SM3,TWB_PCBA_PASTE_INSPECTION_TOP,PN-337126,00F75C6A,00F75C6A,PN-337126,00F75C6B,T31,,PROCESS,PN-27795,00F75C6AT-20180820075748,U5,2,H2,483,483,0.85,-11.94,127,GOOD,GOOD,144.9023,176.9435,104.0027,0,0.9055,8/20/2018 11:59
11379,1020,FP9,TOP,4009518747,8/19/2018 15:15,1534691700,TWB_SM3,TWB_PCBA_SM3_TOP_FP,TWB_PCBA_TOP_FP9,1020,TWB_SM3,TWB_PCBA_PASTE_INSPECTION_TOP,PN-337126,00F75C6A,00F75C6A,PN-337126,00F75C6B,T31,,PROCESS,PN-27795,00F75C6AT-20180820075748,U5,2,J15,483,483,-4.8,-14.03,127,GOOD,GOOD,148.138,177.5906,105.9376,0,0.9055,8/20/2018 11:59
11380,1020,FP9,TOP,4009518747,8/19/2018 15:15,1534691700,TWB_SM3,TWB_PCBA_SM3_TOP_FP,TWB_PCBA_TOP_FP9,1020,TWB_SM3,TWB_PCBA_PASTE_INSPECTION_TOP,PN-337126,00F75C6A,00F75C6A,PN-337126,00F75C6B,T31,,PROCESS,PN-27795,00F75C6AT-20180820075748,U5,2,K14,483,483,-6.89,5.11,127,GOOD,GOOD,147.6929,175.8214,106.6822,0,0.9055,8/20/2018 11:59
11381,1020,FP9,TOP,4009518747,8/19/2018 15:15,1534691700,TWB_SM3,TWB_PCBA_SM3_TOP_FP,TWB_PCBA_TOP_FP9,1020,TWB_SM3,TWB_PCBA_PASTE_INSPECTION_TOP,PN-337126,00F75C6A,00F75C6A,PN-337126,00F75C6B,T31,,PROCESS,PN-27795,00F75C6AT-20180820075748,U5,2,K5,483,483,3.5,-8.23,127,GOOD,GOOD,147.0926,169.5894,110.1529,0,0.9055,8/20/2018 11:59
11382,1020,FP9,TOP,4009518747,8/19/2018 15:15,1534691700,TWB_SM3,TWB_PCBA_SM3_TOP_FP,TWB_PCBA_TOP_FP9,1020,TWB_SM3,TWB_PCBA_PASTE_INSPECTION_TOP,PN-337126,00F75C6A,00F75C6A,PN-337126,00F75C6B,T31,,PROCESS,PN-27795,00F75C6AT-20180820075748,U5,2,L13,483,483,-7.97,3.26,127,GOOD,GOOD,141.2767,176.1797,101.84,0,0.9055,8/20/2018 11:59
11383,1020,FP9,TOP,4009518747,8/19/2018 15:15,1534691700,TWB_SM3,TWB_PCBA_SM3_TOP_FP,TWB_PCBA_TOP_FP9,1020,TWB_SM3,TWB_PCBA_PASTE_INSPECTION_TOP,PN-337126,00F75C6A,00F75C6A,PN-337126,00F75C6B,T31,,PROCESS,PN-27795,00F75C6AT-20180820075748,U5,2,M12,483,483,-9.06,0.4,127,GOOD,GOOD,136.1535,169.2605,102.15899999999999,0,0.9055,8/20/2018 11:59
11384,1020,FP9,TOP,4009518747,8/19/2018 15:15,1534691700,TWB_SM3,TWB_PCBA_SM3_TOP_FP,TWB_PCBA_TOP_FP9,1020,TWB_SM3,TWB_PCBA_PASTE_INSPECTION_TOP,PN-337126,00F75C6A,00F75C6A,PN-337126,00F75C6B,T31,,PROCESS,PN-27795,00F75C6AT-20180820075748,U5,2,M3,483,483,5.29,-12.94,127,GOOD,GOOD,150.9915,185.9176,103.14200000000001,0,0.9055,8/20/2018 11:59
11385,1020,FP9,TOP,4009518747,8/19/2018 15:15,1534691700,TWB_SM3,TWB_PCBA_SM3_TOP_FP,TWB_PCBA_TOP_FP9,1020,TWB_SM3,TWB_PCBA_PASTE_INSPECTION_TOP,PN-337126,00F75C6A,00F75C6A,PN-337126,00F75C6B,T31,,PROCESS,PN-27795,00F75C6AT-20180820075748,U5,2,N11,483,483,8.11,4.51,127,GOOD,GOOD,137.8008,163.99099999999999,106.7174,0,0.9055,8/20/2018 11:59
11386,1020,FP9,TOP,4009518747,8/19/2018 15:15,1534691700,TWB_SM3,TWB_PCBA_SM3_TOP_FP,TWB_PCBA_TOP_FP9,1020,TWB_SM3,TWB_PCBA_PASTE_INSPECTION_TOP,PN-337126,00F75C6A,00F75C6A,PN-337126,00F75C6B,T31,,PROCESS,PN-27795,00F75C6AT-20180820075748,U5,2,N8,483,483,9.22,10.07,127,GOOD,GOOD,151.0956,173.6841,110.4831,0,0.9055,8/20/2018 11:59
11387,1020,FP9,TOP,4009518747,8/19/2018 15:15,1534691700,TWB_SM3,TWB_PCBA_SM3_TOP_FP,TWB_PCBA_TOP_FP9,1020,TWB_SM3,TWB_PCBA_PASTE_INSPECTION_TOP,PN-337126,00F75C6A,00F75C6A,PN-337126,00F75C6B,T31,,PROCESS,PN-27795,00F75C6AT-20180820075748,U5,2,P6,483,483,8.47,5.74,127,GOOD,GOOD,139.2012,171.0141,103.3748,0,0.9055,8/20/2018 11:59
11388,1020,FP9,TOP,4009518747,8/19/2018 15:15,1534691700,TWB_SM3,TWB_PCBA_SM3_TOP_FP,TWB_PCBA_TOP_FP9,1020,TWB_SM3,TWB_PCBA_PASTE_INSPECTION_TOP,PN-337126,00F75C6A,00F75C6A,PN-337126,00F75C6B,T31,,PROCESS,PN-27795,00F75C6AT-20180820075748,U5,2,R4,483,483,7.7,10.84,127,GOOD,GOOD,148.4533,179.5263,105.0185,0,0.9055,8/20/2018 11:59
11389,1020,FP9,TOP,4009518747,8/19/2018 15:15,1534691700,TWB_SM3,TWB_PCBA_SM3_TOP_FP,TWB_PCBA_TOP_FP9,1020,TWB_SM3,TWB_PCBA_PASTE_INSPECTION_TOP,PN-337126,00F75C6A,00F75C6A,PN-337126,00F75C6B,T31,,PROCESS,PN-27795,00F75C6AT-20180820075748,U5,2,T2,483,483,9.43,5.68,127,GOOD,GOOD,151.5383,181.3433,106.1267,0,0.9055,8/20/2018 11:59
15316,1020,FP9,TOP,4009518747,8/19/2018 15:15,1534691700,TWB_SM3,TWB_PCBA_SM3_TOP_FP,TWB_PCBA_TOP_FP9,1020,TWB_SM3,TWB_PCBA_PASTE_INSPECTION_TOP,PN-337126,00F75C6A,00F75C6A,PN-337126,00F75C6B,T31,,PROCESS,PN-27795,00F75C6AT-20180820075748,U5,2,B5,483,483,9.57,-6.27,127,GOOD,GOOD,140.3238,168.8691,105.5322,0,0.9055,8/20/2018 11:59
15317,1020,FP9,TOP,4009518747,8/19/2018 15:15,1534691700,TWB_SM3,TWB_PCBA_SM3_TOP_FP,TWB_PCBA_TOP_FP9,1020,TWB_SM3,TWB_PCBA_PASTE_INSPECTION_TOP,PN-337126,00F75C6A,00F75C6A,PN-337126,00F75C6B,T31,,PROCESS,PN-27795,00F75C6AT-20180820075748,U5,2,D3,483,483,6.38,-9.97,127,GOOD,GOOD,135.5579,193.373,89.02923,0,0.9055,8/20/2018 11:59
15318,1020,FP9,TOP,4009518747,8/19/2018 15:15,1534691700,TWB_SM3,TWB_PCBA_SM3_TOP_FP,TWB_PCBA_TOP_FP9,1020,TWB_SM3,TWB_PCBA_PASTE_INSPECTION_TOP,PN-337126,00F75C6A,00F75C6A,PN-337126,00F75C6B,T31,,PROCESS,PN-27795,00F75C6AT-20180820075748,U5,2,E8,483,483,2.91,-1.93,127,GOOD,GOOD,152.31,169.6527,114.0175,0,0.9055,8/20/2018 11:59
15319,1020,FP9,TOP,4009518747,8/19/2018 15:15,1534691700,TWB_SM3,TWB_PCBA_SM3_TOP_FP,TWB_PCBA_TOP_FP9,1020,TWB_SM3,TWB_PCBA_PASTE_INSPECTION_TOP,PN-337126,00F75C6A,00F75C6A,PN-337126,00F75C6B,T31,,PROCESS,PN-27795,00F75C6AT-20180820075748,U5,2,F1,483,483,10.02,-12.68,127,GOOD,GOOD,127.2165,168.2696,96.01550999999999,0,0.9055,8/20/2018 11:59
15320,1020,FP9,TOP,4009518747,8/19/2018 15:15,1534691700,TWB_SM3,TWB_PCBA_SM3_TOP_FP,TWB_PCBA_TOP_FP9,1020,TWB_SM3,TWB_PCBA_PASTE_INSPECTION_TOP,PN-337126,00F75C6A,00F75C6A,PN-337126,00F75C6B,T31,,PROCESS,PN-27795,00F75C6AT-20180820075748,U5,2,F16,483,483,-1.76,-10.44,127,GOOD,GOOD,138.1391,168.5093,104.111,0,0.9055,8/20/2018 11:59
15321,1020,FP9,TOP,4009518747,8/19/2018 15:15,1534691700,TWB_SM3,TWB_PCBA_SM3_TOP_FP,TWB_PCBA_TOP_FP9,1020,TWB_SM3,TWB_PCBA_PASTE_INSPECTION_TOP,PN-337126,00F75C6A,00F75C6A,PN-337126,00F75C6B,T31,,PROCESS,PN-27795,00F75C6AT-20180820075748,U5,2,G15,483,483,-1.83,-13.29,127,GOOD,GOOD,141.0584,173.6112,103.18700000000001,0,0.9055,8/20/2018 11:59
15322,1020,FP9,TOP,4009518747,8/19/2018 15:15,1534691700,TWB_SM3,TWB_PCBA_SM3_TOP_FP,TWB_PCBA_TOP_FP9,1020,TWB_SM3,TWB_PCBA_PASTE_INSPECTION_TOP,PN-337126,00F75C6A,00F75C6A,PN-337126,00F75C6B,T31,,PROCESS,PN-27795,00F75C6AT-20180820075748,U5,2,G6,483,483,0.74,-6.64,127,GOOD,GOOD,139.1832,169.7104,104.1555,0,0.9055,8/20/2018 11:59
15323,1020,FP9,TOP,4009518747,8/19/2018 15:15,1534691700,TWB_SM3,TWB_PCBA_SM3_TOP_FP,TWB_PCBA_TOP_FP9,1020,TWB_SM3,TWB_PCBA_PASTE_INSPECTION_TOP,PN-337126,00F75C6A,00F75C6A,PN-337126,00F75C6B,T31,,PROCESS,PN-27795,00F75C6AT-20180820075748,U5,2,H14,483,483,-3.93,5.85,127,GOOD,GOOD,143.86700000000002,174.5739,104.6611,0,0.9055,8/20/2018 11:59
15324,1020,FP9,TOP,4009518747,8/19/2018 15:15,1534691700,TWB_SM3,TWB_PCBA_SM3_TOP_FP,TWB_PCBA_TOP_FP9,1020,TWB_SM3,TWB_PCBA_PASTE_INSPECTION_TOP,PN-337126,00F75C6A,00F75C6A,PN-337126,00F75C6B,T31,,PROCESS,PN-27795,00F75C6AT-20180820075748,U5,2,J12,483,483,-4.61,1.52,127,GOOD,GOOD,143.3861,174.3998,104.4155,0,0.9055,8/20/2018 11:59
15325,1020,FP9,TOP,4009518747,8/19/2018 15:15,1534691700,TWB_SM3,TWB_PCBA_SM3_TOP_FP,TWB_PCBA_TOP_FP9,1020,TWB_SM3,TWB_PCBA_PASTE_INSPECTION_TOP,PN-337126,00F75C6A,00F75C6A,PN-337126,00F75C6B,T31,,PROCESS,PN-27795,00F75C6AT-20180820075748,U5,2,J9,483,483,-3.42,-2.93,127,GOOD,GOOD,148.7424,176.4635,107.0493,0,0.9055,8/20/2018 11:59
15326,1020,FP9,TOP,4009518747,8/19/2018 15:15,1534691700,TWB_SM3,TWB_PCBA_SM3_TOP_FP,TWB_PCBA_TOP_FP9,1020,TWB_SM3,TWB_PCBA_PASTE_INSPECTION_TOP,PN-337126,00F75C6A,00F75C6A,PN-337126,00F75C6B,T31,,PROCESS,PN-27795,00F75C6AT-20180820075748,U5,2,K11,483,483,-5.69,0.66,127,GOOD,GOOD,150.8953,175.3173,109.3087,0,0.9055,8/20/2018 11:59
15327,1020,FP9,TOP,4009518747,8/19/2018 15:15,1534691700,TWB_SM3,TWB_PCBA_SM3_TOP_FP,TWB_PCBA_TOP_FP9,1020,TWB_SM3,TWB_PCBA_PASTE_INSPECTION_TOP,PN-337126,00F75C6A,00F75C6A,PN-337126,00F75C6B,T31,,PROCESS,PN-27795,00F75C6AT-20180820075748,U5,2,K2,483,483,-2.11,-12.68,127,GOOD,GOOD,141.9888,187.2418,96.30633,0,0.9055,8/20/2018 11:59
15328,1020,FP9,TOP,4009518747,8/19/2018 15:15,1534691700,TWB_SM3,TWB_PCBA_SM3_TOP_FP,TWB_PCBA_TOP_FP9,1020,TWB_SM3,TWB_PCBA_PASTE_INSPECTION_TOP,PN-337126,00F75C6A,00F75C6A,PN-337126,00F75C6B,T31,,PROCESS,PN-27795,00F75C6AT-20180820075748,U5,2,L10,483,483,-5.77,-1.19,127,GOOD,GOOD,138.9903,164.5108,107.2986,0,0.9055,8/20/2018 11:59
15329,1020,FP9,TOP,4009518747,8/19/2018 15:15,1534691700,TWB_SM3,TWB_PCBA_SM3_TOP_FP,TWB_PCBA_TOP_FP9,1020,TWB_SM3,TWB_PCBA_PASTE_INSPECTION_TOP,PN-337126,00F75C6A,00F75C6A,PN-337126,00F75C6B,T31,,PROCESS,PN-27795,00F75C6AT-20180820075748,U5,2,L7,483,483,-5.59,-5.64,127,GOOD,GOOD,142.6757,165.1813,109.6965,0,0.9055,8/20/2018 11:59
15330,1020,FP9,TOP,4009518747,8/19/2018 15:15,1534691700,TWB_SM3,TWB_PCBA_SM3_TOP_FP,TWB_PCBA_TOP_FP9,1020,TWB_SM3,TWB_PCBA_PASTE_INSPECTION_TOP,PN-337126,00F75C6A,00F75C6A,PN-337126,00F75C6B,T31,,PROCESS,PN-27795,00F75C6AT-20180820075748,U5,2,N5,483,483,11.34,8.89,127,GOOD,GOOD,142.8733,165.53400000000002,109.6145,0,0.9055,8/20/2018 11:59
15331,1020,FP9,TOP,4009518747,8/19/2018 15:15,1534691700,TWB_SM3,TWB_PCBA_SM3_TOP_FP,TWB_PCBA_TOP_FP9,1020,TWB_SM3,TWB_PCBA_PASTE_INSPECTION_TOP,PN-337126,00F75C6A,00F75C6A,PN-337126,00F75C6B,T31,,PROCESS,PN-27795,00F75C6AT-20180820075748,U5,2,P3,483,483,9.57,1.24,127,GOOD,GOOD,142.6655,166.172,109.0347,0,0.9055,8/20/2018 11:59
15332,1020,FP9,TOP,4009518747,8/19/2018 15:15,1534691700,TWB_SM3,TWB_PCBA_SM3_TOP_FP,TWB_PCBA_TOP_FP9,1020,TWB_SM3,TWB_PCBA_PASTE_INSPECTION_TOP,PN-337126,00F75C6A,00F75C6A,PN-337126,00F75C6B,T31,,PROCESS,PN-27795,00F75C6AT-20180820075748,U5,2,R1,483,483,13.79,-1.12,127,GOOD,GOOD,137.4233,192.662,90.58745,0,0.9055,8/20/2018 11:59
15333,1020,FP9,TOP,4009518747,8/19/2018 15:15,1534691700,TWB_SM3,TWB_PCBA_SM3_TOP_FP,TWB_PCBA_TOP_FP9,1020,TWB_SM3,TWB_PCBA_PASTE_INSPECTION_TOP,PN-337126,00F75C6A,00F75C6A,PN-337126,00F75C6B,T31,,PROCESS,PN-27795,00F75C6AT-20180820075748,U5,2,R16,483,483,3.26,1.38,127,GOOD,GOOD,132.8739,160.1259,105.3857,0,0.9055,8/20/2018 11:59
15334,1020,FP9,TOP,4009518747,8/19/2018 15:15,1534691700,TWB_SM3,TWB_PCBA_SM3_TOP_FP,TWB_PCBA_TOP_FP9,1020,TWB_SM3,TWB_PCBA_PASTE_INSPECTION_TOP,PN-337126,00F75C6A,00F75C6A,PN-337126,00F75C6B,T31,,PROCESS,PN-27795,00F75C6AT-20180820075748,U5,2,T14,483,483,2.5,-2.95,127,GOOD,GOOD,135.1016,175.3255,97.86315,0,0.9055,8/20/2018 11:59
16078,1020,FP9,TOP,4009518747,8/19/2018 15:15,1534691700,TWB_SM3,TWB_PCBA_SM3_TOP_FP,TWB_PCBA_TOP_FP9,1020,TWB_SM3,TWB_PCBA_PASTE_INSPECTION_TOP,PN-337126,00F75C6A,00F75C6A,PN-337126,00F75C6B,T31,,PROCESS,PN-27795,00F75C6AT-20180820075748,U5,2,A15,483,483,7.06,-10.07,127,GOOD,GOOD,127.8951,164.8299,98.54205,0,0.9055,8/20/2018 11:59
16079,1020,FP9,TOP,4009518747,8/19/2018 15:15,1534691700,TWB_SM3,TWB_PCBA_SM3_TOP_FP,TWB_PCBA_TOP_FP9,1020,TWB_SM3,TWB_PCBA_PASTE_INSPECTION_TOP,PN-337126,00F75C6A,00F75C6A,PN-337126,00F75C6B,T31,,PROCESS,PN-27795,00F75C6AT-20180820075748,U5,2,A6,483,483,9.64,-3.42,127,GOOD,GOOD,144.2753,174.2049,105.1805,0,0.9055,8/20/2018 11:59
16080,1020,FP9,TOP,4009518747,8/19/2018 15:15,1534691700,TWB_SM3,TWB_PCBA_SM3_TOP_FP,TWB_PCBA_TOP_FP9,1020,TWB_SM3,TWB_PCBA_PASTE_INSPECTION_TOP,PN-337126,00F75C6A,00F75C6A,PN-337126,00F75C6B,T31,,PROCESS,PN-27795,00F75C6AT-20180820075748,U5,2,B14,483,483,4.97,-12.93,127,GOOD,GOOD,140.3,174.3816,102.1788,0,0.9055,8/20/2018 11:59
16081,1020,FP9,TOP,4009518747,8/19/2018 15:15,1534691700,TWB_SM3,TWB_PCBA_SM3_TOP_FP,TWB_PCBA_TOP_FP9,1020,TWB_SM3,TWB_PCBA_PASTE_INSPECTION_TOP,PN-337126,00F75C6A,00F75C6A,PN-337126,00F75C6B,T31,,PROCESS,PN-27795,00F75C6AT-20180820075748,U5,2,C13,483,483,3.89,6.22,127,GOOD,GOOD,143.1804,175.99400000000003,103.3212,0,0.9055,8/20/2018 11:59
16082,1020,FP9,TOP,4009518747,8/19/2018 15:15,1534691700,TWB_SM3,TWB_PCBA_SM3_TOP_FP,TWB_PCBA_TOP_FP9,1020,TWB_SM3,TWB_PCBA_PASTE_INSPECTION_TOP,PN-337126,00F75C6A,00F75C6A,PN-337126,00F75C6B,T31,,PROCESS,PN-27795,00F75C6AT-20180820075748,U5,2,C4,483,483,7.46,-7.12,127,GOOD,GOOD,143.2378,175.3752,103.7274,0,0.9055,8/20/2018 11:59
16083,1020,FP9,TOP,4009518747,8/19/2018 15:15,1534691700,TWB_SM3,TWB_PCBA_SM3_TOP_FP,TWB_PCBA_TOP_FP9,1020,TWB_SM3,TWB_PCBA_PASTE_INSPECTION_TOP,PN-337126,00F75C6A,00F75C6A,PN-337126,00F75C6B,T31,,PROCESS,PN-27795,00F75C6AT-20180820075748,U5,2,D12,483,483,2.8,3.37,127,GOOD,GOOD,147.83100000000002,171.359,109.5626,0,0.9055,8/20/2018 11:59
16084,1020,FP9,TOP,4009518747,8/19/2018 15:15,1534691700,TWB_SM3,TWB_PCBA_SM3_TOP_FP,TWB_PCBA_TOP_FP9,1020,TWB_SM3,TWB_PCBA_PASTE_INSPECTION_TOP,PN-337126,00F75C6A,00F75C6A,PN-337126,00F75C6B,T31,,PROCESS,PN-27795,00F75C6AT-20180820075748,U5,2,D9,483,483,4.0,-1.08,127,GOOD,GOOD,145.1889,166.43200000000002,110.79,0,0.9055,8/20/2018 11:59
16085,1020,FP9,TOP,4009518747,8/19/2018 15:15,1534691700,TWB_SM3,TWB_PCBA_SM3_TOP_FP,TWB_PCBA_TOP_FP9,1020,TWB_SM3,TWB_PCBA_PASTE_INSPECTION_TOP,PN-337126,00F75C6A,00F75C6A,PN-337126,00F75C6B,T31,,PROCESS,PN-27795,00F75C6AT-20180820075748,U5,2,E11,483,483,1.72,2.51,127,GOOD,GOOD,139.6782,170.4265,104.0867,0,0.9055,8/20/2018 11:59
16086,1020,FP9,TOP,4009518747,8/19/2018 15:15,1534691700,TWB_SM3,TWB_PCBA_SM3_TOP_FP,TWB_PCBA_TOP_FP9,1020,TWB_SM3,TWB_PCBA_PASTE_INSPECTION_TOP,PN-337126,00F75C6A,00F75C6A,PN-337126,00F75C6B,T31,,PROCESS,PN-27795,00F75C6AT-20180820075748,U5,2,E2,483,483,5.3,-10.83,127,GOOD,GOOD,137.1148,170.4449,102.1654,0,0.9055,8/20/2018 11:59
16087,1020,FP9,TOP,4009518747,8/19/2018 15:15,1534691700,TWB_SM3,TWB_PCBA_SM3_TOP_FP,TWB_PCBA_TOP_FP9,1020,TWB_SM3,TWB_PCBA_PASTE_INSPECTION_TOP,PN-337126,00F75C6A,00F75C6A,PN-337126,00F75C6B,T31,,PROCESS,PN-27795,00F75C6AT-20180820075748,U5,2,F10,483,483,4.12,0.67,127,GOOD,GOOD,146.8931,173.1428,107.7459,0,0.9055,8/20/2018 11:59
16088,1020,FP9,TOP,4009518747,8/19/2018 15:15,1534691700,TWB_SM3,TWB_PCBA_SM3_TOP_FP,TWB_PCBA_TOP_FP9,1020,TWB_SM3,TWB_PCBA_PASTE_INSPECTION_TOP,PN-337126,00F75C6A,00F75C6A,PN-337126,00F75C6B,T31,,PROCESS,PN-27795,00F75C6AT-20180820075748,U5,2,F7,483,483,1.83,-3.78,127,GOOD,GOOD,145.2025,167.6248,110.0118,0,0.9055,8/20/2018 11:59
16089,1020,FP9,TOP,4009518747,8/19/2018 15:15,1534691700,TWB_SM3,TWB_PCBA_SM3_TOP_FP,TWB_PCBA_TOP_FP9,1020,TWB_SM3,TWB_PCBA_PASTE_INSPECTION_TOP,PN-337126,00F75C6A,00F75C6A,PN-337126,00F75C6B,T31,,PROCESS,PN-27795,00F75C6AT-20180820075748,U5,2,H5,483,483,0.67,-7.49,127,GOOD,GOOD,145.028,178.3138,103.2929,0,0.9055,8/20/2018 11:59
16090,1020,FP9,TOP,4009518747,8/19/2018 15:15,1534691700,TWB_SM3,TWB_PCBA_SM3_TOP_FP,TWB_PCBA_TOP_FP9,1020,TWB_SM3,TWB_PCBA_PASTE_INSPECTION_TOP,PN-337126,00F75C6A,00F75C6A,PN-337126,00F75C6B,T31,,PROCESS,PN-27795,00F75C6AT-20180820075748,U5,2,J3,483,483,0.63,-11.83,127,GOOD,GOOD,139.657,172.9251,102.5672,0,0.9055,8/20/2018 11:59
16091,1020,FP9,TOP,4009518747,8/19/2018 15:15,1534691700,TWB_SM3,TWB_PCBA_SM3_TOP_FP,TWB_PCBA_TOP_FP9,1020,TWB_SM3,TWB_PCBA_PASTE_INSPECTION_TOP,PN-337126,00F75C6A,00F75C6A,PN-337126,00F75C6B,T31,,PROCESS,PN-27795,00F75C6AT-20180820075748,U5,2,K8,483,483,-4.5,-3.78,127,GOOD,GOOD,155.5952,177.6227,111.2504,0,0.9055,8/20/2018 11:59
16092,1020,FP9,TOP,4009518747,8/19/2018 15:15,1534691700,TWB_SM3,TWB_PCBA_SM3_TOP_FP,TWB_PCBA_TOP_FP9,1020,TWB_SM3,TWB_PCBA_PASTE_INSPECTION_TOP,PN-337126,00F75C6A,00F75C6A,PN-337126,00F75C6B,T31,,PROCESS,PN-27795,00F75C6AT-20180820075748,U5,2,L1,483,483,-3.2,5.47,127,GOOD,GOOD,127.2461,184.6159,87.53447,0,0.9055,8/20/2018 11:59
16093,1020,FP9,TOP,4009518747,8/19/2018 15:15,1534691700,TWB_SM3,TWB_PCBA_SM3_TOP_FP,TWB_PCBA_TOP_FP9,1020,TWB_SM3,TWB_PCBA_PASTE_INSPECTION_TOP,PN-337126,00F75C6A,00F75C6A,PN-337126,00F75C6B,T31,,PROCESS,PN-27795,00F75C6AT-20180820075748,U5,2,L16,483,483,-9.17,-12.3,127,GOOD,GOOD,134.4935,174.9003,97.65948,0,0.9055,8/20/2018 11:59
16094,1020,FP9,TOP,4009518747,8/19/2018 15:15,1534691700,TWB_SM3,TWB_PCBA_SM3_TOP_FP,TWB_PCBA_TOP_FP9,1020,TWB_SM3,TWB_PCBA_PASTE_INSPECTION_TOP,PN-337126,00F75C6A,00F75C6A,PN-337126,00F75C6B,T31,,PROCESS,PN-27795,00F75C6AT-20180820075748,U5,2,M15,483,483,-9.25,4.85,127,GOOD,GOOD,145.0901,188.1652,97.92694,0,0.9055,8/20/2018 11:59
16095,1020,FP9,TOP,4009518747,8/19/2018 15:15,1534691700,TWB_SM3,TWB_PCBA_SM3_TOP_FP,TWB_PCBA_TOP_FP9,1020,TWB_SM3,TWB_PCBA_PASTE_INSPECTION_TOP,PN-337126,00F75C6A,00F75C6A,PN-337126,00F75C6B,T31,,PROCESS,PN-27795,00F75C6AT-20180820075748,U5,2,M6,483,483,1.61,-8.49,127,GOOD,GOOD,137.3685,164.3198,106.1698,0,0.9055,8/20/2018 11:59
16096,1020,FP9,TOP,4009518747,8/19/2018 15:15,1534691700,TWB_SM3,TWB_PCBA_SM3_TOP_FP,TWB_PCBA_TOP_FP9,1020,TWB_SM3,TWB_PCBA_PASTE_INSPECTION_TOP,PN-337126,00F75C6A,00F75C6A,PN-337126,00F75C6B,T31,,PROCESS,PN-27795,00F75C6AT-20180820075748,U5,2,N14,483,483,7.0,-0.93,127,GOOD,GOOD,142.8438,177.7026,102.0872,0,0.9055,8/20/2018 11:59
16097,1020,FP9,TOP,4009518747,8/19/2018 15:15,1534691700,TWB_SM3,TWB_PCBA_SM3_TOP_FP,TWB_PCBA_TOP_FP9,1020,TWB_SM3,TWB_PCBA_PASTE_INSPECTION_TOP,PN-337126,00F75C6A,00F75C6A,PN-337126,00F75C6B,T31,,PROCESS,PN-27795,00F75C6AT-20180820075748,U5,2,P12,483,483,6.24,-0.3,127,GOOD,GOOD,152.1709,179.7858,107.4929,0,0.9055,8/20/2018 11:59
16098,1020,FP9,TOP,4009518747,8/19/2018 15:15,1534691700,TWB_SM3,TWB_PCBA_SM3_TOP_FP,TWB_PCBA_TOP_FP9,1020,TWB_SM3,TWB_PCBA_PASTE_INSPECTION_TOP,PN-337126,00F75C6A,00F75C6A,PN-337126,00F75C6B,T31,,PROCESS,PN-27795,00F75C6AT-20180820075748,U5,2,P9,483,483,7.36,10.24,127,GOOD,GOOD,142.3949,170.4961,106.0678,0,0.9055,8/20/2018 11:59
16099,1020,FP9,TOP,4009518747,8/19/2018 15:15,1534691700,TWB_SM3,TWB_PCBA_SM3_TOP_FP,TWB_PCBA_TOP_FP9,1020,TWB_SM3,TWB_PCBA_PASTE_INSPECTION_TOP,PN-337126,00F75C6A,00F75C6A,PN-337126,00F75C6B,T31,,PROCESS,PN-27795,00F75C6AT-20180820075748,U5,2,R10,483,483,6.49,12.38,127,GOOD,GOOD,145.3103,162.7019,113.4246,0,0.9055,8/20/2018 11:59
16100,1020,FP9,TOP,4009518747,8/19/2018 15:15,1534691700,TWB_SM3,TWB_PCBA_SM3_TOP_FP,TWB_PCBA_TOP_FP9,1020,TWB_SM3,TWB_PCBA_PASTE_INSPECTION_TOP,PN-337126,00F75C6A,00F75C6A,PN-337126,00F75C6B,T31,,PROCESS,PN-27795,00F75C6AT-20180820075748,U5,2,R7,483,483,6.59,7.88,127,GOOD,GOOD,142.1591,165.5791,109.0367,0,0.9055,8/20/2018 11:59
16101,1020,FP9,TOP,4009518747,8/19/2018 15:15,1534691700,TWB_SM3,TWB_PCBA_SM3_TOP_FP,TWB_PCBA_TOP_FP9,1020,TWB_SM3,TWB_PCBA_PASTE_INSPECTION_TOP,PN-337126,00F75C6A,00F75C6A,PN-337126,00F75C6B,T31,,PROCESS,PN-27795,00F75C6AT-20180820075748,U5,2,T5,483,483,6.84,3.55,127,GOOD,GOOD,146.1804,174.2946,106.5145,0,0.9055,8/20/2018 11:59
21454,1020,FP9,TOP,4009518747,8/19/2018 15:15,1534691700,TWB_SM3,TWB_PCBA_SM3_TOP_FP,TWB_PCBA_TOP_FP9,1020,TWB_SM3,TWB_PCBA_PASTE_INSPECTION_TOP,PN-337126,00F75C6A,00F75C6A,PN-337126,00F75C6B,T31,,PROCESS,PN-27795,00F75C6AT-20180820075748,U5,2,A8,483,483,8.84,-0.45,127,GOOD,GOOD,144.5772,167.3093,109.7447,0,0.9055,8/20/2018 11:59
21455,1020,FP9,TOP,4009518747,8/19/2018 15:15,1534691700,TWB_SM3,TWB_PCBA_SM3_TOP_FP,TWB_PCBA_TOP_FP9,1020,TWB_SM3,TWB_PCBA_PASTE_INSPECTION_TOP,PN-337126,00F75C6A,00F75C6A,PN-337126,00F75C6B,T31,,PROCESS,PN-27795,00F75C6AT-20180820075748,U5,2,B1,483,483,10.15,-12.2,127,GOOD,GOOD,140.3122,175.903,101.3039,0,0.9055,8/20/2018 11:59
21456,1020,FP9,TOP,4009518747,8/19/2018 15:15,1534691700,TWB_SM3,TWB_PCBA_SM3_TOP_FP,TWB_PCBA_TOP_FP9,1020,TWB_SM3,TWB_PCBA_PASTE_INSPECTION_TOP,PN-337126,00F75C6A,00F75C6A,PN-337126,00F75C6B,T31,,PROCESS,PN-27795,00F75C6AT-20180820075748,U5,2,B16,483,483,4.18,-9.96,127,GOOD,GOOD,134.4563,169.4469,100.7747,0,0.9055,8/20/2018 11:59
21457,1020,FP9,TOP,4009518747,8/19/2018 15:15,1534691700,TWB_SM3,TWB_PCBA_SM3_TOP_FP,TWB_PCBA_TOP_FP9,1020,TWB_SM3,TWB_PCBA_PASTE_INSPECTION_TOP,PN-337126,00F75C6A,00F75C6A,PN-337126,00F75C6B,T31,,PROCESS,PN-27795,00F75C6AT-20180820075748,U5,2,C15,483,483,4.1,-10.81,127,GOOD,GOOD,142.7087,194.7443,93.06567,0,0.9055,8/20/2018 11:59
21458,1020,FP9,TOP,4009518747,8/19/2018 15:15,1534691700,TWB_SM3,TWB_PCBA_SM3_TOP_FP,TWB_PCBA_TOP_FP9,1020,TWB_SM3,TWB_PCBA_PASTE_INSPECTION_TOP,PN-337126,00F75C6A,00F75C6A,PN-337126,00F75C6B,T31,,PROCESS,PN-27795,00F75C6AT-20180820075748,U5,2,C6,483,483,6.67,-4.16,127,GOOD,GOOD,149.9568,174.3988,109.20100000000001,0,0.9055,8/20/2018 11:59
21459,1020,FP9,TOP,4009518747,8/19/2018 15:15,1534691700,TWB_SM3,TWB_PCBA_SM3_TOP_FP,TWB_PCBA_TOP_FP9,1020,TWB_SM3,TWB_PCBA_PASTE_INSPECTION_TOP,PN-337126,00F75C6A,00F75C6A,PN-337126,00F75C6B,T31,,PROCESS,PN-27795,00F75C6AT-20180820075748,U5,2,D14,483,483,2.01,-13.67,127,GOOD,GOOD,145.5468,175.1032,105.5632,0,0.9055,8/20/2018 11:59
21460,1020,FP9,TOP,4009518747,8/19/2018 15:15,1534691700,TWB_SM3,TWB_PCBA_SM3_TOP_FP,TWB_PCBA_TOP_FP9,1020,TWB_SM3,TWB_PCBA_PASTE_INSPECTION_TOP,PN-337126,00F75C6A,00F75C6A,PN-337126,00F75C6B,T31,,PROCESS,PN-27795,00F75C6AT-20180820075748,U5,2,E13,483,483,0.92,5.48,127,GOOD,GOOD,139.2394,185.5589,95.29803000000001,0,0.9055,8/20/2018 11:59
21461,1020,FP9,TOP,4009518747,8/19/2018 15:15,1534691700,TWB_SM3,TWB_PCBA_SM3_TOP_FP,TWB_PCBA_TOP_FP9,1020,TWB_SM3,TWB_PCBA_PASTE_INSPECTION_TOP,PN-337126,00F75C6A,00F75C6A,PN-337126,00F75C6B,T31,,PROCESS,PN-27795,00F75C6AT-20180820075748,U5,2,E4,483,483,4.5,-7.86,127,GOOD,GOOD,148.1115,175.6221,107.1059,0,0.9055,8/20/2018 11:59
21462,1020,FP9,TOP,4009518747,8/19/2018 15:15,1534691700,TWB_SM3,TWB_PCBA_SM3_TOP_FP,TWB_PCBA_TOP_FP9,1020,TWB_SM3,TWB_PCBA_PASTE_INSPECTION_TOP,PN-337126,00F75C6A,00F75C6A,PN-337126,00F75C6B,T31,,PROCESS,PN-27795,00F75C6AT-20180820075748,U5,2,F12,483,483,-0.16,3.63,127,GOOD,GOOD,147.497,170.1933,110.0638,0,0.9055,8/20/2018 11:59
21463,1020,FP9,TOP,4009518747,8/19/2018 15:15,1534691700,TWB_SM3,TWB_PCBA_SM3_TOP_FP,TWB_PCBA_TOP_FP9,1020,TWB_SM3,TWB_PCBA_PASTE_INSPECTION_TOP,PN-337126,00F75C6A,00F75C6A,PN-337126,00F75C6B,T31,,PROCESS,PN-27795,00F75C6AT-20180820075748,U5,2,F9,483,483,1.03,-0.82,127,GOOD,GOOD,143.422,172.0474,105.8696,0,0.9055,8/20/2018 11:59
21464,1020,FP9,TOP,4009518747,8/19/2018 15:15,1534691700,TWB_SM3,TWB_PCBA_SM3_TOP_FP,TWB_PCBA_TOP_FP9,1020,TWB_SM3,TWB_PCBA_PASTE_INSPECTION_TOP,PN-337126,00F75C6A,00F75C6A,PN-337126,00F75C6B,T31,,PROCESS,PN-27795,00F75C6AT-20180820075748,U5,2,G11,483,483,-1.25,0.77,127,GOOD,GOOD,143.4728,166.5248,109.4194,0,0.9055,8/20/2018 11:59
21465,1020,FP9,TOP,4009518747,8/19/2018 15:15,1534691700,TWB_SM3,TWB_PCBA_SM3_TOP_FP,TWB_PCBA_TOP_FP9,1020,TWB_SM3,TWB_PCBA_PASTE_INSPECTION_TOP,PN-337126,00F75C6A,00F75C6A,PN-337126,00F75C6B,T31,,PROCESS,PN-27795,00F75C6AT-20180820075748,U5,2,G2,483,483,2.34,-12.57,127,GOOD,GOOD,151.9459,191.0341,101.0141,0,0.9055,8/20/2018 11:59
21466,1020,FP9,TOP,4009518747,8/19/2018 15:15,1534691700,TWB_SM3,TWB_PCBA_SM3_TOP_FP,TWB_PCBA_TOP_FP9,1020,TWB_SM3,TWB_PCBA_PASTE_INSPECTION_TOP,PN-337126,00F75C6A,00F75C6A,PN-337126,00F75C6B,T31,,PROCESS,PN-27795,00F75C6AT-20180820075748,U5,2,H10,483,483,-1.33,-0.08,127,GOOD,GOOD,149.6383,175.8381,108.07700000000001,0,0.9055,8/20/2018 11:59
21467,1020,FP9,TOP,4009518747,8/19/2018 15:15,1534691700,TWB_SM3,TWB_PCBA_SM3_TOP_FP,TWB_PCBA_TOP_FP9,1020,TWB_SM3,TWB_PCBA_PASTE_INSPECTION_TOP,PN-337126,00F75C6A,00F75C6A,PN-337126,00F75C6B,T31,,PROCESS,PN-27795,00F75C6AT-20180820075748,U5,2,H7,483,483,-1.14,-4.53,127,GOOD,GOOD,138.9924,161.471,109.3202,0,0.9055,8/20/2018 11:59
21468,1020,FP9,TOP,4009518747,8/19/2018 15:15,1534691700,TWB_SM3,TWB_PCBA_SM3_TOP_FP,TWB_PCBA_TOP_FP9,1020,TWB_SM3,TWB_PCBA_PASTE_INSPECTION_TOP,PN-337126,00F75C6A,00F75C6A,PN-337126,00F75C6B,T31,,PROCESS,PN-27795,00F75C6AT-20180820075748,U5,2,J5,483,483,-0.81,-8.86,127,GOOD,GOOD,139.8457,167.9573,105.7436,0,0.9055,8/20/2018 11:59
21469,1020,FP9,TOP,4009518747,8/19/2018 15:15,1534691700,TWB_SM3,TWB_PCBA_SM3_TOP_FP,TWB_PCBA_TOP_FP9,1020,TWB_SM3,TWB_PCBA_PASTE_INSPECTION_TOP,PN-337126,00F75C6A,00F75C6A,PN-337126,00F75C6B,T31,,PROCESS,PN-27795,00F75C6AT-20180820075748,U5,2,L3,483,483,-4.0,-11.57,127,GOOD,GOOD,149.5622,181.4055,104.7069,0,0.9055,8/20/2018 11:59
21470,1020,FP9,TOP,4009518747,8/19/2018 15:15,1534691700,TWB_SM3,TWB_PCBA_SM3_TOP_FP,TWB_PCBA_TOP_FP9,1020,TWB_SM3,TWB_PCBA_PASTE_INSPECTION_TOP,PN-337126,00F75C6A,00F75C6A,PN-337126,00F75C6B,T31,,PROCESS,PN-27795,00F75C6AT-20180820075748,U5,2,M8,483,483,-7.47,-5.53,127,GOOD,GOOD,153.058,177.8576,109.2917,0,0.9055,8/20/2018 11:59
21471,1020,FP9,TOP,4009518747,8/19/2018 15:15,1534691700,TWB_SM3,TWB_PCBA_SM3_TOP_FP,TWB_PCBA_TOP_FP9,1020,TWB_SM3,TWB_PCBA_PASTE_INSPECTION_TOP,PN-337126,00F75C6A,00F75C6A,PN-337126,00F75C6B,T31,,PROCESS,PN-27795,00F75C6AT-20180820075748,U5,2,N1,483,483,18.44,-0.42,127,GOOD,GOOD,146.3479,191.1109,97.25341,0,0.9055,8/20/2018 11:59
21472,1020,FP9,TOP,4009518747,8/19/2018 15:15,1534691700,TWB_SM3,TWB_PCBA_SM3_TOP_FP,TWB_PCBA_TOP_FP9,1020,TWB_SM3,TWB_PCBA_PASTE_INSPECTION_TOP,PN-337126,00F75C6A,00F75C6A,PN-337126,00F75C6B,T31,,PROCESS,PN-27795,00F75C6AT-20180820075748,U5,2,N16,483,483,6.26,2.07,127,GOOD,GOOD,132.4534,179.5064,93.7102,0,0.9055,8/20/2018 11:59
21473,1020,FP9,TOP,4009518747,8/19/2018 15:15,1534691700,TWB_SM3,TWB_PCBA_SM3_TOP_FP,TWB_PCBA_TOP_FP9,1020,TWB_SM3,TWB_PCBA_PASTE_INSPECTION_TOP,PN-337126,00F75C6A,00F75C6A,PN-337126,00F75C6B,T31,,PROCESS,PN-27795,00F75C6AT-20180820075748,U5,2,P14,483,483,5.5,-0.61,127,GOOD,GOOD,139.4066,167.3632,105.7857,0,0.9055,8/20/2018 11:59
21474,1020,FP9,TOP,4009518747,8/19/2018 15:15,1534691700,TWB_SM3,TWB_PCBA_SM3_TOP_FP,TWB_PCBA_TOP_FP9,1020,TWB_SM3,TWB_PCBA_PASTE_INSPECTION_TOP,PN-337126,00F75C6A,00F75C6A,PN-337126,00F75C6B,T31,,PROCESS,PN-27795,00F75C6AT-20180820075748,U5,2,R12,483,483,4.74,-4.62,127,GOOD,GOOD,149.2364,184.6732,102.6301,0,0.9055,8/20/2018 11:59
21475,1020,FP9,TOP,4009518747,8/19/2018 15:15,1534691700,TWB_SM3,TWB_PCBA_SM3_TOP_FP,TWB_PCBA_TOP_FP9,1020,TWB_SM3,TWB_PCBA_PASTE_INSPECTION_TOP,PN-337126,00F75C6A,00F75C6A,PN-337126,00F75C6B,T31,,PROCESS,PN-27795,00F75C6AT-20180820075748,U5,2,R9,483,483,6.68,10.88,127,GOOD,GOOD,145.0984,170.3929,108.1471,0,0.9055,8/20/2018 11:59
21476,1020,FP9,TOP,4009518747,8/19/2018 15:15,1534691700,TWB_SM3,TWB_PCBA_SM3_TOP_FP,TWB_PCBA_TOP_FP9,1020,TWB_SM3,TWB_PCBA_PASTE_INSPECTION_TOP,PN-337126,00F75C6A,00F75C6A,PN-337126,00F75C6B,T31,,PROCESS,PN-27795,00F75C6AT-20180820075748,U5,2,T10,483,483,8.31,14.36,127,GOOD,GOOD,164.541,190.8915,109.469,0,0.9055,8/20/2018 11:59
21477,1020,FP9,TOP,4009518747,8/19/2018 15:15,1534691700,TWB_SM3,TWB_PCBA_SM3_TOP_FP,TWB_PCBA_TOP_FP9,1020,TWB_SM3,TWB_PCBA_PASTE_INSPECTION_TOP,PN-337126,00F75C6A,00F75C6A,PN-337126,00F75C6B,T31,,PROCESS,PN-27795,00F75C6AT-20180820075748,U5,2,T7,483,483,6.75,6.55,127,GOOD,GOOD,138.881,175.041,100.7643,0,0.9055,8/20/2018 11:59
27214,1020,FP9,TOP,4009518747,8/19/2018 15:15,1534691700,TWB_SM3,TWB_PCBA_SM3_TOP_FP,TWB_PCBA_TOP_FP9,1020,TWB_SM3,TWB_PCBA_PASTE_INSPECTION_TOP,PN-337126,00F75C6A,00F75C6A,PN-337126,00F75C6B,T31,,PROCESS,PN-27795,00F75C6AT-20180820075748,U5,2,A1,483,483,-0.92,-10.83,127,GOOD,GOOD,128.7238,164.3012,99.49967,0,0.9055,8/20/2018 11:59
27215,1020,FP9,TOP,4009518747,8/19/2018 15:15,1534691700,TWB_SM3,TWB_PCBA_SM3_TOP_FP,TWB_PCBA_TOP_FP9,1020,TWB_SM3,TWB_PCBA_PASTE_INSPECTION_TOP,PN-337126,00F75C6A,00F75C6A,PN-337126,00F75C6B,T31,,PROCESS,PN-27795,00F75C6AT-20180820075748,U5,2,A10,483,483,9.88,2.52,127,GOOD,GOOD,144.2452,174.63099999999997,104.902,0,0.9055,8/20/2018 11:59
27216,1020,FP9,TOP,4009518747,8/19/2018 15:15,1534691700,TWB_SM3,TWB_PCBA_SM3_TOP_FP,TWB_PCBA_TOP_FP9,1020,TWB_SM3,TWB_PCBA_PASTE_INSPECTION_TOP,PN-337126,00F75C6A,00F75C6A,PN-337126,00F75C6B,T31,,PROCESS,PN-27795,00F75C6AT-20180820075748,U5,2,B6,483,483,8.16,-4.79,127,GOOD,GOOD,144.2008,175.2078,104.5245,0,0.9055,8/20/2018 11:59
27217,1020,FP9,TOP,4009518747,8/19/2018 15:15,1534691700,TWB_SM3,TWB_PCBA_SM3_TOP_FP,TWB_PCBA_TOP_FP9,1020,TWB_SM3,TWB_PCBA_PASTE_INSPECTION_TOP,PN-337126,00F75C6A,00F75C6A,PN-337126,00F75C6B,T31,,PROCESS,PN-27795,00F75C6AT-20180820075748,U5,2,D4,483,483,5.98,-8.49,127,GOOD,GOOD,151.3456,185.8687,103.4111,0,0.9055,8/20/2018 11:59
27218,1020,FP9,TOP,4009518747,8/19/2018 15:15,1534691700,TWB_SM3,TWB_PCBA_SM3_TOP_FP,TWB_PCBA_TOP_FP9,1020,TWB_SM3,TWB_PCBA_PASTE_INSPECTION_TOP,PN-337126,00F75C6A,00F75C6A,PN-337126,00F75C6B,T31,,PROCESS,PN-27795,00F75C6AT-20180820075748,U5,2,E9,483,483,2.51,-0.45,127,GOOD,GOOD,148.6692,164.9175,114.4875,0,0.9055,8/20/2018 11:59
27219,1020,FP9,TOP,4009518747,8/19/2018 15:15,1534691700,TWB_SM3,TWB_PCBA_SM3_TOP_FP,TWB_PCBA_TOP_FP9,1020,TWB_SM3,TWB_PCBA_PASTE_INSPECTION_TOP,PN-337126,00F75C6A,00F75C6A,PN-337126,00F75C6B,T31,,PROCESS,PN-27795,00F75C6AT-20180820075748,U5,2,F2,483,483,4.64,-11.2,127,GOOD,GOOD,143.658,184.3053,98.99096,0,0.9055,8/20/2018 11:59
27220,1020,FP9,TOP,4009518747,8/19/2018 15:15,1534691700,TWB_SM3,TWB_PCBA_SM3_TOP_FP,TWB_PCBA_TOP_FP9,1020,TWB_SM3,TWB_PCBA_PASTE_INSPECTION_TOP,PN-337126,00F75C6A,00F75C6A,PN-337126,00F75C6B,T31,,PROCESS,PN-27795,00F75C6AT-20180820075748,U5,2,G16,483,483,-3.24,-11.81,127,GOOD,GOOD,133.4777,166.3177,101.9235,0,0.9055,8/20/2018 11:59
27221,1020,FP9,TOP,4009518747,8/19/2018 15:15,1534691700,TWB_SM3,TWB_PCBA_SM3_TOP_FP,TWB_PCBA_TOP_FP9,1020,TWB_SM3,TWB_PCBA_PASTE_INSPECTION_TOP,PN-337126,00F75C6A,00F75C6A,PN-337126,00F75C6B,T31,,PROCESS,PN-27795,00F75C6AT-20180820075748,U5,2,G7,483,483,0.34,-5.16,127,GOOD,GOOD,135.6095,162.5779,105.9333,0,0.9055,8/20/2018 11:59
27222,1020,FP9,TOP,4009518747,8/19/2018 15:15,1534691700,TWB_SM3,TWB_PCBA_SM3_TOP_FP,TWB_PCBA_TOP_FP9,1020,TWB_SM3,TWB_PCBA_PASTE_INSPECTION_TOP,PN-337126,00F75C6A,00F75C6A,PN-337126,00F75C6B,T31,,PROCESS,PN-27795,00F75C6AT-20180820075748,U5,2,H15,483,483,-3.32,-12.66,127,GOOD,GOOD,142.4924,189.3315,95.58124000000001,0,0.9055,8/20/2018 11:59
27223,1020,FP9,TOP,4009518747,8/19/2018 15:15,1534691700,TWB_SM3,TWB_PCBA_SM3_TOP_FP,TWB_PCBA_TOP_FP9,1020,TWB_SM3,TWB_PCBA_PASTE_INSPECTION_TOP,PN-337126,00F75C6A,00F75C6A,PN-337126,00F75C6B,T31,,PROCESS,PN-27795,00F75C6AT-20180820075748,U5,2,J13,483,483,-5.01,3.0,127,GOOD,GOOD,148.1948,177.9835,105.7443,0,0.9055,8/20/2018 11:59
27224,1020,FP9,TOP,4009518747,8/19/2018 15:15,1534691700,TWB_SM3,TWB_PCBA_SM3_TOP_FP,TWB_PCBA_TOP_FP9,1020,TWB_SM3,TWB_PCBA_PASTE_INSPECTION_TOP,PN-337126,00F75C6A,00F75C6A,PN-337126,00F75C6B,T31,,PROCESS,PN-27795,00F75C6AT-20180820075748,U5,2,K12,483,483,-6.09,2.15,127,GOOD,GOOD,149.1518,171.4928,110.4553,0,0.9055,8/20/2018 11:59
27225,1020,FP9,TOP,4009518747,8/19/2018 15:15,1534691700,TWB_SM3,TWB_PCBA_SM3_TOP_FP,TWB_PCBA_TOP_FP9,1020,TWB_SM3,TWB_PCBA_PASTE_INSPECTION_TOP,PN-337126,00F75C6A,00F75C6A,PN-337126,00F75C6B,T31,,PROCESS,PN-27795,00F75C6AT-20180820075748,U5,2,K3,483,483,-1.69,-11.2,127,GOOD,GOOD,143.7891,177.7381,102.7423,0,0.9055,8/20/2018 11:59
27226,1020,FP9,TOP,4009518747,8/19/2018 15:15,1534691700,TWB_SM3,TWB_PCBA_SM3_TOP_FP,TWB_PCBA_TOP_FP9,1020,TWB_SM3,TWB_PCBA_PASTE_INSPECTION_TOP,PN-337126,00F75C6A,00F75C6A,PN-337126,00F75C6B,T31,,PROCESS,PN-27795,00F75C6AT-20180820075748,U5,2,L11,483,483,-3.86,0.29,127,GOOD,GOOD,142.7212,163.4989,110.8606,0,0.9055,8/20/2018 11:59
27227,1020,FP9,TOP,4009518747,8/19/2018 15:15,1534691700,TWB_SM3,TWB_PCBA_SM3_TOP_FP,TWB_PCBA_TOP_FP9,1020,TWB_SM3,TWB_PCBA_PASTE_INSPECTION_TOP,PN-337126,00F75C6A,00F75C6A,PN-337126,00F75C6B,T31,,PROCESS,PN-27795,00F75C6AT-20180820075748,U5,2,L8,483,483,-4.33,-4.16,127,GOOD,GOOD,146.3747,169.47799999999998,109.6873,0,0.9055,8/20/2018 11:59
27228,1020,FP9,TOP,4009518747,8/19/2018 15:15,1534691700,TWB_SM3,TWB_PCBA_SM3_TOP_FP,TWB_PCBA_TOP_FP9,1020,TWB_SM3,TWB_PCBA_PASTE_INSPECTION_TOP,PN-337126,00F75C6A,00F75C6A,PN-337126,00F75C6B,T31,,PROCESS,PN-27795,00F75C6AT-20180820075748,U5,2,M1,483,483,0.29,4.1,127,GOOD,GOOD,139.4697,189.2816,93.57831999999999,0,0.9055,8/20/2018 11:59
27229,1020,FP9,TOP,4009518747,8/19/2018 15:15,1534691700,TWB_SM3,TWB_PCBA_SM3_TOP_FP,TWB_PCBA_TOP_FP9,1020,TWB_SM3,TWB_PCBA_PASTE_INSPECTION_TOP,PN-337126,00F75C6A,00F75C6A,PN-337126,00F75C6B,T31,,PROCESS,PN-27795,00F75C6AT-20180820075748,U5,2,M10,483,483,-7.26,-2.56,127,GOOD,GOOD,139.5539,162.1384,109.31,0,0.9055,8/20/2018 11:59
27230,1020,FP9,TOP,4009518747,8/19/2018 15:15,1534691700,TWB_SM3,TWB_PCBA_SM3_TOP_FP,TWB_PCBA_TOP_FP9,1020,TWB_SM3,TWB_PCBA_PASTE_INSPECTION_TOP,PN-337126,00F75C6A,00F75C6A,PN-337126,00F75C6B,T31,,PROCESS,PN-27795,00F75C6AT-20180820075748,U5,2,N6,483,483,11.63,7.07,127,GOOD,GOOD,148.3988,174.6909,107.8857,0,0.9055,8/20/2018 11:59
27231,1020,FP9,TOP,4009518747,8/19/2018 15:15,1534691700,TWB_SM3,TWB_PCBA_SM3_TOP_FP,TWB_PCBA_TOP_FP9,1020,TWB_SM3,TWB_PCBA_PASTE_INSPECTION_TOP,PN-337126,00F75C6A,00F75C6A,PN-337126,00F75C6B,T31,,PROCESS,PN-27795,00F75C6AT-20180820075748,U5,2,P4,483,483,11.68,5.23,127,GOOD,GOOD,139.1314,163.1248,108.3201,0,0.9055,8/20/2018 11:59
27232,1020,FP9,TOP,4009518747,8/19/2018 15:15,1534691700,TWB_SM3,TWB_PCBA_SM3_TOP_FP,TWB_PCBA_TOP_FP9,1020,TWB_SM3,TWB_PCBA_PASTE_INSPECTION_TOP,PN-337126,00F75C6A,00F75C6A,PN-337126,00F75C6B,T31,,PROCESS,PN-27795,00F75C6AT-20180820075748,U5,2,R2,483,483,14.24,0.38,127,GOOD,GOOD,142.0447,191.8474,94.03141,0,0.9055,8/20/2018 11:59
27233,1020,FP9,TOP,4009518747,8/19/2018 15:15,1534691700,TWB_SM3,TWB_PCBA_SM3_TOP_FP,TWB_PCBA_TOP_FP9,1020,TWB_SM3,TWB_PCBA_PASTE_INSPECTION_TOP,PN-337126,00F75C6A,00F75C6A,PN-337126,00F75C6B,T31,,PROCESS,PN-27795,00F75C6AT-20180820075748,U5,2,T15,483,483,3.14,4.34,127,GOOD,GOOD,148.1709,186.2575,101.0306,0,0.9055,8/20/2018 11:59
30898,1020,FP9,TOP,4009518747,8/19/2018 15:15,1534691700,TWB_SM3,TWB_PCBA_SM3_TOP_FP,TWB_PCBA_TOP_FP9,1020,TWB_SM3,TWB_PCBA_PASTE_INSPECTION_TOP,PN-337126,00F75C6A,00F75C6A,PN-337126,00F75C6B,T31,,PROCESS,PN-27795,00F75C6AT-20180820075748,U5,2,A9,483,483,10.1,1.03,127,GOOD,GOOD,151.4336,188.7512,101.8911,0,0.9055,8/20/2018 11:59
30899,1020,FP9,TOP,4009518747,8/19/2018 15:15,1534691700,TWB_SM3,TWB_PCBA_SM3_TOP_FP,TWB_PCBA_TOP_FP9,1020,TWB_SM3,TWB_PCBA_PASTE_INSPECTION_TOP,PN-337126,00F75C6A,00F75C6A,PN-337126,00F75C6B,T31,,PROCESS,PN-27795,00F75C6AT-20180820075748,U5,2,B2,483,483,9.75,-10.72,127,GOOD,GOOD,132.2484,168.3005,99.79498000000001,0,0.9055,8/20/2018 11:59
30900,1020,FP9,TOP,4009518747,8/19/2018 15:15,1534691700,TWB_SM3,TWB_PCBA_SM3_TOP_FP,TWB_PCBA_TOP_FP9,1020,TWB_SM3,TWB_PCBA_PASTE_INSPECTION_TOP,PN-337126,00F75C6A,00F75C6A,PN-337126,00F75C6B,T31,,PROCESS,PN-27795,00F75C6AT-20180820075748,U5,2,C16,483,483,2.69,-9.33,127,GOOD,GOOD,137.5133,186.9035,93.43961999999999,0,0.9055,8/20/2018 11:59
30901,1020,FP9,TOP,4009518747,8/19/2018 15:15,1534691700,TWB_SM3,TWB_PCBA_SM3_TOP_FP,TWB_PCBA_TOP_FP9,1020,TWB_SM3,TWB_PCBA_PASTE_INSPECTION_TOP,PN-337126,00F75C6A,00F75C6A,PN-337126,00F75C6B,T31,,PROCESS,PN-27795,00F75C6AT-20180820075748,U5,2,C7,483,483,6.27,-2.67,127,GOOD,GOOD,152.7751,180.6122,107.426,0,0.9055,8/20/2018 11:59
30902,1020,FP9,TOP,4009518747,8/19/2018 15:15,1534691700,TWB_SM3,TWB_PCBA_SM3_TOP_FP,TWB_PCBA_TOP_FP9,1020,TWB_SM3,TWB_PCBA_PASTE_INSPECTION_TOP,PN-337126,00F75C6A,00F75C6A,PN-337126,00F75C6B,T31,,PROCESS,PN-27795,00F75C6AT-20180820075748,U5,2,D15,483,483,2.62,-12.18,127,GOOD,GOOD,134.3108,164.3611,103.7805,0,0.9055,8/20/2018 11:59
30903,1020,FP9,TOP,4009518747,8/19/2018 15:15,1534691700,TWB_SM3,TWB_PCBA_SM3_TOP_FP,TWB_PCBA_TOP_FP9,1020,TWB_SM3,TWB_PCBA_PASTE_INSPECTION_TOP,PN-337126,00F75C6A,00F75C6A,PN-337126,00F75C6B,T31,,PROCESS,PN-27795,00F75C6AT-20180820075748,U5,2,E14,483,483,0.52,-13.04,127,GOOD,GOOD,138.8473,178.9328,98.54876,0,0.9055,8/20/2018 11:59
30904,1020,FP9,TOP,4009518747,8/19/2018 15:15,1534691700,TWB_SM3,TWB_PCBA_SM3_TOP_FP,TWB_PCBA_TOP_FP9,1020,TWB_SM3,TWB_PCBA_PASTE_INSPECTION_TOP,PN-337126,00F75C6A,00F75C6A,PN-337126,00F75C6B,T31,,PROCESS,PN-27795,00F75C6AT-20180820075748,U5,2,E5,483,483,5.12,-6.38,127,GOOD,GOOD,136.876,169.4457,102.5889,0,0.9055,8/20/2018 11:59
30905,1020,FP9,TOP,4009518747,8/19/2018 15:15,1534691700,TWB_SM3,TWB_PCBA_SM3_TOP_FP,TWB_PCBA_TOP_FP9,1020,TWB_SM3,TWB_PCBA_PASTE_INSPECTION_TOP,PN-337126,00F75C6A,00F75C6A,PN-337126,00F75C6B,T31,,PROCESS,PN-27795,00F75C6AT-20180820075748,U5,2,F13,483,483,-0.56,5.11,127,GOOD,GOOD,150.8563,176.6817,108.4365,0,0.9055,8/20/2018 11:59
30906,1020,FP9,TOP,4009518747,8/19/2018 15:15,1534691700,TWB_SM3,TWB_PCBA_SM3_TOP_FP,TWB_PCBA_TOP_FP9,1020,TWB_SM3,TWB_PCBA_PASTE_INSPECTION_TOP,PN-337126,00F75C6A,00F75C6A,PN-337126,00F75C6B,T31,,PROCESS,PN-27795,00F75C6AT-20180820075748,U5,2,G12,483,483,-1.64,2.26,127,GOOD,GOOD,144.2102,172.1794,106.3698,0,0.9055,8/20/2018 11:59
30907,1020,FP9,TOP,4009518747,8/19/2018 15:15,1534691700,TWB_SM3,TWB_PCBA_SM3_TOP_FP,TWB_PCBA_TOP_FP9,1020,TWB_SM3,TWB_PCBA_PASTE_INSPECTION_TOP,PN-337126,00F75C6A,00F75C6A,PN-337126,00F75C6B,T31,,PROCESS,PN-27795,00F75C6AT-20180820075748,U5,2,G3,483,483,1.94,-11.09,127,GOOD,GOOD,139.6882,185.4996,95.63579,0,0.9055,8/20/2018 11:59
30908,1020,FP9,TOP,4009518747,8/19/2018 15:15,1534691700,TWB_SM3,TWB_PCBA_SM3_TOP_FP,TWB_PCBA_TOP_FP9,1020,TWB_SM3,TWB_PCBA_PASTE_INSPECTION_TOP,PN-337126,00F75C6A,00F75C6A,PN-337126,00F75C6B,T31,,PROCESS,PN-27795,00F75C6AT-20180820075748,U5,2,H11,483,483,-2.73,1.41,127,GOOD,GOOD,150.6119,169.2818,112.9933,0,0.9055,8/20/2018 11:59
30909,1020,FP9,TOP,4009518747,8/19/2018 15:15,1534691700,TWB_SM3,TWB_PCBA_SM3_TOP_FP,TWB_PCBA_TOP_FP9,1020,TWB_SM3,TWB_PCBA_PASTE_INSPECTION_TOP,PN-337126,00F75C6A,00F75C6A,PN-337126,00F75C6B,T31,,PROCESS,PN-27795,00F75C6AT-20180820075748,U5,2,H8,483,483,0.95,-3.04,127,GOOD,GOOD,141.1384,167.979,106.7073,0,0.9055,8/20/2018 11:59
30910,1020,FP9,TOP,4009518747,8/19/2018 15:15,1534691700,TWB_SM3,TWB_PCBA_SM3_TOP_FP,TWB_PCBA_TOP_FP9,1020,TWB_SM3,TWB_PCBA_PASTE_INSPECTION_TOP,PN-337126,00F75C6A,00F75C6A,PN-337126,00F75C6B,T31,,PROCESS,PN-27795,00F75C6AT-20180820075748,U5,2,J6,483,483,4.4,-7.38,127,GOOD,GOOD,141.5588,167.1984,107.5248,0,0.9055,8/20/2018 11:59
30911,1020,FP9,TOP,4009518747,8/19/2018 15:15,1534691700,TWB_SM3,TWB_PCBA_SM3_TOP_FP,TWB_PCBA_TOP_FP9,1020,TWB_SM3,TWB_PCBA_PASTE_INSPECTION_TOP,PN-337126,00F75C6A,00F75C6A,PN-337126,00F75C6B,T31,,PROCESS,PN-27795,00F75C6AT-20180820075748,U5,2,L4,483,483,0.57,-10.09,127,GOOD,GOOD,146.3188,171.4098,108.4097,0,0.9055,8/20/2018 11:59
30912,1020,FP9,TOP,4009518747,8/19/2018 15:15,1534691700,TWB_SM3,TWB_PCBA_SM3_TOP_FP,TWB_PCBA_TOP_FP9,1020,TWB_SM3,TWB_PCBA_PASTE_INSPECTION_TOP,PN-337126,00F75C6A,00F75C6A,PN-337126,00F75C6B,T31,,PROCESS,PN-27795,00F75C6AT-20180820075748,U5,2,M9,483,483,-6.21,-4.04,127,GOOD,GOOD,148.1242,174.4464,107.837,0,0.9055,8/20/2018 11:59
30913,1020,FP9,TOP,4009518747,8/19/2018 15:15,1534691700,TWB_SM3,TWB_PCBA_SM3_TOP_FP,TWB_PCBA_TOP_FP9,1020,TWB_SM3,TWB_PCBA_PASTE_INSPECTION_TOP,PN-337126,00F75C6A,00F75C6A,PN-337126,00F75C6B,T31,,PROCESS,PN-27795,00F75C6AT-20180820075748,U5,2,N2,483,483,13.1,3.56,127,GOOD,GOOD,148.5808,190.9896,98.79995,0,0.9055,8/20/2018 11:59
30914,1020,FP9,TOP,4009518747,8/19/2018 15:15,1534691700,TWB_SM3,TWB_PCBA_SM3_TOP_FP,TWB_PCBA_TOP_FP9,1020,TWB_SM3,TWB_PCBA_PASTE_INSPECTION_TOP,PN-337126,00F75C6A,00F75C6A,PN-337126,00F75C6B,T31,,PROCESS,PN-27795,00F75C6AT-20180820075748,U5,2,P15,483,483,6.14,5.03,127,GOOD,GOOD,134.7439,162.6899,105.1846,0,0.9055,8/20/2018 11:59
30915,1020,FP9,TOP,4009518747,8/19/2018 15:15,1534691700,TWB_SM3,TWB_PCBA_SM3_TOP_FP,TWB_PCBA_TOP_FP9,1020,TWB_SM3,TWB_PCBA_PASTE_INSPECTION_TOP,PN-337126,00F75C6A,00F75C6A,PN-337126,00F75C6B,T31,,PROCESS,PN-27795,00F75C6AT-20180820075748,U5,2,R13,483,483,4.37,1.85,127,GOOD,GOOD,144.4618,170.0739,107.8746,0,0.9055,8/20/2018 11:59
30916,1020,FP9,TOP,4009518747,8/19/2018 15:15,1534691700,TWB_SM3,TWB_PCBA_SM3_TOP_FP,TWB_PCBA_TOP_FP9,1020,TWB_SM3,TWB_PCBA_PASTE_INSPECTION_TOP,PN-337126,00F75C6A,00F75C6A,PN-337126,00F75C6B,T31,,PROCESS,PN-27795,00F75C6AT-20180820075748,U5,2,T11,483,483,5.27,-3.31,127,GOOD,GOOD,152.066,179.4921,107.5946,0,0.9055,8/20/2018 11:59
30917,1020,FP9,TOP,4009518747,8/19/2018 15:15,1534691700,TWB_SM3,TWB_PCBA_SM3_TOP_FP,TWB_PCBA_TOP_FP9,1020,TWB_SM3,TWB_PCBA_PASTE_INSPECTION_TOP,PN-337126,00F75C6A,00F75C6A,PN-337126,00F75C6B,T31,,PROCESS,PN-27795,00F75C6AT-20180820075748,U5,2,T8,483,483,4.72,8.05,127,GOOD,GOOD,143.7939,173.7618,105.0969,0,0.9055,8/20/2018 11:59
31397,1020,FP9,TOP,4009518747,8/19/2018 15:15,1534691700,TWB_SM3,TWB_PCBA_SM3_TOP_FP,TWB_PCBA_TOP_FP9,1020,TWB_SM3,TWB_PCBA_PASTE_INSPECTION_TOP,PN-337126,00F75C6A,00F75C6A,PN-337126,00F75C6B,T31,,PROCESS,PN-27795,00F75C6AT-20180820075748,U5,2,A14,483,483,6.45,-11.56,127,GOOD,GOOD,134.127,172.0115,99.02904000000001,0,0.9055,8/20/2018 11:59
31398,1020,FP9,TOP,4009518747,8/19/2018 15:15,1534691700,TWB_SM3,TWB_PCBA_SM3_TOP_FP,TWB_PCBA_TOP_FP9,1020,TWB_SM3,TWB_PCBA_PASTE_INSPECTION_TOP,PN-337126,00F75C6A,00F75C6A,PN-337126,00F75C6B,T31,,PROCESS,PN-27795,00F75C6AT-20180820075748,U5,2,A5,483,483,11.05,-4.9,127,GOOD,GOOD,136.8057,177.72299999999998,97.7607,0,0.9055,8/20/2018 11:59
31399,1020,FP9,TOP,4009518747,8/19/2018 15:15,1534691700,TWB_SM3,TWB_PCBA_SM3_TOP_FP,TWB_PCBA_TOP_FP9,1020,TWB_SM3,TWB_PCBA_PASTE_INSPECTION_TOP,PN-337126,00F75C6A,00F75C6A,PN-337126,00F75C6B,T31,,PROCESS,PN-27795,00F75C6AT-20180820075748,U5,2,B13,483,483,5.37,5.59,127,GOOD,GOOD,148.6444,182.2756,103.5676,0,0.9055,8/20/2018 11:59
31400,1020,FP9,TOP,4009518747,8/19/2018 15:15,1534691700,TWB_SM3,TWB_PCBA_SM3_TOP_FP,TWB_PCBA_TOP_FP9,1020,TWB_SM3,TWB_PCBA_PASTE_INSPECTION_TOP,PN-337126,00F75C6A,00F75C6A,PN-337126,00F75C6B,T31,,PROCESS,PN-27795,00F75C6AT-20180820075748,U5,2,C12,483,483,4.29,4.74,127,GOOD,GOOD,147.1147,172.5502,108.279,0,0.9055,8/20/2018 11:59
31401,1020,FP9,TOP,4009518747,8/19/2018 15:15,1534691700,TWB_SM3,TWB_PCBA_SM3_TOP_FP,TWB_PCBA_TOP_FP9,1020,TWB_SM3,TWB_PCBA_PASTE_INSPECTION_TOP,PN-337126,00F75C6A,00F75C6A,PN-337126,00F75C6B,T31,,PROCESS,PN-27795,00F75C6AT-20180820075748,U5,2,C3,483,483,10.35,-8.6,127,GOOD,GOOD,141.3196,178.4345,100.5836,0,0.9055,8/20/2018 11:59
31402,1020,FP9,TOP,4009518747,8/19/2018 15:15,1534691700,TWB_SM3,TWB_PCBA_SM3_TOP_FP,TWB_PCBA_TOP_FP9,1020,TWB_SM3,TWB_PCBA_PASTE_INSPECTION_TOP,PN-337126,00F75C6A,00F75C6A,PN-337126,00F75C6B,T31,,PROCESS,PN-27795,00F75C6AT-20180820075748,U5,2,D11,483,483,3.2,1.89,127,GOOD,GOOD,148.7048,170.5531,110.7309,0,0.9055,8/20/2018 11:59
31403,1020,FP9,TOP,4009518747,8/19/2018 15:15,1534691700,TWB_SM3,TWB_PCBA_SM3_TOP_FP,TWB_PCBA_TOP_FP9,1020,TWB_SM3,TWB_PCBA_PASTE_INSPECTION_TOP,PN-337126,00F75C6A,00F75C6A,PN-337126,00F75C6B,T31,,PROCESS,PN-27795,00F75C6AT-20180820075748,U5,2,D8,483,483,4.4,-2.56,127,GOOD,GOOD,153.6282,180.4498,108.12299999999999,0,0.9055,8/20/2018 11:59
31404,1020,FP9,TOP,4009518747,8/19/2018 15:15,1534691700,TWB_SM3,TWB_PCBA_SM3_TOP_FP,TWB_PCBA_TOP_FP9,1020,TWB_SM3,TWB_PCBA_PASTE_INSPECTION_TOP,PN-337126,00F75C6A,00F75C6A,PN-337126,00F75C6B,T31,,PROCESS,PN-27795,00F75C6AT-20180820075748,U5,2,E1,483,483,6.53,-12.31,127,GOOD,GOOD,132.0655,169.6048,98.89056,0,0.9055,8/20/2018 11:59
31405,1020,FP9,TOP,4009518747,8/19/2018 15:15,1534691700,TWB_SM3,TWB_PCBA_SM3_TOP_FP,TWB_PCBA_TOP_FP9,1020,TWB_SM3,TWB_PCBA_PASTE_INSPECTION_TOP,PN-337126,00F75C6A,00F75C6A,PN-337126,00F75C6B,T31,,PROCESS,PN-27795,00F75C6AT-20180820075748,U5,2,E10,483,483,3.12,1.03,127,GOOD,GOOD,153.7794,176.7036,110.524,0,0.9055,8/20/2018 11:59
31406,1020,FP9,TOP,4009518747,8/19/2018 15:15,1534691700,TWB_SM3,TWB_PCBA_SM3_TOP_FP,TWB_PCBA_TOP_FP9,1020,TWB_SM3,TWB_PCBA_PASTE_INSPECTION_TOP,PN-337126,00F75C6A,00F75C6A,PN-337126,00F75C6B,T31,,PROCESS,PN-27795,00F75C6AT-20180820075748,U5,2,F6,483,483,2.22,-5.27,127,GOOD,GOOD,148.9018,172.8836,109.383,0,0.9055,8/20/2018 11:59
31407,1020,FP9,TOP,4009518747,8/19/2018 15:15,1534691700,TWB_SM3,TWB_PCBA_SM3_TOP_FP,TWB_PCBA_TOP_FP9,1020,TWB_SM3,TWB_PCBA_PASTE_INSPECTION_TOP,PN-337126,00F75C6A,00F75C6A,PN-337126,00F75C6B,T31,,PROCESS,PN-27795,00F75C6AT-20180820075748,U5,2,H4,483,483,3.36,-8.97,127,GOOD,GOOD,149.4696,173.5642,109.3696,0,0.9055,8/20/2018 11:59
31408,1020,FP9,TOP,4009518747,8/19/2018 15:15,1534691700,TWB_SM3,TWB_PCBA_SM3_TOP_FP,TWB_PCBA_TOP_FP9,1020,TWB_SM3,TWB_PCBA_PASTE_INSPECTION_TOP,PN-337126,00F75C6A,00F75C6A,PN-337126,00F75C6B,T31,,PROCESS,PN-27795,00F75C6AT-20180820075748,U5,2,J2,483,483,2.68,-13.31,127,GOOD,GOOD,140.7559,175.1421,102.0657,0,0.9055,8/20/2018 11:59
31409,1020,FP9,TOP,4009518747,8/19/2018 15:15,1534691700,TWB_SM3,TWB_PCBA_SM3_TOP_FP,TWB_PCBA_TOP_FP9,1020,TWB_SM3,TWB_PCBA_PASTE_INSPECTION_TOP,PN-337126,00F75C6A,00F75C6A,PN-337126,00F75C6B,T31,,PROCESS,PN-27795,00F75C6AT-20180820075748,U5,2,K16,483,483,-7.69,-11.93,127,GOOD,GOOD,135.8574,176.2293,97.90588000000001,0,0.9055,8/20/2018 11:59
31410,1020,FP9,TOP,4009518747,8/19/2018 15:15,1534691700,TWB_SM3,TWB_PCBA_SM3_TOP_FP,TWB_PCBA_TOP_FP9,1020,TWB_SM3,TWB_PCBA_PASTE_INSPECTION_TOP,PN-337126,00F75C6A,00F75C6A,PN-337126,00F75C6B,T31,,PROCESS,PN-27795,00F75C6AT-20180820075748,U5,2,K7,483,483,-0.79,-5.27,127,GOOD,GOOD,148.1984,165.0679,114.0209,0,0.9055,8/20/2018 11:59
31411,1020,FP9,TOP,4009518747,8/19/2018 15:15,1534691700,TWB_SM3,TWB_PCBA_SM3_TOP_FP,TWB_PCBA_TOP_FP9,1020,TWB_SM3,TWB_PCBA_PASTE_INSPECTION_TOP,PN-337126,00F75C6A,00F75C6A,PN-337126,00F75C6B,T31,,PROCESS,PN-27795,00F75C6AT-20180820075748,U5,2,L15,483,483,-7.76,-13.78,127,GOOD,GOOD,140.9728,170.3741,105.0837,0,0.9055,8/20/2018 11:59
31412,1020,FP9,TOP,4009518747,8/19/2018 15:15,1534691700,TWB_SM3,TWB_PCBA_SM3_TOP_FP,TWB_PCBA_TOP_FP9,1020,TWB_SM3,TWB_PCBA_PASTE_INSPECTION_TOP,PN-337126,00F75C6A,00F75C6A,PN-337126,00F75C6B,T31,,PROCESS,PN-27795,00F75C6AT-20180820075748,U5,2,M14,483,483,-9.85,3.37,127,GOOD,GOOD,143.0451,181.3987,100.1481,0,0.9055,8/20/2018 11:59
31413,1020,FP9,TOP,4009518747,8/19/2018 15:15,1534691700,TWB_SM3,TWB_PCBA_SM3_TOP_FP,TWB_PCBA_TOP_FP9,1020,TWB_SM3,TWB_PCBA_PASTE_INSPECTION_TOP,PN-337126,00F75C6A,00F75C6A,PN-337126,00F75C6B,T31,,PROCESS,PN-27795,00F75C6AT-20180820075748,U5,2,M5,483,483,-5.26,-9.97,127,GOOD,GOOD,144.9474,177.6821,103.6025,0,0.9055,8/20/2018 11:59
31414,1020,FP9,TOP,4009518747,8/19/2018 15:15,1534691700,TWB_SM3,TWB_PCBA_SM3_TOP_FP,TWB_PCBA_TOP_FP9,1020,TWB_SM3,TWB_PCBA_PASTE_INSPECTION_TOP,PN-337126,00F75C6A,00F75C6A,PN-337126,00F75C6B,T31,,PROCESS,PN-27795,00F75C6AT-20180820075748,U5,2,N13,483,483,7.37,-2.43,127,GOOD,GOOD,139.5439,171.7673,103.1749,0,0.9055,8/20/2018 11:59
31415,1020,FP9,TOP,4009518747,8/19/2018 15:15,1534691700,TWB_SM3,TWB_PCBA_SM3_TOP_FP,TWB_PCBA_TOP_FP9,1020,TWB_SM3,TWB_PCBA_PASTE_INSPECTION_TOP,PN-337126,00F75C6A,00F75C6A,PN-337126,00F75C6B,T31,,PROCESS,PN-27795,00F75C6AT-20180820075748,U5,2,P11,483,483,6.61,1.52,127,GOOD,GOOD,143.7427,171.8295,106.241,0,0.9055,8/20/2018 11:59
31416,1020,FP9,TOP,4009518747,8/19/2018 15:15,1534691700,TWB_SM3,TWB_PCBA_SM3_TOP_FP,TWB_PCBA_TOP_FP9,1020,TWB_SM3,TWB_PCBA_PASTE_INSPECTION_TOP,PN-337126,00F75C6A,00F75C6A,PN-337126,00F75C6B,T31,,PROCESS,PN-27795,00F75C6AT-20180820075748,U5,2,P8,483,483,11.04,8.74,127,GOOD,GOOD,148.7778,174.2878,108.4113,0,0.9055,8/20/2018 11:59
31417,1020,FP9,TOP,4009518747,8/19/2018 15:15,1534691700,TWB_SM3,TWB_PCBA_SM3_TOP_FP,TWB_PCBA_TOP_FP9,1020,TWB_SM3,TWB_PCBA_PASTE_INSPECTION_TOP,PN-337126,00F75C6A,00F75C6A,PN-337126,00F75C6B,T31,,PROCESS,PN-27795,00F75C6AT-20180820075748,U5,2,R6,483,483,11.11,6.38,127,GOOD,GOOD,142.1429,172.8497,104.4384,0,0.9055,8/20/2018 11:59
31418,1020,FP9,TOP,4009518747,8/19/2018 15:15,1534691700,TWB_SM3,TWB_PCBA_SM3_TOP_FP,TWB_PCBA_TOP_FP9,1020,TWB_SM3,TWB_PCBA_PASTE_INSPECTION_TOP,PN-337126,00F75C6A,00F75C6A,PN-337126,00F75C6B,T31,,PROCESS,PN-27795,00F75C6AT-20180820075748,U5,2,T4,483,483,16.14,2.05,127,GOOD,GOOD,144.075,165.7881,110.367,0,0.9055,8/20/2018 11:59
32102,1020,FP9,TOP,4009518747,8/19/2018 15:15,1534691700,TWB_SM3,TWB_PCBA_SM3_TOP_FP,TWB_PCBA_TOP_FP9,1020,TWB_SM3,TWB_PCBA_PASTE_INSPECTION_TOP,PN-337126,00F75C6A,00F75C6A,PN-337126,00F75C6B,T31,,PROCESS,PN-27795,00F75C6AT-20180820075748,U5,2,B3,483,483,9.35,-9.24,127,GOOD,GOOD,133.3083,161.8427,104.6087,0,0.9055,8/20/2018 11:59
32103,1020,FP9,TOP,4009518747,8/19/2018 15:15,1534691700,TWB_SM3,TWB_PCBA_SM3_TOP_FP,TWB_PCBA_TOP_FP9,1020,TWB_SM3,TWB_PCBA_PASTE_INSPECTION_TOP,PN-337126,00F75C6A,00F75C6A,PN-337126,00F75C6B,T31,,PROCESS,PN-27795,00F75C6AT-20180820075748,U5,2,C8,483,483,5.88,-1.19,127,GOOD,GOOD,149.0102,174.6655,108.3459,0,0.9055,8/20/2018 11:59
32104,1020,FP9,TOP,4009518747,8/19/2018 15:15,1534691700,TWB_SM3,TWB_PCBA_SM3_TOP_FP,TWB_PCBA_TOP_FP9,1020,TWB_SM3,TWB_PCBA_PASTE_INSPECTION_TOP,PN-337126,00F75C6A,00F75C6A,PN-337126,00F75C6B,T31,,PROCESS,PN-27795,00F75C6AT-20180820075748,U5,2,D1,483,483,7.18,-12.94,127,GOOD,GOOD,140.1095,179.0457,99.38197,0,0.9055,8/20/2018 11:59
32105,1020,FP9,TOP,4009518747,8/19/2018 15:15,1534691700,TWB_SM3,TWB_PCBA_SM3_TOP_FP,TWB_PCBA_TOP_FP9,1020,TWB_SM3,TWB_PCBA_PASTE_INSPECTION_TOP,PN-337126,00F75C6A,00F75C6A,PN-337126,00F75C6B,T31,,PROCESS,PN-27795,00F75C6AT-20180820075748,U5,2,D16,483,483,1.21,-10.7,127,GOOD,GOOD,133.3143,167.8773,100.8529,0,0.9055,8/20/2018 11:59
32106,1020,FP9,TOP,4009518747,8/19/2018 15:15,1534691700,TWB_SM3,TWB_PCBA_SM3_TOP_FP,TWB_PCBA_TOP_FP9,1020,TWB_SM3,TWB_PCBA_PASTE_INSPECTION_TOP,PN-337126,00F75C6A,00F75C6A,PN-337126,00F75C6B,T31,,PROCESS,PN-27795,00F75C6AT-20180820075748,U5,2,E15,483,483,1.13,-11.56,127,GOOD,GOOD,134.1901,165.9729,102.6802,0,0.9055,8/20/2018 11:59
32107,1020,FP9,TOP,4009518747,8/19/2018 15:15,1534691700,TWB_SM3,TWB_PCBA_SM3_TOP_FP,TWB_PCBA_TOP_FP9,1020,TWB_SM3,TWB_PCBA_PASTE_INSPECTION_TOP,PN-337126,00F75C6A,00F75C6A,PN-337126,00F75C6B,T31,,PROCESS,PN-27795,00F75C6AT-20180820075748,U5,2,E6,483,483,3.71,-4.9,127,GOOD,GOOD,136.2946,171.2631,101.0692,0,0.9055,8/20/2018 11:59
32108,1020,FP9,TOP,4009518747,8/19/2018 15:15,1534691700,TWB_SM3,TWB_PCBA_SM3_TOP_FP,TWB_PCBA_TOP_FP9,1020,TWB_SM3,TWB_PCBA_PASTE_INSPECTION_TOP,PN-337126,00F75C6A,00F75C6A,PN-337126,00F75C6B,T31,,PROCESS,PN-27795,00F75C6AT-20180820075748,U5,2,F14,483,483,-0.96,6.59,127,GOOD,GOOD,142.6565,188.4756,96.12586999999999,0,0.9055,8/20/2018 11:59
32109,1020,FP9,TOP,4009518747,8/19/2018 15:15,1534691700,TWB_SM3,TWB_PCBA_SM3_TOP_FP,TWB_PCBA_TOP_FP9,1020,TWB_SM3,TWB_PCBA_PASTE_INSPECTION_TOP,PN-337126,00F75C6A,00F75C6A,PN-337126,00F75C6B,T31,,PROCESS,PN-27795,00F75C6AT-20180820075748,U5,2,G13,483,483,-2.04,3.74,127,GOOD,GOOD,141.5211,167.6533,107.2045,0,0.9055,8/20/2018 11:59
32110,1020,FP9,TOP,4009518747,8/19/2018 15:15,1534691700,TWB_SM3,TWB_PCBA_SM3_TOP_FP,TWB_PCBA_TOP_FP9,1020,TWB_SM3,TWB_PCBA_PASTE_INSPECTION_TOP,PN-337126,00F75C6A,00F75C6A,PN-337126,00F75C6B,T31,,PROCESS,PN-27795,00F75C6AT-20180820075748,U5,2,G4,483,483,7.33,-9.6,127,GOOD,GOOD,145.7565,170.9989,108.2526,0,0.9055,8/20/2018 11:59
32111,1020,FP9,TOP,4009518747,8/19/2018 15:15,1534691700,TWB_SM3,TWB_PCBA_SM3_TOP_FP,TWB_PCBA_TOP_FP9,1020,TWB_SM3,TWB_PCBA_PASTE_INSPECTION_TOP,PN-337126,00F75C6A,00F75C6A,PN-337126,00F75C6B,T31,,PROCESS,PN-27795,00F75C6AT-20180820075748,U5,2,H12,483,483,-3.13,2.89,127,GOOD,GOOD,152.0527,175.3027,110.1563,0,0.9055,8/20/2018 11:59
32112,1020,FP9,TOP,4009518747,8/19/2018 15:15,1534691700,TWB_SM3,TWB_PCBA_SM3_TOP_FP,TWB_PCBA_TOP_FP9,1020,TWB_SM3,TWB_PCBA_PASTE_INSPECTION_TOP,PN-337126,00F75C6A,00F75C6A,PN-337126,00F75C6B,T31,,PROCESS,PN-27795,00F75C6AT-20180820075748,U5,2,H9,483,483,-1.94,-1.56,127,GOOD,GOOD,149.1638,178.8052,105.9466,0,0.9055,8/20/2018 11:59
32113,1020,FP9,TOP,4009518747,8/19/2018 15:15,1534691700,TWB_SM3,TWB_PCBA_SM3_TOP_FP,TWB_PCBA_TOP_FP9,1020,TWB_SM3,TWB_PCBA_PASTE_INSPECTION_TOP,PN-337126,00F75C6A,00F75C6A,PN-337126,00F75C6B,T31,,PROCESS,PN-27795,00F75C6AT-20180820075748,U5,2,J10,483,483,0.51,-1.45,127,GOOD,GOOD,151.7858,169.9327,113.4379,0,0.9055,8/20/2018 11:59
32114,1020,FP9,TOP,4009518747,8/19/2018 15:15,1534691700,TWB_SM3,TWB_PCBA_SM3_TOP_FP,TWB_PCBA_TOP_FP9,1020,TWB_SM3,TWB_PCBA_PASTE_INSPECTION_TOP,PN-337126,00F75C6A,00F75C6A,PN-337126,00F75C6B,T31,,PROCESS,PN-27795,00F75C6AT-20180820075748,U5,2,J7,483,483,-2.62,-5.9,127,GOOD,GOOD,143.2681,167.3102,108.7504,0,0.9055,8/20/2018 11:59
32115,1020,FP9,TOP,4009518747,8/19/2018 15:15,1534691700,TWB_SM3,TWB_PCBA_SM3_TOP_FP,TWB_PCBA_TOP_FP9,1020,TWB_SM3,TWB_PCBA_PASTE_INSPECTION_TOP,PN-337126,00F75C6A,00F75C6A,PN-337126,00F75C6B,T31,,PROCESS,PN-27795,00F75C6AT-20180820075748,U5,2,L5,483,483,1.19,-8.6,127,GOOD,GOOD,148.5803,173.748,108.6038,0,0.9055,8/20/2018 11:59
32116,1020,FP9,TOP,4009518747,8/19/2018 15:15,1534691700,TWB_SM3,TWB_PCBA_SM3_TOP_FP,TWB_PCBA_TOP_FP9,1020,TWB_SM3,TWB_PCBA_PASTE_INSPECTION_TOP,PN-337126,00F75C6A,00F75C6A,PN-337126,00F75C6B,T31,,PROCESS,PN-27795,00F75C6AT-20180820075748,U5,2,N3,483,483,14.38,4.23,127,GOOD,GOOD,143.1088,168.9657,107.5651,0,0.9055,8/20/2018 11:59
32117,1020,FP9,TOP,4009518747,8/19/2018 15:15,1534691700,TWB_SM3,TWB_PCBA_SM3_TOP_FP,TWB_PCBA_TOP_FP9,1020,TWB_SM3,TWB_PCBA_PASTE_INSPECTION_TOP,PN-337126,00F75C6A,00F75C6A,PN-337126,00F75C6B,T31,,PROCESS,PN-27795,00F75C6AT-20180820075748,U5,2,P1,483,483,10.32,1.55,127,GOOD,GOOD,143.2102,175.9514,103.3678,0,0.9055,8/20/2018 11:59
32118,1020,FP9,TOP,4009518747,8/19/2018 15:15,1534691700,TWB_SM3,TWB_PCBA_SM3_TOP_FP,TWB_PCBA_TOP_FP9,1020,TWB_SM3,TWB_PCBA_PASTE_INSPECTION_TOP,PN-337126,00F75C6A,00F75C6A,PN-337126,00F75C6B,T31,,PROCESS,PN-27795,00F75C6AT-20180820075748,U5,2,P16,483,483,4.76,0.73,127,GOOD,GOOD,129.5268,169.1822,97.23184,0,0.9055,8/20/2018 11:59
32119,1020,FP9,TOP,4009518747,8/19/2018 15:15,1534691700,TWB_SM3,TWB_PCBA_SM3_TOP_FP,TWB_PCBA_TOP_FP9,1020,TWB_SM3,TWB_PCBA_PASTE_INSPECTION_TOP,PN-337126,00F75C6A,00F75C6A,PN-337126,00F75C6B,T31,,PROCESS,PN-27795,00F75C6AT-20180820075748,U5,2,R14,483,483,4.0,1.69,127,GOOD,GOOD,141.5279,167.4135,107.3632,0,0.9055,8/20/2018 11:59
32120,1020,FP9,TOP,4009518747,8/19/2018 15:15,1534691700,TWB_SM3,TWB_PCBA_SM3_TOP_FP,TWB_PCBA_TOP_FP9,1020,TWB_SM3,TWB_PCBA_PASTE_INSPECTION_TOP,PN-337126,00F75C6A,00F75C6A,PN-337126,00F75C6B,T31,,PROCESS,PN-27795,00F75C6AT-20180820075748,U5,2,T12,483,483,5.73,-5.95,127,GOOD,GOOD,140.8306,170.5319,104.8806,0,0.9055,8/20/2018 11:59
32121,1020,FP9,TOP,4009518747,8/19/2018 15:15,1534691700,TWB_SM3,TWB_PCBA_SM3_TOP_FP,TWB_PCBA_TOP_FP9,1020,TWB_SM3,TWB_PCBA_PASTE_INSPECTION_TOP,PN-337126,00F75C6A,00F75C6A,PN-337126,00F75C6B,T31,,PROCESS,PN-27795,00F75C6AT-20180820075748,U5,2,T9,483,483,4.36,9.55,127,GOOD,GOOD,145.0397,170.75599999999997,107.8735,0,0.9055,8/20/2018 11:59
