{"class_name": "Model", "config": {"name": "model_6", "layers": [{"name": "input_6", "class_name": "InputLayer", "config": {"batch_input_shape": [null, 16, 16, 5], "dtype": "float32", "sparse": false, "name": "input_6"}, "inbound_nodes": []}, {"name": "conv2d_5", "class_name": "Conv2D", "config": {"name": "conv2d_5", "trainable": true, "filters": 128, "kernel_size": [3, 3], "strides": [1, 1], "padding": "valid", "data_format": "channels_last", "dilation_rate": [1, 1], "activation": "tanh", "use_bias": true, "kernel_initializer": {"class_name": "VarianceScaling", "config": {"scale": 1.0, "mode": "fan_avg", "distribution": "uniform", "seed": null}}, "bias_initializer": {"class_name": "Zeros", "config": {}}, "kernel_regularizer": {"class_name": "L1L2", "config": {"l1": 0.0010000000474974513, "l2": 0.0010000000474974513}}, "bias_regularizer": null, "activity_regularizer": null, "kernel_constraint": null, "bias_constraint": null}, "inbound_nodes": [[["input_6", 0, 0, {}]]]}, {"name": "max_pooling2d_5", "class_name": "MaxPooling2D", "config": {"name": "max_pooling2d_5", "trainable": true, "pool_size": [2, 2], "padding": "valid", "strides": [2, 2], "data_format": "channels_last"}, "inbound_nodes": [[["conv2d_5", 0, 0, {}]]]}, {"name": "conv2d_6", "class_name": "Conv2D", "config": {"name": "conv2d_6", "trainable": true, "filters": 64, "kernel_size": [2, 2], "strides": [1, 1], "padding": "valid", "data_format": "channels_last", "dilation_rate": [1, 1], "activation": "tanh", "use_bias": true, "kernel_initializer": {"class_name": "VarianceScaling", "config": {"scale": 1.0, "mode": "fan_avg", "distribution": "uniform", "seed": null}}, "bias_initializer": {"class_name": "Zeros", "config": {}}, "kernel_regularizer": {"class_name": "L1L2", "config": {"l1": 0.0010000000474974513, "l2": 0.0010000000474974513}}, "bias_regularizer": null, "activity_regularizer": null, "kernel_constraint": null, "bias_constraint": null}, "inbound_nodes": [[["max_pooling2d_5", 0, 0, {}]]]}, {"name": "max_pooling2d_6", "class_name": "MaxPooling2D", "config": {"name": "max_pooling2d_6", "trainable": true, "pool_size": [2, 2], "padding": "valid", "strides": [2, 2], "data_format": "channels_last"}, "inbound_nodes": [[["conv2d_6", 0, 0, {}]]]}, {"name": "flatten_3", "class_name": "Flatten", "config": {"name": "flatten_3", "trainable": true, "data_format": "channels_last"}, "inbound_nodes": [[["max_pooling2d_6", 0, 0, {}]]]}, {"name": "dense_27", "class_name": "Dense", "config": {"name": "dense_27", "trainable": true, "units": 1, "activation": "sigmoid", "use_bias": true, "kernel_initializer": {"class_name": "VarianceScaling", "config": {"scale": 1.0, "mode": "fan_avg", "distribution": "uniform", "seed": null}}, "bias_initializer": {"class_name": "Zeros", "config": {}}, "kernel_regularizer": {"class_name": "L1L2", "config": {"l1": 0.0010000000474974513, "l2": 0.0010000000474974513}}, "bias_regularizer": null, "activity_regularizer": null, "kernel_constraint": null, "bias_constraint": null}, "inbound_nodes": [[["flatten_3", 0, 0, {}]]]}], "input_layers": [["input_6", 0, 0]], "output_layers": [["dense_27", 0, 0]]}, "keras_version": "2.1.6", "backend": "tensorflow"}