,plcng_plant_cd,mach_id,pcb_side_inspd,wo_num,defct_dttm,intrvl_key,plcng_area_cd,plcng_prcs_cd,plcng_wrk_ctr_cd,fndng_plant_cd,fndng_area_cd,fndng_prcs_cd,bld_part_no,bld_serial_no,barcd,assy_part_no,assy_serial_no,defct_cd,failed_test_code,fail_type,cmpnt_part_no,spi_test_id,ref_id,silkscrn_nbr,cmpntpin_nbr,cmpntpin_size_x_axis,cmpntpin_size_y_axis,solder_paste_offst_x_axis,solder_paste_offst_y_axis,pad_stncl_hgt,pad_spi_result,pad_spi_defct_type,solder_paste_vol_pct,solder_paste_hgt,solder_paste_area_pct,pkg_type,stncl_surf_area_ratio,extract_dttm
1199,1020,FP9,TOP,4009189383,4/18/2018 5:00,1524027600,TWB_SM3,TWB_PCBA_SM3_TOP_FP,TWB_PCBA_TOP_FP9,1020,TWB_SM3,TWB_PCBA_PASTE_INSPECTION_TOP,PN-337126,00F11F8B,00F11F8B,PN-337126,00F11F8C,T27,,PROCESS,94474092,00F11F8BT-20180418041206,U4,2,G12,483,483,4.05,7.81,127,GOOD,GOOD,143.3617,186.3329,97.71186,0,0.9055,4/18/2018 8:14
1806,1020,FP9,TOP,4009189383,4/18/2018 5:00,1524027600,TWB_SM3,TWB_PCBA_SM3_TOP_FP,TWB_PCBA_TOP_FP9,1020,TWB_SM3,TWB_PCBA_PASTE_INSPECTION_TOP,PN-337126,00F11F8B,00F11F8B,PN-337126,00F11F8C,T27,,PROCESS,94474092,00F11F8BT-20180418041206,U4,2,R4,483,483,2.2,0.96,127,GOOD,GOOD,146.9655,196.41299999999998,95.02741999999999,0,0.9055,4/18/2018 8:14
1982,1020,FP9,TOP,4009189383,4/18/2018 5:00,1524027600,TWB_SM3,TWB_PCBA_SM3_TOP_FP,TWB_PCBA_TOP_FP9,1020,TWB_SM3,TWB_PCBA_PASTE_INSPECTION_TOP,PN-337126,00F11F8B,00F11F8B,PN-337126,00F11F8C,T27,,PROCESS,94474092,00F11F8BT-20180418041206,U4,2,G11,483,483,6.93,-10.84,127,GOOD,GOOD,143.5416,183.6003,99.29057,0,0.9055,4/18/2018 8:14
2028,1020,FP9,TOP,4009189383,4/18/2018 5:00,1524027600,TWB_SM3,TWB_PCBA_SM3_TOP_FP,TWB_PCBA_TOP_FP9,1020,TWB_SM3,TWB_PCBA_PASTE_INSPECTION_TOP,PN-337126,00F11F8B,00F11F8B,PN-337126,00F11F8C,T27,,PROCESS,94474092,00F11F8BT-20180418041206,U4,2,A2,483,483,-1.86,-2.07,127,GOOD,GOOD,140.6835,178.9583,99.83778000000001,0,0.9055,4/18/2018 8:14
2029,1020,FP9,TOP,4009189383,4/18/2018 5:00,1524027600,TWB_SM3,TWB_PCBA_SM3_TOP_FP,TWB_PCBA_TOP_FP9,1020,TWB_SM3,TWB_PCBA_PASTE_INSPECTION_TOP,PN-337126,00F11F8B,00F11F8B,PN-337126,00F11F8C,T27,,PROCESS,94474092,00F11F8BT-20180418041206,U4,2,T11,483,483,2.48,-8.14,127,GOOD,GOOD,139.9486,186.0518,95.5297,0,0.9055,4/18/2018 8:14
2055,1020,FP9,TOP,4009189383,4/18/2018 5:00,1524027600,TWB_SM3,TWB_PCBA_SM3_TOP_FP,TWB_PCBA_TOP_FP9,1020,TWB_SM3,TWB_PCBA_PASTE_INSPECTION_TOP,PN-337126,00F11F8B,00F11F8B,PN-337126,00F11F8C,T27,,PROCESS,94474092,00F11F8BT-20180418041206,U4,2,K5,483,483,5.74,-3.45,127,GOOD,GOOD,145.3658,175.9925,104.8991,0,0.9055,4/18/2018 8:14
2281,1020,FP9,TOP,4009189383,4/18/2018 5:00,1524027600,TWB_SM3,TWB_PCBA_SM3_TOP_FP,TWB_PCBA_TOP_FP9,1020,TWB_SM3,TWB_PCBA_PASTE_INSPECTION_TOP,PN-337126,00F11F8B,00F11F8B,PN-337126,00F11F8C,T27,,PROCESS,94474092,00F11F8BT-20180418041206,U4,2,E11,483,483,6.7,-13.67,127,GOOD,GOOD,144.0504,178.8606,102.28299999999999,0,0.9055,4/18/2018 8:14
2282,1020,FP9,TOP,4009189383,4/18/2018 5:00,1524027600,TWB_SM3,TWB_PCBA_SM3_TOP_FP,TWB_PCBA_TOP_FP9,1020,TWB_SM3,TWB_PCBA_PASTE_INSPECTION_TOP,PN-337126,00F11F8B,00F11F8B,PN-337126,00F11F8C,T27,,PROCESS,94474092,00F11F8BT-20180418041206,U4,2,M16,483,483,-4.89,3.42,127,GOOD,GOOD,122.3271,172.4743,90.07451999999999,0,0.9055,4/18/2018 8:14
2406,1020,FP9,TOP,4009189383,4/18/2018 5:00,1524027600,TWB_SM3,TWB_PCBA_SM3_TOP_FP,TWB_PCBA_TOP_FP9,1020,TWB_SM3,TWB_PCBA_PASTE_INSPECTION_TOP,PN-337126,00F11F8B,00F11F8B,PN-337126,00F11F8C,T27,,PROCESS,94474092,00F11F8BT-20180418041206,U4,2,N8,483,483,2.72,-5.31,127,GOOD,GOOD,150.6878,195.6516,97.81343000000001,0,0.9055,4/18/2018 8:14
2730,1020,FP9,TOP,4009189383,4/18/2018 5:00,1524027600,TWB_SM3,TWB_PCBA_SM3_TOP_FP,TWB_PCBA_TOP_FP9,1020,TWB_SM3,TWB_PCBA_PASTE_INSPECTION_TOP,PN-337126,00F11F8B,00F11F8B,PN-337126,00F11F8C,T27,,PROCESS,94474092,00F11F8BT-20180418041206,U4,2,E4,483,483,1.14,-4.15,127,GOOD,GOOD,140.0407,177.3917,100.2593,0,0.9055,4/18/2018 8:14
2827,1020,FP9,TOP,4009189383,4/18/2018 5:00,1524027600,TWB_SM3,TWB_PCBA_SM3_TOP_FP,TWB_PCBA_TOP_FP9,1020,TWB_SM3,TWB_PCBA_PASTE_INSPECTION_TOP,PN-337126,00F11F8B,00F11F8B,PN-337126,00F11F8C,T27,,PROCESS,94474092,00F11F8BT-20180418041206,U4,2,R11,483,483,1.12,-8.56,127,GOOD,GOOD,156.2098,202.3841,98.02473,0,0.9055,4/18/2018 8:14
3175,1020,FP9,TOP,4009189383,4/18/2018 5:00,1524027600,TWB_SM3,TWB_PCBA_SM3_TOP_FP,TWB_PCBA_TOP_FP9,1020,TWB_SM3,TWB_PCBA_PASTE_INSPECTION_TOP,PN-337126,00F11F8B,00F11F8B,PN-337126,00F11F8C,T27,,PROCESS,94474092,00F11F8BT-20180418041206,U4,2,N11,483,483,1.71,-9.39,127,GOOD,GOOD,139.4352,193.1494,91.68169,0,0.9055,4/18/2018 8:14
3368,1020,FP9,TOP,4009189383,4/18/2018 5:00,1524027600,TWB_SM3,TWB_PCBA_SM3_TOP_FP,TWB_PCBA_TOP_FP9,1020,TWB_SM3,TWB_PCBA_PASTE_INSPECTION_TOP,PN-337126,00F11F8B,00F11F8B,PN-337126,00F11F8C,T27,,PROCESS,94474092,00F11F8BT-20180418041206,U4,2,B6,483,483,2.08,-7.1,127,GOOD,GOOD,138.899,177.7083,99.26474,0,0.9055,4/18/2018 8:14
3380,1020,FP9,TOP,4009189383,4/18/2018 5:00,1524027600,TWB_SM3,TWB_PCBA_SM3_TOP_FP,TWB_PCBA_TOP_FP9,1020,TWB_SM3,TWB_PCBA_PASTE_INSPECTION_TOP,PN-337126,00F11F8B,00F11F8B,PN-337126,00F11F8C,T27,,PROCESS,94474092,00F11F8BT-20180418041206,U4,2,P3,483,483,-1.42,1.92,127,GOOD,GOOD,146.7693,185.8341,100.303,0,0.9055,4/18/2018 8:14
3803,1020,FP9,TOP,4009189383,4/18/2018 5:00,1524027600,TWB_SM3,TWB_PCBA_SM3_TOP_FP,TWB_PCBA_TOP_FP9,1020,TWB_SM3,TWB_PCBA_PASTE_INSPECTION_TOP,PN-337126,00F11F8B,00F11F8B,PN-337126,00F11F8C,T27,,PROCESS,94474092,00F11F8BT-20180418041206,U4,2,E14,483,483,2.22,2.25,127,GOOD,GOOD,143.8938,187.0614,97.69259,0,0.9055,4/18/2018 8:14
3899,1020,FP9,TOP,4009189383,4/18/2018 5:00,1524027600,TWB_SM3,TWB_PCBA_SM3_TOP_FP,TWB_PCBA_TOP_FP9,1020,TWB_SM3,TWB_PCBA_PASTE_INSPECTION_TOP,PN-337126,00F11F8B,00F11F8B,PN-337126,00F11F8C,T27,,PROCESS,94474092,00F11F8BT-20180418041206,U4,2,M13,483,483,3.57,7.49,127,GOOD,GOOD,149.6406,194.8814,97.51753000000001,0,0.9055,4/18/2018 8:14
3945,1020,FP9,TOP,4009189383,4/18/2018 5:00,1524027600,TWB_SM3,TWB_PCBA_SM3_TOP_FP,TWB_PCBA_TOP_FP9,1020,TWB_SM3,TWB_PCBA_PASTE_INSPECTION_TOP,PN-337126,00F11F8B,00F11F8B,PN-337126,00F11F8C,T27,,PROCESS,94474092,00F11F8BT-20180418041206,U4,2,L2,483,483,8.43,2.03,127,GOOD,GOOD,143.2981,190.2107,95.67737,0,0.9055,4/18/2018 8:14
3985,1020,FP9,TOP,4009189383,4/18/2018 5:00,1524027600,TWB_SM3,TWB_PCBA_SM3_TOP_FP,TWB_PCBA_TOP_FP9,1020,TWB_SM3,TWB_PCBA_PASTE_INSPECTION_TOP,PN-337126,00F11F8B,00F11F8B,PN-337126,00F11F8C,T27,,PROCESS,94474092,00F11F8BT-20180418041206,U4,2,C2,483,483,-2.45,-1.25,127,GOOD,GOOD,142.1283,180.2412,100.1452,0,0.9055,4/18/2018 8:14
4014,1020,FP9,TOP,4009189383,4/18/2018 5:00,1524027600,TWB_SM3,TWB_PCBA_SM3_TOP_FP,TWB_PCBA_TOP_FP9,1020,TWB_SM3,TWB_PCBA_PASTE_INSPECTION_TOP,PN-337126,00F11F8B,00F11F8B,PN-337126,00F11F8C,T27,,PROCESS,94474092,00F11F8BT-20180418041206,U4,2,J14,483,483,7.66,4.89,127,GOOD,GOOD,140.955,195.0703,91.76836,0,0.9055,4/18/2018 8:14
4015,1020,FP9,TOP,4009189383,4/18/2018 5:00,1524027600,TWB_SM3,TWB_PCBA_SM3_TOP_FP,TWB_PCBA_TOP_FP9,1020,TWB_SM3,TWB_PCBA_PASTE_INSPECTION_TOP,PN-337126,00F11F8B,00F11F8B,PN-337126,00F11F8C,T27,,PROCESS,94474092,00F11F8BT-20180418041206,U4,2,J7,483,483,9.56,-5.59,127,GOOD,GOOD,146.0484,199.2894,93.07146,0,0.9055,4/18/2018 8:14
4018,1020,FP9,TOP,4009189383,4/18/2018 5:00,1524027600,TWB_SM3,TWB_PCBA_SM3_TOP_FP,TWB_PCBA_TOP_FP9,1020,TWB_SM3,TWB_PCBA_PASTE_INSPECTION_TOP,PN-337126,00F11F8B,00F11F8B,PN-337126,00F11F8C,T27,,PROCESS,94474092,00F11F8BT-20180418041206,U4,2,B7,483,483,-2.45,-8.46,127,GOOD,GOOD,141.1631,179.9141,99.64595,0,0.9055,4/18/2018 8:14
4226,1020,FP9,TOP,4009189383,4/18/2018 5:00,1524027600,TWB_SM3,TWB_PCBA_SM3_TOP_FP,TWB_PCBA_TOP_FP9,1020,TWB_SM3,TWB_PCBA_PASTE_INSPECTION_TOP,PN-337126,00F11F8B,00F11F8B,PN-337126,00F11F8C,T27,,PROCESS,94474092,00F11F8BT-20180418041206,U4,2,H8,483,483,4.32,-7.36,127,GOOD,GOOD,147.5026,186.5236,100.4314,0,0.9055,4/18/2018 8:14
4245,1020,FP9,TOP,4009189383,4/18/2018 5:00,1524027600,TWB_SM3,TWB_PCBA_SM3_TOP_FP,TWB_PCBA_TOP_FP9,1020,TWB_SM3,TWB_PCBA_PASTE_INSPECTION_TOP,PN-337126,00F11F8B,00F11F8B,PN-337126,00F11F8C,T27,,PROCESS,94474092,00F11F8BT-20180418041206,U4,2,N6,483,483,4.49,-2.59,127,GOOD,GOOD,154.3027,188.8192,103.7842,0,0.9055,4/18/2018 8:14
4279,1020,FP9,TOP,4009189383,4/18/2018 5:00,1524027600,TWB_SM3,TWB_PCBA_SM3_TOP_FP,TWB_PCBA_TOP_FP9,1020,TWB_SM3,TWB_PCBA_PASTE_INSPECTION_TOP,PN-337126,00F11F8B,00F11F8B,PN-337126,00F11F8C,T27,,PROCESS,94474092,00F11F8BT-20180418041206,U4,2,T3,483,483,2.95,2.74,127,GOOD,GOOD,147.8844,191.3587,98.14713,0,0.9055,4/18/2018 8:14
4287,1020,FP9,TOP,4009189383,4/18/2018 5:00,1524027600,TWB_SM3,TWB_PCBA_SM3_TOP_FP,TWB_PCBA_TOP_FP9,1020,TWB_SM3,TWB_PCBA_PASTE_INSPECTION_TOP,PN-337126,00F11F8B,00F11F8B,PN-337126,00F11F8C,T27,,PROCESS,94474092,00F11F8BT-20180418041206,U4,2,D4,483,483,-0.22,-3.56,127,GOOD,GOOD,145.3429,191.1227,96.57956999999999,0,0.9055,4/18/2018 8:14
4293,1020,FP9,TOP,4009189383,4/18/2018 5:00,1524027600,TWB_SM3,TWB_PCBA_SM3_TOP_FP,TWB_PCBA_TOP_FP9,1020,TWB_SM3,TWB_PCBA_PASTE_INSPECTION_TOP,PN-337126,00F11F8B,00F11F8B,PN-337126,00F11F8C,T27,,PROCESS,94474092,00F11F8BT-20180418041206,U4,2,E12,483,483,1.34,4.97,127,GOOD,GOOD,126.4187,157.36,102.0283,0,0.9055,4/18/2018 8:14
4466,1020,FP9,TOP,4009189383,4/18/2018 5:00,1524027600,TWB_SM3,TWB_PCBA_SM3_TOP_FP,TWB_PCBA_TOP_FP9,1020,TWB_SM3,TWB_PCBA_PASTE_INSPECTION_TOP,PN-337126,00F11F8B,00F11F8B,PN-337126,00F11F8C,T27,,PROCESS,94474092,00F11F8BT-20180418041206,U4,2,K9,483,483,7.66,-8.89,127,GOOD,GOOD,153.7282,194.0149,100.6288,0,0.9055,4/18/2018 8:14
4482,1020,FP9,TOP,4009189383,4/18/2018 5:00,1524027600,TWB_SM3,TWB_PCBA_SM3_TOP_FP,TWB_PCBA_TOP_FP9,1020,TWB_SM3,TWB_PCBA_PASTE_INSPECTION_TOP,PN-337126,00F11F8B,00F11F8B,PN-337126,00F11F8C,T27,,PROCESS,94474092,00F11F8BT-20180418041206,U4,2,R7,483,483,-0.63,-3.12,127,GOOD,GOOD,141.4644,171.169,104.9604,0,0.9055,4/18/2018 8:14
4639,1020,FP9,TOP,4009189383,4/18/2018 5:00,1524027600,TWB_SM3,TWB_PCBA_SM3_TOP_FP,TWB_PCBA_TOP_FP9,1020,TWB_SM3,TWB_PCBA_PASTE_INSPECTION_TOP,PN-337126,00F11F8B,00F11F8B,PN-337126,00F11F8C,T27,,PROCESS,94474092,00F11F8BT-20180418041206,U4,2,D9,483,483,7.78,-10.36,127,GOOD,GOOD,148.8092,194.5209,97.15545999999999,0,0.9055,4/18/2018 8:14
4798,1020,FP9,TOP,4009189383,4/18/2018 5:00,1524027600,TWB_SM3,TWB_PCBA_SM3_TOP_FP,TWB_PCBA_TOP_FP9,1020,TWB_SM3,TWB_PCBA_PASTE_INSPECTION_TOP,PN-337126,00F11F8B,00F11F8B,PN-337126,00F11F8C,T27,,PROCESS,94474092,00F11F8BT-20180418041206,U4,2,F14,483,483,3.58,3.66,127,GOOD,GOOD,140.0945,193.0826,92.14709,0,0.9055,4/18/2018 8:14
4864,1020,FP9,TOP,4009189383,4/18/2018 5:00,1524027600,TWB_SM3,TWB_PCBA_SM3_TOP_FP,TWB_PCBA_TOP_FP9,1020,TWB_SM3,TWB_PCBA_PASTE_INSPECTION_TOP,PN-337126,00F11F8B,00F11F8B,PN-337126,00F11F8C,T27,,PROCESS,94474092,00F11F8BT-20180418041206,U4,2,A1,483,483,-2.3,-0.72,127,GOOD,GOOD,144.7686,182.5876,100.6948,0,0.9055,4/18/2018 8:14
4865,1020,FP9,TOP,4009189383,4/18/2018 5:00,1524027600,TWB_SM3,TWB_PCBA_SM3_TOP_FP,TWB_PCBA_TOP_FP9,1020,TWB_SM3,TWB_PCBA_PASTE_INSPECTION_TOP,PN-337126,00F11F8B,00F11F8B,PN-337126,00F11F8C,T27,,PROCESS,94474092,00F11F8BT-20180418041206,U4,2,T10,483,483,3.54,-6.78,127,GOOD,GOOD,142.5863,181.4038,99.82406,0,0.9055,4/18/2018 8:14
5007,1020,FP9,TOP,4009189383,4/18/2018 5:00,1524027600,TWB_SM3,TWB_PCBA_SM3_TOP_FP,TWB_PCBA_TOP_FP9,1020,TWB_SM3,TWB_PCBA_PASTE_INSPECTION_TOP,PN-337126,00F11F8B,00F11F8B,PN-337126,00F11F8C,T27,,PROCESS,94474092,00F11F8BT-20180418041206,U4,2,B11,483,483,5.93,6.1,127,GOOD,GOOD,139.1923,175.975,100.4541,0,0.9055,4/18/2018 8:14
5008,1020,FP9,TOP,4009189383,4/18/2018 5:00,1524027600,TWB_SM3,TWB_PCBA_SM3_TOP_FP,TWB_PCBA_TOP_FP9,1020,TWB_SM3,TWB_PCBA_PASTE_INSPECTION_TOP,PN-337126,00F11F8B,00F11F8B,PN-337126,00F11F8C,T27,,PROCESS,94474092,00F11F8BT-20180418041206,U4,2,J16,483,483,8.54,2.17,127,GOOD,GOOD,135.5721,173.0377,99.50237,0,0.9055,4/18/2018 8:14
5009,1020,FP9,TOP,4009189383,4/18/2018 5:00,1524027600,TWB_SM3,TWB_PCBA_SM3_TOP_FP,TWB_PCBA_TOP_FP9,1020,TWB_SM3,TWB_PCBA_PASTE_INSPECTION_TOP,PN-337126,00F11F8B,00F11F8B,PN-337126,00F11F8C,T27,,PROCESS,94474092,00F11F8BT-20180418041206,U4,2,J9,483,483,10.44,-8.31,127,GOOD,GOOD,147.8589,193.6389,96.97471999999999,0,0.9055,4/18/2018 8:14
5302,1020,FP9,TOP,4009189383,4/18/2018 5:00,1524027600,TWB_SM3,TWB_PCBA_SM3_TOP_FP,TWB_PCBA_TOP_FP9,1020,TWB_SM3,TWB_PCBA_PASTE_INSPECTION_TOP,PN-337126,00F11F8B,00F11F8B,PN-337126,00F11F8C,T27,,PROCESS,94474092,00F11F8BT-20180418041206,U4,2,B2,483,483,-0.5,-1.66,127,GOOD,GOOD,136.5705,169.0837,102.5791,0,0.9055,4/18/2018 8:14
5407,1020,FP9,TOP,4009189383,4/18/2018 5:00,1524027600,TWB_SM3,TWB_PCBA_SM3_TOP_FP,TWB_PCBA_TOP_FP9,1020,TWB_SM3,TWB_PCBA_PASTE_INSPECTION_TOP,PN-337126,00F11F8B,00F11F8B,PN-337126,00F11F8C,T27,,PROCESS,94474092,00F11F8BT-20180418041206,U4,2,C12,483,483,-1.38,5.15,127,GOOD,GOOD,145.1965,182.5939,100.9889,0,0.9055,4/18/2018 8:14
5510,1020,FP9,TOP,4009189383,4/18/2018 5:00,1524027600,TWB_SM3,TWB_PCBA_SM3_TOP_FP,TWB_PCBA_TOP_FP9,1020,TWB_SM3,TWB_PCBA_PASTE_INSPECTION_TOP,PN-337126,00F11F8B,00F11F8B,PN-337126,00F11F8C,T27,,PROCESS,94474092,00F11F8BT-20180418041206,U4,2,H13,483,483,9.85,5.85,127,GOOD,GOOD,148.4159,191.5636,98.39458,0,0.9055,4/18/2018 8:14
5978,1020,FP9,TOP,4009189383,4/18/2018 5:00,1524027600,TWB_SM3,TWB_PCBA_SM3_TOP_FP,TWB_PCBA_TOP_FP9,1020,TWB_SM3,TWB_PCBA_PASTE_INSPECTION_TOP,PN-337126,00F11F8B,00F11F8B,PN-337126,00F11F8C,T27,,PROCESS,94474092,00F11F8BT-20180418041206,U4,2,D2,483,483,1.39,-0.84,127,GOOD,GOOD,147.9296,188.2992,99.77234,0,0.9055,4/18/2018 8:14
6406,1020,FP9,TOP,4009189383,4/18/2018 5:00,1524027600,TWB_SM3,TWB_PCBA_SM3_TOP_FP,TWB_PCBA_TOP_FP9,1020,TWB_SM3,TWB_PCBA_PASTE_INSPECTION_TOP,PN-337126,00F11F8B,00F11F8B,PN-337126,00F11F8C,T27,,PROCESS,94474092,00F11F8BT-20180418041206,U4,2,T8,483,483,2.66,-4.06,127,GOOD,GOOD,137.7927,179.6826,97.39211,0,0.9055,4/18/2018 8:14
6537,1020,FP9,TOP,4009189383,4/18/2018 5:00,1524027600,TWB_SM3,TWB_PCBA_SM3_TOP_FP,TWB_PCBA_TOP_FP9,1020,TWB_SM3,TWB_PCBA_PASTE_INSPECTION_TOP,PN-337126,00F11F8B,00F11F8B,PN-337126,00F11F8C,T27,,PROCESS,94474092,00F11F8BT-20180418041206,U4,2,D12,483,483,5.77,5.56,127,GOOD,GOOD,147.3108,185.9011,100.6367,0,0.9055,4/18/2018 8:14
6571,1020,FP9,TOP,4009189383,4/18/2018 5:00,1524027600,TWB_SM3,TWB_PCBA_SM3_TOP_FP,TWB_PCBA_TOP_FP9,1020,TWB_SM3,TWB_PCBA_PASTE_INSPECTION_TOP,PN-337126,00F11F8B,00F11F8B,PN-337126,00F11F8C,T27,,PROCESS,94474092,00F11F8BT-20180418041206,U4,2,E8,483,483,1.9,-9.59,127,GOOD,GOOD,140.3245,188.2791,94.65318,0,0.9055,4/18/2018 8:14
6575,1020,FP9,TOP,4009189383,4/18/2018 5:00,1524027600,TWB_SM3,TWB_PCBA_SM3_TOP_FP,TWB_PCBA_TOP_FP9,1020,TWB_SM3,TWB_PCBA_PASTE_INSPECTION_TOP,PN-337126,00F11F8B,00F11F8B,PN-337126,00F11F8C,T27,,PROCESS,94474092,00F11F8BT-20180418041206,U4,2,D13,483,483,6.07,4.2,127,GOOD,GOOD,140.8095,183.5281,97.43909000000001,0,0.9055,4/18/2018 8:14
6974,1020,FP9,TOP,4009189383,4/18/2018 5:00,1524027600,TWB_SM3,TWB_PCBA_SM3_TOP_FP,TWB_PCBA_TOP_FP9,1020,TWB_SM3,TWB_PCBA_PASTE_INSPECTION_TOP,PN-337126,00F11F8B,00F11F8B,PN-337126,00F11F8C,T27,,PROCESS,94474092,00F11F8BT-20180418041206,U4,2,B13,483,483,2.52,3.38,127,GOOD,GOOD,138.8015,183.9482,95.83021,0,0.9055,4/18/2018 8:14
7054,1020,FP9,TOP,4009189383,4/18/2018 5:00,1524027600,TWB_SM3,TWB_PCBA_SM3_TOP_FP,TWB_PCBA_TOP_FP9,1020,TWB_SM3,TWB_PCBA_PASTE_INSPECTION_TOP,PN-337126,00F11F8B,00F11F8B,PN-337126,00F11F8C,T27,,PROCESS,94474092,00F11F8BT-20180418041206,U4,2,N5,483,483,11.48,-1.23,127,GOOD,GOOD,149.7852,199.8751,95.17303000000001,0,0.9055,4/18/2018 8:14
7271,1020,FP9,TOP,4009189383,4/18/2018 5:00,1524027600,TWB_SM3,TWB_PCBA_SM3_TOP_FP,TWB_PCBA_TOP_FP9,1020,TWB_SM3,TWB_PCBA_PASTE_INSPECTION_TOP,PN-337126,00F11F8B,00F11F8B,PN-337126,00F11F8C,T27,,PROCESS,94474092,00F11F8BT-20180418041206,U4,2,P8,483,483,0.76,-4.88,127,GOOD,GOOD,152.474,187.1257,103.4823,0,0.9055,4/18/2018 8:14
7289,1020,FP9,TOP,4009189383,4/18/2018 5:00,1524027600,TWB_SM3,TWB_PCBA_SM3_TOP_FP,TWB_PCBA_TOP_FP9,1020,TWB_SM3,TWB_PCBA_PASTE_INSPECTION_TOP,PN-337126,00F11F8B,00F11F8B,PN-337126,00F11F8C,T27,,PROCESS,94474092,00F11F8BT-20180418041206,U4,2,R9,483,483,2.74,-5.84,127,GOOD,GOOD,144.0013,182.8469,100.01899999999999,0,0.9055,4/18/2018 8:14
7401,1020,FP9,TOP,4009189383,4/18/2018 5:00,1524027600,TWB_SM3,TWB_PCBA_SM3_TOP_FP,TWB_PCBA_TOP_FP9,1020,TWB_SM3,TWB_PCBA_PASTE_INSPECTION_TOP,PN-337126,00F11F8B,00F11F8B,PN-337126,00F11F8C,T27,,PROCESS,94474092,00F11F8BT-20180418041206,U4,2,C16,483,483,0.38,-0.29,127,GOOD,GOOD,130.2775,181.8025,91.00664,0,0.9055,4/18/2018 8:14
7946,1020,FP9,TOP,4009189383,4/18/2018 5:00,1524027600,TWB_SM3,TWB_PCBA_SM3_TOP_FP,TWB_PCBA_TOP_FP9,1020,TWB_SM3,TWB_PCBA_PASTE_INSPECTION_TOP,PN-337126,00F11F8B,00F11F8B,PN-337126,00F11F8C,T27,,PROCESS,94474092,00F11F8BT-20180418041206,U4,2,T2,483,483,1.02,4.1,127,GOOD,GOOD,146.2135,190.5847,97.43236,0,0.9055,4/18/2018 8:14
8191,1020,FP9,TOP,4009189383,4/18/2018 5:00,1524027600,TWB_SM3,TWB_PCBA_SM3_TOP_FP,TWB_PCBA_TOP_FP9,1020,TWB_SM3,TWB_PCBA_PASTE_INSPECTION_TOP,PN-337126,00F11F8B,00F11F8B,PN-337126,00F11F8C,T27,,PROCESS,94474092,00F11F8BT-20180418041206,U4,2,G7,483,483,10.15,-5.4,127,GOOD,GOOD,136.4874,177.18,97.83216999999999,0,0.9055,4/18/2018 8:14
8717,1020,FP9,TOP,4009189383,4/18/2018 5:00,1524027600,TWB_SM3,TWB_PCBA_SM3_TOP_FP,TWB_PCBA_TOP_FP9,1020,TWB_SM3,TWB_PCBA_PASTE_INSPECTION_TOP,PN-337126,00F11F8B,00F11F8B,PN-337126,00F11F8C,T27,,PROCESS,94474092,00F11F8BT-20180418041206,U4,2,F13,483,483,10.44,5.02,127,GOOD,GOOD,146.9381,182.2599,102.3875,0,0.9055,4/18/2018 8:14
8945,1020,FP9,TOP,4009189383,4/18/2018 5:00,1524027600,TWB_SM3,TWB_PCBA_SM3_TOP_FP,TWB_PCBA_TOP_FP9,1020,TWB_SM3,TWB_PCBA_PASTE_INSPECTION_TOP,PN-337126,00F11F8B,00F11F8B,PN-337126,00F11F8C,T27,,PROCESS,94474092,00F11F8BT-20180418041206,U4,2,F7,483,483,6.31,-6.82,127,GOOD,GOOD,149.5242,194.4244,97.67071999999999,0,0.9055,4/18/2018 8:14
8988,1020,FP9,TOP,4009189383,4/18/2018 5:00,1524027600,TWB_SM3,TWB_PCBA_SM3_TOP_FP,TWB_PCBA_TOP_FP9,1020,TWB_SM3,TWB_PCBA_PASTE_INSPECTION_TOP,PN-337126,00F11F8B,00F11F8B,PN-337126,00F11F8C,T27,,PROCESS,94474092,00F11F8BT-20180418041206,U4,2,A10,483,483,3.14,-12.96,127,GOOD,GOOD,139.0081,175.9137,100.3562,0,0.9055,4/18/2018 8:14
9060,1020,FP9,TOP,4009189383,4/18/2018 5:00,1524027600,TWB_SM3,TWB_PCBA_SM3_TOP_FP,TWB_PCBA_TOP_FP9,1020,TWB_SM3,TWB_PCBA_PASTE_INSPECTION_TOP,PN-337126,00F11F8B,00F11F8B,PN-337126,00F11F8C,T27,,PROCESS,94474092,00F11F8BT-20180418041206,U4,2,L5,483,483,5.44,-2.05,127,GOOD,GOOD,143.9494,187.5458,97.47787,0,0.9055,4/18/2018 8:14
9086,1020,FP9,TOP,4009189383,4/18/2018 5:00,1524027600,TWB_SM3,TWB_PCBA_SM3_TOP_FP,TWB_PCBA_TOP_FP9,1020,TWB_SM3,TWB_PCBA_PASTE_INSPECTION_TOP,PN-337126,00F11F8B,00F11F8B,PN-337126,00F11F8C,T27,,PROCESS,94474092,00F11F8BT-20180418041206,U4,2,P14,483,483,-1.4,6.96,127,GOOD,GOOD,133.3079,184.4847,91.76966999999999,0,0.9055,4/18/2018 8:14
9152,1020,FP9,TOP,4009189383,4/18/2018 5:00,1524027600,TWB_SM3,TWB_PCBA_SM3_TOP_FP,TWB_PCBA_TOP_FP9,1020,TWB_SM3,TWB_PCBA_PASTE_INSPECTION_TOP,PN-337126,00F11F8B,00F11F8B,PN-337126,00F11F8C,T27,,PROCESS,94474092,00F11F8BT-20180418041206,U4,2,R5,483,483,3.31,-0.4,127,GOOD,GOOD,148.4373,190.50099999999998,98.95766,0,0.9055,4/18/2018 8:14
9737,1020,FP9,TOP,4009189383,4/18/2018 5:00,1524027600,TWB_SM3,TWB_PCBA_SM3_TOP_FP,TWB_PCBA_TOP_FP9,1020,TWB_SM3,TWB_PCBA_PASTE_INSPECTION_TOP,PN-337126,00F11F8B,00F11F8B,PN-337126,00F11F8C,T27,,PROCESS,94474092,00F11F8BT-20180418041206,U4,2,A9,483,483,2.04,-11.59,127,GOOD,GOOD,140.32,171.9277,103.6519,0,0.9055,4/18/2018 8:14
9738,1020,FP9,TOP,4009189383,4/18/2018 5:00,1524027600,TWB_SM3,TWB_PCBA_SM3_TOP_FP,TWB_PCBA_TOP_FP9,1020,TWB_SM3,TWB_PCBA_PASTE_INSPECTION_TOP,PN-337126,00F11F8B,00F11F8B,PN-337126,00F11F8C,T27,,PROCESS,94474092,00F11F8BT-20180418041206,U4,2,L13,483,483,13.1,7.07,127,GOOD,GOOD,148.5809,192.5469,98.00091,0,0.9055,4/18/2018 8:14
9742,1020,FP9,TOP,4009189383,4/18/2018 5:00,1524027600,TWB_SM3,TWB_PCBA_SM3_TOP_FP,TWB_PCBA_TOP_FP9,1020,TWB_SM3,TWB_PCBA_PASTE_INSPECTION_TOP,PN-337126,00F11F8B,00F11F8B,PN-337126,00F11F8C,T27,,PROCESS,94474092,00F11F8BT-20180418041206,U4,2,L14,483,483,10.38,5.71,127,GOOD,GOOD,139.8346,189.3439,93.79229000000001,0,0.9055,4/18/2018 8:14
9749,1020,FP9,TOP,4009189383,4/18/2018 5:00,1524027600,TWB_SM3,TWB_PCBA_SM3_TOP_FP,TWB_PCBA_TOP_FP9,1020,TWB_SM3,TWB_PCBA_PASTE_INSPECTION_TOP,PN-337126,00F11F8B,00F11F8B,PN-337126,00F11F8C,T27,,PROCESS,94474092,00F11F8BT-20180418041206,U4,2,A4,483,483,-2.64,-4.79,127,GOOD,GOOD,147.4449,183.804,101.8776,0,0.9055,4/18/2018 8:14
9750,1020,FP9,TOP,4009189383,4/18/2018 5:00,1524027600,TWB_SM3,TWB_PCBA_SM3_TOP_FP,TWB_PCBA_TOP_FP9,1020,TWB_SM3,TWB_PCBA_PASTE_INSPECTION_TOP,PN-337126,00F11F8B,00F11F8B,PN-337126,00F11F8C,T27,,PROCESS,94474092,00F11F8BT-20180418041206,U4,2,T13,483,483,2.38,-10.86,127,GOOD,GOOD,134.3065,180.7058,94.39056,0,0.9055,4/18/2018 8:14
9860,1020,FP9,TOP,4009189383,4/18/2018 5:00,1524027600,TWB_SM3,TWB_PCBA_SM3_TOP_FP,TWB_PCBA_TOP_FP9,1020,TWB_SM3,TWB_PCBA_PASTE_INSPECTION_TOP,PN-337126,00F11F8B,00F11F8B,PN-337126,00F11F8C,T27,,PROCESS,94474092,00F11F8BT-20180418041206,U4,2,B4,483,483,-1.28,-4.38,127,GOOD,GOOD,141.9003,181.1661,99.47411,0,0.9055,4/18/2018 8:14
9929,1020,FP9,TOP,4009189383,4/18/2018 5:00,1524027600,TWB_SM3,TWB_PCBA_SM3_TOP_FP,TWB_PCBA_TOP_FP9,1020,TWB_SM3,TWB_PCBA_PASTE_INSPECTION_TOP,PN-337126,00F11F8B,00F11F8B,PN-337126,00F11F8C,T27,,PROCESS,94474092,00F11F8BT-20180418041206,U4,2,J10,483,483,12.37,-9.67,127,GOOD,GOOD,152.3629,189.5569,102.0806,0,0.9055,4/18/2018 8:14
9930,1020,FP9,TOP,4009189383,4/18/2018 5:00,1524027600,TWB_SM3,TWB_PCBA_SM3_TOP_FP,TWB_PCBA_TOP_FP9,1020,TWB_SM3,TWB_PCBA_PASTE_INSPECTION_TOP,PN-337126,00F11F8B,00F11F8B,PN-337126,00F11F8C,T27,,PROCESS,94474092,00F11F8BT-20180418041206,U4,2,J3,483,483,10.95,-0.16,127,GOOD,GOOD,151.07,201.0543,95.42641,0,0.9055,4/18/2018 8:14
9931,1020,FP9,TOP,4009189383,4/18/2018 5:00,1524027600,TWB_SM3,TWB_PCBA_SM3_TOP_FP,TWB_PCBA_TOP_FP9,1020,TWB_SM3,TWB_PCBA_PASTE_INSPECTION_TOP,PN-337126,00F11F8B,00F11F8B,PN-337126,00F11F8C,T27,,PROCESS,94474092,00F11F8BT-20180418041206,U4,2,R15,483,483,2.72,6.0,127,GOOD,GOOD,127.6151,169.9655,95.35535,0,0.9055,4/18/2018 8:14
10001,1020,FP9,TOP,4009189383,4/18/2018 5:00,1524027600,TWB_SM3,TWB_PCBA_SM3_TOP_FP,TWB_PCBA_TOP_FP9,1020,TWB_SM3,TWB_PCBA_PASTE_INSPECTION_TOP,PN-337126,00F11F8B,00F11F8B,PN-337126,00F11F8C,T27,,PROCESS,94474092,00F11F8BT-20180418041206,U4,2,N1,483,483,8.22,4.21,127,GOOD,GOOD,147.0813,184.549,101.21600000000001,0,0.9055,4/18/2018 8:14
10014,1020,FP9,TOP,4009189383,4/18/2018 5:00,1524027600,TWB_SM3,TWB_PCBA_SM3_TOP_FP,TWB_PCBA_TOP_FP9,1020,TWB_SM3,TWB_PCBA_PASTE_INSPECTION_TOP,PN-337126,00F11F8B,00F11F8B,PN-337126,00F11F8C,T27,,PROCESS,94474092,00F11F8BT-20180418041206,U4,2,R3,483,483,2.42,2.32,127,GOOD,GOOD,147.218,188.9691,98.9405,0,0.9055,4/18/2018 8:14
10055,1020,FP9,TOP,4009189383,4/18/2018 5:00,1524027600,TWB_SM3,TWB_PCBA_SM3_TOP_FP,TWB_PCBA_TOP_FP9,1020,TWB_SM3,TWB_PCBA_PASTE_INSPECTION_TOP,PN-337126,00F11F8B,00F11F8B,PN-337126,00F11F8C,T27,,PROCESS,94474092,00F11F8BT-20180418041206,U4,2,L7,483,483,9.79,-4.77,127,GOOD,GOOD,145.4781,190.5929,96.93815,0,0.9055,4/18/2018 8:14
10071,1020,FP9,TOP,4009189383,4/18/2018 5:00,1524027600,TWB_SM3,TWB_PCBA_SM3_TOP_FP,TWB_PCBA_TOP_FP9,1020,TWB_SM3,TWB_PCBA_PASTE_INSPECTION_TOP,PN-337126,00F11F8B,00F11F8B,PN-337126,00F11F8C,T27,,PROCESS,94474092,00F11F8BT-20180418041206,U4,2,C9,483,483,3.11,-10.77,127,GOOD,GOOD,153.1005,190.4562,102.0905,0,0.9055,4/18/2018 8:14
10103,1020,FP9,TOP,4009189383,4/18/2018 5:00,1524027600,TWB_SM3,TWB_PCBA_SM3_TOP_FP,TWB_PCBA_TOP_FP9,1020,TWB_SM3,TWB_PCBA_PASTE_INSPECTION_TOP,PN-337126,00F11F8B,00F11F8B,PN-337126,00F11F8C,T27,,PROCESS,94474092,00F11F8BT-20180418041206,U4,2,A5,483,483,-2.36,-6.16,127,GOOD,GOOD,146.33100000000002,178.8208,103.9255,0,0.9055,4/18/2018 8:14
10104,1020,FP9,TOP,4009189383,4/18/2018 5:00,1524027600,TWB_SM3,TWB_PCBA_SM3_TOP_FP,TWB_PCBA_TOP_FP9,1020,TWB_SM3,TWB_PCBA_PASTE_INSPECTION_TOP,PN-337126,00F11F8B,00F11F8B,PN-337126,00F11F8C,T27,,PROCESS,94474092,00F11F8BT-20180418041206,U4,2,T14,483,483,2.98,7.78,127,GOOD,GOOD,130.1295,179.9433,91.84251,0,0.9055,4/18/2018 8:14
10112,1020,FP9,TOP,4009189383,4/18/2018 5:00,1524027600,TWB_SM3,TWB_PCBA_SM3_TOP_FP,TWB_PCBA_TOP_FP9,1020,TWB_SM3,TWB_PCBA_PASTE_INSPECTION_TOP,PN-337126,00F11F8B,00F11F8B,PN-337126,00F11F8C,T27,,PROCESS,94474092,00F11F8BT-20180418041206,U4,2,N7,483,483,-0.03,-3.95,127,GOOD,GOOD,145.4906,191.2415,96.61765,0,0.9055,4/18/2018 8:14
10152,1020,FP9,TOP,4009189383,4/18/2018 5:00,1524027600,TWB_SM3,TWB_PCBA_SM3_TOP_FP,TWB_PCBA_TOP_FP9,1020,TWB_SM3,TWB_PCBA_PASTE_INSPECTION_TOP,PN-337126,00F11F8B,00F11F8B,PN-337126,00F11F8C,T27,,PROCESS,94474092,00F11F8BT-20180418041206,U4,2,D7,483,483,6.9,-7.64,127,GOOD,GOOD,146.08,185.3707,100.0814,0,0.9055,4/18/2018 8:14
10188,1020,FP9,TOP,4009189383,4/18/2018 5:00,1524027600,TWB_SM3,TWB_PCBA_SM3_TOP_FP,TWB_PCBA_TOP_FP9,1020,TWB_SM3,TWB_PCBA_PASTE_INSPECTION_TOP,PN-337126,00F11F8B,00F11F8B,PN-337126,00F11F8C,T27,,PROCESS,94474092,00F11F8BT-20180418041206,U4,2,L4,483,483,5.99,-0.69,127,GOOD,GOOD,144.4849,195.9642,93.63745,0,0.9055,4/18/2018 8:14
10364,1020,FP9,TOP,4009189383,4/18/2018 5:00,1524027600,TWB_SM3,TWB_PCBA_SM3_TOP_FP,TWB_PCBA_TOP_FP9,1020,TWB_SM3,TWB_PCBA_PASTE_INSPECTION_TOP,PN-337126,00F11F8B,00F11F8B,PN-337126,00F11F8C,T27,,PROCESS,94474092,00F11F8BT-20180418041206,U4,2,K14,483,483,9.02,4.31,127,GOOD,GOOD,149.4617,197.5637,96.0786,0,0.9055,4/18/2018 8:14
10379,1020,FP9,TOP,4009189383,4/18/2018 5:00,1524027600,TWB_SM3,TWB_PCBA_SM3_TOP_FP,TWB_PCBA_TOP_FP9,1020,TWB_SM3,TWB_PCBA_PASTE_INSPECTION_TOP,PN-337126,00F11F8B,00F11F8B,PN-337126,00F11F8C,T27,,PROCESS,94474092,00F11F8BT-20180418041206,U4,2,H5,483,483,6.33,-3.28,127,GOOD,GOOD,143.7077,185.6195,98.32413000000001,0,0.9055,4/18/2018 8:14
10700,1020,FP9,TOP,4009189383,4/18/2018 5:00,1524027600,TWB_SM3,TWB_PCBA_SM3_TOP_FP,TWB_PCBA_TOP_FP9,1020,TWB_SM3,TWB_PCBA_PASTE_INSPECTION_TOP,PN-337126,00F11F8B,00F11F8B,PN-337126,00F11F8C,T27,,PROCESS,94474092,00F11F8BT-20180418041206,U4,2,A15,483,483,-1.29,0.25,127,GOOD,GOOD,129.9685,166.4518,99.16381,0,0.9055,4/18/2018 8:14
10875,1020,FP9,TOP,4009189383,4/18/2018 5:00,1524027600,TWB_SM3,TWB_PCBA_SM3_TOP_FP,TWB_PCBA_TOP_FP9,1020,TWB_SM3,TWB_PCBA_PASTE_INSPECTION_TOP,PN-337126,00F11F8B,00F11F8B,PN-337126,00F11F8C,T27,,PROCESS,94474092,00F11F8BT-20180418041206,U4,2,H16,483,483,7.18,1.77,127,GOOD,GOOD,130.4783,173.7233,95.38580999999999,0,0.9055,4/18/2018 8:14
11340,1020,FP9,TOP,4009189383,4/18/2018 5:00,1524027600,TWB_SM3,TWB_PCBA_SM3_TOP_FP,TWB_PCBA_TOP_FP9,1020,TWB_SM3,TWB_PCBA_PASTE_INSPECTION_TOP,PN-337126,00F11F8B,00F11F8B,PN-337126,00F11F8C,T27,,PROCESS,94474092,00F11F8BT-20180418041206,U4,2,R12,483,483,4.87,-9.92,127,GOOD,GOOD,142.4708,187.1628,96.67403,0,0.9055,4/18/2018 8:14
11345,1020,FP9,TOP,4009189383,4/18/2018 5:00,1524027600,TWB_SM3,TWB_PCBA_SM3_TOP_FP,TWB_PCBA_TOP_FP9,1020,TWB_SM3,TWB_PCBA_PASTE_INSPECTION_TOP,PN-337126,00F11F8B,00F11F8B,PN-337126,00F11F8C,T27,,PROCESS,94474092,00F11F8BT-20180418041206,U4,2,D15,483,483,0.3,1.48,127,GOOD,GOOD,133.1242,173.3447,97.53265,0,0.9055,4/18/2018 8:14
11421,1020,FP9,TOP,4009189383,4/18/2018 5:00,1524027600,TWB_SM3,TWB_PCBA_SM3_TOP_FP,TWB_PCBA_TOP_FP9,1020,TWB_SM3,TWB_PCBA_PASTE_INSPECTION_TOP,PN-337126,00F11F8B,00F11F8B,PN-337126,00F11F8C,T27,,PROCESS,94474092,00F11F8BT-20180418041206,U4,2,G5,483,483,6.63,-2.68,127,GOOD,GOOD,143.665,184.8277,98.71600000000001,0,0.9055,4/18/2018 8:14
11458,1020,FP9,TOP,4009189383,4/18/2018 5:00,1524027600,TWB_SM3,TWB_PCBA_SM3_TOP_FP,TWB_PCBA_TOP_FP9,1020,TWB_SM3,TWB_PCBA_PASTE_INSPECTION_TOP,PN-337126,00F11F8B,00F11F8B,PN-337126,00F11F8C,T27,,PROCESS,94474092,00F11F8BT-20180418041206,U4,2,H2,483,483,4.35,0.8,127,GOOD,GOOD,145.6192,183.1192,100.9923,0,0.9055,4/18/2018 8:14
11621,1020,FP9,TOP,4009189383,4/18/2018 5:00,1524027600,TWB_SM3,TWB_PCBA_SM3_TOP_FP,TWB_PCBA_TOP_FP9,1020,TWB_SM3,TWB_PCBA_PASTE_INSPECTION_TOP,PN-337126,00F11F8B,00F11F8B,PN-337126,00F11F8C,T27,,PROCESS,94474092,00F11F8BT-20180418041206,U4,2,G16,483,483,5.82,2.37,127,GOOD,GOOD,126.7375,176.7479,91.06567,0,0.9055,4/18/2018 8:14
11750,1020,FP9,TOP,4009189383,4/18/2018 5:00,1524027600,TWB_SM3,TWB_PCBA_SM3_TOP_FP,TWB_PCBA_TOP_FP9,1020,TWB_SM3,TWB_PCBA_PASTE_INSPECTION_TOP,PN-337126,00F11F8B,00F11F8B,PN-337126,00F11F8C,T27,,PROCESS,94474092,00F11F8BT-20180418041206,U4,2,D14,483,483,3.35,2.84,127,GOOD,GOOD,144.1996,190.6432,96.06087,0,0.9055,4/18/2018 8:14
12002,1020,FP9,TOP,4009189383,4/18/2018 5:00,1524027600,TWB_SM3,TWB_PCBA_SM3_TOP_FP,TWB_PCBA_TOP_FP9,1020,TWB_SM3,TWB_PCBA_PASTE_INSPECTION_TOP,PN-337126,00F11F8B,00F11F8B,PN-337126,00F11F8C,T27,,PROCESS,94474092,00F11F8BT-20180418041206,U4,2,C5,483,483,2.02,-5.33,127,GOOD,GOOD,144.089,183.2757,99.8458,0,0.9055,4/18/2018 8:14
12052,1020,FP9,TOP,4009189383,4/18/2018 5:00,1524027600,TWB_SM3,TWB_PCBA_SM3_TOP_FP,TWB_PCBA_TOP_FP9,1020,TWB_SM3,TWB_PCBA_PASTE_INSPECTION_TOP,PN-337126,00F11F8B,00F11F8B,PN-337126,00F11F8C,T27,,PROCESS,94474092,00F11F8BT-20180418041206,U4,2,M4,483,483,9.84,-0.27,127,GOOD,GOOD,149.8198,187.9878,101.2146,0,0.9055,4/18/2018 8:14
12055,1020,FP9,TOP,4009189383,4/18/2018 5:00,1524027600,TWB_SM3,TWB_PCBA_SM3_TOP_FP,TWB_PCBA_TOP_FP9,1020,TWB_SM3,TWB_PCBA_PASTE_INSPECTION_TOP,PN-337126,00F11F8B,00F11F8B,PN-337126,00F11F8C,T27,,PROCESS,94474092,00F11F8BT-20180418041206,U4,2,G3,483,483,6.57,0.04,127,GOOD,GOOD,148.605,182.02599999999998,103.6821,0,0.9055,4/18/2018 8:14
12245,1020,FP9,TOP,4009189383,4/18/2018 5:00,1524027600,TWB_SM3,TWB_PCBA_SM3_TOP_FP,TWB_PCBA_TOP_FP9,1020,TWB_SM3,TWB_PCBA_PASTE_INSPECTION_TOP,PN-337126,00F11F8B,00F11F8B,PN-337126,00F11F8C,T27,,PROCESS,94474092,00F11F8BT-20180418041206,U4,2,G8,483,483,9.59,-6.76,127,GOOD,GOOD,145.9416,175.89700000000002,105.3718,0,0.9055,4/18/2018 8:14
12305,1020,FP9,TOP,4009189383,4/18/2018 5:00,1524027600,TWB_SM3,TWB_PCBA_SM3_TOP_FP,TWB_PCBA_TOP_FP9,1020,TWB_SM3,TWB_PCBA_PASTE_INSPECTION_TOP,PN-337126,00F11F8B,00F11F8B,PN-337126,00F11F8C,T27,,PROCESS,94474092,00F11F8BT-20180418041206,U4,2,J12,483,483,6.78,-12.39,127,GOOD,GOOD,143.8478,187.7321,97.31241999999999,0,0.9055,4/18/2018 8:14
12306,1020,FP9,TOP,4009189383,4/18/2018 5:00,1524027600,TWB_SM3,TWB_PCBA_SM3_TOP_FP,TWB_PCBA_TOP_FP9,1020,TWB_SM3,TWB_PCBA_PASTE_INSPECTION_TOP,PN-337126,00F11F8B,00F11F8B,PN-337126,00F11F8C,T27,,PROCESS,94474092,00F11F8BT-20180418041206,U4,2,J5,483,483,6.86,-2.88,127,GOOD,GOOD,145.3443,188.9752,97.67804,0,0.9055,4/18/2018 8:14
12313,1020,FP9,TOP,4009189383,4/18/2018 5:00,1524027600,TWB_SM3,TWB_PCBA_SM3_TOP_FP,TWB_PCBA_TOP_FP9,1020,TWB_SM3,TWB_PCBA_PASTE_INSPECTION_TOP,PN-337126,00F11F8B,00F11F8B,PN-337126,00F11F8C,T27,,PROCESS,94474092,00F11F8BT-20180418041206,U4,2,B1,483,483,-1.77,-0.3,127,GOOD,GOOD,143.9589,180.9658,101.0289,0,0.9055,4/18/2018 8:14
12425,1020,FP9,TOP,4009189383,4/18/2018 5:00,1524027600,TWB_SM3,TWB_PCBA_SM3_TOP_FP,TWB_PCBA_TOP_FP9,1020,TWB_SM3,TWB_PCBA_PASTE_INSPECTION_TOP,PN-337126,00F11F8B,00F11F8B,PN-337126,00F11F8C,T27,,PROCESS,94474092,00F11F8BT-20180418041206,U4,2,B9,483,483,3.4,-11.18,127,GOOD,GOOD,143.5432,176.9306,103.0347,0,0.9055,4/18/2018 8:14
12434,1020,FP9,TOP,4009189383,4/18/2018 5:00,1524027600,TWB_SM3,TWB_PCBA_SM3_TOP_FP,TWB_PCBA_TOP_FP9,1020,TWB_SM3,TWB_PCBA_PASTE_INSPECTION_TOP,PN-337126,00F11F8B,00F11F8B,PN-337126,00F11F8C,T27,,PROCESS,94474092,00F11F8BT-20180418041206,U4,2,C15,483,483,0.6,1.07,127,GOOD,GOOD,131.9174,181.4742,92.31897,0,0.9055,4/18/2018 8:14
12529,1020,FP9,TOP,4009189383,4/18/2018 5:00,1524027600,TWB_SM3,TWB_PCBA_SM3_TOP_FP,TWB_PCBA_TOP_FP9,1020,TWB_SM3,TWB_PCBA_PASTE_INSPECTION_TOP,PN-337126,00F11F8B,00F11F8B,PN-337126,00F11F8C,T27,,PROCESS,94474092,00F11F8BT-20180418041206,U4,2,M1,483,483,7.69,3.81,127,GOOD,GOOD,146.8271,180.5147,103.2993,0,0.9055,4/18/2018 8:14
12543,1020,FP9,TOP,4009189383,4/18/2018 5:00,1524027600,TWB_SM3,TWB_PCBA_SM3_TOP_FP,TWB_PCBA_TOP_FP9,1020,TWB_SM3,TWB_PCBA_PASTE_INSPECTION_TOP,PN-337126,00F11F8B,00F11F8B,PN-337126,00F11F8C,T27,,PROCESS,94474092,00F11F8BT-20180418041206,U4,2,G13,483,483,10.97,6.44,127,GOOD,GOOD,150.296,199.6545,95.60308,0,0.9055,4/18/2018 8:14
12625,1020,FP9,TOP,4009189383,4/18/2018 5:00,1524027600,TWB_SM3,TWB_PCBA_SM3_TOP_FP,TWB_PCBA_TOP_FP9,1020,TWB_SM3,TWB_PCBA_PASTE_INSPECTION_TOP,PN-337126,00F11F8B,00F11F8B,PN-337126,00F11F8C,T27,,PROCESS,94474092,00F11F8BT-20180418041206,U4,2,F15,483,483,3.02,2.3,127,GOOD,GOOD,128.0619,178.4399,91.14478000000001,0,0.9055,4/18/2018 8:14
12673,1020,FP9,TOP,4009189383,4/18/2018 5:00,1524027600,TWB_SM3,TWB_PCBA_SM3_TOP_FP,TWB_PCBA_TOP_FP9,1020,TWB_SM3,TWB_PCBA_PASTE_INSPECTION_TOP,PN-337126,00F11F8B,00F11F8B,PN-337126,00F11F8C,T27,,PROCESS,94474092,00F11F8BT-20180418041206,U4,2,M12,483,483,-0.86,-11.15,127,GOOD,GOOD,149.0478,195.2283,96.95867,0,0.9055,4/18/2018 8:14
12823,1020,FP9,TOP,4009189383,4/18/2018 5:00,1524027600,TWB_SM3,TWB_PCBA_SM3_TOP_FP,TWB_PCBA_TOP_FP9,1020,TWB_SM3,TWB_PCBA_PASTE_INSPECTION_TOP,PN-337126,00F11F8B,00F11F8B,PN-337126,00F11F8C,T27,,PROCESS,94474092,00F11F8BT-20180418041206,U4,2,M9,483,483,13.69,-7.07,127,GOOD,GOOD,151.5662,191.6969,100.4132,0,0.9055,4/18/2018 8:14
12900,1020,FP9,TOP,4009189383,4/18/2018 5:00,1524027600,TWB_SM3,TWB_PCBA_SM3_TOP_FP,TWB_PCBA_TOP_FP9,1020,TWB_SM3,TWB_PCBA_PASTE_INSPECTION_TOP,PN-337126,00F11F8B,00F11F8B,PN-337126,00F11F8C,T27,,PROCESS,94474092,00F11F8BT-20180418041206,U4,2,M7,483,483,8.67,-4.35,127,GOOD,GOOD,141.4487,192.1869,93.4714,0,0.9055,4/18/2018 8:14
12933,1020,FP9,TOP,4009189383,4/18/2018 5:00,1524027600,TWB_SM3,TWB_PCBA_SM3_TOP_FP,TWB_PCBA_TOP_FP9,1020,TWB_SM3,TWB_PCBA_PASTE_INSPECTION_TOP,PN-337126,00F11F8B,00F11F8B,PN-337126,00F11F8C,T27,,PROCESS,94474092,00F11F8BT-20180418041206,U4,2,B10,483,483,2.85,-12.55,127,GOOD,GOOD,135.97899999999998,173.7071,99.4164,0,0.9055,4/18/2018 8:14
12934,1020,FP9,TOP,4009189383,4/18/2018 5:00,1524027600,TWB_SM3,TWB_PCBA_SM3_TOP_FP,TWB_PCBA_TOP_FP9,1020,TWB_SM3,TWB_PCBA_PASTE_INSPECTION_TOP,PN-337126,00F11F8B,00F11F8B,PN-337126,00F11F8C,T27,,PROCESS,94474092,00F11F8BT-20180418041206,U4,2,J15,483,483,7.1,3.53,127,GOOD,GOOD,137.3483,175.2815,99.51556,0,0.9055,4/18/2018 8:14
12935,1020,FP9,TOP,4009189383,4/18/2018 5:00,1524027600,TWB_SM3,TWB_PCBA_SM3_TOP_FP,TWB_PCBA_TOP_FP9,1020,TWB_SM3,TWB_PCBA_PASTE_INSPECTION_TOP,PN-337126,00F11F8B,00F11F8B,PN-337126,00F11F8C,T27,,PROCESS,94474092,00F11F8BT-20180418041206,U4,2,J8,483,483,8.17,-6.95,127,GOOD,GOOD,150.5458,191.3629,99.91131999999999,0,0.9055,4/18/2018 8:14
13027,1020,FP9,TOP,4009189383,4/18/2018 5:00,1524027600,TWB_SM3,TWB_PCBA_SM3_TOP_FP,TWB_PCBA_TOP_FP9,1020,TWB_SM3,TWB_PCBA_PASTE_INSPECTION_TOP,PN-337126,00F11F8B,00F11F8B,PN-337126,00F11F8C,T27,,PROCESS,94474092,00F11F8BT-20180418041206,U4,2,A13,483,483,4.47,2.97,127,GOOD,GOOD,135.5683,172.2678,99.94422,0,0.9055,4/18/2018 8:14
13074,1020,FP9,TOP,4009189383,4/18/2018 5:00,1524027600,TWB_SM3,TWB_PCBA_SM3_TOP_FP,TWB_PCBA_TOP_FP9,1020,TWB_SM3,TWB_PCBA_PASTE_INSPECTION_TOP,PN-337126,00F11F8B,00F11F8B,PN-337126,00F11F8C,T27,,PROCESS,94474092,00F11F8BT-20180418041206,U4,2,R2,483,483,1.32,3.68,127,GOOD,GOOD,146.6497,187.4997,99.3309,0,0.9055,4/18/2018 8:14
13287,1020,FP9,TOP,4009189383,4/18/2018 5:00,1524027600,TWB_SM3,TWB_PCBA_SM3_TOP_FP,TWB_PCBA_TOP_FP9,1020,TWB_SM3,TWB_PCBA_PASTE_INSPECTION_TOP,PN-337126,00F11F8B,00F11F8B,PN-337126,00F11F8C,T27,,PROCESS,94474092,00F11F8BT-20180418041206,U4,2,H11,483,483,7.46,-11.44,127,GOOD,GOOD,143.6278,185.5692,98.29608,0,0.9055,4/18/2018 8:14
13288,1020,FP9,TOP,4009189383,4/18/2018 5:00,1524027600,TWB_SM3,TWB_PCBA_SM3_TOP_FP,TWB_PCBA_TOP_FP9,1020,TWB_SM3,TWB_PCBA_PASTE_INSPECTION_TOP,PN-337126,00F11F8B,00F11F8B,PN-337126,00F11F8C,T27,,PROCESS,94474092,00F11F8BT-20180418041206,U4,2,P16,483,483,1.97,4.24,127,GOOD,GOOD,117.463,166.0368,89.8463,0,0.9055,4/18/2018 8:14
13624,1020,FP9,TOP,4009189383,4/18/2018 5:00,1524027600,TWB_SM3,TWB_PCBA_SM3_TOP_FP,TWB_PCBA_TOP_FP9,1020,TWB_SM3,TWB_PCBA_PASTE_INSPECTION_TOP,PN-337126,00F11F8B,00F11F8B,PN-337126,00F11F8C,T27,,PROCESS,94474092,00F11F8BT-20180418041206,U4,2,T5,483,483,1.35,0.02,127,GOOD,GOOD,146.9928,204.2038,91.41888,0,0.9055,4/18/2018 8:14
13758,1020,FP9,TOP,4009189383,4/18/2018 5:00,1524027600,TWB_SM3,TWB_PCBA_SM3_TOP_FP,TWB_PCBA_TOP_FP9,1020,TWB_SM3,TWB_PCBA_PASTE_INSPECTION_TOP,PN-337126,00F11F8B,00F11F8B,PN-337126,00F11F8C,T27,,PROCESS,94474092,00F11F8BT-20180418041206,U4,2,M3,483,483,10.06,1.09,127,GOOD,GOOD,147.3527,184.4812,101.4401,0,0.9055,4/18/2018 8:14
13987,1020,FP9,TOP,4009189383,4/18/2018 5:00,1524027600,TWB_SM3,TWB_PCBA_SM3_TOP_FP,TWB_PCBA_TOP_FP9,1020,TWB_SM3,TWB_PCBA_PASTE_INSPECTION_TOP,PN-337126,00F11F8B,00F11F8B,PN-337126,00F11F8C,T27,,PROCESS,94474092,00F11F8BT-20180418041206,U4,2,D8,483,483,6.34,-9.0,127,GOOD,GOOD,147.7807,190.8777,98.32545,0,0.9055,4/18/2018 8:14
15042,1020,FP9,TOP,4009189383,4/18/2018 5:00,1524027600,TWB_SM3,TWB_PCBA_SM3_TOP_FP,TWB_PCBA_TOP_FP9,1020,TWB_SM3,TWB_PCBA_PASTE_INSPECTION_TOP,PN-337126,00F11F8B,00F11F8B,PN-337126,00F11F8C,T27,,PROCESS,94474092,00F11F8BT-20180418041206,U4,2,K1,483,483,4.14,1.99,127,GOOD,GOOD,146.49,186.1363,99.94951999999999,0,0.9055,4/18/2018 8:14
15222,1020,FP9,TOP,4009189383,4/18/2018 5:00,1524027600,TWB_SM3,TWB_PCBA_SM3_TOP_FP,TWB_PCBA_TOP_FP9,1020,TWB_SM3,TWB_PCBA_PASTE_INSPECTION_TOP,PN-337126,00F11F8B,00F11F8B,PN-337126,00F11F8C,T27,,PROCESS,94474092,00F11F8BT-20180418041206,U4,2,H1,483,483,6.39,2.16,127,GOOD,GOOD,147.6273,183.4679,102.1904,0,0.9055,4/18/2018 8:14
15376,1020,FP9,TOP,4009189383,4/18/2018 5:00,1524027600,TWB_SM3,TWB_PCBA_SM3_TOP_FP,TWB_PCBA_TOP_FP9,1020,TWB_SM3,TWB_PCBA_PASTE_INSPECTION_TOP,PN-337126,00F11F8B,00F11F8B,PN-337126,00F11F8C,T27,,PROCESS,94474092,00F11F8BT-20180418041206,U4,2,F9,483,483,1.39,-9.54,127,GOOD,GOOD,147.8779,186.5754,100.65899999999999,0,0.9055,4/18/2018 8:14
15464,1020,FP9,TOP,4009189383,4/18/2018 5:00,1524027600,TWB_SM3,TWB_PCBA_SM3_TOP_FP,TWB_PCBA_TOP_FP9,1020,TWB_SM3,TWB_PCBA_PASTE_INSPECTION_TOP,PN-337126,00F11F8B,00F11F8B,PN-337126,00F11F8C,T27,,PROCESS,94474092,00F11F8BT-20180418041206,U4,2,E3,483,483,4.68,-2.79,127,GOOD,GOOD,147.6442,193.767,96.76986,0,0.9055,4/18/2018 8:14
15467,1020,FP9,TOP,4009189383,4/18/2018 5:00,1524027600,TWB_SM3,TWB_PCBA_SM3_TOP_FP,TWB_PCBA_TOP_FP9,1020,TWB_SM3,TWB_PCBA_PASTE_INSPECTION_TOP,PN-337126,00F11F8B,00F11F8B,PN-337126,00F11F8C,T27,,PROCESS,94474092,00F11F8BT-20180418041206,U4,2,C3,483,483,-2.18,-2.61,127,GOOD,GOOD,152.7369,196.7489,98.5906,0,0.9055,4/18/2018 8:14
15621,1020,FP9,TOP,4009189383,4/18/2018 5:00,1524027600,TWB_SM3,TWB_PCBA_SM3_TOP_FP,TWB_PCBA_TOP_FP9,1020,TWB_SM3,TWB_PCBA_PASTE_INSPECTION_TOP,PN-337126,00F11F8B,00F11F8B,PN-337126,00F11F8C,T27,,PROCESS,94474092,00F11F8BT-20180418041206,U4,2,L6,483,483,10.18,-3.41,127,GOOD,GOOD,152.3029,186.365,103.7881,0,0.9055,4/18/2018 8:14
15627,1020,FP9,TOP,4009189383,4/18/2018 5:00,1524027600,TWB_SM3,TWB_PCBA_SM3_TOP_FP,TWB_PCBA_TOP_FP9,1020,TWB_SM3,TWB_PCBA_PASTE_INSPECTION_TOP,PN-337126,00F11F8B,00F11F8B,PN-337126,00F11F8C,T27,,PROCESS,94474092,00F11F8BT-20180418041206,U4,2,B8,483,483,1.13,-9.83,127,GOOD,GOOD,145.0143,185.112,99.4901,0,0.9055,4/18/2018 8:14
15683,1020,FP9,TOP,4009189383,4/18/2018 5:00,1524027600,TWB_SM3,TWB_PCBA_SM3_TOP_FP,TWB_PCBA_TOP_FP9,1020,TWB_SM3,TWB_PCBA_PASTE_INSPECTION_TOP,PN-337126,00F11F8B,00F11F8B,PN-337126,00F11F8C,T27,,PROCESS,94474092,00F11F8BT-20180418041206,U4,2,J13,483,483,9.55,6.25,127,GOOD,GOOD,152.6003,193.2754,100.2726,0,0.9055,4/18/2018 8:14
15684,1020,FP9,TOP,4009189383,4/18/2018 5:00,1524027600,TWB_SM3,TWB_PCBA_SM3_TOP_FP,TWB_PCBA_TOP_FP9,1020,TWB_SM3,TWB_PCBA_PASTE_INSPECTION_TOP,PN-337126,00F11F8B,00F11F8B,PN-337126,00F11F8C,T27,,PROCESS,94474092,00F11F8BT-20180418041206,U4,2,J6,483,483,7.46,-4.23,127,GOOD,GOOD,146.4716,184.1559,101.0117,0,0.9055,4/18/2018 8:14
15891,1020,FP9,TOP,4009189383,4/18/2018 5:00,1524027600,TWB_SM3,TWB_PCBA_SM3_TOP_FP,TWB_PCBA_TOP_FP9,1020,TWB_SM3,TWB_PCBA_PASTE_INSPECTION_TOP,PN-337126,00F11F8B,00F11F8B,PN-337126,00F11F8C,T27,,PROCESS,94474092,00F11F8BT-20180418041206,U4,2,H14,483,483,6.3,4.49,127,GOOD,GOOD,142.5043,180.9887,99.99548,0,0.9055,4/18/2018 8:14
15982,1020,FP9,TOP,4009189383,4/18/2018 5:00,1524027600,TWB_SM3,TWB_PCBA_SM3_TOP_FP,TWB_PCBA_TOP_FP9,1020,TWB_SM3,TWB_PCBA_PASTE_INSPECTION_TOP,PN-337126,00F11F8B,00F11F8B,PN-337126,00F11F8C,T27,,PROCESS,94474092,00F11F8BT-20180418041206,U4,2,D5,483,483,-1.59,-4.92,127,GOOD,GOOD,143.9843,182.1818,100.3723,0,0.9055,4/18/2018 8:14
15988,1020,FP9,TOP,4009189383,4/18/2018 5:00,1524027600,TWB_SM3,TWB_PCBA_SM3_TOP_FP,TWB_PCBA_TOP_FP9,1020,TWB_SM3,TWB_PCBA_PASTE_INSPECTION_TOP,PN-337126,00F11F8B,00F11F8B,PN-337126,00F11F8C,T27,,PROCESS,94474092,00F11F8BT-20180418041206,U4,2,E15,483,483,4.15,0.89,127,GOOD,GOOD,132.4808,183.1892,91.8453,0,0.9055,4/18/2018 8:14
16137,1020,FP9,TOP,4009189383,4/18/2018 5:00,1524027600,TWB_SM3,TWB_PCBA_SM3_TOP_FP,TWB_PCBA_TOP_FP9,1020,TWB_SM3,TWB_PCBA_PASTE_INSPECTION_TOP,PN-337126,00F11F8B,00F11F8B,PN-337126,00F11F8C,T27,,PROCESS,94474092,00F11F8BT-20180418041206,U4,2,R10,483,483,0.52,-7.2,127,GOOD,GOOD,142.32299999999998,185.6401,97.36594000000001,0,0.9055,4/18/2018 8:14
17325,1020,FP9,TOP,4009189383,4/18/2018 5:00,1524027600,TWB_SM3,TWB_PCBA_SM3_TOP_FP,TWB_PCBA_TOP_FP9,1020,TWB_SM3,TWB_PCBA_PASTE_INSPECTION_TOP,PN-337126,00F11F8B,00F11F8B,PN-337126,00F11F8C,T27,,PROCESS,94474092,00F11F8BT-20180418041206,U4,2,F1,483,483,2.01,1.34,127,GOOD,GOOD,138.77,176.157,100.0459,0,0.9055,4/18/2018 8:14
17514,1020,FP9,TOP,4009189383,4/18/2018 5:00,1524027600,TWB_SM3,TWB_PCBA_SM3_TOP_FP,TWB_PCBA_TOP_FP9,1020,TWB_SM3,TWB_PCBA_PASTE_INSPECTION_TOP,PN-337126,00F11F8B,00F11F8B,PN-337126,00F11F8C,T27,,PROCESS,94474092,00F11F8BT-20180418041206,U4,2,A12,483,483,-4.1,4.33,127,GOOD,GOOD,129.8698,169.6833,97.2015,0,0.9055,4/18/2018 8:14
17596,1020,FP9,TOP,4009189383,4/18/2018 5:00,1524027600,TWB_SM3,TWB_PCBA_SM3_TOP_FP,TWB_PCBA_TOP_FP9,1020,TWB_SM3,TWB_PCBA_PASTE_INSPECTION_TOP,PN-337126,00F11F8B,00F11F8B,PN-337126,00F11F8C,T27,,PROCESS,94474092,00F11F8BT-20180418041206,U4,2,R8,483,483,-3.67,-4.48,127,GOOD,GOOD,140.1355,189.3889,93.97174,0,0.9055,4/18/2018 8:14
17678,1020,FP9,TOP,4009189383,4/18/2018 5:00,1524027600,TWB_SM3,TWB_PCBA_SM3_TOP_FP,TWB_PCBA_TOP_FP9,1020,TWB_SM3,TWB_PCBA_PASTE_INSPECTION_TOP,PN-337126,00F11F8B,00F11F8B,PN-337126,00F11F8C,T27,,PROCESS,94474092,00F11F8BT-20180418041206,U4,2,E7,483,483,1.63,-8.23,127,GOOD,GOOD,145.3291,192.4763,95.89126999999999,0,0.9055,4/18/2018 8:14
17721,1020,FP9,TOP,4009189383,4/18/2018 5:00,1524027600,TWB_SM3,TWB_PCBA_SM3_TOP_FP,TWB_PCBA_TOP_FP9,1020,TWB_SM3,TWB_PCBA_PASTE_INSPECTION_TOP,PN-337126,00F11F8B,00F11F8B,PN-337126,00F11F8C,T27,,PROCESS,94474092,00F11F8BT-20180418041206,U4,2,A11,483,483,3.74,5.69,127,GOOD,GOOD,140.6353,192.7369,92.66877,0,0.9055,4/18/2018 8:14
17802,1020,FP9,TOP,4009189383,4/18/2018 5:00,1524027600,TWB_SM3,TWB_PCBA_SM3_TOP_FP,TWB_PCBA_TOP_FP9,1020,TWB_SM3,TWB_PCBA_PASTE_INSPECTION_TOP,PN-337126,00F11F8B,00F11F8B,PN-337126,00F11F8C,T27,,PROCESS,94474092,00F11F8BT-20180418041206,U4,2,C7,483,483,4.71,-8.05,127,GOOD,GOOD,140.8154,178.4807,100.1988,0,0.9055,4/18/2018 8:14
17941,1020,FP9,TOP,4009189383,4/18/2018 5:00,1524027600,TWB_SM3,TWB_PCBA_SM3_TOP_FP,TWB_PCBA_TOP_FP9,1020,TWB_SM3,TWB_PCBA_PASTE_INSPECTION_TOP,PN-337126,00F11F8B,00F11F8B,PN-337126,00F11F8C,T27,,PROCESS,94474092,00F11F8BT-20180418041206,U4,2,H12,483,483,9.56,7.21,127,GOOD,GOOD,138.1033,168.8019,103.9035,0,0.9055,4/18/2018 8:14
17954,1020,FP9,TOP,4009189383,4/18/2018 5:00,1524027600,TWB_SM3,TWB_PCBA_SM3_TOP_FP,TWB_PCBA_TOP_FP9,1020,TWB_SM3,TWB_PCBA_PASTE_INSPECTION_TOP,PN-337126,00F11F8B,00F11F8B,PN-337126,00F11F8C,T27,,PROCESS,94474092,00F11F8BT-20180418041206,U4,2,K7,483,483,5.95,-6.17,127,GOOD,GOOD,138.2768,180.5087,97.287,0,0.9055,4/18/2018 8:14
17958,1020,FP9,TOP,4009189383,4/18/2018 5:00,1524027600,TWB_SM3,TWB_PCBA_SM3_TOP_FP,TWB_PCBA_TOP_FP9,1020,TWB_SM3,TWB_PCBA_PASTE_INSPECTION_TOP,PN-337126,00F11F8B,00F11F8B,PN-337126,00F11F8C,T27,,PROCESS,94474092,00F11F8BT-20180418041206,U4,2,P7,483,483,2.98,-3.52,127,GOOD,GOOD,142.5299,185.3891,97.63949000000001,0,0.9055,4/18/2018 8:14
18144,1020,FP9,TOP,4009189383,4/18/2018 5:00,1524027600,TWB_SM3,TWB_PCBA_SM3_TOP_FP,TWB_PCBA_TOP_FP9,1020,TWB_SM3,TWB_PCBA_PASTE_INSPECTION_TOP,PN-337126,00F11F8B,00F11F8B,PN-337126,00F11F8C,T27,,PROCESS,94474092,00F11F8BT-20180418041206,U4,2,E5,483,483,0.6,-5.51,127,GOOD,GOOD,139.2558,173.6844,101.8254,0,0.9055,4/18/2018 8:14
18316,1020,FP9,TOP,4009189383,4/18/2018 5:00,1524027600,TWB_SM3,TWB_PCBA_SM3_TOP_FP,TWB_PCBA_TOP_FP9,1020,TWB_SM3,TWB_PCBA_PASTE_INSPECTION_TOP,PN-337126,00F11F8B,00F11F8B,PN-337126,00F11F8C,T27,,PROCESS,94474092,00F11F8BT-20180418041206,U4,2,E1,483,483,-2.66,-0.07,127,GOOD,GOOD,142.0134,182.5998,98.7717,0,0.9055,4/18/2018 8:14
18868,1020,FP9,TOP,4009189383,4/18/2018 5:00,1524027600,TWB_SM3,TWB_PCBA_SM3_TOP_FP,TWB_PCBA_TOP_FP9,1020,TWB_SM3,TWB_PCBA_PASTE_INSPECTION_TOP,PN-337126,00F11F8B,00F11F8B,PN-337126,00F11F8C,T27,,PROCESS,94474092,00F11F8BT-20180418041206,U4,2,G1,483,483,-0.77,2.76,127,GOOD,GOOD,152.4791,203.0342,95.37727,0,0.9055,4/18/2018 8:14
18881,1020,FP9,TOP,4009189383,4/18/2018 5:00,1524027600,TWB_SM3,TWB_PCBA_SM3_TOP_FP,TWB_PCBA_TOP_FP9,1020,TWB_SM3,TWB_PCBA_PASTE_INSPECTION_TOP,PN-337126,00F11F8B,00F11F8B,PN-337126,00F11F8C,T27,,PROCESS,94474092,00F11F8BT-20180418041206,U4,2,G4,483,483,9.66,-1.32,127,GOOD,GOOD,150.6855,187.4402,102.0968,0,0.9055,4/18/2018 8:14
19070,1020,FP9,TOP,4009189383,4/18/2018 5:00,1524027600,TWB_SM3,TWB_PCBA_SM3_TOP_FP,TWB_PCBA_TOP_FP9,1020,TWB_SM3,TWB_PCBA_PASTE_INSPECTION_TOP,PN-337126,00F11F8B,00F11F8B,PN-337126,00F11F8C,T27,,PROCESS,94474092,00F11F8BT-20180418041206,U4,2,M10,483,483,12.31,-8.43,127,GOOD,GOOD,142.8672,173.125,104.8036,0,0.9055,4/18/2018 8:14
19256,1020,FP9,TOP,4009189383,4/18/2018 5:00,1524027600,TWB_SM3,TWB_PCBA_SM3_TOP_FP,TWB_PCBA_TOP_FP9,1020,TWB_SM3,TWB_PCBA_PASTE_INSPECTION_TOP,PN-337126,00F11F8B,00F11F8B,PN-337126,00F11F8C,T27,,PROCESS,94474092,00F11F8BT-20180418041206,U4,2,E16,483,483,3.93,-0.47,127,GOOD,GOOD,127.5167,179.1257,90.40926,0,0.9055,4/18/2018 8:14
19921,1020,FP9,TOP,4009189383,4/18/2018 5:00,1524027600,TWB_SM3,TWB_PCBA_SM3_TOP_FP,TWB_PCBA_TOP_FP9,1020,TWB_SM3,TWB_PCBA_PASTE_INSPECTION_TOP,PN-337126,00F11F8B,00F11F8B,PN-337126,00F11F8C,T27,,PROCESS,94474092,00F11F8BT-20180418041206,U4,2,A16,483,483,-2.34,-1.11,127,GOOD,GOOD,119.9973,176.0445,86.56711999999999,0,0.9055,4/18/2018 8:14
19957,1020,FP9,TOP,4009189383,4/18/2018 5:00,1524027600,TWB_SM3,TWB_PCBA_SM3_TOP_FP,TWB_PCBA_TOP_FP9,1020,TWB_SM3,TWB_PCBA_PASTE_INSPECTION_TOP,PN-337126,00F11F8B,00F11F8B,PN-337126,00F11F8C,T27,,PROCESS,94474092,00F11F8BT-20180418041206,U4,2,H9,483,483,4.11,-8.72,127,GOOD,GOOD,148.88,190.47400000000002,99.26688,0,0.9055,4/18/2018 8:14
19969,1020,FP9,TOP,4009189383,4/18/2018 5:00,1524027600,TWB_SM3,TWB_PCBA_SM3_TOP_FP,TWB_PCBA_TOP_FP9,1020,TWB_SM3,TWB_PCBA_PASTE_INSPECTION_TOP,PN-337126,00F11F8B,00F11F8B,PN-337126,00F11F8C,T27,,PROCESS,94474092,00F11F8BT-20180418041206,U4,2,E6,483,483,7.82,-6.87,127,GOOD,GOOD,146.9259,182.4221,102.288,0,0.9055,4/18/2018 8:14
19992,1020,FP9,TOP,4009189383,4/18/2018 5:00,1524027600,TWB_SM3,TWB_PCBA_SM3_TOP_FP,TWB_PCBA_TOP_FP9,1020,TWB_SM3,TWB_PCBA_PASTE_INSPECTION_TOP,PN-337126,00F11F8B,00F11F8B,PN-337126,00F11F8C,T27,,PROCESS,94474092,00F11F8BT-20180418041206,U4,2,T6,483,483,0.29,-1.34,127,GOOD,GOOD,145.8196,189.304,97.82724,0,0.9055,4/18/2018 8:14
20020,1020,FP9,TOP,4009189383,4/18/2018 5:00,1524027600,TWB_SM3,TWB_PCBA_SM3_TOP_FP,TWB_PCBA_TOP_FP9,1020,TWB_SM3,TWB_PCBA_PASTE_INSPECTION_TOP,PN-337126,00F11F8B,00F11F8B,PN-337126,00F11F8C,T27,,PROCESS,94474092,00F11F8BT-20180418041206,U4,2,K6,483,483,5.51,-4.81,127,GOOD,GOOD,148.3048,191.7599,98.22028,0,0.9055,4/18/2018 8:14
20187,1020,FP9,TOP,4009189383,4/18/2018 5:00,1524027600,TWB_SM3,TWB_PCBA_SM3_TOP_FP,TWB_PCBA_TOP_FP9,1020,TWB_SM3,TWB_PCBA_PASTE_INSPECTION_TOP,PN-337126,00F11F8B,00F11F8B,PN-337126,00F11F8C,T27,,PROCESS,94474092,00F11F8BT-20180418041206,U4,2,G10,483,483,7.99,-9.48,127,GOOD,GOOD,143.9558,190.5466,95.94707,0,0.9055,4/18/2018 8:14
20232,1020,FP9,TOP,4009189383,4/18/2018 5:00,1524027600,TWB_SM3,TWB_PCBA_SM3_TOP_FP,TWB_PCBA_TOP_FP9,1020,TWB_SM3,TWB_PCBA_PASTE_INSPECTION_TOP,PN-337126,00F11F8B,00F11F8B,PN-337126,00F11F8C,T27,,PROCESS,94474092,00F11F8BT-20180418041206,U4,2,G15,483,483,4.38,3.72,127,GOOD,GOOD,130.2314,174.1024,94.99805,0,0.9055,4/18/2018 8:14
20242,1020,FP9,TOP,4009189383,4/18/2018 5:00,1524027600,TWB_SM3,TWB_PCBA_SM3_TOP_FP,TWB_PCBA_TOP_FP9,1020,TWB_SM3,TWB_PCBA_PASTE_INSPECTION_TOP,PN-337126,00F11F8B,00F11F8B,PN-337126,00F11F8C,T27,,PROCESS,94474092,00F11F8BT-20180418041206,U4,2,K11,483,483,7.7,-11.61,127,GOOD,GOOD,144.9487,188.5817,97.61543,0,0.9055,4/18/2018 8:14
20292,1020,FP9,TOP,4009189383,4/18/2018 5:00,1524027600,TWB_SM3,TWB_PCBA_SM3_TOP_FP,TWB_PCBA_TOP_FP9,1020,TWB_SM3,TWB_PCBA_PASTE_INSPECTION_TOP,PN-337126,00F11F8B,00F11F8B,PN-337126,00F11F8C,T27,,PROCESS,94474092,00F11F8BT-20180418041206,U4,2,A6,483,483,2.38,-7.51,127,GOOD,GOOD,140.8221,165.9565,107.7656,0,0.9055,4/18/2018 8:14
20293,1020,FP9,TOP,4009189383,4/18/2018 5:00,1524027600,TWB_SM3,TWB_PCBA_SM3_TOP_FP,TWB_PCBA_TOP_FP9,1020,TWB_SM3,TWB_PCBA_PASTE_INSPECTION_TOP,PN-337126,00F11F8B,00F11F8B,PN-337126,00F11F8C,T27,,PROCESS,94474092,00F11F8BT-20180418041206,U4,2,L10,483,483,7.63,-8.85,127,GOOD,GOOD,143.0331,174.0607,104.3613,0,0.9055,4/18/2018 8:14
20294,1020,FP9,TOP,4009189383,4/18/2018 5:00,1524027600,TWB_SM3,TWB_PCBA_SM3_TOP_FP,TWB_PCBA_TOP_FP9,1020,TWB_SM3,TWB_PCBA_PASTE_INSPECTION_TOP,PN-337126,00F11F8B,00F11F8B,PN-337126,00F11F8C,T27,,PROCESS,94474092,00F11F8BT-20180418041206,U4,2,T15,483,483,-1.72,6.42,127,GOOD,GOOD,129.4869,179.8544,91.4342,0,0.9055,4/18/2018 8:14
20519,1020,FP9,TOP,4009189383,4/18/2018 5:00,1524027600,TWB_SM3,TWB_PCBA_SM3_TOP_FP,TWB_PCBA_TOP_FP9,1020,TWB_SM3,TWB_PCBA_PASTE_INSPECTION_TOP,PN-337126,00F11F8B,00F11F8B,PN-337126,00F11F8C,T27,,PROCESS,94474092,00F11F8BT-20180418041206,U4,2,N3,483,483,8.11,1.49,127,GOOD,GOOD,148.0001,187.6794,100.1496,0,0.9055,4/18/2018 8:14
20551,1020,FP9,TOP,4009189383,4/18/2018 5:00,1524027600,TWB_SM3,TWB_PCBA_SM3_TOP_FP,TWB_PCBA_TOP_FP9,1020,TWB_SM3,TWB_PCBA_PASTE_INSPECTION_TOP,PN-337126,00F11F8B,00F11F8B,PN-337126,00F11F8C,T27,,PROCESS,94474092,00F11F8BT-20180418041206,U4,2,P1,483,483,10.41,4.64,127,GOOD,GOOD,146.5169,186.5229,99.76061999999999,0,0.9055,4/18/2018 8:14
21082,1020,FP9,TOP,4009189383,4/18/2018 5:00,1524027600,TWB_SM3,TWB_PCBA_SM3_TOP_FP,TWB_PCBA_TOP_FP9,1020,TWB_SM3,TWB_PCBA_PASTE_INSPECTION_TOP,PN-337126,00F11F8B,00F11F8B,PN-337126,00F11F8C,T27,,PROCESS,94474092,00F11F8BT-20180418041206,U4,2,N10,483,483,3.6,-8.03,127,GOOD,GOOD,159.3809,210.6672,96.08224,0,0.9055,4/18/2018 8:14
21115,1020,FP9,TOP,4009189383,4/18/2018 5:00,1524027600,TWB_SM3,TWB_PCBA_SM3_TOP_FP,TWB_PCBA_TOP_FP9,1020,TWB_SM3,TWB_PCBA_PASTE_INSPECTION_TOP,PN-337126,00F11F8B,00F11F8B,PN-337126,00F11F8C,T27,,PROCESS,94474092,00F11F8BT-20180418041206,U4,2,M2,483,483,6.47,2.45,127,GOOD,GOOD,147.1244,189.6478,98.52365,0,0.9055,4/18/2018 8:14
21201,1020,FP9,TOP,4009189383,4/18/2018 5:00,1524027600,TWB_SM3,TWB_PCBA_SM3_TOP_FP,TWB_PCBA_TOP_FP9,1020,TWB_SM3,TWB_PCBA_PASTE_INSPECTION_TOP,PN-337126,00F11F8B,00F11F8B,PN-337126,00F11F8C,T27,,PROCESS,94474092,00F11F8BT-20180418041206,U4,2,D1,483,483,-2.36,0.52,127,GOOD,GOOD,142.5097,182.2119,99.32791,0,0.9055,4/18/2018 8:14
21518,1020,FP9,TOP,4009189383,4/18/2018 5:00,1524027600,TWB_SM3,TWB_PCBA_SM3_TOP_FP,TWB_PCBA_TOP_FP9,1020,TWB_SM3,TWB_PCBA_PASTE_INSPECTION_TOP,PN-337126,00F11F8B,00F11F8B,PN-337126,00F11F8C,T27,,PROCESS,94474092,00F11F8BT-20180418041206,U4,2,F2,483,483,4.94,-0.02,127,GOOD,GOOD,148.6547,196.3812,96.1352,0,0.9055,4/18/2018 8:14
21684,1020,FP9,TOP,4009189383,4/18/2018 5:00,1524027600,TWB_SM3,TWB_PCBA_SM3_TOP_FP,TWB_PCBA_TOP_FP9,1020,TWB_SM3,TWB_PCBA_PASTE_INSPECTION_TOP,PN-337126,00F11F8B,00F11F8B,PN-337126,00F11F8C,T27,,PROCESS,94474092,00F11F8BT-20180418041206,U4,2,E2,483,483,3.58,-1.43,127,GOOD,GOOD,144.7886,194.4682,94.55608000000001,0,0.9055,4/18/2018 8:14
21791,1020,FP9,TOP,4009189383,4/18/2018 5:00,1524027600,TWB_SM3,TWB_PCBA_SM3_TOP_FP,TWB_PCBA_TOP_FP9,1020,TWB_SM3,TWB_PCBA_PASTE_INSPECTION_TOP,PN-337126,00F11F8B,00F11F8B,PN-337126,00F11F8C,T27,,PROCESS,94474092,00F11F8BT-20180418041206,U4,2,T9,483,483,1.61,-5.42,127,GOOD,GOOD,142.8606,185.0616,98.03919,0,0.9055,4/18/2018 8:14
21828,1020,FP9,TOP,4009189383,4/18/2018 5:00,1524027600,TWB_SM3,TWB_PCBA_SM3_TOP_FP,TWB_PCBA_TOP_FP9,1020,TWB_SM3,TWB_PCBA_PASTE_INSPECTION_TOP,PN-337126,00F11F8B,00F11F8B,PN-337126,00F11F8C,T27,,PROCESS,94474092,00F11F8BT-20180418041206,U4,2,D3,483,483,4.98,-2.2,127,GOOD,GOOD,147.1838,196.984,94.89271,0,0.9055,4/18/2018 8:14
21940,1020,FP9,TOP,4009189383,4/18/2018 5:00,1524027600,TWB_SM3,TWB_PCBA_SM3_TOP_FP,TWB_PCBA_TOP_FP9,1020,TWB_SM3,TWB_PCBA_PASTE_INSPECTION_TOP,PN-337126,00F11F8B,00F11F8B,PN-337126,00F11F8C,T27,,PROCESS,94474092,00F11F8BT-20180418041206,U4,2,G2,483,483,3.81,1.4,127,GOOD,GOOD,150.3333,187.1323,102.0258,0,0.9055,4/18/2018 8:14
21955,1020,FP9,TOP,4009189383,4/18/2018 5:00,1524027600,TWB_SM3,TWB_PCBA_SM3_TOP_FP,TWB_PCBA_TOP_FP9,1020,TWB_SM3,TWB_PCBA_PASTE_INSPECTION_TOP,PN-337126,00F11F8B,00F11F8B,PN-337126,00F11F8C,T27,,PROCESS,94474092,00F11F8BT-20180418041206,U4,2,T4,483,483,1.07,1.38,127,GOOD,GOOD,140.0114,182.3237,97.52679,0,0.9055,4/18/2018 8:14
21962,1020,FP9,TOP,4009189383,4/18/2018 5:00,1524027600,TWB_SM3,TWB_PCBA_SM3_TOP_FP,TWB_PCBA_TOP_FP9,1020,TWB_SM3,TWB_PCBA_PASTE_INSPECTION_TOP,PN-337126,00F11F8B,00F11F8B,PN-337126,00F11F8C,T27,,PROCESS,94474092,00F11F8BT-20180418041206,U4,2,F4,483,483,4.16,-3.57,127,GOOD,GOOD,157.1861,189.1276,105.5511,0,0.9055,4/18/2018 8:14
21992,1020,FP9,TOP,4009189383,4/18/2018 5:00,1524027600,TWB_SM3,TWB_PCBA_SM3_TOP_FP,TWB_PCBA_TOP_FP9,1020,TWB_SM3,TWB_PCBA_PASTE_INSPECTION_TOP,PN-337126,00F11F8B,00F11F8B,PN-337126,00F11F8C,T27,,PROCESS,94474092,00F11F8BT-20180418041206,U4,2,N13,483,483,0.79,-12.11,127,GOOD,GOOD,139.2115,180.0931,98.17069000000001,0,0.9055,4/18/2018 8:14
22028,1020,FP9,TOP,4009189383,4/18/2018 5:00,1524027600,TWB_SM3,TWB_PCBA_SM3_TOP_FP,TWB_PCBA_TOP_FP9,1020,TWB_SM3,TWB_PCBA_PASTE_INSPECTION_TOP,PN-337126,00F11F8B,00F11F8B,PN-337126,00F11F8C,T27,,PROCESS,94474092,00F11F8BT-20180418041206,U4,2,P9,483,483,1.38,-6.24,127,GOOD,GOOD,150.6515,193.831,98.70834,0,0.9055,4/18/2018 8:14
22306,1020,FP9,TOP,4009189383,4/18/2018 5:00,1524027600,TWB_SM3,TWB_PCBA_SM3_TOP_FP,TWB_PCBA_TOP_FP9,1020,TWB_SM3,TWB_PCBA_PASTE_INSPECTION_TOP,PN-337126,00F11F8B,00F11F8B,PN-337126,00F11F8C,T27,,PROCESS,94474092,00F11F8BT-20180418041206,U4,2,C10,483,483,1.72,-12.13,127,GOOD,GOOD,141.809,184.3543,97.6909,0,0.9055,4/18/2018 8:14
22307,1020,FP9,TOP,4009189383,4/18/2018 5:00,1524027600,TWB_SM3,TWB_PCBA_SM3_TOP_FP,TWB_PCBA_TOP_FP9,1020,TWB_SM3,TWB_PCBA_PASTE_INSPECTION_TOP,PN-337126,00F11F8B,00F11F8B,PN-337126,00F11F8C,T27,,PROCESS,94474092,00F11F8BT-20180418041206,U4,2,K15,483,483,8.46,2.95,127,GOOD,GOOD,135.4822,184.4953,93.26115,0,0.9055,4/18/2018 8:14
22421,1020,FP9,TOP,4009189383,4/18/2018 5:00,1524027600,TWB_SM3,TWB_PCBA_SM3_TOP_FP,TWB_PCBA_TOP_FP9,1020,TWB_SM3,TWB_PCBA_PASTE_INSPECTION_TOP,PN-337126,00F11F8B,00F11F8B,PN-337126,00F11F8C,T27,,PROCESS,94474092,00F11F8BT-20180418041206,U4,2,A8,483,483,-5.2,-10.24,127,GOOD,GOOD,139.0394,184.5225,95.69568000000001,0,0.9055,4/18/2018 8:14
22422,1020,FP9,TOP,4009189383,4/18/2018 5:00,1524027600,TWB_SM3,TWB_PCBA_SM3_TOP_FP,TWB_PCBA_TOP_FP9,1020,TWB_SM3,TWB_PCBA_PASTE_INSPECTION_TOP,PN-337126,00F11F8B,00F11F8B,PN-337126,00F11F8C,T27,,PROCESS,94474092,00F11F8BT-20180418041206,U4,2,L12,483,483,9.5,-11.57,127,GOOD,GOOD,139.1141,189.6294,93.1685,0,0.9055,4/18/2018 8:14
22550,1020,FP9,TOP,4009189383,4/18/2018 5:00,1524027600,TWB_SM3,TWB_PCBA_SM3_TOP_FP,TWB_PCBA_TOP_FP9,1020,TWB_SM3,TWB_PCBA_PASTE_INSPECTION_TOP,PN-337126,00F11F8B,00F11F8B,PN-337126,00F11F8C,T27,,PROCESS,94474092,00F11F8BT-20180418041206,U4,2,K4,483,483,4.63,-2.09,127,GOOD,GOOD,151.364,201.4669,95.41632,0,0.9055,4/18/2018 8:14
22602,1020,FP9,TOP,4009189383,4/18/2018 5:00,1524027600,TWB_SM3,TWB_PCBA_SM3_TOP_FP,TWB_PCBA_TOP_FP9,1020,TWB_SM3,TWB_PCBA_PASTE_INSPECTION_TOP,PN-337126,00F11F8B,00F11F8B,PN-337126,00F11F8C,T27,,PROCESS,94474092,00F11F8BT-20180418041206,U4,2,K8,483,483,13.67,-7.53,127,GOOD,GOOD,156.0337,184.8412,107.20700000000001,0,0.9055,4/18/2018 8:14
22612,1020,FP9,TOP,4009189383,4/18/2018 5:00,1524027600,TWB_SM3,TWB_PCBA_SM3_TOP_FP,TWB_PCBA_TOP_FP9,1020,TWB_SM3,TWB_PCBA_PASTE_INSPECTION_TOP,PN-337126,00F11F8B,00F11F8B,PN-337126,00F11F8C,T27,,PROCESS,94474092,00F11F8BT-20180418041206,U4,2,P2,483,483,-0.87,3.28,127,GOOD,GOOD,148.5965,189.5053,99.58431,0,0.9055,4/18/2018 8:14
22659,1020,FP9,TOP,4009189383,4/18/2018 5:00,1524027600,TWB_SM3,TWB_PCBA_SM3_TOP_FP,TWB_PCBA_TOP_FP9,1020,TWB_SM3,TWB_PCBA_PASTE_INSPECTION_TOP,PN-337126,00F11F8B,00F11F8B,PN-337126,00F11F8C,T27,,PROCESS,94474092,00F11F8BT-20180418041206,U4,2,H6,483,483,4.44,-4.64,127,GOOD,GOOD,149.9977,190.5431,99.97586,0,0.9055,4/18/2018 8:14
22675,1020,FP9,TOP,4009189383,4/18/2018 5:00,1524027600,TWB_SM3,TWB_PCBA_SM3_TOP_FP,TWB_PCBA_TOP_FP9,1020,TWB_SM3,TWB_PCBA_PASTE_INSPECTION_TOP,PN-337126,00F11F8B,00F11F8B,PN-337126,00F11F8C,T27,,PROCESS,94474092,00F11F8BT-20180418041206,U4,2,K12,483,483,8.14,-12.97,127,GOOD,GOOD,141.9674,174.1031,103.5585,0,0.9055,4/18/2018 8:14
22803,1020,FP9,TOP,4009189383,4/18/2018 5:00,1524027600,TWB_SM3,TWB_PCBA_SM3_TOP_FP,TWB_PCBA_TOP_FP9,1020,TWB_SM3,TWB_PCBA_PASTE_INSPECTION_TOP,PN-337126,00F11F8B,00F11F8B,PN-337126,00F11F8C,T27,,PROCESS,94474092,00F11F8BT-20180418041206,U4,2,B16,483,483,-0.98,-0.7,127,GOOD,GOOD,125.8294,182.2523,87.68253,0,0.9055,4/18/2018 8:14
23274,1020,FP9,TOP,4009189383,4/18/2018 5:00,1524027600,TWB_SM3,TWB_PCBA_SM3_TOP_FP,TWB_PCBA_TOP_FP9,1020,TWB_SM3,TWB_PCBA_PASTE_INSPECTION_TOP,PN-337126,00F11F8B,00F11F8B,PN-337126,00F11F8C,T27,,PROCESS,94474092,00F11F8BT-20180418041206,U4,2,K10,483,483,12.07,-10.25,127,GOOD,GOOD,150.8205,183.9362,104.135,0,0.9055,4/18/2018 8:14
23366,1020,FP9,TOP,4009189383,4/18/2018 5:00,1524027600,TWB_SM3,TWB_PCBA_SM3_TOP_FP,TWB_PCBA_TOP_FP9,1020,TWB_SM3,TWB_PCBA_PASTE_INSPECTION_TOP,PN-337126,00F11F8B,00F11F8B,PN-337126,00F11F8C,T27,,PROCESS,94474092,00F11F8BT-20180418041206,U4,2,C6,483,483,-4.02,-6.69,127,GOOD,GOOD,143.1714,185.0888,98.23809,0,0.9055,4/18/2018 8:14
23469,1020,FP9,TOP,4009189383,4/18/2018 5:00,1524027600,TWB_SM3,TWB_PCBA_SM3_TOP_FP,TWB_PCBA_TOP_FP9,1020,TWB_SM3,TWB_PCBA_PASTE_INSPECTION_TOP,PN-337126,00F11F8B,00F11F8B,PN-337126,00F11F8C,T27,,PROCESS,94474092,00F11F8BT-20180418041206,U4,2,P10,483,483,3.31,-7.6,127,GOOD,GOOD,152.7177,193.4326,100.2682,0,0.9055,4/18/2018 8:14
23481,1020,FP9,TOP,4009189383,4/18/2018 5:00,1524027600,TWB_SM3,TWB_PCBA_SM3_TOP_FP,TWB_PCBA_TOP_FP9,1020,TWB_SM3,TWB_PCBA_PASTE_INSPECTION_TOP,PN-337126,00F11F8B,00F11F8B,PN-337126,00F11F8C,T27,,PROCESS,94474092,00F11F8BT-20180418041206,U4,2,R6,483,483,1.41,-1.76,127,GOOD,GOOD,146.681,185.1466,100.6148,0,0.9055,4/18/2018 8:14
23776,1020,FP9,TOP,4009189383,4/18/2018 5:00,1524027600,TWB_SM3,TWB_PCBA_SM3_TOP_FP,TWB_PCBA_TOP_FP9,1020,TWB_SM3,TWB_PCBA_PASTE_INSPECTION_TOP,PN-337126,00F11F8B,00F11F8B,PN-337126,00F11F8C,T27,,PROCESS,94474092,00F11F8BT-20180418041206,U4,2,K13,483,483,14.23,5.67,127,GOOD,GOOD,147.0015,195.2567,95.61355,0,0.9055,4/18/2018 8:14
23881,1020,FP9,TOP,4009189383,4/18/2018 5:00,1524027600,TWB_SM3,TWB_PCBA_SM3_TOP_FP,TWB_PCBA_TOP_FP9,1020,TWB_SM3,TWB_PCBA_PASTE_INSPECTION_TOP,PN-337126,00F11F8B,00F11F8B,PN-337126,00F11F8C,T27,,PROCESS,94474092,00F11F8BT-20180418041206,U4,2,K2,483,483,3.75,0.63,127,GOOD,GOOD,147.9381,182.3636,103.0257,0,0.9055,4/18/2018 8:14
24448,1020,FP9,TOP,4009189383,4/18/2018 5:00,1524027600,TWB_SM3,TWB_PCBA_SM3_TOP_FP,TWB_PCBA_TOP_FP9,1020,TWB_SM3,TWB_PCBA_PASTE_INSPECTION_TOP,PN-337126,00F11F8B,00F11F8B,PN-337126,00F11F8C,T27,,PROCESS,94474092,00F11F8BT-20180418041206,U4,2,J1,483,483,1.95,2.57,127,GOOD,GOOD,142.6996,181.1286,100.0552,0,0.9055,4/18/2018 8:14
24449,1020,FP9,TOP,4009189383,4/18/2018 5:00,1524027600,TWB_SM3,TWB_PCBA_SM3_TOP_FP,TWB_PCBA_TOP_FP9,1020,TWB_SM3,TWB_PCBA_PASTE_INSPECTION_TOP,PN-337126,00F11F8B,00F11F8B,PN-337126,00F11F8C,T27,,PROCESS,94474092,00F11F8BT-20180418041206,U4,2,R13,483,483,3.51,-11.28,127,GOOD,GOOD,140.5011,191.2943,93.27849,0,0.9055,4/18/2018 8:14
25123,1020,FP9,TOP,4009189383,4/18/2018 5:00,1524027600,TWB_SM3,TWB_PCBA_SM3_TOP_FP,TWB_PCBA_TOP_FP9,1020,TWB_SM3,TWB_PCBA_PASTE_INSPECTION_TOP,PN-337126,00F11F8B,00F11F8B,PN-337126,00F11F8C,T27,,PROCESS,94474092,00F11F8BT-20180418041206,U4,2,N4,483,483,12.02,0.13,127,GOOD,GOOD,142.0881,179.2576,100.6663,0,0.9055,4/18/2018 8:14
25301,1020,FP9,TOP,4009189383,4/18/2018 5:00,1524027600,TWB_SM3,TWB_PCBA_SM3_TOP_FP,TWB_PCBA_TOP_FP9,1020,TWB_SM3,TWB_PCBA_PASTE_INSPECTION_TOP,PN-337126,00F11F8B,00F11F8B,PN-337126,00F11F8C,T27,,PROCESS,94474092,00F11F8BT-20180418041206,U4,2,P5,483,483,-0.54,-0.8,127,GOOD,GOOD,139.1867,176.6861,100.0459,0,0.9055,4/18/2018 8:14
25338,1020,FP9,TOP,4009189383,4/18/2018 5:00,1524027600,TWB_SM3,TWB_PCBA_SM3_TOP_FP,TWB_PCBA_TOP_FP9,1020,TWB_SM3,TWB_PCBA_PASTE_INSPECTION_TOP,PN-337126,00F11F8B,00F11F8B,PN-337126,00F11F8C,T27,,PROCESS,94474092,00F11F8BT-20180418041206,U4,2,H10,483,483,6.87,-10.08,127,GOOD,GOOD,157.7612,196.0683,102.1872,0,0.9055,4/18/2018 8:14
25339,1020,FP9,TOP,4009189383,4/18/2018 5:00,1524027600,TWB_SM3,TWB_PCBA_SM3_TOP_FP,TWB_PCBA_TOP_FP9,1020,TWB_SM3,TWB_PCBA_PASTE_INSPECTION_TOP,PN-337126,00F11F8B,00F11F8B,PN-337126,00F11F8C,T27,,PROCESS,94474092,00F11F8BT-20180418041206,U4,2,P15,483,483,0.53,5.6,127,GOOD,GOOD,131.5309,181.6716,91.9485,0,0.9055,4/18/2018 8:14
25441,1020,FP9,TOP,4009189383,4/18/2018 5:00,1524027600,TWB_SM3,TWB_PCBA_SM3_TOP_FP,TWB_PCBA_TOP_FP9,1020,TWB_SM3,TWB_PCBA_PASTE_INSPECTION_TOP,PN-337126,00F11F8B,00F11F8B,PN-337126,00F11F8C,T27,,PROCESS,94474092,00F11F8BT-20180418041206,U4,2,A7,483,483,0.33,-8.87,127,GOOD,GOOD,146.0034,183.1759,101.2274,0,0.9055,4/18/2018 8:14
25442,1020,FP9,TOP,4009189383,4/18/2018 5:00,1524027600,TWB_SM3,TWB_PCBA_SM3_TOP_FP,TWB_PCBA_TOP_FP9,1020,TWB_SM3,TWB_PCBA_PASTE_INSPECTION_TOP,PN-337126,00F11F8B,00F11F8B,PN-337126,00F11F8C,T27,,PROCESS,94474092,00F11F8BT-20180418041206,U4,2,L11,483,483,9.05,-10.21,127,GOOD,GOOD,145.7295,180.9488,102.2811,0,0.9055,4/18/2018 8:14
25443,1020,FP9,TOP,4009189383,4/18/2018 5:00,1524027600,TWB_SM3,TWB_PCBA_SM3_TOP_FP,TWB_PCBA_TOP_FP9,1020,TWB_SM3,TWB_PCBA_PASTE_INSPECTION_TOP,PN-337126,00F11F8B,00F11F8B,PN-337126,00F11F8C,T27,,PROCESS,94474092,00F11F8BT-20180418041206,U4,2,T16,483,483,0.55,5.06,127,GOOD,GOOD,123.8249,180.7785,86.9891,0,0.9055,4/18/2018 8:14
25450,1020,FP9,TOP,4009189383,4/18/2018 5:00,1524027600,TWB_SM3,TWB_PCBA_SM3_TOP_FP,TWB_PCBA_TOP_FP9,1020,TWB_SM3,TWB_PCBA_PASTE_INSPECTION_TOP,PN-337126,00F11F8B,00F11F8B,PN-337126,00F11F8C,T27,,PROCESS,94474092,00F11F8BT-20180418041206,U4,2,C1,483,483,-6.21,0.11,127,GOOD,GOOD,135.3314,182.7407,94.05175,0,0.9055,4/18/2018 8:14
25752,1020,FP9,TOP,4009189383,4/18/2018 5:00,1524027600,TWB_SM3,TWB_PCBA_SM3_TOP_FP,TWB_PCBA_TOP_FP9,1020,TWB_SM3,TWB_PCBA_PASTE_INSPECTION_TOP,PN-337126,00F11F8B,00F11F8B,PN-337126,00F11F8C,T27,,PROCESS,94474092,00F11F8BT-20180418041206,U4,2,F8,483,483,4.09,-8.18,127,GOOD,GOOD,136.8411,185.3699,93.75211,0,0.9055,4/18/2018 8:14
25764,1020,FP9,TOP,4009189383,4/18/2018 5:00,1524027600,TWB_SM3,TWB_PCBA_SM3_TOP_FP,TWB_PCBA_TOP_FP9,1020,TWB_SM3,TWB_PCBA_PASTE_INSPECTION_TOP,PN-337126,00F11F8B,00F11F8B,PN-337126,00F11F8C,T27,,PROCESS,94474092,00F11F8BT-20180418041206,U4,2,P11,483,483,4.73,-8.96,127,GOOD,GOOD,150.9371,195.6965,97.95279000000001,0,0.9055,4/18/2018 8:14
25865,1020,FP9,TOP,4009189383,4/18/2018 5:00,1524027600,TWB_SM3,TWB_PCBA_SM3_TOP_FP,TWB_PCBA_TOP_FP9,1020,TWB_SM3,TWB_PCBA_PASTE_INSPECTION_TOP,PN-337126,00F11F8B,00F11F8B,PN-337126,00F11F8C,T27,,PROCESS,94474092,00F11F8BT-20180418041206,U4,2,G9,483,483,11.86,-8.12,127,GOOD,GOOD,151.236,189.1233,101.55799999999999,0,0.9055,4/18/2018 8:14
25872,1020,FP9,TOP,4009189383,4/18/2018 5:00,1524027600,TWB_SM3,TWB_PCBA_SM3_TOP_FP,TWB_PCBA_TOP_FP9,1020,TWB_SM3,TWB_PCBA_PASTE_INSPECTION_TOP,PN-337126,00F11F8B,00F11F8B,PN-337126,00F11F8C,T27,,PROCESS,94474092,00F11F8BT-20180418041206,U4,2,H3,483,483,7.11,-0.56,127,GOOD,GOOD,152.9264,190.2478,102.0861,0,0.9055,4/18/2018 8:14
25944,1020,FP9,TOP,4009189383,4/18/2018 5:00,1524027600,TWB_SM3,TWB_PCBA_SM3_TOP_FP,TWB_PCBA_TOP_FP9,1020,TWB_SM3,TWB_PCBA_PASTE_INSPECTION_TOP,PN-337126,00F11F8B,00F11F8B,PN-337126,00F11F8C,T27,,PROCESS,94474092,00F11F8BT-20180418041206,U4,2,M6,483,483,8.22,-2.99,127,GOOD,GOOD,158.9711,199.8821,101.0062,0,0.9055,4/18/2018 8:14
25983,1020,FP9,TOP,4009189383,4/18/2018 5:00,1524027600,TWB_SM3,TWB_PCBA_SM3_TOP_FP,TWB_PCBA_TOP_FP9,1020,TWB_SM3,TWB_PCBA_PASTE_INSPECTION_TOP,PN-337126,00F11F8B,00F11F8B,PN-337126,00F11F8C,T27,,PROCESS,94474092,00F11F8BT-20180418041206,U4,2,C8,483,483,4.15,-9.41,127,GOOD,GOOD,142.3938,172.5814,104.7854,0,0.9055,4/18/2018 8:14
25998,1020,FP9,TOP,4009189383,4/18/2018 5:00,1524027600,TWB_SM3,TWB_PCBA_SM3_TOP_FP,TWB_PCBA_TOP_FP9,1020,TWB_SM3,TWB_PCBA_PASTE_INSPECTION_TOP,PN-337126,00F11F8B,00F11F8B,PN-337126,00F11F8C,T27,,PROCESS,94474092,00F11F8BT-20180418041206,U4,2,L3,483,483,11.19,0.67,127,GOOD,GOOD,152.2539,188.3005,102.6882,0,0.9055,4/18/2018 8:14
26060,1020,FP9,TOP,4009189383,4/18/2018 5:00,1524027600,TWB_SM3,TWB_PCBA_SM3_TOP_FP,TWB_PCBA_TOP_FP9,1020,TWB_SM3,TWB_PCBA_PASTE_INSPECTION_TOP,PN-337126,00F11F8B,00F11F8B,PN-337126,00F11F8C,T27,,PROCESS,94474092,00F11F8BT-20180418041206,U4,2,M11,483,483,-0.47,-9.79,127,GOOD,GOOD,135.4095,171.5294,100.2569,0,0.9055,4/18/2018 8:14
26211,1020,FP9,TOP,4009189383,4/18/2018 5:00,1524027600,TWB_SM3,TWB_PCBA_SM3_TOP_FP,TWB_PCBA_TOP_FP9,1020,TWB_SM3,TWB_PCBA_PASTE_INSPECTION_TOP,PN-337126,00F11F8B,00F11F8B,PN-337126,00F11F8C,T27,,PROCESS,94474092,00F11F8BT-20180418041206,U4,2,M8,483,483,8.11,-5.71,127,GOOD,GOOD,149.1325,183.2765,103.3402,0,0.9055,4/18/2018 8:14
26767,1020,FP9,TOP,4009189383,4/18/2018 5:00,1524027600,TWB_SM3,TWB_PCBA_SM3_TOP_FP,TWB_PCBA_TOP_FP9,1020,TWB_SM3,TWB_PCBA_PASTE_INSPECTION_TOP,PN-337126,00F11F8B,00F11F8B,PN-337126,00F11F8C,T27,,PROCESS,94474092,00F11F8BT-20180418041206,U4,2,L1,483,483,9.64,3.39,127,GOOD,GOOD,153.5157,191.1912,101.9738,0,0.9055,4/18/2018 8:14
26978,1020,FP9,TOP,4009189383,4/18/2018 5:00,1524027600,TWB_SM3,TWB_PCBA_SM3_TOP_FP,TWB_PCBA_TOP_FP9,1020,TWB_SM3,TWB_PCBA_PASTE_INSPECTION_TOP,PN-337126,00F11F8B,00F11F8B,PN-337126,00F11F8C,T27,,PROCESS,94474092,00F11F8BT-20180418041206,U4,2,P13,483,483,2.98,-11.68,127,GOOD,GOOD,140.6348,183.3853,97.39395,0,0.9055,4/18/2018 8:14
27081,1020,FP9,TOP,4009189383,4/18/2018 5:00,1524027600,TWB_SM3,TWB_PCBA_SM3_TOP_FP,TWB_PCBA_TOP_FP9,1020,TWB_SM3,TWB_PCBA_PASTE_INSPECTION_TOP,PN-337126,00F11F8B,00F11F8B,PN-337126,00F11F8C,T27,,PROCESS,94474092,00F11F8BT-20180418041206,U4,2,L9,483,483,8.19,-7.49,127,GOOD,GOOD,144.9171,189.7748,96.98061,0,0.9055,4/18/2018 8:14
27268,1020,FP9,TOP,4009189383,4/18/2018 5:00,1524027600,TWB_SM3,TWB_PCBA_SM3_TOP_FP,TWB_PCBA_TOP_FP9,1020,TWB_SM3,TWB_PCBA_PASTE_INSPECTION_TOP,PN-337126,00F11F8B,00F11F8B,PN-337126,00F11F8C,T27,,PROCESS,94474092,00F11F8BT-20180418041206,U4,2,G6,483,483,2.25,-4.04,127,GOOD,GOOD,148.578,185.0822,101.9515,0,0.9055,4/18/2018 8:14
27395,1020,FP9,TOP,4009189383,4/18/2018 5:00,1524027600,TWB_SM3,TWB_PCBA_SM3_TOP_FP,TWB_PCBA_TOP_FP9,1020,TWB_SM3,TWB_PCBA_PASTE_INSPECTION_TOP,PN-337126,00F11F8B,00F11F8B,PN-337126,00F11F8C,T27,,PROCESS,94474092,00F11F8BT-20180418041206,U4,2,F5,483,483,6.1,-4.1,127,GOOD,GOOD,140.3204,174.4747,102.1391,0,0.9055,4/18/2018 8:14
27565,1020,FP9,TOP,4009189383,4/18/2018 5:00,1524027600,TWB_SM3,TWB_PCBA_SM3_TOP_FP,TWB_PCBA_TOP_FP9,1020,TWB_SM3,TWB_PCBA_PASTE_INSPECTION_TOP,PN-337126,00F11F8B,00F11F8B,PN-337126,00F11F8C,T27,,PROCESS,94474092,00F11F8BT-20180418041206,U4,2,G14,483,483,9.08,5.09,127,GOOD,GOOD,151.328,193.4134,99.36573,0,0.9055,4/18/2018 8:14
27730,1020,FP9,TOP,4009189383,4/18/2018 5:00,1524027600,TWB_SM3,TWB_PCBA_SM3_TOP_FP,TWB_PCBA_TOP_FP9,1020,TWB_SM3,TWB_PCBA_PASTE_INSPECTION_TOP,PN-337126,00F11F8B,00F11F8B,PN-337126,00F11F8C,T27,,PROCESS,94474092,00F11F8BT-20180418041206,U4,2,B3,483,483,-1.88,-3.03,127,GOOD,GOOD,146.83100000000002,187.3862,99.51395,0,0.9055,4/18/2018 8:14
27823,1020,FP9,TOP,4009189383,4/18/2018 5:00,1524027600,TWB_SM3,TWB_PCBA_SM3_TOP_FP,TWB_PCBA_TOP_FP9,1020,TWB_SM3,TWB_PCBA_PASTE_INSPECTION_TOP,PN-337126,00F11F8B,00F11F8B,PN-337126,00F11F8C,T27,,PROCESS,94474092,00F11F8BT-20180418041206,U4,2,C13,483,483,4.71,3.79,127,GOOD,GOOD,141.8825,198.2067,90.91051,0,0.9055,4/18/2018 8:14
27977,1020,FP9,TOP,4009189383,4/18/2018 5:00,1524027600,TWB_SM3,TWB_PCBA_SM3_TOP_FP,TWB_PCBA_TOP_FP9,1020,TWB_SM3,TWB_PCBA_PASTE_INSPECTION_TOP,PN-337126,00F11F8B,00F11F8B,PN-337126,00F11F8C,T27,,PROCESS,94474092,00F11F8BT-20180418041206,U4,2,N2,483,483,11.97,2.85,127,GOOD,GOOD,149.0539,186.5556,101.4703,0,0.9055,4/18/2018 8:14
27981,1020,FP9,TOP,4009189383,4/18/2018 5:00,1524027600,TWB_SM3,TWB_PCBA_SM3_TOP_FP,TWB_PCBA_TOP_FP9,1020,TWB_SM3,TWB_PCBA_PASTE_INSPECTION_TOP,PN-337126,00F11F8B,00F11F8B,PN-337126,00F11F8C,T27,,PROCESS,94474092,00F11F8BT-20180418041206,U4,2,P6,483,483,-1.6,-2.16,127,GOOD,GOOD,141.9872,184.132,97.93181,0,0.9055,4/18/2018 8:14
27989,1020,FP9,TOP,4009189383,4/18/2018 5:00,1524027600,TWB_SM3,TWB_PCBA_SM3_TOP_FP,TWB_PCBA_TOP_FP9,1020,TWB_SM3,TWB_PCBA_PASTE_INSPECTION_TOP,PN-337126,00F11F8B,00F11F8B,PN-337126,00F11F8C,T27,,PROCESS,94474092,00F11F8BT-20180418041206,U4,2,T7,483,483,-0.1,-2.7,127,GOOD,GOOD,148.28,200.6823,93.83765,0,0.9055,4/18/2018 8:14
28230,1020,FP9,TOP,4009189383,4/18/2018 5:00,1524027600,TWB_SM3,TWB_PCBA_SM3_TOP_FP,TWB_PCBA_TOP_FP9,1020,TWB_SM3,TWB_PCBA_PASTE_INSPECTION_TOP,PN-337126,00F11F8B,00F11F8B,PN-337126,00F11F8C,T27,,PROCESS,94474092,00F11F8BT-20180418041206,U4,2,N9,483,483,1.68,-6.67,127,GOOD,GOOD,148.9597,192.6823,98.18178,0,0.9055,4/18/2018 8:14
28384,1020,FP9,TOP,4009189383,4/18/2018 5:00,1524027600,TWB_SM3,TWB_PCBA_SM3_TOP_FP,TWB_PCBA_TOP_FP9,1020,TWB_SM3,TWB_PCBA_PASTE_INSPECTION_TOP,PN-337126,00F11F8B,00F11F8B,PN-337126,00F11F8C,T27,,PROCESS,94474092,00F11F8BT-20180418041206,U4,2,D11,483,483,-0.46,-13.08,127,GOOD,GOOD,138.4137,192.2926,91.41559000000001,0,0.9055,4/18/2018 8:14
28385,1020,FP9,TOP,4009189383,4/18/2018 5:00,1524027600,TWB_SM3,TWB_PCBA_SM3_TOP_FP,TWB_PCBA_TOP_FP9,1020,TWB_SM3,TWB_PCBA_PASTE_INSPECTION_TOP,PN-337126,00F11F8B,00F11F8B,PN-337126,00F11F8C,T27,,PROCESS,94474092,00F11F8BT-20180418041206,U4,2,L16,483,483,-3.77,2.99,127,GOOD,GOOD,126.4037,183.6691,87.40325,0,0.9055,4/18/2018 8:14
28389,1020,FP9,TOP,4009189383,4/18/2018 5:00,1524027600,TWB_SM3,TWB_PCBA_SM3_TOP_FP,TWB_PCBA_TOP_FP9,1020,TWB_SM3,TWB_PCBA_PASTE_INSPECTION_TOP,PN-337126,00F11F8B,00F11F8B,PN-337126,00F11F8C,T27,,PROCESS,94474092,00F11F8BT-20180418041206,U4,2,M14,483,483,0.02,6.14,127,GOOD,GOOD,136.3569,182.8615,94.70185,0,0.9055,4/18/2018 8:14
28508,1020,FP9,TOP,4009189383,4/18/2018 5:00,1524027600,TWB_SM3,TWB_PCBA_SM3_TOP_FP,TWB_PCBA_TOP_FP9,1020,TWB_SM3,TWB_PCBA_PASTE_INSPECTION_TOP,PN-337126,00F11F8B,00F11F8B,PN-337126,00F11F8C,T27,,PROCESS,94474092,00F11F8BT-20180418041206,U4,2,C11,483,483,0.66,6.51,127,GOOD,GOOD,142.8933,190.4383,95.29307,0,0.9055,4/18/2018 8:14
28509,1020,FP9,TOP,4009189383,4/18/2018 5:00,1524027600,TWB_SM3,TWB_PCBA_SM3_TOP_FP,TWB_PCBA_TOP_FP9,1020,TWB_SM3,TWB_PCBA_PASTE_INSPECTION_TOP,PN-337126,00F11F8B,00F11F8B,PN-337126,00F11F8C,T27,,PROCESS,94474092,00F11F8BT-20180418041206,U4,2,K16,483,483,9.9,1.59,127,GOOD,GOOD,126.8173,179.3115,89.82018000000001,0,0.9055,4/18/2018 8:14
28528,1020,FP9,TOP,4009189383,4/18/2018 5:00,1524027600,TWB_SM3,TWB_PCBA_SM3_TOP_FP,TWB_PCBA_TOP_FP9,1020,TWB_SM3,TWB_PCBA_PASTE_INSPECTION_TOP,PN-337126,00F11F8B,00F11F8B,PN-337126,00F11F8C,T27,,PROCESS,94474092,00F11F8BT-20180418041206,U4,2,H7,483,483,9.03,-6.0,127,GOOD,GOOD,142.1886,190.1736,94.95508000000001,0,0.9055,4/18/2018 8:14
28532,1020,FP9,TOP,4009189383,4/18/2018 5:00,1524027600,TWB_SM3,TWB_PCBA_SM3_TOP_FP,TWB_PCBA_TOP_FP9,1020,TWB_SM3,TWB_PCBA_PASTE_INSPECTION_TOP,PN-337126,00F11F8B,00F11F8B,PN-337126,00F11F8C,T27,,PROCESS,94474092,00F11F8BT-20180418041206,U4,2,E10,483,483,6.1,-12.31,127,GOOD,GOOD,143.8654,171.4385,106.5741,0,0.9055,4/18/2018 8:14
28533,1020,FP9,TOP,4009189383,4/18/2018 5:00,1524027600,TWB_SM3,TWB_PCBA_SM3_TOP_FP,TWB_PCBA_TOP_FP9,1020,TWB_SM3,TWB_PCBA_PASTE_INSPECTION_TOP,PN-337126,00F11F8B,00F11F8B,PN-337126,00F11F8C,T27,,PROCESS,94474092,00F11F8BT-20180418041206,U4,2,M15,483,483,1.12,4.77,127,GOOD,GOOD,135.1723,184.3936,93.09907,0,0.9055,4/18/2018 8:14
28652,1020,FP9,TOP,4009189383,4/18/2018 5:00,1524027600,TWB_SM3,TWB_PCBA_SM3_TOP_FP,TWB_PCBA_TOP_FP9,1020,TWB_SM3,TWB_PCBA_PASTE_INSPECTION_TOP,PN-337126,00F11F8B,00F11F8B,PN-337126,00F11F8C,T27,,PROCESS,94474092,00F11F8BT-20180418041206,U4,2,F3,483,483,0.25,-1.38,127,GOOD,GOOD,141.2155,180.5882,99.31081999999999,0,0.9055,4/18/2018 8:14
28658,1020,FP9,TOP,4009189383,4/18/2018 5:00,1524027600,TWB_SM3,TWB_PCBA_SM3_TOP_FP,TWB_PCBA_TOP_FP9,1020,TWB_SM3,TWB_PCBA_PASTE_INSPECTION_TOP,PN-337126,00F11F8B,00F11F8B,PN-337126,00F11F8C,T27,,PROCESS,94474092,00F11F8BT-20180418041206,U4,2,H4,483,483,1.91,-1.92,127,GOOD,GOOD,148.6886,185.8495,101.6061,0,0.9055,4/18/2018 8:14
28938,1020,FP9,TOP,4009189383,4/18/2018 5:00,1524027600,TWB_SM3,TWB_PCBA_SM3_TOP_FP,TWB_PCBA_TOP_FP9,1020,TWB_SM3,TWB_PCBA_PASTE_INSPECTION_TOP,PN-337126,00F11F8B,00F11F8B,PN-337126,00F11F8C,T27,,PROCESS,94474092,00F11F8BT-20180418041206,U4,2,A14,483,483,1.75,1.61,127,GOOD,GOOD,138.3493,171.1217,102.6776,0,0.9055,4/18/2018 8:14
28942,1020,FP9,TOP,4009189383,4/18/2018 5:00,1524027600,TWB_SM3,TWB_PCBA_SM3_TOP_FP,TWB_PCBA_TOP_FP9,1020,TWB_SM3,TWB_PCBA_PASTE_INSPECTION_TOP,PN-337126,00F11F8B,00F11F8B,PN-337126,00F11F8C,T27,,PROCESS,94474092,00F11F8BT-20180418041206,U4,2,B15,483,483,6.7,0.66,127,GOOD,GOOD,136.4897,174.5535,99.30592,0,0.9055,4/18/2018 8:14
29089,1020,FP9,TOP,4009189383,4/18/2018 5:00,1524027600,TWB_SM3,TWB_PCBA_SM3_TOP_FP,TWB_PCBA_TOP_FP9,1020,TWB_SM3,TWB_PCBA_PASTE_INSPECTION_TOP,PN-337126,00F11F8B,00F11F8B,PN-337126,00F11F8C,T27,,PROCESS,94474092,00F11F8BT-20180418041206,U4,2,A3,483,483,-1.59,-3.44,127,GOOD,GOOD,143.308,175.6273,103.6292,0,0.9055,4/18/2018 8:14
29090,1020,FP9,TOP,4009189383,4/18/2018 5:00,1524027600,TWB_SM3,TWB_PCBA_SM3_TOP_FP,TWB_PCBA_TOP_FP9,1020,TWB_SM3,TWB_PCBA_PASTE_INSPECTION_TOP,PN-337126,00F11F8B,00F11F8B,PN-337126,00F11F8C,T27,,PROCESS,94474092,00F11F8BT-20180418041206,U4,2,T12,483,483,2.92,-9.5,127,GOOD,GOOD,139.2555,181.185,97.60989000000001,0,0.9055,4/18/2018 8:14
29265,1020,FP9,TOP,4009189383,4/18/2018 5:00,1524027600,TWB_SM3,TWB_PCBA_SM3_TOP_FP,TWB_PCBA_TOP_FP9,1020,TWB_SM3,TWB_PCBA_PASTE_INSPECTION_TOP,PN-337126,00F11F8B,00F11F8B,PN-337126,00F11F8C,T27,,PROCESS,94474092,00F11F8BT-20180418041206,U4,2,J11,483,483,7.99,-11.03,127,GOOD,GOOD,147.5223,188.7464,99.26195,0,0.9055,4/18/2018 8:14
29266,1020,FP9,TOP,4009189383,4/18/2018 5:00,1524027600,TWB_SM3,TWB_PCBA_SM3_TOP_FP,TWB_PCBA_TOP_FP9,1020,TWB_SM3,TWB_PCBA_PASTE_INSPECTION_TOP,PN-337126,00F11F8B,00F11F8B,PN-337126,00F11F8C,T27,,PROCESS,94474092,00F11F8BT-20180418041206,U4,2,J4,483,483,11.55,-1.51,127,GOOD,GOOD,158.1733,193.2729,103.936,0,0.9055,4/18/2018 8:14
29267,1020,FP9,TOP,4009189383,4/18/2018 5:00,1524027600,TWB_SM3,TWB_PCBA_SM3_TOP_FP,TWB_PCBA_TOP_FP9,1020,TWB_SM3,TWB_PCBA_PASTE_INSPECTION_TOP,PN-337126,00F11F8B,00F11F8B,PN-337126,00F11F8C,T27,,PROCESS,94474092,00F11F8BT-20180418041206,U4,2,R16,483,483,4.15,4.64,127,GOOD,GOOD,126.72200000000001,172.7332,93.1708,0,0.9055,4/18/2018 8:14
29683,1020,FP9,TOP,4009189383,4/18/2018 5:00,1524027600,TWB_SM3,TWB_PCBA_SM3_TOP_FP,TWB_PCBA_TOP_FP9,1020,TWB_SM3,TWB_PCBA_PASTE_INSPECTION_TOP,PN-337126,00F11F8B,00F11F8B,PN-337126,00F11F8C,T27,,PROCESS,94474092,00F11F8BT-20180418041206,U4,2,F16,483,483,4.46,0.94,127,GOOD,GOOD,129.1196,180.2716,90.96375,0,0.9055,4/18/2018 8:14
29998,1020,FP9,TOP,4009189383,4/18/2018 5:00,1524027600,TWB_SM3,TWB_PCBA_SM3_TOP_FP,TWB_PCBA_TOP_FP9,1020,TWB_SM3,TWB_PCBA_PASTE_INSPECTION_TOP,PN-337126,00F11F8B,00F11F8B,PN-337126,00F11F8C,T27,,PROCESS,94474092,00F11F8BT-20180418041206,U4,2,F12,483,483,7.67,6.38,127,GOOD,GOOD,135.6193,176.551,97.55623,0,0.9055,4/18/2018 8:14
30158,1020,FP9,TOP,4009189383,4/18/2018 5:00,1524027600,TWB_SM3,TWB_PCBA_SM3_TOP_FP,TWB_PCBA_TOP_FP9,1020,TWB_SM3,TWB_PCBA_PASTE_INSPECTION_TOP,PN-337126,00F11F8B,00F11F8B,PN-337126,00F11F8C,T27,,PROCESS,94474092,00F11F8BT-20180418041206,U4,2,F11,483,483,10.54,-12.26,127,GOOD,GOOD,148.0455,194.6593,96.58815,0,0.9055,4/18/2018 8:14
30159,1020,FP9,TOP,4009189383,4/18/2018 5:00,1524027600,TWB_SM3,TWB_PCBA_SM3_TOP_FP,TWB_PCBA_TOP_FP9,1020,TWB_SM3,TWB_PCBA_PASTE_INSPECTION_TOP,PN-337126,00F11F8B,00F11F8B,PN-337126,00F11F8C,T27,,PROCESS,94474092,00F11F8BT-20180418041206,U4,2,N16,483,483,-1.05,3.82,127,GOOD,GOOD,126.5337,176.6395,90.97505,0,0.9055,4/18/2018 8:14
30352,1020,FP9,TOP,4009189383,4/18/2018 5:00,1524027600,TWB_SM3,TWB_PCBA_SM3_TOP_FP,TWB_PCBA_TOP_FP9,1020,TWB_SM3,TWB_PCBA_PASTE_INSPECTION_TOP,PN-337126,00F11F8B,00F11F8B,PN-337126,00F11F8C,T27,,PROCESS,94474092,00F11F8BT-20180418041206,U4,2,P4,483,483,0.84,0.56,127,GOOD,GOOD,142.97,183.4139,98.99574,0,0.9055,4/18/2018 8:14
30675,1020,FP9,TOP,4009189383,4/18/2018 5:00,1524027600,TWB_SM3,TWB_PCBA_SM3_TOP_FP,TWB_PCBA_TOP_FP9,1020,TWB_SM3,TWB_PCBA_PASTE_INSPECTION_TOP,PN-337126,00F11F8B,00F11F8B,PN-337126,00F11F8C,T27,,PROCESS,94474092,00F11F8BT-20180418041206,U4,2,E9,483,483,9.14,-10.95,127,GOOD,GOOD,150.21,183.6173,103.8936,0,0.9055,4/18/2018 8:14
30682,1020,FP9,TOP,4009189383,4/18/2018 5:00,1524027600,TWB_SM3,TWB_PCBA_SM3_TOP_FP,TWB_PCBA_TOP_FP9,1020,TWB_SM3,TWB_PCBA_PASTE_INSPECTION_TOP,PN-337126,00F11F8B,00F11F8B,PN-337126,00F11F8C,T27,,PROCESS,94474092,00F11F8BT-20180418041206,U4,2,B12,483,483,6.37,4.74,127,GOOD,GOOD,143.4386,188.0345,96.87954,0,0.9055,4/18/2018 8:14
30955,1020,FP9,TOP,4009189383,4/18/2018 5:00,1524027600,TWB_SM3,TWB_PCBA_SM3_TOP_FP,TWB_PCBA_TOP_FP9,1020,TWB_SM3,TWB_PCBA_PASTE_INSPECTION_TOP,PN-337126,00F11F8B,00F11F8B,PN-337126,00F11F8C,T27,,PROCESS,94474092,00F11F8BT-20180418041206,U4,2,F6,483,483,4.2,-5.46,127,GOOD,GOOD,142.5453,179.1826,101.0324,0,0.9055,4/18/2018 8:14
31012,1020,FP9,TOP,4009189383,4/18/2018 5:00,1524027600,TWB_SM3,TWB_PCBA_SM3_TOP_FP,TWB_PCBA_TOP_FP9,1020,TWB_SM3,TWB_PCBA_PASTE_INSPECTION_TOP,PN-337126,00F11F8B,00F11F8B,PN-337126,00F11F8C,T27,,PROCESS,94474092,00F11F8BT-20180418041206,U4,2,C4,483,483,1.74,-3.97,127,GOOD,GOOD,142.3124,187.9786,96.14754,0,0.9055,4/18/2018 8:14
31109,1020,FP9,TOP,4009189383,4/18/2018 5:00,1524027600,TWB_SM3,TWB_PCBA_SM3_TOP_FP,TWB_PCBA_TOP_FP9,1020,TWB_SM3,TWB_PCBA_PASTE_INSPECTION_TOP,PN-337126,00F11F8B,00F11F8B,PN-337126,00F11F8C,T27,,PROCESS,94474092,00F11F8BT-20180418041206,U4,2,N14,483,483,3.04,6.54,127,GOOD,GOOD,139.5035,184.0695,96.25139,0,0.9055,4/18/2018 8:14
31116,1020,FP9,TOP,4009189383,4/18/2018 5:00,1524027600,TWB_SM3,TWB_PCBA_SM3_TOP_FP,TWB_PCBA_TOP_FP9,1020,TWB_SM3,TWB_PCBA_PASTE_INSPECTION_TOP,PN-337126,00F11F8B,00F11F8B,PN-337126,00F11F8C,T27,,PROCESS,94474092,00F11F8BT-20180418041206,U4,2,C14,483,483,4.47,2.43,127,GOOD,GOOD,141.4909,189.2727,94.93892,0,0.9055,4/18/2018 8:14
31213,1020,FP9,TOP,4009189383,4/18/2018 5:00,1524027600,TWB_SM3,TWB_PCBA_SM3_TOP_FP,TWB_PCBA_TOP_FP9,1020,TWB_SM3,TWB_PCBA_PASTE_INSPECTION_TOP,PN-337126,00F11F8B,00F11F8B,PN-337126,00F11F8C,T27,,PROCESS,94474092,00F11F8BT-20180418041206,U4,2,D6,483,483,1.48,-6.28,127,GOOD,GOOD,143.9383,180.8233,101.0941,0,0.9055,4/18/2018 8:14
31624,1020,FP9,TOP,4009189383,4/18/2018 5:00,1524027600,TWB_SM3,TWB_PCBA_SM3_TOP_FP,TWB_PCBA_TOP_FP9,1020,TWB_SM3,TWB_PCBA_PASTE_INSPECTION_TOP,PN-337126,00F11F8B,00F11F8B,PN-337126,00F11F8C,T27,,PROCESS,94474092,00F11F8BT-20180418041206,U4,2,N12,483,483,2.15,-10.75,127,GOOD,GOOD,145.306,194.0819,95.08282,0,0.9055,4/18/2018 8:14
31628,1020,FP9,TOP,4009189383,4/18/2018 5:00,1524027600,TWB_SM3,TWB_PCBA_SM3_TOP_FP,TWB_PCBA_TOP_FP9,1020,TWB_SM3,TWB_PCBA_PASTE_INSPECTION_TOP,PN-337126,00F11F8B,00F11F8B,PN-337126,00F11F8C,T27,,PROCESS,94474092,00F11F8BT-20180418041206,U4,2,F10,483,483,8.29,-10.9,127,GOOD,GOOD,151.1611,183.8933,104.3945,0,0.9055,4/18/2018 8:14
31629,1020,FP9,TOP,4009189383,4/18/2018 5:00,1524027600,TWB_SM3,TWB_PCBA_SM3_TOP_FP,TWB_PCBA_TOP_FP9,1020,TWB_SM3,TWB_PCBA_PASTE_INSPECTION_TOP,PN-337126,00F11F8B,00F11F8B,PN-337126,00F11F8C,T27,,PROCESS,94474092,00F11F8BT-20180418041206,U4,2,N15,483,483,-0.83,5.17,127,GOOD,GOOD,135.3421,179.1899,95.92313,0,0.9055,4/18/2018 8:14
31678,1020,FP9,TOP,4009189383,4/18/2018 5:00,1524027600,TWB_SM3,TWB_PCBA_SM3_TOP_FP,TWB_PCBA_TOP_FP9,1020,TWB_SM3,TWB_PCBA_PASTE_INSPECTION_TOP,PN-337126,00F11F8B,00F11F8B,PN-337126,00F11F8C,T27,,PROCESS,94474092,00F11F8BT-20180418041206,U4,2,R1,483,483,-2.43,5.04,127,GOOD,GOOD,138.1581,178.0812,98.52853,0,0.9055,4/18/2018 8:14
31805,1020,FP9,TOP,4009189383,4/18/2018 5:00,1524027600,TWB_SM3,TWB_PCBA_SM3_TOP_FP,TWB_PCBA_TOP_FP9,1020,TWB_SM3,TWB_PCBA_PASTE_INSPECTION_TOP,PN-337126,00F11F8B,00F11F8B,PN-337126,00F11F8C,T27,,PROCESS,94474092,00F11F8BT-20180418041206,U4,2,E13,483,483,7.43,3.61,127,GOOD,GOOD,146.2782,192.245,96.63364,0,0.9055,4/18/2018 8:14
31816,1020,FP9,TOP,4009189383,4/18/2018 5:00,1524027600,TWB_SM3,TWB_PCBA_SM3_TOP_FP,TWB_PCBA_TOP_FP9,1020,TWB_SM3,TWB_PCBA_PASTE_INSPECTION_TOP,PN-337126,00F11F8B,00F11F8B,PN-337126,00F11F8C,T27,,PROCESS,94474092,00F11F8BT-20180418041206,U4,2,P12,483,483,1.86,-10.32,127,GOOD,GOOD,145.2648,191.8854,96.14404,0,0.9055,4/18/2018 8:14
31910,1020,FP9,TOP,4009189383,4/18/2018 5:00,1524027600,TWB_SM3,TWB_PCBA_SM3_TOP_FP,TWB_PCBA_TOP_FP9,1020,TWB_SM3,TWB_PCBA_PASTE_INSPECTION_TOP,PN-337126,00F11F8B,00F11F8B,PN-337126,00F11F8C,T27,,PROCESS,94474092,00F11F8BT-20180418041206,U4,2,H15,483,483,10.71,3.13,127,GOOD,GOOD,137.8752,180.8708,96.81023,0,0.9055,4/18/2018 8:14
32044,1020,FP9,TOP,4009189383,4/18/2018 5:00,1524027600,TWB_SM3,TWB_PCBA_SM3_TOP_FP,TWB_PCBA_TOP_FP9,1020,TWB_SM3,TWB_PCBA_PASTE_INSPECTION_TOP,PN-337126,00F11F8B,00F11F8B,PN-337126,00F11F8C,T27,,PROCESS,94474092,00F11F8BT-20180418041206,U4,2,B5,483,483,3.97,-5.75,127,GOOD,GOOD,149.6683,183.048,103.8409,0,0.9055,4/18/2018 8:14
32246,1020,FP9,TOP,4009189383,4/18/2018 5:00,1524027600,TWB_SM3,TWB_PCBA_SM3_TOP_FP,TWB_PCBA_TOP_FP9,1020,TWB_SM3,TWB_PCBA_PASTE_INSPECTION_TOP,PN-337126,00F11F8B,00F11F8B,PN-337126,00F11F8C,T27,,PROCESS,94474092,00F11F8BT-20180418041206,U4,2,L8,483,483,8.4,-6.13,127,GOOD,GOOD,145.6853,181.9046,101.7128,0,0.9055,4/18/2018 8:14
32456,1020,FP9,TOP,4009189383,4/18/2018 5:00,1524027600,TWB_SM3,TWB_PCBA_SM3_TOP_FP,TWB_PCBA_TOP_FP9,1020,TWB_SM3,TWB_PCBA_PASTE_INSPECTION_TOP,PN-337126,00F11F8B,00F11F8B,PN-337126,00F11F8C,T27,,PROCESS,94474092,00F11F8BT-20180418041206,U4,2,J2,483,483,6.53,1.21,127,GOOD,GOOD,148.7571,183.7127,102.8353,0,0.9055,4/18/2018 8:14
32457,1020,FP9,TOP,4009189383,4/18/2018 5:00,1524027600,TWB_SM3,TWB_PCBA_SM3_TOP_FP,TWB_PCBA_TOP_FP9,1020,TWB_SM3,TWB_PCBA_PASTE_INSPECTION_TOP,PN-337126,00F11F8B,00F11F8B,PN-337126,00F11F8C,T27,,PROCESS,94474092,00F11F8BT-20180418041206,U4,2,R14,483,483,4.1,7.36,127,GOOD,GOOD,129.2752,173.7545,94.48940999999999,0,0.9055,4/18/2018 8:14
32856,1020,FP9,TOP,4009189383,4/18/2018 5:00,1524027600,TWB_SM3,TWB_PCBA_SM3_TOP_FP,TWB_PCBA_TOP_FP9,1020,TWB_SM3,TWB_PCBA_PASTE_INSPECTION_TOP,PN-337126,00F11F8B,00F11F8B,PN-337126,00F11F8C,T27,,PROCESS,94474092,00F11F8BT-20180418041206,U4,2,M5,483,483,9.29,-1.63,127,GOOD,GOOD,151.0708,193.5755,99.11372,0,0.9055,4/18/2018 8:14
32864,1020,FP9,TOP,4009189383,4/18/2018 5:00,1524027600,TWB_SM3,TWB_PCBA_SM3_TOP_FP,TWB_PCBA_TOP_FP9,1020,TWB_SM3,TWB_PCBA_PASTE_INSPECTION_TOP,PN-337126,00F11F8B,00F11F8B,PN-337126,00F11F8C,T27,,PROCESS,94474092,00F11F8BT-20180418041206,U4,2,K3,483,483,3.2,-0.73,127,GOOD,GOOD,143.1446,194.4534,93.48955,0,0.9055,4/18/2018 8:14
32891,1020,FP9,TOP,4009189383,4/18/2018 5:00,1524027600,TWB_SM3,TWB_PCBA_SM3_TOP_FP,TWB_PCBA_TOP_FP9,1020,TWB_SM3,TWB_PCBA_PASTE_INSPECTION_TOP,PN-337126,00F11F8B,00F11F8B,PN-337126,00F11F8C,T27,,PROCESS,94474092,00F11F8BT-20180418041206,U4,2,T1,483,483,-1.07,5.46,127,GOOD,GOOD,138.4788,174.5283,100.7677,0,0.9055,4/18/2018 8:14
32907,1020,FP9,TOP,4009189383,4/18/2018 5:00,1524027600,TWB_SM3,TWB_PCBA_SM3_TOP_FP,TWB_PCBA_TOP_FP9,1020,TWB_SM3,TWB_PCBA_PASTE_INSPECTION_TOP,PN-337126,00F11F8B,00F11F8B,PN-337126,00F11F8C,T27,,PROCESS,94474092,00F11F8BT-20180418041206,U4,2,D10,483,483,6.39,-11.72,127,GOOD,GOOD,142.4907,187.0693,96.73591,0,0.9055,4/18/2018 8:14
32908,1020,FP9,TOP,4009189383,4/18/2018 5:00,1524027600,TWB_SM3,TWB_PCBA_SM3_TOP_FP,TWB_PCBA_TOP_FP9,1020,TWB_SM3,TWB_PCBA_PASTE_INSPECTION_TOP,PN-337126,00F11F8B,00F11F8B,PN-337126,00F11F8C,T27,,PROCESS,94474092,00F11F8BT-20180418041206,U4,2,L15,483,483,0.59,4.35,127,GOOD,GOOD,138.6064,182.7512,96.32224000000001,0,0.9055,4/18/2018 8:14
33060,1020,FP9,TOP,4009189383,4/18/2018 5:00,1524027600,TWB_SM3,TWB_PCBA_SM3_TOP_FP,TWB_PCBA_TOP_FP9,1020,TWB_SM3,TWB_PCBA_PASTE_INSPECTION_TOP,PN-337126,00F11F8B,00F11F8B,PN-337126,00F11F8C,T27,,PROCESS,94474092,00F11F8BT-20180418041206,U4,2,B14,483,483,0.63,2.02,127,GOOD,GOOD,136.8037,181.5009,95.72447,0,0.9055,4/18/2018 8:14
33673,1020,FP9,TOP,4009189383,4/18/2018 5:00,1524027600,TWB_SM3,TWB_PCBA_SM3_TOP_FP,TWB_PCBA_TOP_FP9,1020,TWB_SM3,TWB_PCBA_PASTE_INSPECTION_TOP,PN-337126,00F11F8B,00F11F8B,PN-337126,00F11F8C,T27,,PROCESS,94474092,00F11F8BT-20180418041206,U4,2,D16,483,483,4.23,0.12,127,GOOD,GOOD,130.7389,178.642,92.94473,0,0.9055,4/18/2018 8:14
