,plcng_plant_cd,mach_id,pcb_side_inspd,wo_num,defct_dttm,intrvl_key,plcng_area_cd,plcng_prcs_cd,plcng_wrk_ctr_cd,fndng_plant_cd,fndng_area_cd,fndng_prcs_cd,bld_part_no,bld_serial_no,barcd,assy_part_no,assy_serial_no,defct_cd,failed_test_code,fail_type,cmpnt_part_no,spi_test_id,ref_id,silkscrn_nbr,cmpntpin_nbr,cmpntpin_size_x_axis,cmpntpin_size_y_axis,solder_paste_offst_x_axis,solder_paste_offst_y_axis,pad_stncl_hgt,pad_spi_result,pad_spi_defct_type,solder_paste_vol_pct,solder_paste_hgt,solder_paste_area_pct,pkg_type,stncl_surf_area_ratio,extract_dttm
3259,1020,FP9,TOP,4009518747,8/21/2018 5:12,1534827600,TWB_SM3,TWB_PCBA_SM3_TOP_FP,TWB_PCBA_TOP_FP9,1020,TWB_ICT4,TWB_PCBA_ICT,PN-337126,00F75A70,00F75A70,PN-337126,00F75A70,T22,FAILED ANALOG POWERED TEST,SOLD,94474092,00F75A70T-20180820075648,U4,1,A11,483,483,-3.2,-7.28,127,GOOD,GOOD,141.7777,162.8387,110.5743,0,0.9055,8/20/2018 12:00
3260,1020,FP9,TOP,4009518747,8/21/2018 5:12,1534827600,TWB_SM3,TWB_PCBA_SM3_TOP_FP,TWB_PCBA_TOP_FP9,1020,TWB_ICT4,TWB_PCBA_ICT,PN-337126,00F75A70,00F75A70,PN-337126,00F75A70,T22,FAILED ANALOG POWERED TEST,SOLD,94474092,00F75A70T-20180820075648,U4,1,A2,483,483,-7.02,-2.63,127,GOOD,GOOD,129.175,166.7497,98.38235,0,0.9055,8/20/2018 12:00
3261,1020,FP9,TOP,4009518747,8/21/2018 5:12,1534827600,TWB_SM3,TWB_PCBA_SM3_TOP_FP,TWB_PCBA_TOP_FP9,1020,TWB_ICT4,TWB_PCBA_ICT,PN-337126,00F75A70,00F75A70,PN-337126,00F75A70,T22,FAILED ANALOG POWERED TEST,SOLD,94474092,00F75A70T-20180820075648,U4,1,B10,483,483,-3.56,-7.48,127,GOOD,GOOD,142.10399999999998,172.8806,104.3912,0,0.9055,8/20/2018 12:00
3262,1020,FP9,TOP,4009518747,8/21/2018 5:12,1534827600,TWB_SM3,TWB_PCBA_SM3_TOP_FP,TWB_PCBA_TOP_FP9,1020,TWB_ICT4,TWB_PCBA_ICT,PN-337126,00F75A70,00F75A70,PN-337126,00F75A70,T22,FAILED ANALOG POWERED TEST,SOLD,94474092,00F75A70T-20180820075648,U4,1,B7,483,483,-3.84,-7.58,127,GOOD,GOOD,140.5228,180.6494,98.79021,0,0.9055,8/20/2018 12:00
3263,1020,FP9,TOP,4009518747,8/21/2018 5:12,1534827600,TWB_SM3,TWB_PCBA_SM3_TOP_FP,TWB_PCBA_TOP_FP9,1020,TWB_ICT4,TWB_PCBA_ICT,PN-337126,00F75A70,00F75A70,PN-337126,00F75A70,T22,FAILED ANALOG POWERED TEST,SOLD,94474092,00F75A70T-20180820075648,U4,1,D5,483,483,-3.53,-4.65,127,GOOD,GOOD,133.3523,163.3449,103.6809,0,0.9055,8/20/2018 12:00
3264,1020,FP9,TOP,4009518747,8/21/2018 5:12,1534827600,TWB_SM3,TWB_PCBA_SM3_TOP_FP,TWB_PCBA_TOP_FP9,1020,TWB_ICT4,TWB_PCBA_ICT,PN-337126,00F75A70,00F75A70,PN-337126,00F75A70,T22,FAILED ANALOG POWERED TEST,SOLD,94474092,00F75A70T-20180820075648,U4,1,F3,483,483,-1.25,-1.73,127,GOOD,GOOD,133.7051,175.2612,96.8871,0,0.9055,8/20/2018 12:00
3265,1020,FP9,TOP,4009518747,8/21/2018 5:12,1534827600,TWB_SM3,TWB_PCBA_SM3_TOP_FP,TWB_PCBA_TOP_FP9,1020,TWB_ICT4,TWB_PCBA_ICT,PN-337126,00F75A70,00F75A70,PN-337126,00F75A70,T22,FAILED ANALOG POWERED TEST,SOLD,94474092,00F75A70T-20180820075648,U4,1,G8,483,483,-1.38,-5.66,127,GOOD,GOOD,131.1954,167.3104,99.58628,0,0.9055,8/20/2018 12:00
3266,1020,FP9,TOP,4009518747,8/21/2018 5:12,1534827600,TWB_SM3,TWB_PCBA_SM3_TOP_FP,TWB_PCBA_TOP_FP9,1020,TWB_ICT4,TWB_PCBA_ICT,PN-337126,00F75A70,00F75A70,PN-337126,00F75A70,T22,FAILED ANALOG POWERED TEST,SOLD,94474092,00F75A70T-20180820075648,U4,1,H1,483,483,0.04,1.2,127,GOOD,GOOD,123.9157,169.0119,93.11350999999999,0,0.9055,8/20/2018 12:00
3267,1020,FP9,TOP,4009518747,8/21/2018 5:12,1534827600,TWB_SM3,TWB_PCBA_SM3_TOP_FP,TWB_PCBA_TOP_FP9,1020,TWB_ICT4,TWB_PCBA_ICT,PN-337126,00F75A70,00F75A70,PN-337126,00F75A70,T22,FAILED ANALOG POWERED TEST,SOLD,94474092,00F75A70T-20180820075648,U4,1,H16,483,483,6.39,5.18,127,GOOD,GOOD,127.7236,171.8201,94.40634,0,0.9055,8/20/2018 12:00
3268,1020,FP9,TOP,4009518747,8/21/2018 5:12,1534827600,TWB_SM3,TWB_PCBA_SM3_TOP_FP,TWB_PCBA_TOP_FP9,1020,TWB_ICT4,TWB_PCBA_ICT,PN-337126,00F75A70,00F75A70,PN-337126,00F75A70,T22,FAILED ANALOG POWERED TEST,SOLD,94474092,00F75A70T-20180820075648,U4,1,J14,483,483,6.61,-12.3,127,GOOD,GOOD,123.38,157.6956,99.36399,0,0.9055,8/20/2018 12:00
3269,1020,FP9,TOP,4009518747,8/21/2018 5:12,1534827600,TWB_SM3,TWB_PCBA_SM3_TOP_FP,TWB_PCBA_TOP_FP9,1020,TWB_ICT4,TWB_PCBA_ICT,PN-337126,00F75A70,00F75A70,PN-337126,00F75A70,T22,FAILED ANALOG POWERED TEST,SOLD,94474092,00F75A70T-20180820075648,U4,1,K13,483,483,7.25,-11.83,127,GOOD,GOOD,134.8185,176.1752,97.18709,0,0.9055,8/20/2018 12:00
3270,1020,FP9,TOP,4009518747,8/21/2018 5:12,1534827600,TWB_SM3,TWB_PCBA_SM3_TOP_FP,TWB_PCBA_TOP_FP9,1020,TWB_ICT4,TWB_PCBA_ICT,PN-337126,00F75A70,00F75A70,PN-337126,00F75A70,T22,FAILED ANALOG POWERED TEST,SOLD,94474092,00F75A70T-20180820075648,U4,1,K4,483,483,1.79,-1.38,127,GOOD,GOOD,146.3582,169.1812,109.8674,0,0.9055,8/20/2018 12:00
3271,1020,FP9,TOP,4009518747,8/21/2018 5:12,1534827600,TWB_SM3,TWB_PCBA_SM3_TOP_FP,TWB_PCBA_TOP_FP9,1020,TWB_ICT4,TWB_PCBA_ICT,PN-337126,00F75A70,00F75A70,PN-337126,00F75A70,T22,FAILED ANALOG POWERED TEST,SOLD,94474092,00F75A70T-20180820075648,U4,1,L12,483,483,7.91,-9.37,127,GOOD,GOOD,127.2877,164.0787,98.52306,0,0.9055,8/20/2018 12:00
3272,1020,FP9,TOP,4009518747,8/21/2018 5:12,1534827600,TWB_SM3,TWB_PCBA_SM3_TOP_FP,TWB_PCBA_TOP_FP9,1020,TWB_ICT4,TWB_PCBA_ICT,PN-337126,00F75A70,00F75A70,PN-337126,00F75A70,T22,FAILED ANALOG POWERED TEST,SOLD,94474092,00F75A70T-20180820075648,U4,1,L9,483,483,4.15,-6.17,127,GOOD,GOOD,127.8045,156.6697,103.6012,0,0.9055,8/20/2018 12:00
3273,1020,FP9,TOP,4009518747,8/21/2018 5:12,1534827600,TWB_SM3,TWB_PCBA_SM3_TOP_FP,TWB_PCBA_TOP_FP9,1020,TWB_ICT4,TWB_PCBA_ICT,PN-337126,00F75A70,00F75A70,PN-337126,00F75A70,T22,FAILED ANALOG POWERED TEST,SOLD,94474092,00F75A70T-20180820075648,U4,1,M11,483,483,5.24,-7.9,127,GOOD,GOOD,128.1374,165.7786,98.16374,0,0.9055,8/20/2018 12:00
3274,1020,FP9,TOP,4009518747,8/21/2018 5:12,1534827600,TWB_SM3,TWB_PCBA_SM3_TOP_FP,TWB_PCBA_TOP_FP9,1020,TWB_ICT4,TWB_PCBA_ICT,PN-337126,00F75A70,00F75A70,PN-337126,00F75A70,T22,FAILED ANALOG POWERED TEST,SOLD,94474092,00F75A70T-20180820075648,U4,1,M2,483,483,4.74,1.72,127,GOOD,GOOD,129.7778,165.8727,99.36408,0,0.9055,8/20/2018 12:00
3275,1020,FP9,TOP,4009518747,8/21/2018 5:12,1534827600,TWB_SM3,TWB_PCBA_SM3_TOP_FP,TWB_PCBA_TOP_FP9,1020,TWB_ICT4,TWB_PCBA_ICT,PN-337126,00F75A70,00F75A70,PN-337126,00F75A70,T22,FAILED ANALOG POWERED TEST,SOLD,94474092,00F75A70T-20180820075648,U4,1,N10,483,483,8.2,-6.44,127,GOOD,GOOD,131.6977,170.8526,97.89494,0,0.9055,8/20/2018 12:00
3276,1020,FP9,TOP,4009518747,8/21/2018 5:12,1534827600,TWB_SM3,TWB_PCBA_SM3_TOP_FP,TWB_PCBA_TOP_FP9,1020,TWB_ICT4,TWB_PCBA_ICT,PN-337126,00F75A70,00F75A70,PN-337126,00F75A70,T22,FAILED ANALOG POWERED TEST,SOLD,94474092,00F75A70T-20180820075648,U4,1,N7,483,483,7.92,-3.24,127,GOOD,GOOD,120.691,160.7227,95.36768000000001,0,0.9055,8/20/2018 12:00
3277,1020,FP9,TOP,4009518747,8/21/2018 5:12,1534827600,TWB_SM3,TWB_PCBA_SM3_TOP_FP,TWB_PCBA_TOP_FP9,1020,TWB_ICT4,TWB_PCBA_ICT,PN-337126,00F75A70,00F75A70,PN-337126,00F75A70,T22,FAILED ANALOG POWERED TEST,SOLD,94474092,00F75A70T-20180820075648,U4,1,P5,483,483,7.15,-0.69,127,GOOD,GOOD,118.34700000000001,161.2593,93.20437,0,0.9055,8/20/2018 12:00
3278,1020,FP9,TOP,4009518747,8/21/2018 5:12,1534827600,TWB_SM3,TWB_PCBA_SM3_TOP_FP,TWB_PCBA_TOP_FP9,1020,TWB_ICT4,TWB_PCBA_ICT,PN-337126,00F75A70,00F75A70,PN-337126,00F75A70,T22,FAILED ANALOG POWERED TEST,SOLD,94474092,00F75A70T-20180820075648,U4,1,R3,483,483,8.37,6.8,127,GOOD,GOOD,125.6481,153.9866,103.6279,0,0.9055,8/20/2018 12:00
3279,1020,FP9,TOP,4009518747,8/21/2018 5:12,1534827600,TWB_SM3,TWB_PCBA_SM3_TOP_FP,TWB_PCBA_TOP_FP9,1020,TWB_ICT4,TWB_PCBA_ICT,PN-337126,00F75A70,00F75A70,PN-337126,00F75A70,T22,FAILED ANALOG POWERED TEST,SOLD,94474092,00F75A70T-20180820075648,U4,1,T1,483,483,1.96,4.37,127,GOOD,GOOD,126.2373,162.9582,98.3819,0,0.9055,8/20/2018 12:00
3280,1020,FP9,TOP,4009518747,8/21/2018 5:12,1534827600,TWB_SM3,TWB_PCBA_SM3_TOP_FP,TWB_PCBA_TOP_FP9,1020,TWB_ICT4,TWB_PCBA_ICT,PN-337126,00F75A70,00F75A70,PN-337126,00F75A70,T22,FAILED ANALOG POWERED TEST,SOLD,94474092,00F75A70T-20180820075648,U4,1,T16,483,483,-5.06,-7.51,127,GOOD,GOOD,119.7753,161.85399999999998,93.98264,0,0.9055,8/20/2018 12:00
5185,1020,FP9,TOP,4009518747,8/21/2018 5:12,1534827600,TWB_SM3,TWB_PCBA_SM3_TOP_FP,TWB_PCBA_TOP_FP9,1020,TWB_ICT4,TWB_PCBA_ICT,PN-337126,00F75A70,00F75A70,PN-337126,00F75A70,T22,FAILED ANALOG POWERED TEST,SOLD,94474092,00F75A70T-20180820075648,U4,1,A16,483,483,-1.09,2.41,127,GOOD,GOOD,119.5584,165.3562,91.8255,0,0.9055,8/20/2018 12:00
5186,1020,FP9,TOP,4009518747,8/21/2018 5:12,1534827600,TWB_SM3,TWB_PCBA_SM3_TOP_FP,TWB_PCBA_TOP_FP9,1020,TWB_ICT4,TWB_PCBA_ICT,PN-337126,00F75A70,00F75A70,PN-337126,00F75A70,T22,FAILED ANALOG POWERED TEST,SOLD,94474092,00F75A70T-20180820075648,U4,1,A7,483,483,-4.91,-7.98,127,GOOD,GOOD,134.4245,167.0066,102.2229,0,0.9055,8/20/2018 12:00
5187,1020,FP9,TOP,4009518747,8/21/2018 5:12,1534827600,TWB_SM3,TWB_PCBA_SM3_TOP_FP,TWB_PCBA_TOP_FP9,1020,TWB_ICT4,TWB_PCBA_ICT,PN-337126,00F75A70,00F75A70,PN-337126,00F75A70,T22,FAILED ANALOG POWERED TEST,SOLD,94474092,00F75A70T-20180820075648,U4,1,B15,483,483,-1.45,3.87,127,GOOD,GOOD,119.0278,156.6396,96.5051,0,0.9055,8/20/2018 12:00
5188,1020,FP9,TOP,4009518747,8/21/2018 5:12,1534827600,TWB_SM3,TWB_PCBA_SM3_TOP_FP,TWB_PCBA_TOP_FP9,1020,TWB_ICT4,TWB_PCBA_ICT,PN-337126,00F75A70,00F75A70,PN-337126,00F75A70,T22,FAILED ANALOG POWERED TEST,SOLD,94474092,00F75A70T-20180820075648,U4,1,C14,483,483,0.2,5.34,127,GOOD,GOOD,126.4596,168.0352,95.5774,0,0.9055,8/20/2018 12:00
5189,1020,FP9,TOP,4009518747,8/21/2018 5:12,1534827600,TWB_SM3,TWB_PCBA_SM3_TOP_FP,TWB_PCBA_TOP_FP9,1020,TWB_ICT4,TWB_PCBA_ICT,PN-337126,00F75A70,00F75A70,PN-337126,00F75A70,T22,FAILED ANALOG POWERED TEST,SOLD,94474092,00F75A70T-20180820075648,U4,1,C5,483,483,-4.6,-5.05,127,GOOD,GOOD,131.7917,169.8165,98.56255,0,0.9055,8/20/2018 12:00
5190,1020,FP9,TOP,4009518747,8/21/2018 5:12,1534827600,TWB_SM3,TWB_PCBA_SM3_TOP_FP,TWB_PCBA_TOP_FP9,1020,TWB_ICT4,TWB_PCBA_ICT,PN-337126,00F75A70,00F75A70,PN-337126,00F75A70,T22,FAILED ANALOG POWERED TEST,SOLD,94474092,00F75A70T-20180820075648,U4,1,D13,483,483,0.84,-13.2,127,GOOD,GOOD,130.2939,160.3292,103.2084,0,0.9055,8/20/2018 12:00
5191,1020,FP9,TOP,4009518747,8/21/2018 5:12,1534827600,TWB_SM3,TWB_PCBA_SM3_TOP_FP,TWB_PCBA_TOP_FP9,1020,TWB_ICT4,TWB_PCBA_ICT,PN-337126,00F75A70,00F75A70,PN-337126,00F75A70,T22,FAILED ANALOG POWERED TEST,SOLD,94474092,00F75A70T-20180820075648,U4,1,E12,483,483,1.5,-10.25,127,GOOD,GOOD,114.1967,141.903,102.2035,0,0.9055,8/20/2018 12:00
5192,1020,FP9,TOP,4009518747,8/21/2018 5:12,1534827600,TWB_SM3,TWB_PCBA_SM3_TOP_FP,TWB_PCBA_TOP_FP9,1020,TWB_ICT4,TWB_PCBA_ICT,PN-337126,00F75A70,00F75A70,PN-337126,00F75A70,T22,FAILED ANALOG POWERED TEST,SOLD,94474092,00F75A70T-20180820075648,U4,1,E3,483,483,-2.32,-3.12,127,GOOD,GOOD,131.5049,166.4491,100.3377,0,0.9055,8/20/2018 12:00
5193,1020,FP9,TOP,4009518747,8/21/2018 5:12,1534827600,TWB_SM3,TWB_PCBA_SM3_TOP_FP,TWB_PCBA_TOP_FP9,1020,TWB_ICT4,TWB_PCBA_ICT,PN-337126,00F75A70,00F75A70,PN-337126,00F75A70,T22,FAILED ANALOG POWERED TEST,SOLD,94474092,00F75A70T-20180820075648,U4,1,F11,483,483,0.49,-2.82,127,GOOD,GOOD,135.5233,170.0442,101.2176,0,0.9055,8/20/2018 12:00
5194,1020,FP9,TOP,4009518747,8/21/2018 5:12,1534827600,TWB_SM3,TWB_PCBA_SM3_TOP_FP,TWB_PCBA_TOP_FP9,1020,TWB_ICT4,TWB_PCBA_ICT,PN-337126,00F75A70,00F75A70,PN-337126,00F75A70,T22,FAILED ANALOG POWERED TEST,SOLD,94474092,00F75A70T-20180820075648,U4,1,F8,483,483,0.86,-7.07,127,GOOD,GOOD,122.4091,153.5358,101.25299999999999,0,0.9055,8/20/2018 12:00
5195,1020,FP9,TOP,4009518747,8/21/2018 5:12,1534827600,TWB_SM3,TWB_PCBA_SM3_TOP_FP,TWB_PCBA_TOP_FP9,1020,TWB_ICT4,TWB_PCBA_ICT,PN-337126,00F75A70,00F75A70,PN-337126,00F75A70,T22,FAILED ANALOG POWERED TEST,SOLD,94474092,00F75A70T-20180820075648,U4,1,G1,483,483,-1.03,1.82,127,GOOD,GOOD,135.0034,188.313,91.04751,0,0.9055,8/20/2018 12:00
5196,1020,FP9,TOP,4009518747,8/21/2018 5:12,1534827600,TWB_SM3,TWB_PCBA_SM3_TOP_FP,TWB_PCBA_TOP_FP9,1020,TWB_ICT4,TWB_PCBA_ICT,PN-337126,00F75A70,00F75A70,PN-337126,00F75A70,T22,FAILED ANALOG POWERED TEST,SOLD,94474092,00F75A70T-20180820075648,U4,1,G10,483,483,1.78,-7.8,127,GOOD,GOOD,132.3375,164.7318,102.0256,0,0.9055,8/20/2018 12:00
5197,1020,FP9,TOP,4009518747,8/21/2018 5:12,1534827600,TWB_SM3,TWB_PCBA_SM3_TOP_FP,TWB_PCBA_TOP_FP9,1020,TWB_ICT4,TWB_PCBA_ICT,PN-337126,00F75A70,00F75A70,PN-337126,00F75A70,T22,FAILED ANALOG POWERED TEST,SOLD,94474092,00F75A70T-20180820075648,U4,1,H6,483,483,2.15,-4.14,127,GOOD,GOOD,127.6395,163.4771,99.15892,0,0.9055,8/20/2018 12:00
5198,1020,FP9,TOP,4009518747,8/21/2018 5:12,1534827600,TWB_SM3,TWB_PCBA_SM3_TOP_FP,TWB_PCBA_TOP_FP9,1020,TWB_ICT4,TWB_PCBA_ICT,PN-337126,00F75A70,00F75A70,PN-337126,00F75A70,T22,FAILED ANALOG POWERED TEST,SOLD,94474092,00F75A70T-20180820075648,U4,1,J4,483,483,2.38,-1.62,127,GOOD,GOOD,132.2721,172.954,97.12732,0,0.9055,8/20/2018 12:00
5199,1020,FP9,TOP,4009518747,8/21/2018 5:12,1534827600,TWB_SM3,TWB_PCBA_SM3_TOP_FP,TWB_PCBA_TOP_FP9,1020,TWB_ICT4,TWB_PCBA_ICT,PN-337126,00F75A70,00F75A70,PN-337126,00F75A70,T22,FAILED ANALOG POWERED TEST,SOLD,94474092,00F75A70T-20180820075648,U4,1,K9,483,483,5.57,-5.89,127,GOOD,GOOD,137.2508,166.4474,104.7229,0,0.9055,8/20/2018 12:00
5200,1020,FP9,TOP,4009518747,8/21/2018 5:12,1534827600,TWB_SM3,TWB_PCBA_SM3_TOP_FP,TWB_PCBA_TOP_FP9,1020,TWB_ICT4,TWB_PCBA_ICT,PN-337126,00F75A70,00F75A70,PN-337126,00F75A70,T22,FAILED ANALOG POWERED TEST,SOLD,94474092,00F75A70T-20180820075648,U4,1,L2,483,483,3.67,1.31,127,GOOD,GOOD,119.2659,165.8156,91.34708,0,0.9055,8/20/2018 12:00
5201,1020,FP9,TOP,4009518747,8/21/2018 5:12,1534827600,TWB_SM3,TWB_PCBA_SM3_TOP_FP,TWB_PCBA_TOP_FP9,1020,TWB_ICT4,TWB_PCBA_ICT,PN-337126,00F75A70,00F75A70,PN-337126,00F75A70,T22,FAILED ANALOG POWERED TEST,SOLD,94474092,00F75A70T-20180820075648,U4,1,M16,483,483,10.67,6.76,127,GOOD,GOOD,127.9856,165.5894,98.15949,0,0.9055,8/20/2018 12:00
5202,1020,FP9,TOP,4009518747,8/21/2018 5:12,1534827600,TWB_SM3,TWB_PCBA_SM3_TOP_FP,TWB_PCBA_TOP_FP9,1020,TWB_ICT4,TWB_PCBA_ICT,PN-337126,00F75A70,00F75A70,PN-337126,00F75A70,T22,FAILED ANALOG POWERED TEST,SOLD,94474092,00F75A70T-20180820075648,U4,1,M7,483,483,3.54,-3.62,127,GOOD,GOOD,126.8583,158.0036,101.96600000000001,0,0.9055,8/20/2018 12:00
5203,1020,FP9,TOP,4009518747,8/21/2018 5:12,1534827600,TWB_SM3,TWB_PCBA_SM3_TOP_FP,TWB_PCBA_TOP_FP9,1020,TWB_ICT4,TWB_PCBA_ICT,PN-337126,00F75A70,00F75A70,PN-337126,00F75A70,T22,FAILED ANALOG POWERED TEST,SOLD,94474092,00F75A70T-20180820075648,U4,1,N15,483,483,-9.7,-11.79,127,GOOD,GOOD,110.3221,147.6155,94.91486,0,0.9055,8/20/2018 12:00
5204,1020,FP9,TOP,4009518747,8/21/2018 5:12,1534827600,TWB_SM3,TWB_PCBA_SM3_TOP_FP,TWB_PCBA_TOP_FP9,1020,TWB_ICT4,TWB_PCBA_ICT,PN-337126,00F75A70,00F75A70,PN-337126,00F75A70,T22,FAILED ANALOG POWERED TEST,SOLD,94474092,00F75A70T-20180820075648,U4,1,P13,483,483,-8.48,-6.75,127,GOOD,GOOD,129.0188,162.0397,101.1196,0,0.9055,8/20/2018 12:00
5205,1020,FP9,TOP,4009518747,8/21/2018 5:12,1534827600,TWB_SM3,TWB_PCBA_SM3_TOP_FP,TWB_PCBA_TOP_FP9,1020,TWB_ICT4,TWB_PCBA_ICT,PN-337126,00F75A70,00F75A70,PN-337126,00F75A70,T22,FAILED ANALOG POWERED TEST,SOLD,94474092,00F75A70T-20180820075648,U4,1,R11,483,483,-8.24,-4.23,127,GOOD,GOOD,127.2241,168.9766,95.61954,0,0.9055,8/20/2018 12:00
5206,1020,FP9,TOP,4009518747,8/21/2018 5:12,1534827600,TWB_SM3,TWB_PCBA_SM3_TOP_FP,TWB_PCBA_TOP_FP9,1020,TWB_ICT4,TWB_PCBA_ICT,PN-337126,00F75A70,00F75A70,PN-337126,00F75A70,T22,FAILED ANALOG POWERED TEST,SOLD,94474092,00F75A70T-20180820075648,U4,1,R8,483,483,-9.52,-3.51,127,GOOD,GOOD,112.432,151.2464,94.40795,0,0.9055,8/20/2018 12:00
5207,1020,FP9,TOP,4009518747,8/21/2018 5:12,1534827600,TWB_SM3,TWB_PCBA_SM3_TOP_FP,TWB_PCBA_TOP_FP9,1020,TWB_ICT4,TWB_PCBA_ICT,PN-337126,00F75A70,00F75A70,PN-337126,00F75A70,T22,FAILED ANALOG POWERED TEST,SOLD,94474092,00F75A70T-20180820075648,U4,1,T6,483,483,-9.31,-0.97,127,GOOD,GOOD,124.8919,164.709,96.29876999999999,0,0.9055,8/20/2018 12:00
6662,1020,FP9,TOP,4009518747,8/21/2018 5:12,1534827600,TWB_SM3,TWB_PCBA_SM3_TOP_FP,TWB_PCBA_TOP_FP9,1020,TWB_ICT4,TWB_PCBA_ICT,PN-337126,00F75A70,00F75A70,PN-337126,00F75A70,T22,FAILED ANALOG POWERED TEST,SOLD,94474092,00F75A70T-20180820075648,U4,1,A14,483,483,-1.94,4.55,127,GOOD,GOOD,129.6005,166.6977,98.73718000000001,0,0.9055,8/20/2018 12:00
6663,1020,FP9,TOP,4009518747,8/21/2018 5:12,1534827600,TWB_SM3,TWB_PCBA_SM3_TOP_FP,TWB_PCBA_TOP_FP9,1020,TWB_ICT4,TWB_PCBA_ICT,PN-337126,00F75A70,00F75A70,PN-337126,00F75A70,T22,FAILED ANALOG POWERED TEST,SOLD,94474092,00F75A70T-20180820075648,U4,1,A5,483,483,-6.74,-5.84,127,GOOD,GOOD,136.8005,172.3378,100.8117,0,0.9055,8/20/2018 12:00
6664,1020,FP9,TOP,4009518747,8/21/2018 5:12,1534827600,TWB_SM3,TWB_PCBA_SM3_TOP_FP,TWB_PCBA_TOP_FP9,1020,TWB_ICT4,TWB_PCBA_ICT,PN-337126,00F75A70,00F75A70,PN-337126,00F75A70,T22,FAILED ANALOG POWERED TEST,SOLD,94474092,00F75A70T-20180820075648,U4,1,B13,483,483,-1.3,6.01,127,GOOD,GOOD,137.6317,188.7263,92.61681,0,0.9055,8/20/2018 12:00
6665,1020,FP9,TOP,4009518747,8/21/2018 5:12,1534827600,TWB_SM3,TWB_PCBA_SM3_TOP_FP,TWB_PCBA_TOP_FP9,1020,TWB_ICT4,TWB_PCBA_ICT,PN-337126,00F75A70,00F75A70,PN-337126,00F75A70,T22,FAILED ANALOG POWERED TEST,SOLD,94474092,00F75A70T-20180820075648,U4,1,C12,483,483,-0.63,-12.53,127,GOOD,GOOD,127.3434,155.5569,103.9659,0,0.9055,8/20/2018 12:00
6666,1020,FP9,TOP,4009518747,8/21/2018 5:12,1534827600,TWB_SM3,TWB_PCBA_SM3_TOP_FP,TWB_PCBA_TOP_FP9,1020,TWB_ICT4,TWB_PCBA_ICT,PN-337126,00F75A70,00F75A70,PN-337126,00F75A70,T22,FAILED ANALOG POWERED TEST,SOLD,94474092,00F75A70T-20180820075648,U4,1,C3,483,483,-4.45,-2.91,127,GOOD,GOOD,123.3346,160.7838,97.41965,0,0.9055,8/20/2018 12:00
6667,1020,FP9,TOP,4009518747,8/21/2018 5:12,1534827600,TWB_SM3,TWB_PCBA_SM3_TOP_FP,TWB_PCBA_TOP_FP9,1020,TWB_ICT4,TWB_PCBA_ICT,PN-337126,00F75A70,00F75A70,PN-337126,00F75A70,T22,FAILED ANALOG POWERED TEST,SOLD,94474092,00F75A70T-20180820075648,U4,1,D11,483,483,0.01,-7.75,127,GOOD,GOOD,135.6244,163.2859,105.4855,0,0.9055,8/20/2018 12:00
6668,1020,FP9,TOP,4009518747,8/21/2018 5:12,1534827600,TWB_SM3,TWB_PCBA_SM3_TOP_FP,TWB_PCBA_TOP_FP9,1020,TWB_ICT4,TWB_PCBA_ICT,PN-337126,00F75A70,00F75A70,PN-337126,00F75A70,T22,FAILED ANALOG POWERED TEST,SOLD,94474092,00F75A70T-20180820075648,U4,1,D8,483,483,-1.27,-7.86,127,GOOD,GOOD,131.41899999999998,163.6868,101.9643,0,0.9055,8/20/2018 12:00
6669,1020,FP9,TOP,4009518747,8/21/2018 5:12,1534827600,TWB_SM3,TWB_PCBA_SM3_TOP_FP,TWB_PCBA_TOP_FP9,1020,TWB_ICT4,TWB_PCBA_ICT,PN-337126,00F75A70,00F75A70,PN-337126,00F75A70,T22,FAILED ANALOG POWERED TEST,SOLD,94474092,00F75A70T-20180820075648,U4,1,E1,483,483,-3.16,-0.98,127,GOOD,GOOD,121.9096,163.7018,94.57755,0,0.9055,8/20/2018 12:00
6670,1020,FP9,TOP,4009518747,8/21/2018 5:12,1534827600,TWB_SM3,TWB_PCBA_SM3_TOP_FP,TWB_PCBA_TOP_FP9,1020,TWB_ICT4,TWB_PCBA_ICT,PN-337126,00F75A70,00F75A70,PN-337126,00F75A70,T22,FAILED ANALOG POWERED TEST,SOLD,94474092,00F75A70T-20180820075648,U4,1,E10,483,483,-0.35,-10.6,127,GOOD,GOOD,139.5103,178.2689,99.38808,0,0.9055,8/20/2018 12:00
6671,1020,FP9,TOP,4009518747,8/21/2018 5:12,1534827600,TWB_SM3,TWB_PCBA_SM3_TOP_FP,TWB_PCBA_TOP_FP9,1020,TWB_ICT4,TWB_PCBA_ICT,PN-337126,00F75A70,00F75A70,PN-337126,00F75A70,T22,FAILED ANALOG POWERED TEST,SOLD,94474092,00F75A70T-20180820075648,U4,1,F6,483,483,0.01,-4.93,127,GOOD,GOOD,129.4632,157.7629,104.2186,0,0.9055,8/20/2018 12:00
6672,1020,FP9,TOP,4009518747,8/21/2018 5:12,1534827600,TWB_SM3,TWB_PCBA_SM3_TOP_FP,TWB_PCBA_TOP_FP9,1020,TWB_ICT4,TWB_PCBA_ICT,PN-337126,00F75A70,00F75A70,PN-337126,00F75A70,T22,FAILED ANALOG POWERED TEST,SOLD,94474092,00F75A70T-20180820075648,U4,1,H4,483,483,1.31,-2.0,127,GOOD,GOOD,125.7479,158.5975,100.695,0,0.9055,8/20/2018 12:00
6673,1020,FP9,TOP,4009518747,8/21/2018 5:12,1534827600,TWB_SM3,TWB_PCBA_SM3_TOP_FP,TWB_PCBA_TOP_FP9,1020,TWB_ICT4,TWB_PCBA_ICT,PN-337126,00F75A70,00F75A70,PN-337126,00F75A70,T22,FAILED ANALOG POWERED TEST,SOLD,94474092,00F75A70T-20180820075648,U4,1,J2,483,483,1.53,0.52,127,GOOD,GOOD,116.3242,155.281,95.13837,0,0.9055,8/20/2018 12:00
6674,1020,FP9,TOP,4009518747,8/21/2018 5:12,1534827600,TWB_SM3,TWB_PCBA_SM3_TOP_FP,TWB_PCBA_TOP_FP9,1020,TWB_ICT4,TWB_PCBA_ICT,PN-337126,00F75A70,00F75A70,PN-337126,00F75A70,T22,FAILED ANALOG POWERED TEST,SOLD,94474092,00F75A70T-20180820075648,U4,1,K16,483,483,6.04,4.97,127,GOOD,GOOD,124.3163,161.7962,97.58055,0,0.9055,8/20/2018 12:00
6675,1020,FP9,TOP,4009518747,8/21/2018 5:12,1534827600,TWB_SM3,TWB_PCBA_SM3_TOP_FP,TWB_PCBA_TOP_FP9,1020,TWB_ICT4,TWB_PCBA_ICT,PN-337126,00F75A70,00F75A70,PN-337126,00F75A70,T22,FAILED ANALOG POWERED TEST,SOLD,94474092,00F75A70T-20180820075648,U4,1,K7,483,483,3.06,-5.42,127,GOOD,GOOD,123.2869,153.5876,101.9447,0,0.9055,8/20/2018 12:00
6676,1020,FP9,TOP,4009518747,8/21/2018 5:12,1534827600,TWB_SM3,TWB_PCBA_SM3_TOP_FP,TWB_PCBA_TOP_FP9,1020,TWB_ICT4,TWB_PCBA_ICT,PN-337126,00F75A70,00F75A70,PN-337126,00F75A70,T22,FAILED ANALOG POWERED TEST,SOLD,94474092,00F75A70T-20180820075648,U4,1,L15,483,483,4.86,7.42,127,GOOD,GOOD,130.8494,170.8326,97.27583,0,0.9055,8/20/2018 12:00
6677,1020,FP9,TOP,4009518747,8/21/2018 5:12,1534827600,TWB_SM3,TWB_PCBA_SM3_TOP_FP,TWB_PCBA_TOP_FP9,1020,TWB_ICT4,TWB_PCBA_ICT,PN-337126,00F75A70,00F75A70,PN-337126,00F75A70,T22,FAILED ANALOG POWERED TEST,SOLD,94474092,00F75A70T-20180820075648,U4,1,M14,483,483,9.82,-11.1,127,GOOD,GOOD,118.5702,153.0592,98.383,0,0.9055,8/20/2018 12:00
6678,1020,FP9,TOP,4009518747,8/21/2018 5:12,1534827600,TWB_SM3,TWB_PCBA_SM3_TOP_FP,TWB_PCBA_TOP_FP9,1020,TWB_ICT4,TWB_PCBA_ICT,PN-337126,00F75A70,00F75A70,PN-337126,00F75A70,T22,FAILED ANALOG POWERED TEST,SOLD,94474092,00F75A70T-20180820075648,U4,1,M5,483,483,5.02,-1.48,127,GOOD,GOOD,121.0523,148.5166,103.5147,0,0.9055,8/20/2018 12:00
6679,1020,FP9,TOP,4009518747,8/21/2018 5:12,1534827600,TWB_SM3,TWB_PCBA_SM3_TOP_FP,TWB_PCBA_TOP_FP9,1020,TWB_ICT4,TWB_PCBA_ICT,PN-337126,00F75A70,00F75A70,PN-337126,00F75A70,T22,FAILED ANALOG POWERED TEST,SOLD,94474092,00F75A70T-20180820075648,U4,1,N13,483,483,-9.55,-9.65,127,GOOD,GOOD,120.1289,162.9219,93.6422,0,0.9055,8/20/2018 12:00
6680,1020,FP9,TOP,4009518747,8/21/2018 5:12,1534827600,TWB_SM3,TWB_PCBA_SM3_TOP_FP,TWB_PCBA_TOP_FP9,1020,TWB_ICT4,TWB_PCBA_ICT,PN-337126,00F75A70,00F75A70,PN-337126,00F75A70,T22,FAILED ANALOG POWERED TEST,SOLD,94474092,00F75A70T-20180820075648,U4,1,P11,483,483,-9.31,-7.1,127,GOOD,GOOD,131.5157,172.815,96.64961,0,0.9055,8/20/2018 12:00
6681,1020,FP9,TOP,4009518747,8/21/2018 5:12,1534827600,TWB_SM3,TWB_PCBA_SM3_TOP_FP,TWB_PCBA_TOP_FP9,1020,TWB_ICT4,TWB_PCBA_ICT,PN-337126,00F75A70,00F75A70,PN-337126,00F75A70,T22,FAILED ANALOG POWERED TEST,SOLD,94474092,00F75A70T-20180820075648,U4,1,P8,483,483,9.41,-3.9,127,GOOD,GOOD,118.8,167.8359,89.895,0,0.9055,8/20/2018 12:00
6682,1020,FP9,TOP,4009518747,8/21/2018 5:12,1534827600,TWB_SM3,TWB_PCBA_SM3_TOP_FP,TWB_PCBA_TOP_FP9,1020,TWB_ICT4,TWB_PCBA_ICT,PN-337126,00F75A70,00F75A70,PN-337126,00F75A70,T22,FAILED ANALOG POWERED TEST,SOLD,94474092,00F75A70T-20180820075648,U4,1,R6,483,483,-10.37,1.11,127,GOOD,GOOD,124.7134,166.4607,95.14922,0,0.9055,8/20/2018 12:00
6683,1020,FP9,TOP,4009518747,8/21/2018 5:12,1534827600,TWB_SM3,TWB_PCBA_SM3_TOP_FP,TWB_PCBA_TOP_FP9,1020,TWB_ICT4,TWB_PCBA_ICT,PN-337126,00F75A70,00F75A70,PN-337126,00F75A70,T22,FAILED ANALOG POWERED TEST,SOLD,94474092,00F75A70T-20180820075648,U4,1,T4,483,483,-10.14,1.17,127,GOOD,GOOD,118.6409,160.9033,93.64251999999999,0,0.9055,8/20/2018 12:00
7699,1020,FP9,TOP,4009518747,8/21/2018 5:12,1534827600,TWB_SM3,TWB_PCBA_SM3_TOP_FP,TWB_PCBA_TOP_FP9,1020,TWB_ICT4,TWB_PCBA_ICT,PN-337126,00F75A70,00F75A70,PN-337126,00F75A70,T22,FAILED ANALOG POWERED TEST,SOLD,94474092,00F75A70T-20180820075648,U4,1,B3,483,483,-5.52,-3.31,127,GOOD,GOOD,123.9948,165.551,95.12078000000001,0,0.9055,8/20/2018 12:00
7700,1020,FP9,TOP,4009518747,8/21/2018 5:12,1534827600,TWB_SM3,TWB_PCBA_SM3_TOP_FP,TWB_PCBA_TOP_FP9,1020,TWB_ICT4,TWB_PCBA_ICT,PN-337126,00F75A70,00F75A70,PN-337126,00F75A70,T22,FAILED ANALOG POWERED TEST,SOLD,94474092,00F75A70T-20180820075648,U4,1,C8,483,483,-5.65,-6.6,127,GOOD,GOOD,138.7547,172.3569,102.2404,0,0.9055,8/20/2018 12:00
7701,1020,FP9,TOP,4009518747,8/21/2018 5:12,1534827600,TWB_SM3,TWB_PCBA_SM3_TOP_FP,TWB_PCBA_TOP_FP9,1020,TWB_ICT4,TWB_PCBA_ICT,PN-337126,00F75A70,00F75A70,PN-337126,00F75A70,T22,FAILED ANALOG POWERED TEST,SOLD,94474092,00F75A70T-20180820075648,U4,1,D1,483,483,-4.23,-0.38,127,GOOD,GOOD,119.2289,151.0611,100.2381,0,0.9055,8/20/2018 12:00
7702,1020,FP9,TOP,4009518747,8/21/2018 5:12,1534827600,TWB_SM3,TWB_PCBA_SM3_TOP_FP,TWB_PCBA_TOP_FP9,1020,TWB_ICT4,TWB_PCBA_ICT,PN-337126,00F75A70,00F75A70,PN-337126,00F75A70,T22,FAILED ANALOG POWERED TEST,SOLD,94474092,00F75A70T-20180820075648,U4,1,D16,483,483,2.12,3.6,127,GOOD,GOOD,122.583,162.0551,96.06639,0,0.9055,8/20/2018 12:00
7703,1020,FP9,TOP,4009518747,8/21/2018 5:12,1534827600,TWB_SM3,TWB_PCBA_SM3_TOP_FP,TWB_PCBA_TOP_FP9,1020,TWB_ICT4,TWB_PCBA_ICT,PN-337126,00F75A70,00F75A70,PN-337126,00F75A70,T22,FAILED ANALOG POWERED TEST,SOLD,94474092,00F75A70T-20180820075648,U4,1,E15,483,483,1.76,4.06,127,GOOD,GOOD,123.8822,163.29,96.35027,0,0.9055,8/20/2018 12:00
7704,1020,FP9,TOP,4009518747,8/21/2018 5:12,1534827600,TWB_SM3,TWB_PCBA_SM3_TOP_FP,TWB_PCBA_TOP_FP9,1020,TWB_ICT4,TWB_PCBA_ICT,PN-337126,00F75A70,00F75A70,PN-337126,00F75A70,T22,FAILED ANALOG POWERED TEST,SOLD,94474092,00F75A70T-20180820075648,U4,1,E6,483,483,-1.05,-6.33,127,GOOD,GOOD,128.2861,167.5876,97.21687,0,0.9055,8/20/2018 12:00
7705,1020,FP9,TOP,4009518747,8/21/2018 5:12,1534827600,TWB_SM3,TWB_PCBA_SM3_TOP_FP,TWB_PCBA_TOP_FP9,1020,TWB_ICT4,TWB_PCBA_ICT,PN-337126,00F75A70,00F75A70,PN-337126,00F75A70,T22,FAILED ANALOG POWERED TEST,SOLD,94474092,00F75A70T-20180820075648,U4,1,F14,483,483,3.4,6.52,127,GOOD,GOOD,127.7389,160.8727,100.8427,0,0.9055,8/20/2018 12:00
7706,1020,FP9,TOP,4009518747,8/21/2018 5:12,1534827600,TWB_SM3,TWB_PCBA_SM3_TOP_FP,TWB_PCBA_TOP_FP9,1020,TWB_ICT4,TWB_PCBA_ICT,PN-337126,00F75A70,00F75A70,PN-337126,00F75A70,T22,FAILED ANALOG POWERED TEST,SOLD,94474092,00F75A70T-20180820075648,U4,1,G13,483,483,-0.93,-11.0,127,GOOD,GOOD,140.0121,171.9635,103.40299999999999,0,0.9055,8/20/2018 12:00
7707,1020,FP9,TOP,4009518747,8/21/2018 5:12,1534827600,TWB_SM3,TWB_PCBA_SM3_TOP_FP,TWB_PCBA_TOP_FP9,1020,TWB_ICT4,TWB_PCBA_ICT,PN-337126,00F75A70,00F75A70,PN-337126,00F75A70,T22,FAILED ANALOG POWERED TEST,SOLD,94474092,00F75A70T-20180820075648,U4,1,G4,483,483,0.24,1.1,127,GOOD,GOOD,132.4377,165.9196,101.3719,0,0.9055,8/20/2018 12:00
7708,1020,FP9,TOP,4009518747,8/21/2018 5:12,1534827600,TWB_SM3,TWB_PCBA_SM3_TOP_FP,TWB_PCBA_TOP_FP9,1020,TWB_ICT4,TWB_PCBA_ICT,PN-337126,00F75A70,00F75A70,PN-337126,00F75A70,T22,FAILED ANALOG POWERED TEST,SOLD,94474092,00F75A70T-20180820075648,U4,1,H12,483,483,4.71,-8.06,127,GOOD,GOOD,131.6316,154.81,107.9853,0,0.9055,8/20/2018 12:00
7709,1020,FP9,TOP,4009518747,8/21/2018 5:12,1534827600,TWB_SM3,TWB_PCBA_SM3_TOP_FP,TWB_PCBA_TOP_FP9,1020,TWB_ICT4,TWB_PCBA_ICT,PN-337126,00F75A70,00F75A70,PN-337126,00F75A70,T22,FAILED ANALOG POWERED TEST,SOLD,94474092,00F75A70T-20180820075648,U4,1,H9,483,483,3.43,-7.34,127,GOOD,GOOD,131.4,170.7665,97.72292,0,0.9055,8/20/2018 12:00
7710,1020,FP9,TOP,4009518747,8/21/2018 5:12,1534827600,TWB_SM3,TWB_PCBA_SM3_TOP_FP,TWB_PCBA_TOP_FP9,1020,TWB_ICT4,TWB_PCBA_ICT,PN-337126,00F75A70,00F75A70,PN-337126,00F75A70,T22,FAILED ANALOG POWERED TEST,SOLD,94474092,00F75A70T-20180820075648,U4,1,J10,483,483,2.27,-6.37,127,GOOD,GOOD,141.9633,173.303,104.0337,0,0.9055,8/20/2018 12:00
7711,1020,FP9,TOP,4009518747,8/21/2018 5:12,1534827600,TWB_SM3,TWB_PCBA_SM3_TOP_FP,TWB_PCBA_TOP_FP9,1020,TWB_ICT4,TWB_PCBA_ICT,PN-337126,00F75A70,00F75A70,PN-337126,00F75A70,T22,FAILED ANALOG POWERED TEST,SOLD,94474092,00F75A70T-20180820075648,U4,1,J7,483,483,3.64,-0.68,127,GOOD,GOOD,137.0356,173.1294,100.5232,0,0.9055,8/20/2018 12:00
7712,1020,FP9,TOP,4009518747,8/21/2018 5:12,1534827600,TWB_SM3,TWB_PCBA_SM3_TOP_FP,TWB_PCBA_TOP_FP9,1020,TWB_ICT4,TWB_PCBA_ICT,PN-337126,00F75A70,00F75A70,PN-337126,00F75A70,T22,FAILED ANALOG POWERED TEST,SOLD,94474092,00F75A70T-20180820075648,U4,1,L5,483,483,3.95,-1.89,127,GOOD,GOOD,127.7819,162.8186,99.67107,0,0.9055,8/20/2018 12:00
7713,1020,FP9,TOP,4009518747,8/21/2018 5:12,1534827600,TWB_SM3,TWB_PCBA_SM3_TOP_FP,TWB_PCBA_TOP_FP9,1020,TWB_ICT4,TWB_PCBA_ICT,PN-337126,00F75A70,00F75A70,PN-337126,00F75A70,T22,FAILED ANALOG POWERED TEST,SOLD,94474092,00F75A70T-20180820075648,U4,1,N3,483,483,6.23,1.04,127,GOOD,GOOD,121.8951,161.6186,95.78524,0,0.9055,8/20/2018 12:00
7714,1020,FP9,TOP,4009518747,8/21/2018 5:12,1534827600,TWB_SM3,TWB_PCBA_SM3_TOP_FP,TWB_PCBA_TOP_FP9,1020,TWB_ICT4,TWB_PCBA_ICT,PN-337126,00F75A70,00F75A70,PN-337126,00F75A70,T22,FAILED ANALOG POWERED TEST,SOLD,94474092,00F75A70T-20180820075648,U4,1,P1,483,483,6.45,3.58,127,GOOD,GOOD,122.7503,161.887,96.29736,0,0.9055,8/20/2018 12:00
7715,1020,FP9,TOP,4009518747,8/21/2018 5:12,1534827600,TWB_SM3,TWB_PCBA_SM3_TOP_FP,TWB_PCBA_TOP_FP9,1020,TWB_ICT4,TWB_PCBA_ICT,PN-337126,00F75A70,00F75A70,PN-337126,00F75A70,T22,FAILED ANALOG POWERED TEST,SOLD,94474092,00F75A70T-20180820075648,U4,1,P16,483,483,-7.2,7.55,127,GOOD,GOOD,117.6086,156.0056,95.74202,0,0.9055,8/20/2018 12:00
7716,1020,FP9,TOP,4009518747,8/21/2018 5:12,1534827600,TWB_SM3,TWB_PCBA_SM3_TOP_FP,TWB_PCBA_TOP_FP9,1020,TWB_ICT4,TWB_PCBA_ICT,PN-337126,00F75A70,00F75A70,PN-337126,00F75A70,T22,FAILED ANALOG POWERED TEST,SOLD,94474092,00F75A70T-20180820075648,U4,1,R14,483,483,-6.98,-9.1,127,GOOD,GOOD,118.4633,151.471,99.32484000000001,0,0.9055,8/20/2018 12:00
7717,1020,FP9,TOP,4009518747,8/21/2018 5:12,1534827600,TWB_SM3,TWB_PCBA_SM3_TOP_FP,TWB_PCBA_TOP_FP9,1020,TWB_ICT4,TWB_PCBA_ICT,PN-337126,00F75A70,00F75A70,PN-337126,00F75A70,T22,FAILED ANALOG POWERED TEST,SOLD,94474092,00F75A70T-20180820075648,U4,1,T12,483,483,-6.75,-5.72,127,GOOD,GOOD,136.9237,176.2189,98.68021,0,0.9055,8/20/2018 12:00
7718,1020,FP9,TOP,4009518747,8/21/2018 5:12,1534827600,TWB_SM3,TWB_PCBA_SM3_TOP_FP,TWB_PCBA_TOP_FP9,1020,TWB_ICT4,TWB_PCBA_ICT,PN-337126,00F75A70,00F75A70,PN-337126,00F75A70,T22,FAILED ANALOG POWERED TEST,SOLD,94474092,00F75A70T-20180820075648,U4,1,T9,483,483,-8.03,-4.18,127,GOOD,GOOD,123.1106,163.7259,95.49525,0,0.9055,8/20/2018 12:00
11020,1020,FP9,TOP,4009518747,8/21/2018 5:12,1534827600,TWB_SM3,TWB_PCBA_SM3_TOP_FP,TWB_PCBA_TOP_FP9,1020,TWB_ICT4,TWB_PCBA_ICT,PN-337126,00F75A70,00F75A70,PN-337126,00F75A70,T22,FAILED ANALOG POWERED TEST,SOLD,94474092,00F75A70T-20180820075648,U4,1,A15,483,483,-2.51,3.48,127,GOOD,GOOD,126.0685,167.4364,95.6226,0,0.9055,8/20/2018 12:00
11021,1020,FP9,TOP,4009518747,8/21/2018 5:12,1534827600,TWB_SM3,TWB_PCBA_SM3_TOP_FP,TWB_PCBA_TOP_FP9,1020,TWB_ICT4,TWB_PCBA_ICT,PN-337126,00F75A70,00F75A70,PN-337126,00F75A70,T22,FAILED ANALOG POWERED TEST,SOLD,94474092,00F75A70T-20180820075648,U4,1,A6,483,483,-5.33,-6.91,127,GOOD,GOOD,118.6971,157.7343,95.56914,0,0.9055,8/20/2018 12:00
11022,1020,FP9,TOP,4009518747,8/21/2018 5:12,1534827600,TWB_SM3,TWB_PCBA_SM3_TOP_FP,TWB_PCBA_TOP_FP9,1020,TWB_ICT4,TWB_PCBA_ICT,PN-337126,00F75A70,00F75A70,PN-337126,00F75A70,T22,FAILED ANALOG POWERED TEST,SOLD,94474092,00F75A70T-20180820075648,U4,1,B14,483,483,-0.87,4.94,127,GOOD,GOOD,134.2652,182.6467,93.35878000000001,0,0.9055,8/20/2018 12:00
11023,1020,FP9,TOP,4009518747,8/21/2018 5:12,1534827600,TWB_SM3,TWB_PCBA_SM3_TOP_FP,TWB_PCBA_TOP_FP9,1020,TWB_ICT4,TWB_PCBA_ICT,PN-337126,00F75A70,00F75A70,PN-337126,00F75A70,T22,FAILED ANALOG POWERED TEST,SOLD,94474092,00F75A70T-20180820075648,U4,1,C13,483,483,-0.23,6.4,127,GOOD,GOOD,130.2021,165.3361,100.0125,0,0.9055,8/20/2018 12:00
11024,1020,FP9,TOP,4009518747,8/21/2018 5:12,1534827600,TWB_SM3,TWB_PCBA_SM3_TOP_FP,TWB_PCBA_TOP_FP9,1020,TWB_ICT4,TWB_PCBA_ICT,PN-337126,00F75A70,00F75A70,PN-337126,00F75A70,T22,FAILED ANALOG POWERED TEST,SOLD,94474092,00F75A70T-20180820075648,U4,1,C4,483,483,-4.03,-3.98,127,GOOD,GOOD,130.85399999999998,164.3902,101.0915,0,0.9055,8/20/2018 12:00
11025,1020,FP9,TOP,4009518747,8/21/2018 5:12,1534827600,TWB_SM3,TWB_PCBA_SM3_TOP_FP,TWB_PCBA_TOP_FP9,1020,TWB_ICT4,TWB_PCBA_ICT,PN-337126,00F75A70,00F75A70,PN-337126,00F75A70,T22,FAILED ANALOG POWERED TEST,SOLD,94474092,00F75A70T-20180820075648,U4,1,D12,483,483,0.43,-5.51,127,GOOD,GOOD,144.6688,167.0426,109.9895,0,0.9055,8/20/2018 12:00
11026,1020,FP9,TOP,4009518747,8/21/2018 5:12,1534827600,TWB_SM3,TWB_PCBA_SM3_TOP_FP,TWB_PCBA_TOP_FP9,1020,TWB_ICT4,TWB_PCBA_ICT,PN-337126,00F75A70,00F75A70,PN-337126,00F75A70,T22,FAILED ANALOG POWERED TEST,SOLD,94474092,00F75A70T-20180820075648,U4,1,D9,483,483,-0.85,-8.93,127,GOOD,GOOD,126.6063,169.4254,94.90316999999999,0,0.9055,8/20/2018 12:00
11027,1020,FP9,TOP,4009518747,8/21/2018 5:12,1534827600,TWB_SM3,TWB_PCBA_SM3_TOP_FP,TWB_PCBA_TOP_FP9,1020,TWB_ICT4,TWB_PCBA_ICT,PN-337126,00F75A70,00F75A70,PN-337126,00F75A70,T22,FAILED ANALOG POWERED TEST,SOLD,94474092,00F75A70T-20180820075648,U4,1,E11,483,483,1.08,-4.21,127,GOOD,GOOD,135.5253,165.2338,104.1658,0,0.9055,8/20/2018 12:00
11028,1020,FP9,TOP,4009518747,8/21/2018 5:12,1534827600,TWB_SM3,TWB_PCBA_SM3_TOP_FP,TWB_PCBA_TOP_FP9,1020,TWB_ICT4,TWB_PCBA_ICT,PN-337126,00F75A70,00F75A70,PN-337126,00F75A70,T22,FAILED ANALOG POWERED TEST,SOLD,94474092,00F75A70T-20180820075648,U4,1,E2,483,483,-2.74,-2.05,127,GOOD,GOOD,130.0687,162.232,101.8217,0,0.9055,8/20/2018 12:00
11029,1020,FP9,TOP,4009518747,8/21/2018 5:12,1534827600,TWB_SM3,TWB_PCBA_SM3_TOP_FP,TWB_PCBA_TOP_FP9,1020,TWB_ICT4,TWB_PCBA_ICT,PN-337126,00F75A70,00F75A70,PN-337126,00F75A70,T22,FAILED ANALOG POWERED TEST,SOLD,94474092,00F75A70T-20180820075648,U4,1,F10,483,483,0.72,-7.55,127,GOOD,GOOD,135.9509,166.8964,103.45200000000001,0,0.9055,8/20/2018 12:00
11030,1020,FP9,TOP,4009518747,8/21/2018 5:12,1534827600,TWB_SM3,TWB_PCBA_SM3_TOP_FP,TWB_PCBA_TOP_FP9,1020,TWB_ICT4,TWB_PCBA_ICT,PN-337126,00F75A70,00F75A70,PN-337126,00F75A70,T22,FAILED ANALOG POWERED TEST,SOLD,94474092,00F75A70T-20180820075648,U4,1,F7,483,483,0.44,-6.0,127,GOOD,GOOD,129.9954,168.3055,98.09195,0,0.9055,8/20/2018 12:00
11031,1020,FP9,TOP,4009518747,8/21/2018 5:12,1534827600,TWB_SM3,TWB_PCBA_SM3_TOP_FP,TWB_PCBA_TOP_FP9,1020,TWB_ICT4,TWB_PCBA_ICT,PN-337126,00F75A70,00F75A70,PN-337126,00F75A70,T22,FAILED ANALOG POWERED TEST,SOLD,94474092,00F75A70T-20180820075648,U4,1,H5,483,483,0.74,-3.07,127,GOOD,GOOD,118.8342,152.4826,98.97489,0,0.9055,8/20/2018 12:00
11032,1020,FP9,TOP,4009518747,8/21/2018 5:12,1534827600,TWB_SM3,TWB_PCBA_SM3_TOP_FP,TWB_PCBA_TOP_FP9,1020,TWB_ICT4,TWB_PCBA_ICT,PN-337126,00F75A70,00F75A70,PN-337126,00F75A70,T22,FAILED ANALOG POWERED TEST,SOLD,94474092,00F75A70T-20180820075648,U4,1,J3,483,483,1.96,-0.55,127,GOOD,GOOD,131.1003,165.9487,100.3306,0,0.9055,8/20/2018 12:00
11033,1020,FP9,TOP,4009518747,8/21/2018 5:12,1534827600,TWB_SM3,TWB_PCBA_SM3_TOP_FP,TWB_PCBA_TOP_FP9,1020,TWB_ICT4,TWB_PCBA_ICT,PN-337126,00F75A70,00F75A70,PN-337126,00F75A70,T22,FAILED ANALOG POWERED TEST,SOLD,94474092,00F75A70T-20180820075648,U4,1,K8,483,483,1.83,-6.48,127,GOOD,GOOD,130.1198,171.833,96.17023,0,0.9055,8/20/2018 12:00
11034,1020,FP9,TOP,4009518747,8/21/2018 5:12,1534827600,TWB_SM3,TWB_PCBA_SM3_TOP_FP,TWB_PCBA_TOP_FP9,1020,TWB_ICT4,TWB_PCBA_ICT,PN-337126,00F75A70,00F75A70,PN-337126,00F75A70,T22,FAILED ANALOG POWERED TEST,SOLD,94474092,00F75A70T-20180820075648,U4,1,L1,483,483,3.25,2.38,127,GOOD,GOOD,119.868,158.4689,96.06449,0,0.9055,8/20/2018 12:00
11035,1020,FP9,TOP,4009518747,8/21/2018 5:12,1534827600,TWB_SM3,TWB_PCBA_SM3_TOP_FP,TWB_PCBA_TOP_FP9,1020,TWB_ICT4,TWB_PCBA_ICT,PN-337126,00F75A70,00F75A70,PN-337126,00F75A70,T22,FAILED ANALOG POWERED TEST,SOLD,94474092,00F75A70T-20180820075648,U4,1,L16,483,483,9.6,6.36,127,GOOD,GOOD,136.6829,176.5303,98.33284,0,0.9055,8/20/2018 12:00
11036,1020,FP9,TOP,4009518747,8/21/2018 5:12,1534827600,TWB_SM3,TWB_PCBA_SM3_TOP_FP,TWB_PCBA_TOP_FP9,1020,TWB_ICT4,TWB_PCBA_ICT,PN-337126,00F75A70,00F75A70,PN-337126,00F75A70,T22,FAILED ANALOG POWERED TEST,SOLD,94474092,00F75A70T-20180820075648,U4,1,M15,483,483,4.27,-3.06,127,GOOD,GOOD,128.399,157.81799999999998,103.3258,0,0.9055,8/20/2018 12:00
11037,1020,FP9,TOP,4009518747,8/21/2018 5:12,1534827600,TWB_SM3,TWB_PCBA_SM3_TOP_FP,TWB_PCBA_TOP_FP9,1020,TWB_ICT4,TWB_PCBA_ICT,PN-337126,00F75A70,00F75A70,PN-337126,00F75A70,T22,FAILED ANALOG POWERED TEST,SOLD,94474092,00F75A70T-20180820075648,U4,1,M6,483,483,3.94,-2.55,127,GOOD,GOOD,132.7415,163.1959,103.3002,0,0.9055,8/20/2018 12:00
11038,1020,FP9,TOP,4009518747,8/21/2018 5:12,1534827600,TWB_SM3,TWB_PCBA_SM3_TOP_FP,TWB_PCBA_TOP_FP9,1020,TWB_ICT4,TWB_PCBA_ICT,PN-337126,00F75A70,00F75A70,PN-337126,00F75A70,T22,FAILED ANALOG POWERED TEST,SOLD,94474092,00F75A70T-20180820075648,U4,1,N14,483,483,-9.12,-6.58,127,GOOD,GOOD,128.9676,165.7829,98.79717,0,0.9055,8/20/2018 12:00
11039,1020,FP9,TOP,4009518747,8/21/2018 5:12,1534827600,TWB_SM3,TWB_PCBA_SM3_TOP_FP,TWB_PCBA_TOP_FP9,1020,TWB_ICT4,TWB_PCBA_ICT,PN-337126,00F75A70,00F75A70,PN-337126,00F75A70,T22,FAILED ANALOG POWERED TEST,SOLD,94474092,00F75A70T-20180820075648,U4,1,P12,483,483,-8.88,-8.17,127,GOOD,GOOD,125.5468,158.5744,100.5486,0,0.9055,8/20/2018 12:00
11040,1020,FP9,TOP,4009518747,8/21/2018 5:12,1534827600,TWB_SM3,TWB_PCBA_SM3_TOP_FP,TWB_PCBA_TOP_FP9,1020,TWB_ICT4,TWB_PCBA_ICT,PN-337126,00F75A70,00F75A70,PN-337126,00F75A70,T22,FAILED ANALOG POWERED TEST,SOLD,94474092,00F75A70T-20180820075648,U4,1,P9,483,483,9.84,-4.97,127,GOOD,GOOD,126.8793,159.5502,100.9944,0,0.9055,8/20/2018 12:00
11041,1020,FP9,TOP,4009518747,8/21/2018 5:12,1534827600,TWB_SM3,TWB_PCBA_SM3_TOP_FP,TWB_PCBA_TOP_FP9,1020,TWB_ICT4,TWB_PCBA_ICT,PN-337126,00F75A70,00F75A70,PN-337126,00F75A70,T22,FAILED ANALOG POWERED TEST,SOLD,94474092,00F75A70T-20180820075648,U4,1,R10,483,483,-9.67,-5.65,127,GOOD,GOOD,122.1158,167.528,92.57378,0,0.9055,8/20/2018 12:00
11042,1020,FP9,TOP,4009518747,8/21/2018 5:12,1534827600,TWB_SM3,TWB_PCBA_SM3_TOP_FP,TWB_PCBA_TOP_FP9,1020,TWB_ICT4,TWB_PCBA_ICT,PN-337126,00F75A70,00F75A70,PN-337126,00F75A70,T22,FAILED ANALOG POWERED TEST,SOLD,94474092,00F75A70T-20180820075648,U4,1,R7,483,483,-9.95,-2.44,127,GOOD,GOOD,124.9413,172.8202,91.81535,0,0.9055,8/20/2018 12:00
11043,1020,FP9,TOP,4009518747,8/21/2018 5:12,1534827600,TWB_SM3,TWB_PCBA_SM3_TOP_FP,TWB_PCBA_TOP_FP9,1020,TWB_ICT4,TWB_PCBA_ICT,PN-337126,00F75A70,00F75A70,PN-337126,00F75A70,T22,FAILED ANALOG POWERED TEST,SOLD,94474092,00F75A70T-20180820075648,U4,1,T5,483,483,-10.71,0.1,127,GOOD,GOOD,124.1048,168.6806,93.43876999999999,0,0.9055,8/20/2018 12:00
15122,1020,FP9,TOP,4009518747,8/21/2018 5:12,1534827600,TWB_SM3,TWB_PCBA_SM3_TOP_FP,TWB_PCBA_TOP_FP9,1020,TWB_ICT4,TWB_PCBA_ICT,PN-337126,00F75A70,00F75A70,PN-337126,00F75A70,T22,FAILED ANALOG POWERED TEST,SOLD,94474092,00F75A70T-20180820075648,U4,1,A12,483,483,-2.77,-9.18,127,GOOD,GOOD,127.8905,161.1301,100.8011,0,0.9055,8/20/2018 12:00
15123,1020,FP9,TOP,4009518747,8/21/2018 5:12,1534827600,TWB_SM3,TWB_PCBA_SM3_TOP_FP,TWB_PCBA_TOP_FP9,1020,TWB_ICT4,TWB_PCBA_ICT,PN-337126,00F75A70,00F75A70,PN-337126,00F75A70,T22,FAILED ANALOG POWERED TEST,SOLD,94474092,00F75A70T-20180820075648,U4,1,A3,483,483,-6.59,-3.7,127,GOOD,GOOD,120.0984,161.7874,94.27501,0,0.9055,8/20/2018 12:00
15124,1020,FP9,TOP,4009518747,8/21/2018 5:12,1534827600,TWB_SM3,TWB_PCBA_SM3_TOP_FP,TWB_PCBA_TOP_FP9,1020,TWB_ICT4,TWB_PCBA_ICT,PN-337126,00F75A70,00F75A70,PN-337126,00F75A70,T22,FAILED ANALOG POWERED TEST,SOLD,94474092,00F75A70T-20180820075648,U4,1,B11,483,483,-2.13,-6.06,127,GOOD,GOOD,136.4464,163.9924,105.6677,0,0.9055,8/20/2018 12:00
15125,1020,FP9,TOP,4009518747,8/21/2018 5:12,1534827600,TWB_SM3,TWB_PCBA_SM3_TOP_FP,TWB_PCBA_TOP_FP9,1020,TWB_ICT4,TWB_PCBA_ICT,PN-337126,00F75A70,00F75A70,PN-337126,00F75A70,T22,FAILED ANALOG POWERED TEST,SOLD,94474092,00F75A70T-20180820075648,U4,1,B8,483,483,-5.89,-6.17,127,GOOD,GOOD,142.0713,179.1962,100.6889,0,0.9055,8/20/2018 12:00
15126,1020,FP9,TOP,4009518747,8/21/2018 5:12,1534827600,TWB_SM3,TWB_PCBA_SM3_TOP_FP,TWB_PCBA_TOP_FP9,1020,TWB_ICT4,TWB_PCBA_ICT,PN-337126,00F75A70,00F75A70,PN-337126,00F75A70,T22,FAILED ANALOG POWERED TEST,SOLD,94474092,00F75A70T-20180820075648,U4,1,C1,483,483,-5.3,-0.78,127,GOOD,GOOD,118.7,161.1964,93.51888000000001,0,0.9055,8/20/2018 12:00
15127,1020,FP9,TOP,4009518747,8/21/2018 5:12,1534827600,TWB_SM3,TWB_PCBA_SM3_TOP_FP,TWB_PCBA_TOP_FP9,1020,TWB_ICT4,TWB_PCBA_ICT,PN-337126,00F75A70,00F75A70,PN-337126,00F75A70,T22,FAILED ANALOG POWERED TEST,SOLD,94474092,00F75A70T-20180820075648,U4,1,C10,483,483,-2.49,-7.08,127,GOOD,GOOD,135.5493,169.6131,101.4943,0,0.9055,8/20/2018 12:00
15128,1020,FP9,TOP,4009518747,8/21/2018 5:12,1534827600,TWB_SM3,TWB_PCBA_SM3_TOP_FP,TWB_PCBA_TOP_FP9,1020,TWB_ICT4,TWB_PCBA_ICT,PN-337126,00F75A70,00F75A70,PN-337126,00F75A70,T22,FAILED ANALOG POWERED TEST,SOLD,94474092,00F75A70T-20180820075648,U4,1,D6,483,483,-2.12,-5.72,127,GOOD,GOOD,132.3992,164.43200000000002,102.2593,0,0.9055,8/20/2018 12:00
15129,1020,FP9,TOP,4009518747,8/21/2018 5:12,1534827600,TWB_SM3,TWB_PCBA_SM3_TOP_FP,TWB_PCBA_TOP_FP9,1020,TWB_ICT4,TWB_PCBA_ICT,PN-337126,00F75A70,00F75A70,PN-337126,00F75A70,T22,FAILED ANALOG POWERED TEST,SOLD,94474092,00F75A70T-20180820075648,U4,1,F4,483,483,-0.83,-2.8,127,GOOD,GOOD,132.2281,168.4171,99.7106,0,0.9055,8/20/2018 12:00
15130,1020,FP9,TOP,4009518747,8/21/2018 5:12,1534827600,TWB_SM3,TWB_PCBA_SM3_TOP_FP,TWB_PCBA_TOP_FP9,1020,TWB_ICT4,TWB_PCBA_ICT,PN-337126,00F75A70,00F75A70,PN-337126,00F75A70,T22,FAILED ANALOG POWERED TEST,SOLD,94474092,00F75A70T-20180820075648,U4,1,G9,483,483,2.36,-6.73,127,GOOD,GOOD,128.3758,170.8781,95.41145,0,0.9055,8/20/2018 12:00
15131,1020,FP9,TOP,4009518747,8/21/2018 5:12,1534827600,TWB_SM3,TWB_PCBA_SM3_TOP_FP,TWB_PCBA_TOP_FP9,1020,TWB_ICT4,TWB_PCBA_ICT,PN-337126,00F75A70,00F75A70,PN-337126,00F75A70,T22,FAILED ANALOG POWERED TEST,SOLD,94474092,00F75A70T-20180820075648,U4,1,H2,483,483,0.47,0.13,127,GOOD,GOOD,128.8465,165.3419,98.96769,0,0.9055,8/20/2018 12:00
15132,1020,FP9,TOP,4009518747,8/21/2018 5:12,1534827600,TWB_SM3,TWB_PCBA_SM3_TOP_FP,TWB_PCBA_TOP_FP9,1020,TWB_ICT4,TWB_PCBA_ICT,PN-337126,00F75A70,00F75A70,PN-337126,00F75A70,T22,FAILED ANALOG POWERED TEST,SOLD,94474092,00F75A70T-20180820075648,U4,1,J15,483,483,6.03,6.63,127,GOOD,GOOD,123.7964,160.6954,97.83818000000001,0,0.9055,8/20/2018 12:00
15133,1020,FP9,TOP,4009518747,8/21/2018 5:12,1534827600,TWB_SM3,TWB_PCBA_SM3_TOP_FP,TWB_PCBA_TOP_FP9,1020,TWB_ICT4,TWB_PCBA_ICT,PN-337126,00F75A70,00F75A70,PN-337126,00F75A70,T22,FAILED ANALOG POWERED TEST,SOLD,94474092,00F75A70T-20180820075648,U4,1,K14,483,483,7.68,-12.89,127,GOOD,GOOD,128.9063,161.6732,101.2604,0,0.9055,8/20/2018 12:00
15134,1020,FP9,TOP,4009518747,8/21/2018 5:12,1534827600,TWB_SM3,TWB_PCBA_SM3_TOP_FP,TWB_PCBA_TOP_FP9,1020,TWB_ICT4,TWB_PCBA_ICT,PN-337126,00F75A70,00F75A70,PN-337126,00F75A70,T22,FAILED ANALOG POWERED TEST,SOLD,94474092,00F75A70T-20180820075648,U4,1,K5,483,483,2.88,-3.28,127,GOOD,GOOD,124.3928,158.2858,99.80606999999999,0,0.9055,8/20/2018 12:00
15135,1020,FP9,TOP,4009518747,8/21/2018 5:12,1534827600,TWB_SM3,TWB_PCBA_SM3_TOP_FP,TWB_PCBA_TOP_FP9,1020,TWB_ICT4,TWB_PCBA_ICT,PN-337126,00F75A70,00F75A70,PN-337126,00F75A70,T22,FAILED ANALOG POWERED TEST,SOLD,94474092,00F75A70T-20180820075648,U4,1,L13,483,483,8.32,-10.44,127,GOOD,GOOD,131.0804,172.2671,96.63601,0,0.9055,8/20/2018 12:00
15136,1020,FP9,TOP,4009518747,8/21/2018 5:12,1534827600,TWB_SM3,TWB_PCBA_SM3_TOP_FP,TWB_PCBA_TOP_FP9,1020,TWB_ICT4,TWB_PCBA_ICT,PN-337126,00F75A70,00F75A70,PN-337126,00F75A70,T22,FAILED ANALOG POWERED TEST,SOLD,94474092,00F75A70T-20180820075648,U4,1,M12,483,483,8.98,-8.96,127,GOOD,GOOD,125.0593,150.859,105.2806,0,0.9055,8/20/2018 12:00
15137,1020,FP9,TOP,4009518747,8/21/2018 5:12,1534827600,TWB_SM3,TWB_PCBA_SM3_TOP_FP,TWB_PCBA_TOP_FP9,1020,TWB_ICT4,TWB_PCBA_ICT,PN-337126,00F75A70,00F75A70,PN-337126,00F75A70,T22,FAILED ANALOG POWERED TEST,SOLD,94474092,00F75A70T-20180820075648,U4,1,M3,483,483,5.16,0.65,127,GOOD,GOOD,128.214,160.8447,101.2354,0,0.9055,8/20/2018 12:00
15138,1020,FP9,TOP,4009518747,8/21/2018 5:12,1534827600,TWB_SM3,TWB_PCBA_SM3_TOP_FP,TWB_PCBA_TOP_FP9,1020,TWB_ICT4,TWB_PCBA_ICT,PN-337126,00F75A70,00F75A70,PN-337126,00F75A70,T22,FAILED ANALOG POWERED TEST,SOLD,94474092,00F75A70T-20180820075648,U4,1,N11,483,483,7.14,-1.71,127,GOOD,GOOD,140.4217,171.90200000000002,103.7425,0,0.9055,8/20/2018 12:00
15139,1020,FP9,TOP,4009518747,8/21/2018 5:12,1534827600,TWB_SM3,TWB_PCBA_SM3_TOP_FP,TWB_PCBA_TOP_FP9,1020,TWB_ICT4,TWB_PCBA_ICT,PN-337126,00F75A70,00F75A70,PN-337126,00F75A70,T22,FAILED ANALOG POWERED TEST,SOLD,94474092,00F75A70T-20180820075648,U4,1,N8,483,483,6.69,-4.31,127,GOOD,GOOD,124.274,159.2559,99.10338,0,0.9055,8/20/2018 12:00
15140,1020,FP9,TOP,4009518747,8/21/2018 5:12,1534827600,TWB_SM3,TWB_PCBA_SM3_TOP_FP,TWB_PCBA_TOP_FP9,1020,TWB_ICT4,TWB_PCBA_ICT,PN-337126,00F75A70,00F75A70,PN-337126,00F75A70,T22,FAILED ANALOG POWERED TEST,SOLD,94474092,00F75A70T-20180820075648,U4,1,P6,483,483,8.56,-1.76,127,GOOD,GOOD,121.7029,170.2617,90.77948,0,0.9055,8/20/2018 12:00
15141,1020,FP9,TOP,4009518747,8/21/2018 5:12,1534827600,TWB_SM3,TWB_PCBA_SM3_TOP_FP,TWB_PCBA_TOP_FP9,1020,TWB_ICT4,TWB_PCBA_ICT,PN-337126,00F75A70,00F75A70,PN-337126,00F75A70,T22,FAILED ANALOG POWERED TEST,SOLD,94474092,00F75A70T-20180820075648,U4,1,R4,483,483,8.79,0.76,127,GOOD,GOOD,119.8754,163.6678,93.01878,0,0.9055,8/20/2018 12:00
15142,1020,FP9,TOP,4009518747,8/21/2018 5:12,1534827600,TWB_SM3,TWB_PCBA_SM3_TOP_FP,TWB_PCBA_TOP_FP9,1020,TWB_ICT4,TWB_PCBA_ICT,PN-337126,00F75A70,00F75A70,PN-337126,00F75A70,T22,FAILED ANALOG POWERED TEST,SOLD,94474092,00F75A70T-20180820075648,U4,1,T2,483,483,-10.99,3.31,127,GOOD,GOOD,128.4883,174.5799,93.47018,0,0.9055,8/20/2018 12:00
15837,1020,FP9,TOP,4009518747,8/21/2018 5:12,1534827600,TWB_SM3,TWB_PCBA_SM3_TOP_FP,TWB_PCBA_TOP_FP9,1020,TWB_ICT4,TWB_PCBA_ICT,PN-337126,00F75A70,00F75A70,PN-337126,00F75A70,T22,FAILED ANALOG POWERED TEST,SOLD,94474092,00F75A70T-20180820075648,U4,1,A9,483,483,-4.05,-8.46,127,GOOD,GOOD,136.0799,174.1849,99.2173,0,0.9055,8/20/2018 12:00
15838,1020,FP9,TOP,4009518747,8/21/2018 5:12,1534827600,TWB_SM3,TWB_PCBA_SM3_TOP_FP,TWB_PCBA_TOP_FP9,1020,TWB_ICT4,TWB_PCBA_ICT,PN-337126,00F75A70,00F75A70,PN-337126,00F75A70,T22,FAILED ANALOG POWERED TEST,SOLD,94474092,00F75A70T-20180820075648,U4,1,B2,483,483,-5.95,-2.24,127,GOOD,GOOD,121.196,163.5215,94.12762,0,0.9055,8/20/2018 12:00
15839,1020,FP9,TOP,4009518747,8/21/2018 5:12,1534827600,TWB_SM3,TWB_PCBA_SM3_TOP_FP,TWB_PCBA_TOP_FP9,1020,TWB_ICT4,TWB_PCBA_ICT,PN-337126,00F75A70,00F75A70,PN-337126,00F75A70,T22,FAILED ANALOG POWERED TEST,SOLD,94474092,00F75A70T-20180820075648,U4,1,C16,483,483,1.05,3.2,127,GOOD,GOOD,118.5425,157.5022,95.58538,0,0.9055,8/20/2018 12:00
15840,1020,FP9,TOP,4009518747,8/21/2018 5:12,1534827600,TWB_SM3,TWB_PCBA_SM3_TOP_FP,TWB_PCBA_TOP_FP9,1020,TWB_ICT4,TWB_PCBA_ICT,PN-337126,00F75A70,00F75A70,PN-337126,00F75A70,T22,FAILED ANALOG POWERED TEST,SOLD,94474092,00F75A70T-20180820075648,U4,1,C7,483,483,-2.77,-7.19,127,GOOD,GOOD,129.0049,159.2261,102.8953,0,0.9055,8/20/2018 12:00
15841,1020,FP9,TOP,4009518747,8/21/2018 5:12,1534827600,TWB_SM3,TWB_PCBA_SM3_TOP_FP,TWB_PCBA_TOP_FP9,1020,TWB_ICT4,TWB_PCBA_ICT,PN-337126,00F75A70,00F75A70,PN-337126,00F75A70,T22,FAILED ANALOG POWERED TEST,SOLD,94474092,00F75A70T-20180820075648,U4,1,D15,483,483,0.69,4.66,127,GOOD,GOOD,119.74799999999999,157.5002,96.55858,0,0.9055,8/20/2018 12:00
15842,1020,FP9,TOP,4009518747,8/21/2018 5:12,1534827600,TWB_SM3,TWB_PCBA_SM3_TOP_FP,TWB_PCBA_TOP_FP9,1020,TWB_ICT4,TWB_PCBA_ICT,PN-337126,00F75A70,00F75A70,PN-337126,00F75A70,T22,FAILED ANALOG POWERED TEST,SOLD,94474092,00F75A70T-20180820075648,U4,1,E14,483,483,-0.15,5.13,127,GOOD,GOOD,126.6943,163.1221,98.63884,0,0.9055,8/20/2018 12:00
15843,1020,FP9,TOP,4009518747,8/21/2018 5:12,1534827600,TWB_SM3,TWB_PCBA_SM3_TOP_FP,TWB_PCBA_TOP_FP9,1020,TWB_ICT4,TWB_PCBA_ICT,PN-337126,00F75A70,00F75A70,PN-337126,00F75A70,T22,FAILED ANALOG POWERED TEST,SOLD,94474092,00F75A70T-20180820075648,U4,1,E5,483,483,-2.46,-5.26,127,GOOD,GOOD,124.6481,155.3931,101.8726,0,0.9055,8/20/2018 12:00
15844,1020,FP9,TOP,4009518747,8/21/2018 5:12,1534827600,TWB_SM3,TWB_PCBA_SM3_TOP_FP,TWB_PCBA_TOP_FP9,1020,TWB_ICT4,TWB_PCBA_ICT,PN-337126,00F75A70,00F75A70,PN-337126,00F75A70,T22,FAILED ANALOG POWERED TEST,SOLD,94474092,00F75A70T-20180820075648,U4,1,F13,483,483,2.97,-9.1,127,GOOD,GOOD,136.4638,166.53,104.0708,0,0.9055,8/20/2018 12:00
15845,1020,FP9,TOP,4009518747,8/21/2018 5:12,1534827600,TWB_SM3,TWB_PCBA_SM3_TOP_FP,TWB_PCBA_TOP_FP9,1020,TWB_ICT4,TWB_PCBA_ICT,PN-337126,00F75A70,00F75A70,PN-337126,00F75A70,T22,FAILED ANALOG POWERED TEST,SOLD,94474092,00F75A70T-20180820075648,U4,1,G12,483,483,3.64,-9.94,127,GOOD,GOOD,122.2614,148.2738,104.7198,0,0.9055,8/20/2018 12:00
15846,1020,FP9,TOP,4009518747,8/21/2018 5:12,1534827600,TWB_SM3,TWB_PCBA_SM3_TOP_FP,TWB_PCBA_TOP_FP9,1020,TWB_ICT4,TWB_PCBA_ICT,PN-337126,00F75A70,00F75A70,PN-337126,00F75A70,T22,FAILED ANALOG POWERED TEST,SOLD,94474092,00F75A70T-20180820075648,U4,1,G3,483,483,-0.18,5.48,127,GOOD,GOOD,129.9081,159.6086,103.3674,0,0.9055,8/20/2018 12:00
15847,1020,FP9,TOP,4009518747,8/21/2018 5:12,1534827600,TWB_SM3,TWB_PCBA_SM3_TOP_FP,TWB_PCBA_TOP_FP9,1020,TWB_ICT4,TWB_PCBA_ICT,PN-337126,00F75A70,00F75A70,PN-337126,00F75A70,T22,FAILED ANALOG POWERED TEST,SOLD,94474092,00F75A70T-20180820075648,U4,1,H11,483,483,4.28,-9.48,127,GOOD,GOOD,129.5796,160.783,102.353,0,0.9055,8/20/2018 12:00
15848,1020,FP9,TOP,4009518747,8/21/2018 5:12,1534827600,TWB_SM3,TWB_PCBA_SM3_TOP_FP,TWB_PCBA_TOP_FP9,1020,TWB_ICT4,TWB_PCBA_ICT,PN-337126,00F75A70,00F75A70,PN-337126,00F75A70,T22,FAILED ANALOG POWERED TEST,SOLD,94474092,00F75A70T-20180820075648,U4,1,H8,483,483,3.0,-6.28,127,GOOD,GOOD,123.1085,156.1077,100.1537,0,0.9055,8/20/2018 12:00
15849,1020,FP9,TOP,4009518747,8/21/2018 5:12,1534827600,TWB_SM3,TWB_PCBA_SM3_TOP_FP,TWB_PCBA_TOP_FP9,1020,TWB_ICT4,TWB_PCBA_ICT,PN-337126,00F75A70,00F75A70,PN-337126,00F75A70,T22,FAILED ANALOG POWERED TEST,SOLD,94474092,00F75A70T-20180820075648,U4,1,J6,483,483,3.22,-3.75,127,GOOD,GOOD,135.5599,172.5974,99.74725,0,0.9055,8/20/2018 12:00
15850,1020,FP9,TOP,4009518747,8/21/2018 5:12,1534827600,TWB_SM3,TWB_PCBA_SM3_TOP_FP,TWB_PCBA_TOP_FP9,1020,TWB_ICT4,TWB_PCBA_ICT,PN-337126,00F75A70,00F75A70,PN-337126,00F75A70,T22,FAILED ANALOG POWERED TEST,SOLD,94474092,00F75A70T-20180820075648,U4,1,L4,483,483,4.52,-0.83,127,GOOD,GOOD,128.4113,174.1002,93.67153,0,0.9055,8/20/2018 12:00
15851,1020,FP9,TOP,4009518747,8/21/2018 5:12,1534827600,TWB_SM3,TWB_PCBA_SM3_TOP_FP,TWB_PCBA_TOP_FP9,1020,TWB_ICT4,TWB_PCBA_ICT,PN-337126,00F75A70,00F75A70,PN-337126,00F75A70,T22,FAILED ANALOG POWERED TEST,SOLD,94474092,00F75A70T-20180820075648,U4,1,M9,483,483,4.39,-5.76,127,GOOD,GOOD,130.0359,152.9111,108.001,0,0.9055,8/20/2018 12:00
15852,1020,FP9,TOP,4009518747,8/21/2018 5:12,1534827600,TWB_SM3,TWB_PCBA_SM3_TOP_FP,TWB_PCBA_TOP_FP9,1020,TWB_ICT4,TWB_PCBA_ICT,PN-337126,00F75A70,00F75A70,PN-337126,00F75A70,T22,FAILED ANALOG POWERED TEST,SOLD,94474092,00F75A70T-20180820075648,U4,1,N2,483,483,5.81,2.1,127,GOOD,GOOD,118.8401,160.8532,93.82897,0,0.9055,8/20/2018 12:00
15853,1020,FP9,TOP,4009518747,8/21/2018 5:12,1534827600,TWB_SM3,TWB_PCBA_SM3_TOP_FP,TWB_PCBA_TOP_FP9,1020,TWB_ICT4,TWB_PCBA_ICT,PN-337126,00F75A70,00F75A70,PN-337126,00F75A70,T22,FAILED ANALOG POWERED TEST,SOLD,94474092,00F75A70T-20180820075648,U4,1,P15,483,483,-8.63,-11.38,127,GOOD,GOOD,120.7807,162.3695,94.4706,0,0.9055,8/20/2018 12:00
15854,1020,FP9,TOP,4009518747,8/21/2018 5:12,1534827600,TWB_SM3,TWB_PCBA_SM3_TOP_FP,TWB_PCBA_TOP_FP9,1020,TWB_ICT4,TWB_PCBA_ICT,PN-337126,00F75A70,00F75A70,PN-337126,00F75A70,T22,FAILED ANALOG POWERED TEST,SOLD,94474092,00F75A70T-20180820075648,U4,1,R13,483,483,-7.41,-3.88,127,GOOD,GOOD,133.0154,168.5165,100.2451,0,0.9055,8/20/2018 12:00
15855,1020,FP9,TOP,4009518747,8/21/2018 5:12,1534827600,TWB_SM3,TWB_PCBA_SM3_TOP_FP,TWB_PCBA_TOP_FP9,1020,TWB_ICT4,TWB_PCBA_ICT,PN-337126,00F75A70,00F75A70,PN-337126,00F75A70,T22,FAILED ANALOG POWERED TEST,SOLD,94474092,00F75A70T-20180820075648,U4,1,T11,483,483,-7.17,-6.31,127,GOOD,GOOD,124.902,162.869,97.39453,0,0.9055,8/20/2018 12:00
15856,1020,FP9,TOP,4009518747,8/21/2018 5:12,1534827600,TWB_SM3,TWB_PCBA_SM3_TOP_FP,TWB_PCBA_TOP_FP9,1020,TWB_ICT4,TWB_PCBA_ICT,PN-337126,00F75A70,00F75A70,PN-337126,00F75A70,T22,FAILED ANALOG POWERED TEST,SOLD,94474092,00F75A70T-20180820075648,U4,1,T8,483,483,-8.45,-3.11,127,GOOD,GOOD,112.7378,154.5583,92.63627,0,0.9055,8/20/2018 12:00
21327,1020,FP9,TOP,4009518747,8/21/2018 5:12,1534827600,TWB_SM3,TWB_PCBA_SM3_TOP_FP,TWB_PCBA_TOP_FP9,1020,TWB_ICT4,TWB_PCBA_ICT,PN-337126,00F75A70,00F75A70,PN-337126,00F75A70,T22,FAILED ANALOG POWERED TEST,SOLD,94474092,00F75A70T-20180820075648,U4,1,B4,483,483,-5.1,-4.38,127,GOOD,GOOD,130.8027,164.7799,100.8129,0,0.9055,8/20/2018 12:00
21328,1020,FP9,TOP,4009518747,8/21/2018 5:12,1534827600,TWB_SM3,TWB_PCBA_SM3_TOP_FP,TWB_PCBA_TOP_FP9,1020,TWB_ICT4,TWB_PCBA_ICT,PN-337126,00F75A70,00F75A70,PN-337126,00F75A70,T22,FAILED ANALOG POWERED TEST,SOLD,94474092,00F75A70T-20180820075648,U4,1,C9,483,483,-1.91,-9.32,127,GOOD,GOOD,130.842,166.8609,99.58555,0,0.9055,8/20/2018 12:00
21329,1020,FP9,TOP,4009518747,8/21/2018 5:12,1534827600,TWB_SM3,TWB_PCBA_SM3_TOP_FP,TWB_PCBA_TOP_FP9,1020,TWB_ICT4,TWB_PCBA_ICT,PN-337126,00F75A70,00F75A70,PN-337126,00F75A70,T22,FAILED ANALOG POWERED TEST,SOLD,94474092,00F75A70T-20180820075648,U4,1,D2,483,483,-3.81,-1.45,127,GOOD,GOOD,126.0241,164.8349,97.09751,0,0.9055,8/20/2018 12:00
21330,1020,FP9,TOP,4009518747,8/21/2018 5:12,1534827600,TWB_SM3,TWB_PCBA_SM3_TOP_FP,TWB_PCBA_TOP_FP9,1020,TWB_ICT4,TWB_PCBA_ICT,PN-337126,00F75A70,00F75A70,PN-337126,00F75A70,T22,FAILED ANALOG POWERED TEST,SOLD,94474092,00F75A70T-20180820075648,U4,1,E16,483,483,3.19,2.99,127,GOOD,GOOD,120.3597,163.8738,93.27715,0,0.9055,8/20/2018 12:00
21331,1020,FP9,TOP,4009518747,8/21/2018 5:12,1534827600,TWB_SM3,TWB_PCBA_SM3_TOP_FP,TWB_PCBA_TOP_FP9,1020,TWB_ICT4,TWB_PCBA_ICT,PN-337126,00F75A70,00F75A70,PN-337126,00F75A70,T22,FAILED ANALOG POWERED TEST,SOLD,94474092,00F75A70T-20180820075648,U4,1,E7,483,483,-0.63,-6.56,127,GOOD,GOOD,129.9101,160.6812,102.679,0,0.9055,8/20/2018 12:00
21332,1020,FP9,TOP,4009518747,8/21/2018 5:12,1534827600,TWB_SM3,TWB_PCBA_SM3_TOP_FP,TWB_PCBA_TOP_FP9,1020,TWB_ICT4,TWB_PCBA_ICT,PN-337126,00F75A70,00F75A70,PN-337126,00F75A70,T22,FAILED ANALOG POWERED TEST,SOLD,94474092,00F75A70T-20180820075648,U4,1,F15,483,483,2.83,5.45,127,GOOD,GOOD,126.539,151.2999,106.2159,0,0.9055,8/20/2018 12:00
21333,1020,FP9,TOP,4009518747,8/21/2018 5:12,1534827600,TWB_SM3,TWB_PCBA_SM3_TOP_FP,TWB_PCBA_TOP_FP9,1020,TWB_ICT4,TWB_PCBA_ICT,PN-337126,00F75A70,00F75A70,PN-337126,00F75A70,T22,FAILED ANALOG POWERED TEST,SOLD,94474092,00F75A70T-20180820075648,U4,1,G14,483,483,4.47,7.93,127,GOOD,GOOD,128.5172,160.7384,101.5419,0,0.9055,8/20/2018 12:00
21334,1020,FP9,TOP,4009518747,8/21/2018 5:12,1534827600,TWB_SM3,TWB_PCBA_SM3_TOP_FP,TWB_PCBA_TOP_FP9,1020,TWB_ICT4,TWB_PCBA_ICT,PN-337126,00F75A70,00F75A70,PN-337126,00F75A70,T22,FAILED ANALOG POWERED TEST,SOLD,94474092,00F75A70T-20180820075648,U4,1,G5,483,483,-0.33,-2.46,127,GOOD,GOOD,133.2975,164.6201,102.8355,0,0.9055,8/20/2018 12:00
21335,1020,FP9,TOP,4009518747,8/21/2018 5:12,1534827600,TWB_SM3,TWB_PCBA_SM3_TOP_FP,TWB_PCBA_TOP_FP9,1020,TWB_ICT4,TWB_PCBA_ICT,PN-337126,00F75A70,00F75A70,PN-337126,00F75A70,T22,FAILED ANALOG POWERED TEST,SOLD,94474092,00F75A70T-20180820075648,U4,1,H13,483,483,5.11,-9.96,127,GOOD,GOOD,125.7416,160.8226,99.29687,0,0.9055,8/20/2018 12:00
21336,1020,FP9,TOP,4009518747,8/21/2018 5:12,1534827600,TWB_SM3,TWB_PCBA_SM3_TOP_FP,TWB_PCBA_TOP_FP9,1020,TWB_ICT4,TWB_PCBA_ICT,PN-337126,00F75A70,00F75A70,PN-337126,00F75A70,T22,FAILED ANALOG POWERED TEST,SOLD,94474092,00F75A70T-20180820075648,U4,1,J11,483,483,5.35,-9.1,127,GOOD,GOOD,133.4151,165.4896,102.3854,0,0.9055,8/20/2018 12:00
21337,1020,FP9,TOP,4009518747,8/21/2018 5:12,1534827600,TWB_SM3,TWB_PCBA_SM3_TOP_FP,TWB_PCBA_TOP_FP9,1020,TWB_ICT4,TWB_PCBA_ICT,PN-337126,00F75A70,00F75A70,PN-337126,00F75A70,T22,FAILED ANALOG POWERED TEST,SOLD,94474092,00F75A70T-20180820075648,U4,1,J8,483,483,4.07,-5.89,127,GOOD,GOOD,129.2608,159.9087,102.6593,0,0.9055,8/20/2018 12:00
21338,1020,FP9,TOP,4009518747,8/21/2018 5:12,1534827600,TWB_SM3,TWB_PCBA_SM3_TOP_FP,TWB_PCBA_TOP_FP9,1020,TWB_ICT4,TWB_PCBA_ICT,PN-337126,00F75A70,00F75A70,PN-337126,00F75A70,T22,FAILED ANALOG POWERED TEST,SOLD,94474092,00F75A70T-20180820075648,U4,1,K1,483,483,2.18,1.0,127,GOOD,GOOD,118.4387,158.5325,94.88095,0,0.9055,8/20/2018 12:00
21339,1020,FP9,TOP,4009518747,8/21/2018 5:12,1534827600,TWB_SM3,TWB_PCBA_SM3_TOP_FP,TWB_PCBA_TOP_FP9,1020,TWB_ICT4,TWB_PCBA_ICT,PN-337126,00F75A70,00F75A70,PN-337126,00F75A70,T22,FAILED ANALOG POWERED TEST,SOLD,94474092,00F75A70T-20180820075648,U4,1,K10,483,483,4.99,-8.62,127,GOOD,GOOD,132.0333,167.6798,100.0015,0,0.9055,8/20/2018 12:00
21340,1020,FP9,TOP,4009518747,8/21/2018 5:12,1534827600,TWB_SM3,TWB_PCBA_SM3_TOP_FP,TWB_PCBA_TOP_FP9,1020,TWB_ICT4,TWB_PCBA_ICT,PN-337126,00F75A70,00F75A70,PN-337126,00F75A70,T22,FAILED ANALOG POWERED TEST,SOLD,94474092,00F75A70T-20180820075648,U4,1,L6,483,483,5.35,-2.96,127,GOOD,GOOD,129.4563,162.9692,100.8838,0,0.9055,8/20/2018 12:00
21341,1020,FP9,TOP,4009518747,8/21/2018 5:12,1534827600,TWB_SM3,TWB_PCBA_SM3_TOP_FP,TWB_PCBA_TOP_FP9,1020,TWB_ICT4,TWB_PCBA_ICT,PN-337126,00F75A70,00F75A70,PN-337126,00F75A70,T22,FAILED ANALOG POWERED TEST,SOLD,94474092,00F75A70T-20180820075648,U4,1,N4,483,483,6.65,-0.03,127,GOOD,GOOD,132.5831,173.1182,97.26337,0,0.9055,8/20/2018 12:00
21342,1020,FP9,TOP,4009518747,8/21/2018 5:12,1534827600,TWB_SM3,TWB_PCBA_SM3_TOP_FP,TWB_PCBA_TOP_FP9,1020,TWB_ICT4,TWB_PCBA_ICT,PN-337126,00F75A70,00F75A70,PN-337126,00F75A70,T22,FAILED ANALOG POWERED TEST,SOLD,94474092,00F75A70T-20180820075648,U4,1,P2,483,483,6.88,2.51,127,GOOD,GOOD,113.8286,160.368,90.1441,0,0.9055,8/20/2018 12:00
21343,1020,FP9,TOP,4009518747,8/21/2018 5:12,1534827600,TWB_SM3,TWB_PCBA_SM3_TOP_FP,TWB_PCBA_TOP_FP9,1020,TWB_ICT4,TWB_PCBA_ICT,PN-337126,00F75A70,00F75A70,PN-337126,00F75A70,T22,FAILED ANALOG POWERED TEST,SOLD,94474092,00F75A70T-20180820075648,U4,1,R15,483,483,-7.56,-10.99,127,GOOD,GOOD,118.9164,157.4519,95.91743000000001,0,0.9055,8/20/2018 12:00
21344,1020,FP9,TOP,4009518747,8/21/2018 5:12,1534827600,TWB_SM3,TWB_PCBA_SM3_TOP_FP,TWB_PCBA_TOP_FP9,1020,TWB_ICT4,TWB_PCBA_ICT,PN-337126,00F75A70,00F75A70,PN-337126,00F75A70,T22,FAILED ANALOG POWERED TEST,SOLD,94474092,00F75A70T-20180820075648,U4,1,T13,483,483,-6.34,-7.62,127,GOOD,GOOD,117.3301,154.8146,96.25014,0,0.9055,8/20/2018 12:00
24743,1020,FP9,TOP,4009518747,8/21/2018 5:12,1534827600,TWB_SM3,TWB_PCBA_SM3_TOP_FP,TWB_PCBA_TOP_FP9,1020,TWB_ICT4,TWB_PCBA_ICT,PN-337126,00F75A70,00F75A70,PN-337126,00F75A70,T22,FAILED ANALOG POWERED TEST,SOLD,94474092,00F75A70T-20180820075648,U4,1,A13,483,483,-2.37,5.61,127,GOOD,GOOD,123.1499,166.4013,93.98989,0,0.9055,8/20/2018 12:00
24744,1020,FP9,TOP,4009518747,8/21/2018 5:12,1534827600,TWB_SM3,TWB_PCBA_SM3_TOP_FP,TWB_PCBA_TOP_FP9,1020,TWB_ICT4,TWB_PCBA_ICT,PN-337126,00F75A70,00F75A70,PN-337126,00F75A70,T22,FAILED ANALOG POWERED TEST,SOLD,94474092,00F75A70T-20180820075648,U4,1,A4,483,483,-6.17,-4.77,127,GOOD,GOOD,133.3953,171.2253,98.94099,0,0.9055,8/20/2018 12:00
24745,1020,FP9,TOP,4009518747,8/21/2018 5:12,1534827600,TWB_SM3,TWB_PCBA_SM3_TOP_FP,TWB_PCBA_TOP_FP9,1020,TWB_ICT4,TWB_PCBA_ICT,PN-337126,00F75A70,00F75A70,PN-337126,00F75A70,T22,FAILED ANALOG POWERED TEST,SOLD,94474092,00F75A70T-20180820075648,U4,1,B12,483,483,-1.7,-12.93,127,GOOD,GOOD,120.37200000000001,161.3618,94.73895999999999,0,0.9055,8/20/2018 12:00
24746,1020,FP9,TOP,4009518747,8/21/2018 5:12,1534827600,TWB_SM3,TWB_PCBA_SM3_TOP_FP,TWB_PCBA_TOP_FP9,1020,TWB_ICT4,TWB_PCBA_ICT,PN-337126,00F75A70,00F75A70,PN-337126,00F75A70,T22,FAILED ANALOG POWERED TEST,SOLD,94474092,00F75A70T-20180820075648,U4,1,B9,483,483,-2.98,-8.06,127,GOOD,GOOD,136.8456,172.0262,101.0276,0,0.9055,8/20/2018 12:00
24747,1020,FP9,TOP,4009518747,8/21/2018 5:12,1534827600,TWB_SM3,TWB_PCBA_SM3_TOP_FP,TWB_PCBA_TOP_FP9,1020,TWB_ICT4,TWB_PCBA_ICT,PN-337126,00F75A70,00F75A70,PN-337126,00F75A70,T22,FAILED ANALOG POWERED TEST,SOLD,94474092,00F75A70T-20180820075648,U4,1,C11,483,483,-1.06,-11.46,127,GOOD,GOOD,141.0557,181.1305,98.90148,0,0.9055,8/20/2018 12:00
24748,1020,FP9,TOP,4009518747,8/21/2018 5:12,1534827600,TWB_SM3,TWB_PCBA_SM3_TOP_FP,TWB_PCBA_TOP_FP9,1020,TWB_ICT4,TWB_PCBA_ICT,PN-337126,00F75A70,00F75A70,PN-337126,00F75A70,T22,FAILED ANALOG POWERED TEST,SOLD,94474092,00F75A70T-20180820075648,U4,1,C2,483,483,-4.88,-1.84,127,GOOD,GOOD,124.0911,174.2236,90.45605,0,0.9055,8/20/2018 12:00
24749,1020,FP9,TOP,4009518747,8/21/2018 5:12,1534827600,TWB_SM3,TWB_PCBA_SM3_TOP_FP,TWB_PCBA_TOP_FP9,1020,TWB_ICT4,TWB_PCBA_ICT,PN-337126,00F75A70,00F75A70,PN-337126,00F75A70,T22,FAILED ANALOG POWERED TEST,SOLD,94474092,00F75A70T-20180820075648,U4,1,D10,483,483,-1.42,-10.0,127,GOOD,GOOD,134.1294,162.7853,104.6435,0,0.9055,8/20/2018 12:00
24750,1020,FP9,TOP,4009518747,8/21/2018 5:12,1534827600,TWB_SM3,TWB_PCBA_SM3_TOP_FP,TWB_PCBA_TOP_FP9,1020,TWB_ICT4,TWB_PCBA_ICT,PN-337126,00F75A70,00F75A70,PN-337126,00F75A70,T22,FAILED ANALOG POWERED TEST,SOLD,94474092,00F75A70T-20180820075648,U4,1,D7,483,483,-1.7,-6.79,127,GOOD,GOOD,140.7999,177.1295,100.95200000000001,0,0.9055,8/20/2018 12:00
24751,1020,FP9,TOP,4009518747,8/21/2018 5:12,1534827600,TWB_SM3,TWB_PCBA_SM3_TOP_FP,TWB_PCBA_TOP_FP9,1020,TWB_ICT4,TWB_PCBA_ICT,PN-337126,00F75A70,00F75A70,PN-337126,00F75A70,T22,FAILED ANALOG POWERED TEST,SOLD,94474092,00F75A70T-20180820075648,U4,1,F5,483,483,-1.39,-3.87,127,GOOD,GOOD,128.9482,164.9364,99.28928,0,0.9055,8/20/2018 12:00
24752,1020,FP9,TOP,4009518747,8/21/2018 5:12,1534827600,TWB_SM3,TWB_PCBA_SM3_TOP_FP,TWB_PCBA_TOP_FP9,1020,TWB_ICT4,TWB_PCBA_ICT,PN-337126,00F75A70,00F75A70,PN-337126,00F75A70,T22,FAILED ANALOG POWERED TEST,SOLD,94474092,00F75A70T-20180820075648,U4,1,H3,483,483,0.89,-0.94,127,GOOD,GOOD,130.1776,161.5465,102.3393,0,0.9055,8/20/2018 12:00
24753,1020,FP9,TOP,4009518747,8/21/2018 5:12,1534827600,TWB_SM3,TWB_PCBA_SM3_TOP_FP,TWB_PCBA_TOP_FP9,1020,TWB_ICT4,TWB_PCBA_ICT,PN-337126,00F75A70,00F75A70,PN-337126,00F75A70,T22,FAILED ANALOG POWERED TEST,SOLD,94474092,00F75A70T-20180820075648,U4,1,J1,483,483,1.11,1.59,127,GOOD,GOOD,116.7221,160.8665,92.1491,0,0.9055,8/20/2018 12:00
24754,1020,FP9,TOP,4009518747,8/21/2018 5:12,1534827600,TWB_SM3,TWB_PCBA_SM3_TOP_FP,TWB_PCBA_TOP_FP9,1020,TWB_ICT4,TWB_PCBA_ICT,PN-337126,00F75A70,00F75A70,PN-337126,00F75A70,T22,FAILED ANALOG POWERED TEST,SOLD,94474092,00F75A70T-20180820075648,U4,1,J16,483,483,7.46,5.56,127,GOOD,GOOD,124.1104,164.0318,96.09125,0,0.9055,8/20/2018 12:00
24755,1020,FP9,TOP,4009518747,8/21/2018 5:12,1534827600,TWB_SM3,TWB_PCBA_SM3_TOP_FP,TWB_PCBA_TOP_FP9,1020,TWB_ICT4,TWB_PCBA_ICT,PN-337126,00F75A70,00F75A70,PN-337126,00F75A70,T22,FAILED ANALOG POWERED TEST,SOLD,94474092,00F75A70T-20180820075648,U4,1,K15,483,483,7.1,7.7,127,GOOD,GOOD,129.047,163.8513,100.0234,0,0.9055,8/20/2018 12:00
24756,1020,FP9,TOP,4009518747,8/21/2018 5:12,1534827600,TWB_SM3,TWB_PCBA_SM3_TOP_FP,TWB_PCBA_TOP_FP9,1020,TWB_ICT4,TWB_PCBA_ICT,PN-337126,00F75A70,00F75A70,PN-337126,00F75A70,T22,FAILED ANALOG POWERED TEST,SOLD,94474092,00F75A70T-20180820075648,U4,1,K6,483,483,4.29,-4.35,127,GOOD,GOOD,124.0362,163.9332,96.09154000000001,0,0.9055,8/20/2018 12:00
24757,1020,FP9,TOP,4009518747,8/21/2018 5:12,1534827600,TWB_SM3,TWB_PCBA_SM3_TOP_FP,TWB_PCBA_TOP_FP9,1020,TWB_ICT4,TWB_PCBA_ICT,PN-337126,00F75A70,00F75A70,PN-337126,00F75A70,T22,FAILED ANALOG POWERED TEST,SOLD,94474092,00F75A70T-20180820075648,U4,1,L14,483,483,8.75,-11.51,127,GOOD,GOOD,116.7003,156.5398,94.67836,0,0.9055,8/20/2018 12:00
24758,1020,FP9,TOP,4009518747,8/21/2018 5:12,1534827600,TWB_SM3,TWB_PCBA_SM3_TOP_FP,TWB_PCBA_TOP_FP9,1020,TWB_ICT4,TWB_PCBA_ICT,PN-337126,00F75A70,00F75A70,PN-337126,00F75A70,T22,FAILED ANALOG POWERED TEST,SOLD,94474092,00F75A70T-20180820075648,U4,1,M13,483,483,9.39,-10.03,127,GOOD,GOOD,134.1783,172.2304,98.94099,0,0.9055,8/20/2018 12:00
24759,1020,FP9,TOP,4009518747,8/21/2018 5:12,1534827600,TWB_SM3,TWB_PCBA_SM3_TOP_FP,TWB_PCBA_TOP_FP9,1020,TWB_ICT4,TWB_PCBA_ICT,PN-337126,00F75A70,00F75A70,PN-337126,00F75A70,T22,FAILED ANALOG POWERED TEST,SOLD,94474092,00F75A70T-20180820075648,U4,1,M4,483,483,5.59,-0.42,127,GOOD,GOOD,131.5441,170.6356,97.90517,0,0.9055,8/20/2018 12:00
24760,1020,FP9,TOP,4009518747,8/21/2018 5:12,1534827600,TWB_SM3,TWB_PCBA_SM3_TOP_FP,TWB_PCBA_TOP_FP9,1020,TWB_ICT4,TWB_PCBA_ICT,PN-337126,00F75A70,00F75A70,PN-337126,00F75A70,T22,FAILED ANALOG POWERED TEST,SOLD,94474092,00F75A70T-20180820075648,U4,1,N12,483,483,10.05,-8.58,127,GOOD,GOOD,130.6808,170.2765,97.46774,0,0.9055,8/20/2018 12:00
24761,1020,FP9,TOP,4009518747,8/21/2018 5:12,1534827600,TWB_SM3,TWB_PCBA_SM3_TOP_FP,TWB_PCBA_TOP_FP9,1020,TWB_ICT4,TWB_PCBA_ICT,PN-337126,00F75A70,00F75A70,PN-337126,00F75A70,T22,FAILED ANALOG POWERED TEST,SOLD,94474092,00F75A70T-20180820075648,U4,1,N9,483,483,8.77,-5.37,127,GOOD,GOOD,122.7756,160.6083,97.08403,0,0.9055,8/20/2018 12:00
24762,1020,FP9,TOP,4009518747,8/21/2018 5:12,1534827600,TWB_SM3,TWB_PCBA_SM3_TOP_FP,TWB_PCBA_TOP_FP9,1020,TWB_ICT4,TWB_PCBA_ICT,PN-337126,00F75A70,00F75A70,PN-337126,00F75A70,T22,FAILED ANALOG POWERED TEST,SOLD,94474092,00F75A70T-20180820075648,U4,1,P10,483,483,-10.74,0.59,127,GOOD,GOOD,130.8007,162.4343,102.2671,0,0.9055,8/20/2018 12:00
24763,1020,FP9,TOP,4009518747,8/21/2018 5:12,1534827600,TWB_SM3,TWB_PCBA_SM3_TOP_FP,TWB_PCBA_TOP_FP9,1020,TWB_ICT4,TWB_PCBA_ICT,PN-337126,00F75A70,00F75A70,PN-337126,00F75A70,T22,FAILED ANALOG POWERED TEST,SOLD,94474092,00F75A70T-20180820075648,U4,1,P7,483,483,8.99,-2.83,127,GOOD,GOOD,121.2746,161.1184,95.59348,0,0.9055,8/20/2018 12:00
24764,1020,FP9,TOP,4009518747,8/21/2018 5:12,1534827600,TWB_SM3,TWB_PCBA_SM3_TOP_FP,TWB_PCBA_TOP_FP9,1020,TWB_ICT4,TWB_PCBA_ICT,PN-337126,00F75A70,00F75A70,PN-337126,00F75A70,T22,FAILED ANALOG POWERED TEST,SOLD,94474092,00F75A70T-20180820075648,U4,1,R5,483,483,8.22,-0.31,127,GOOD,GOOD,125.8509,163.6414,97.67126,0,0.9055,8/20/2018 12:00
24765,1020,FP9,TOP,4009518747,8/21/2018 5:12,1534827600,TWB_SM3,TWB_PCBA_SM3_TOP_FP,TWB_PCBA_TOP_FP9,1020,TWB_ICT4,TWB_PCBA_ICT,PN-337126,00F75A70,00F75A70,PN-337126,00F75A70,T22,FAILED ANALOG POWERED TEST,SOLD,94474092,00F75A70T-20180820075648,U4,1,T3,483,483,-10.57,2.24,127,GOOD,GOOD,128.1236,169.89700000000002,95.77387,0,0.9055,8/20/2018 12:00
29187,1020,FP9,TOP,4009518747,8/21/2018 5:12,1534827600,TWB_SM3,TWB_PCBA_SM3_TOP_FP,TWB_PCBA_TOP_FP9,1020,TWB_ICT4,TWB_PCBA_ICT,PN-337126,00F75A70,00F75A70,PN-337126,00F75A70,T22,FAILED ANALOG POWERED TEST,SOLD,94474092,00F75A70T-20180820075648,U4,1,A8,483,483,-4.48,-9.05,127,GOOD,GOOD,131.618,169.3152,98.72400999999999,0,0.9055,8/20/2018 12:00
29188,1020,FP9,TOP,4009518747,8/21/2018 5:12,1534827600,TWB_SM3,TWB_PCBA_SM3_TOP_FP,TWB_PCBA_TOP_FP9,1020,TWB_ICT4,TWB_PCBA_ICT,PN-337126,00F75A70,00F75A70,PN-337126,00F75A70,T22,FAILED ANALOG POWERED TEST,SOLD,94474092,00F75A70T-20180820075648,U4,1,B1,483,483,-6.37,-1.17,127,GOOD,GOOD,122.3434,153.893,100.9638,0,0.9055,8/20/2018 12:00
29189,1020,FP9,TOP,4009518747,8/21/2018 5:12,1534827600,TWB_SM3,TWB_PCBA_SM3_TOP_FP,TWB_PCBA_TOP_FP9,1020,TWB_ICT4,TWB_PCBA_ICT,PN-337126,00F75A70,00F75A70,PN-337126,00F75A70,T22,FAILED ANALOG POWERED TEST,SOLD,94474092,00F75A70T-20180820075648,U4,1,B16,483,483,-0.02,2.8,127,GOOD,GOOD,114.6577,162.1289,89.81447,0,0.9055,8/20/2018 12:00
29190,1020,FP9,TOP,4009518747,8/21/2018 5:12,1534827600,TWB_SM3,TWB_PCBA_SM3_TOP_FP,TWB_PCBA_TOP_FP9,1020,TWB_ICT4,TWB_PCBA_ICT,PN-337126,00F75A70,00F75A70,PN-337126,00F75A70,T22,FAILED ANALOG POWERED TEST,SOLD,94474092,00F75A70T-20180820075648,U4,1,C15,483,483,-0.38,4.27,127,GOOD,GOOD,109.24700000000001,154.2162,89.96701999999999,0,0.9055,8/20/2018 12:00
29191,1020,FP9,TOP,4009518747,8/21/2018 5:12,1534827600,TWB_SM3,TWB_PCBA_SM3_TOP_FP,TWB_PCBA_TOP_FP9,1020,TWB_ICT4,TWB_PCBA_ICT,PN-337126,00F75A70,00F75A70,PN-337126,00F75A70,T22,FAILED ANALOG POWERED TEST,SOLD,94474092,00F75A70T-20180820075648,U4,1,C6,483,483,-3.19,-6.12,127,GOOD,GOOD,128.889,168.148,97.34818,0,0.9055,8/20/2018 12:00
29192,1020,FP9,TOP,4009518747,8/21/2018 5:12,1534827600,TWB_SM3,TWB_PCBA_SM3_TOP_FP,TWB_PCBA_TOP_FP9,1020,TWB_ICT4,TWB_PCBA_ICT,PN-337126,00F75A70,00F75A70,PN-337126,00F75A70,T22,FAILED ANALOG POWERED TEST,SOLD,94474092,00F75A70T-20180820075648,U4,1,D14,483,483,1.26,5.73,127,GOOD,GOOD,117.566,156.0262,95.69471,0,0.9055,8/20/2018 12:00
29193,1020,FP9,TOP,4009518747,8/21/2018 5:12,1534827600,TWB_SM3,TWB_PCBA_SM3_TOP_FP,TWB_PCBA_TOP_FP9,1020,TWB_ICT4,TWB_PCBA_ICT,PN-337126,00F75A70,00F75A70,PN-337126,00F75A70,T22,FAILED ANALOG POWERED TEST,SOLD,94474092,00F75A70T-20180820075648,U4,1,E13,483,483,1.91,-4.69,127,GOOD,GOOD,134.2089,164.1062,103.8628,0,0.9055,8/20/2018 12:00
29194,1020,FP9,TOP,4009518747,8/21/2018 5:12,1534827600,TWB_SM3,TWB_PCBA_SM3_TOP_FP,TWB_PCBA_TOP_FP9,1020,TWB_ICT4,TWB_PCBA_ICT,PN-337126,00F75A70,00F75A70,PN-337126,00F75A70,T22,FAILED ANALOG POWERED TEST,SOLD,94474092,00F75A70T-20180820075648,U4,1,E4,483,483,-1.89,-1.7,127,GOOD,GOOD,142.7075,163.8,110.6463,0,0.9055,8/20/2018 12:00
29195,1020,FP9,TOP,4009518747,8/21/2018 5:12,1534827600,TWB_SM3,TWB_PCBA_SM3_TOP_FP,TWB_PCBA_TOP_FP9,1020,TWB_ICT4,TWB_PCBA_ICT,PN-337126,00F75A70,00F75A70,PN-337126,00F75A70,T22,FAILED ANALOG POWERED TEST,SOLD,94474092,00F75A70T-20180820075648,U4,1,F12,483,483,2.57,-11.34,127,GOOD,GOOD,124.9905,154.13299999999998,102.9876,0,0.9055,8/20/2018 12:00
29196,1020,FP9,TOP,4009518747,8/21/2018 5:12,1534827600,TWB_SM3,TWB_PCBA_SM3_TOP_FP,TWB_PCBA_TOP_FP9,1020,TWB_ICT4,TWB_PCBA_ICT,PN-337126,00F75A70,00F75A70,PN-337126,00F75A70,T22,FAILED ANALOG POWERED TEST,SOLD,94474092,00F75A70T-20180820075648,U4,1,F9,483,483,1.29,-8.14,127,GOOD,GOOD,140.1808,174.28599999999997,102.148,0,0.9055,8/20/2018 12:00
29197,1020,FP9,TOP,4009518747,8/21/2018 5:12,1534827600,TWB_SM3,TWB_PCBA_SM3_TOP_FP,TWB_PCBA_TOP_FP9,1020,TWB_ICT4,TWB_PCBA_ICT,PN-337126,00F75A70,00F75A70,PN-337126,00F75A70,T22,FAILED ANALOG POWERED TEST,SOLD,94474092,00F75A70T-20180820075648,U4,1,G11,483,483,3.21,-8.87,127,GOOD,GOOD,138.9613,165.8447,106.4134,0,0.9055,8/20/2018 12:00
29198,1020,FP9,TOP,4009518747,8/21/2018 5:12,1534827600,TWB_SM3,TWB_PCBA_SM3_TOP_FP,TWB_PCBA_TOP_FP9,1020,TWB_ICT4,TWB_PCBA_ICT,PN-337126,00F75A70,00F75A70,PN-337126,00F75A70,T22,FAILED ANALOG POWERED TEST,SOLD,94474092,00F75A70T-20180820075648,U4,1,G2,483,483,-0.6,0.75,127,GOOD,GOOD,130.338,160.9486,102.846,0,0.9055,8/20/2018 12:00
29199,1020,FP9,TOP,4009518747,8/21/2018 5:12,1534827600,TWB_SM3,TWB_PCBA_SM3_TOP_FP,TWB_PCBA_TOP_FP9,1020,TWB_ICT4,TWB_PCBA_ICT,PN-337126,00F75A70,00F75A70,PN-337126,00F75A70,T22,FAILED ANALOG POWERED TEST,SOLD,94474092,00F75A70T-20180820075648,U4,1,H10,483,483,2.85,-6.76,127,GOOD,GOOD,125.4862,160.9184,99.03619,0,0.9055,8/20/2018 12:00
29200,1020,FP9,TOP,4009518747,8/21/2018 5:12,1534827600,TWB_SM3,TWB_PCBA_SM3_TOP_FP,TWB_PCBA_TOP_FP9,1020,TWB_ICT4,TWB_PCBA_ICT,PN-337126,00F75A70,00F75A70,PN-337126,00F75A70,T22,FAILED ANALOG POWERED TEST,SOLD,94474092,00F75A70T-20180820075648,U4,1,H7,483,483,2.57,-5.21,127,GOOD,GOOD,131.2843,166.8642,99.92025,0,0.9055,8/20/2018 12:00
29201,1020,FP9,TOP,4009518747,8/21/2018 5:12,1534827600,TWB_SM3,TWB_PCBA_SM3_TOP_FP,TWB_PCBA_TOP_FP9,1020,TWB_ICT4,TWB_PCBA_ICT,PN-337126,00F75A70,00F75A70,PN-337126,00F75A70,T22,FAILED ANALOG POWERED TEST,SOLD,94474092,00F75A70T-20180820075648,U4,1,J5,483,483,1.81,-1.86,127,GOOD,GOOD,118.3329,156.1597,96.23662,0,0.9055,8/20/2018 12:00
29202,1020,FP9,TOP,4009518747,8/21/2018 5:12,1534827600,TWB_SM3,TWB_PCBA_SM3_TOP_FP,TWB_PCBA_TOP_FP9,1020,TWB_ICT4,TWB_PCBA_ICT,PN-337126,00F75A70,00F75A70,PN-337126,00F75A70,T22,FAILED ANALOG POWERED TEST,SOLD,94474092,00F75A70T-20180820075648,U4,1,L3,483,483,4.09,0.24,127,GOOD,GOOD,125.0009,159.3772,99.6072,0,0.9055,8/20/2018 12:00
29203,1020,FP9,TOP,4009518747,8/21/2018 5:12,1534827600,TWB_SM3,TWB_PCBA_SM3_TOP_FP,TWB_PCBA_TOP_FP9,1020,TWB_ICT4,TWB_PCBA_ICT,PN-337126,00F75A70,00F75A70,PN-337126,00F75A70,T22,FAILED ANALOG POWERED TEST,SOLD,94474092,00F75A70T-20180820075648,U4,1,M8,483,483,7.28,-4.69,127,GOOD,GOOD,127.03399999999999,164.4751,98.08976,0,0.9055,8/20/2018 12:00
29204,1020,FP9,TOP,4009518747,8/21/2018 5:12,1534827600,TWB_SM3,TWB_PCBA_SM3_TOP_FP,TWB_PCBA_TOP_FP9,1020,TWB_ICT4,TWB_PCBA_ICT,PN-337126,00F75A70,00F75A70,PN-337126,00F75A70,T22,FAILED ANALOG POWERED TEST,SOLD,94474092,00F75A70T-20180820075648,U4,1,N1,483,483,5.38,3.17,127,GOOD,GOOD,115.2733,166.5797,87.88409,0,0.9055,8/20/2018 12:00
29205,1020,FP9,TOP,4009518747,8/21/2018 5:12,1534827600,TWB_SM3,TWB_PCBA_SM3_TOP_FP,TWB_PCBA_TOP_FP9,1020,TWB_ICT4,TWB_PCBA_ICT,PN-337126,00F75A70,00F75A70,PN-337126,00F75A70,T22,FAILED ANALOG POWERED TEST,SOLD,94474092,00F75A70T-20180820075648,U4,1,N16,483,483,-8.27,7.15,127,GOOD,GOOD,122.9959,154.7603,100.9334,0,0.9055,8/20/2018 12:00
29206,1020,FP9,TOP,4009518747,8/21/2018 5:12,1534827600,TWB_SM3,TWB_PCBA_SM3_TOP_FP,TWB_PCBA_TOP_FP9,1020,TWB_ICT4,TWB_PCBA_ICT,PN-337126,00F75A70,00F75A70,PN-337126,00F75A70,T22,FAILED ANALOG POWERED TEST,SOLD,94474092,00F75A70T-20180820075648,U4,1,P14,483,483,-8.05,-10.31,127,GOOD,GOOD,127.9679,168.3436,96.54021,0,0.9055,8/20/2018 12:00
29207,1020,FP9,TOP,4009518747,8/21/2018 5:12,1534827600,TWB_SM3,TWB_PCBA_SM3_TOP_FP,TWB_PCBA_TOP_FP9,1020,TWB_ICT4,TWB_PCBA_ICT,PN-337126,00F75A70,00F75A70,PN-337126,00F75A70,T22,FAILED ANALOG POWERED TEST,SOLD,94474092,00F75A70T-20180820075648,U4,1,R12,483,483,-7.82,-7.79,127,GOOD,GOOD,120.21,157.0733,97.19454,0,0.9055,8/20/2018 12:00
29208,1020,FP9,TOP,4009518747,8/21/2018 5:12,1534827600,TWB_SM3,TWB_PCBA_SM3_TOP_FP,TWB_PCBA_TOP_FP9,1020,TWB_ICT4,TWB_PCBA_ICT,PN-337126,00F75A70,00F75A70,PN-337126,00F75A70,T22,FAILED ANALOG POWERED TEST,SOLD,94474092,00F75A70T-20180820075648,U4,1,R9,483,483,-9.1,-4.58,127,GOOD,GOOD,133.9663,170.9879,99.50251999999999,0,0.9055,8/20/2018 12:00
29209,1020,FP9,TOP,4009518747,8/21/2018 5:12,1534827600,TWB_SM3,TWB_PCBA_SM3_TOP_FP,TWB_PCBA_TOP_FP9,1020,TWB_ICT4,TWB_PCBA_ICT,PN-337126,00F75A70,00F75A70,PN-337126,00F75A70,T22,FAILED ANALOG POWERED TEST,SOLD,94474092,00F75A70T-20180820075648,U4,1,T10,483,483,-8.6,-5.24,127,GOOD,GOOD,120.3553,162.3551,94.14621,0,0.9055,8/20/2018 12:00
29210,1020,FP9,TOP,4009518747,8/21/2018 5:12,1534827600,TWB_SM3,TWB_PCBA_SM3_TOP_FP,TWB_PCBA_TOP_FP9,1020,TWB_ICT4,TWB_PCBA_ICT,PN-337126,00F75A70,00F75A70,PN-337126,00F75A70,T22,FAILED ANALOG POWERED TEST,SOLD,94474092,00F75A70T-20180820075648,U4,1,T7,483,483,-8.88,-2.04,127,GOOD,GOOD,112.3408,148.5892,96.01833,0,0.9055,8/20/2018 12:00
30775,1020,FP9,TOP,4009518747,8/21/2018 5:12,1534827600,TWB_SM3,TWB_PCBA_SM3_TOP_FP,TWB_PCBA_TOP_FP9,1020,TWB_ICT4,TWB_PCBA_ICT,PN-337126,00F75A70,00F75A70,PN-337126,00F75A70,T22,FAILED ANALOG POWERED TEST,SOLD,94474092,00F75A70T-20180820075648,U4,1,B5,483,483,-5.67,-5.45,127,GOOD,GOOD,137.6823,177.547,98.48468000000001,0,0.9055,8/20/2018 12:00
30776,1020,FP9,TOP,4009518747,8/21/2018 5:12,1534827600,TWB_SM3,TWB_PCBA_SM3_TOP_FP,TWB_PCBA_TOP_FP9,1020,TWB_ICT4,TWB_PCBA_ICT,PN-337126,00F75A70,00F75A70,PN-337126,00F75A70,T22,FAILED ANALOG POWERED TEST,SOLD,94474092,00F75A70T-20180820075648,U4,1,D3,483,483,-3.39,-2.52,127,GOOD,GOOD,133.2551,162.6387,104.0551,0,0.9055,8/20/2018 12:00
30777,1020,FP9,TOP,4009518747,8/21/2018 5:12,1534827600,TWB_SM3,TWB_PCBA_SM3_TOP_FP,TWB_PCBA_TOP_FP9,1020,TWB_ICT4,TWB_PCBA_ICT,PN-337126,00F75A70,00F75A70,PN-337126,00F75A70,T22,FAILED ANALOG POWERED TEST,SOLD,94474092,00F75A70T-20180820075648,U4,1,E8,483,483,-0.2,-8.46,127,GOOD,GOOD,121.2162,155.4465,99.03384,0,0.9055,8/20/2018 12:00
30778,1020,FP9,TOP,4009518747,8/21/2018 5:12,1534827600,TWB_SM3,TWB_PCBA_SM3_TOP_FP,TWB_PCBA_TOP_FP9,1020,TWB_ICT4,TWB_PCBA_ICT,PN-337126,00F75A70,00F75A70,PN-337126,00F75A70,T22,FAILED ANALOG POWERED TEST,SOLD,94474092,00F75A70T-20180820075648,U4,1,F1,483,483,-2.1,0.41,127,GOOD,GOOD,121.197,161.9068,95.06718000000001,0,0.9055,8/20/2018 12:00
30779,1020,FP9,TOP,4009518747,8/21/2018 5:12,1534827600,TWB_SM3,TWB_PCBA_SM3_TOP_FP,TWB_PCBA_TOP_FP9,1020,TWB_ICT4,TWB_PCBA_ICT,PN-337126,00F75A70,00F75A70,PN-337126,00F75A70,T22,FAILED ANALOG POWERED TEST,SOLD,94474092,00F75A70T-20180820075648,U4,1,F16,483,483,4.25,4.39,127,GOOD,GOOD,122.6637,167.8535,92.80887,0,0.9055,8/20/2018 12:00
30780,1020,FP9,TOP,4009518747,8/21/2018 5:12,1534827600,TWB_SM3,TWB_PCBA_SM3_TOP_FP,TWB_PCBA_TOP_FP9,1020,TWB_ICT4,TWB_PCBA_ICT,PN-337126,00F75A70,00F75A70,PN-337126,00F75A70,T22,FAILED ANALOG POWERED TEST,SOLD,94474092,00F75A70T-20180820075648,U4,1,G15,483,483,3.89,6.86,127,GOOD,GOOD,125.0316,163.621,97.04751,0,0.9055,8/20/2018 12:00
30781,1020,FP9,TOP,4009518747,8/21/2018 5:12,1534827600,TWB_SM3,TWB_PCBA_SM3_TOP_FP,TWB_PCBA_TOP_FP9,1020,TWB_ICT4,TWB_PCBA_ICT,PN-337126,00F75A70,00F75A70,PN-337126,00F75A70,T22,FAILED ANALOG POWERED TEST,SOLD,94474092,00F75A70T-20180820075648,U4,1,G6,483,483,1.08,-3.53,127,GOOD,GOOD,134.2336,162.4625,104.9329,0,0.9055,8/20/2018 12:00
30782,1020,FP9,TOP,4009518747,8/21/2018 5:12,1534827600,TWB_SM3,TWB_PCBA_SM3_TOP_FP,TWB_PCBA_TOP_FP9,1020,TWB_ICT4,TWB_PCBA_ICT,PN-337126,00F75A70,00F75A70,PN-337126,00F75A70,T22,FAILED ANALOG POWERED TEST,SOLD,94474092,00F75A70T-20180820075648,U4,1,H14,483,483,5.54,-12.69,127,GOOD,GOOD,120.9235,157.4498,97.53766999999999,0,0.9055,8/20/2018 12:00
30783,1020,FP9,TOP,4009518747,8/21/2018 5:12,1534827600,TWB_SM3,TWB_PCBA_SM3_TOP_FP,TWB_PCBA_TOP_FP9,1020,TWB_ICT4,TWB_PCBA_ICT,PN-337126,00F75A70,00F75A70,PN-337126,00F75A70,T22,FAILED ANALOG POWERED TEST,SOLD,94474092,00F75A70T-20180820075648,U4,1,J12,483,483,5.77,-10.16,127,GOOD,GOOD,130.5797,165.6338,100.1222,0,0.9055,8/20/2018 12:00
30784,1020,FP9,TOP,4009518747,8/21/2018 5:12,1534827600,TWB_SM3,TWB_PCBA_SM3_TOP_FP,TWB_PCBA_TOP_FP9,1020,TWB_ICT4,TWB_PCBA_ICT,PN-337126,00F75A70,00F75A70,PN-337126,00F75A70,T22,FAILED ANALOG POWERED TEST,SOLD,94474092,00F75A70T-20180820075648,U4,1,J9,483,483,4.5,-6.96,127,GOOD,GOOD,121.4937,162.4732,94.96767,0,0.9055,8/20/2018 12:00
30785,1020,FP9,TOP,4009518747,8/21/2018 5:12,1534827600,TWB_SM3,TWB_PCBA_SM3_TOP_FP,TWB_PCBA_TOP_FP9,1020,TWB_ICT4,TWB_PCBA_ICT,PN-337126,00F75A70,00F75A70,PN-337126,00F75A70,T22,FAILED ANALOG POWERED TEST,SOLD,94474092,00F75A70T-20180820075648,U4,1,K11,483,483,3.11,-9.69,127,GOOD,GOOD,133.4143,172.9543,97.96587,0,0.9055,8/20/2018 12:00
30786,1020,FP9,TOP,4009518747,8/21/2018 5:12,1534827600,TWB_SM3,TWB_PCBA_SM3_TOP_FP,TWB_PCBA_TOP_FP9,1020,TWB_ICT4,TWB_PCBA_ICT,PN-337126,00F75A70,00F75A70,PN-337126,00F75A70,T22,FAILED ANALOG POWERED TEST,SOLD,94474092,00F75A70T-20180820075648,U4,1,K2,483,483,-4.85,-0.07,127,GOOD,GOOD,131.933,167.9865,99.74306,0,0.9055,8/20/2018 12:00
30787,1020,FP9,TOP,4009518747,8/21/2018 5:12,1534827600,TWB_SM3,TWB_PCBA_SM3_TOP_FP,TWB_PCBA_TOP_FP9,1020,TWB_ICT4,TWB_PCBA_ICT,PN-337126,00F75A70,00F75A70,PN-337126,00F75A70,T22,FAILED ANALOG POWERED TEST,SOLD,94474092,00F75A70T-20180820075648,U4,1,L10,483,483,6.06,-0.61,127,GOOD,GOOD,138.5598,161.9272,108.6729,0,0.9055,8/20/2018 12:00
30788,1020,FP9,TOP,4009518747,8/21/2018 5:12,1534827600,TWB_SM3,TWB_PCBA_SM3_TOP_FP,TWB_PCBA_TOP_FP9,1020,TWB_ICT4,TWB_PCBA_ICT,PN-337126,00F75A70,00F75A70,PN-337126,00F75A70,T22,FAILED ANALOG POWERED TEST,SOLD,94474092,00F75A70T-20180820075648,U4,1,L7,483,483,5.78,-4.03,127,GOOD,GOOD,130.1381,166.3598,99.34818,0,0.9055,8/20/2018 12:00
30789,1020,FP9,TOP,4009518747,8/21/2018 5:12,1534827600,TWB_SM3,TWB_PCBA_SM3_TOP_FP,TWB_PCBA_TOP_FP9,1020,TWB_ICT4,TWB_PCBA_ICT,PN-337126,00F75A70,00F75A70,PN-337126,00F75A70,T22,FAILED ANALOG POWERED TEST,SOLD,94474092,00F75A70T-20180820075648,U4,1,N5,483,483,6.08,0.56,127,GOOD,GOOD,129.7294,160.0796,102.9215,0,0.9055,8/20/2018 12:00
30790,1020,FP9,TOP,4009518747,8/21/2018 5:12,1534827600,TWB_SM3,TWB_PCBA_SM3_TOP_FP,TWB_PCBA_TOP_FP9,1020,TWB_ICT4,TWB_PCBA_ICT,PN-337126,00F75A70,00F75A70,PN-337126,00F75A70,T22,FAILED ANALOG POWERED TEST,SOLD,94474092,00F75A70T-20180820075648,U4,1,P3,483,483,7.3,1.45,127,GOOD,GOOD,116.15,161.9506,91.08362,0,0.9055,8/20/2018 12:00
30791,1020,FP9,TOP,4009518747,8/21/2018 5:12,1534827600,TWB_SM3,TWB_PCBA_SM3_TOP_FP,TWB_PCBA_TOP_FP9,1020,TWB_ICT4,TWB_PCBA_ICT,PN-337126,00F75A70,00F75A70,PN-337126,00F75A70,T22,FAILED ANALOG POWERED TEST,SOLD,94474092,00F75A70T-20180820075648,U4,1,R1,483,483,7.52,3.97,127,GOOD,GOOD,116.0731,161.8274,91.09266,0,0.9055,8/20/2018 12:00
30792,1020,FP9,TOP,4009518747,8/21/2018 5:12,1534827600,TWB_SM3,TWB_PCBA_SM3_TOP_FP,TWB_PCBA_TOP_FP9,1020,TWB_ICT4,TWB_PCBA_ICT,PN-337126,00F75A70,00F75A70,PN-337126,00F75A70,T22,FAILED ANALOG POWERED TEST,SOLD,94474092,00F75A70T-20180820075648,U4,1,R16,483,483,-6.13,7.94,127,GOOD,GOOD,119.9371,147.9068,102.9839,0,0.9055,8/20/2018 12:00
30793,1020,FP9,TOP,4009518747,8/21/2018 5:12,1534827600,TWB_SM3,TWB_PCBA_SM3_TOP_FP,TWB_PCBA_TOP_FP9,1020,TWB_ICT4,TWB_PCBA_ICT,PN-337126,00F75A70,00F75A70,PN-337126,00F75A70,T22,FAILED ANALOG POWERED TEST,SOLD,94474092,00F75A70T-20180820075648,U4,1,T14,483,483,-5.91,-5.38,127,GOOD,GOOD,115.9339,156.6075,94.01598,0,0.9055,8/20/2018 12:00
31528,1020,FP9,TOP,4009518747,8/21/2018 5:12,1534827600,TWB_SM3,TWB_PCBA_SM3_TOP_FP,TWB_PCBA_TOP_FP9,1020,TWB_ICT4,TWB_PCBA_ICT,PN-337126,00F75A70,00F75A70,PN-337126,00F75A70,T22,FAILED ANALOG POWERED TEST,SOLD,94474092,00F75A70T-20180820075648,U4,1,A1,483,483,-7.44,-1.57,127,GOOD,GOOD,119.0496,166.8705,90.60503,0,0.9055,8/20/2018 12:00
31529,1020,FP9,TOP,4009518747,8/21/2018 5:12,1534827600,TWB_SM3,TWB_PCBA_SM3_TOP_FP,TWB_PCBA_TOP_FP9,1020,TWB_ICT4,TWB_PCBA_ICT,PN-337126,00F75A70,00F75A70,PN-337126,00F75A70,T22,FAILED ANALOG POWERED TEST,SOLD,94474092,00F75A70T-20180820075648,U4,1,A10,483,483,-4.62,-11.18,127,GOOD,GOOD,130.779,163.4929,101.5881,0,0.9055,8/20/2018 12:00
31530,1020,FP9,TOP,4009518747,8/21/2018 5:12,1534827600,TWB_SM3,TWB_PCBA_SM3_TOP_FP,TWB_PCBA_TOP_FP9,1020,TWB_ICT4,TWB_PCBA_ICT,PN-337126,00F75A70,00F75A70,PN-337126,00F75A70,T22,FAILED ANALOG POWERED TEST,SOLD,94474092,00F75A70T-20180820075648,U4,1,B6,483,483,-7.58,-6.51,127,GOOD,GOOD,128.2229,167.1685,97.41256,0,0.9055,8/20/2018 12:00
31531,1020,FP9,TOP,4009518747,8/21/2018 5:12,1534827600,TWB_SM3,TWB_PCBA_SM3_TOP_FP,TWB_PCBA_TOP_FP9,1020,TWB_ICT4,TWB_PCBA_ICT,PN-337126,00F75A70,00F75A70,PN-337126,00F75A70,T22,FAILED ANALOG POWERED TEST,SOLD,94474092,00F75A70T-20180820075648,U4,1,D4,483,483,-2.96,-3.58,127,GOOD,GOOD,128.6213,155.5343,105.0245,0,0.9055,8/20/2018 12:00
31532,1020,FP9,TOP,4009518747,8/21/2018 5:12,1534827600,TWB_SM3,TWB_PCBA_SM3_TOP_FP,TWB_PCBA_TOP_FP9,1020,TWB_ICT4,TWB_PCBA_ICT,PN-337126,00F75A70,00F75A70,PN-337126,00F75A70,T22,FAILED ANALOG POWERED TEST,SOLD,94474092,00F75A70T-20180820075648,U4,1,E9,483,483,-0.61,-5.39,127,GOOD,GOOD,135.0472,164.2912,104.3939,0,0.9055,8/20/2018 12:00
31533,1020,FP9,TOP,4009518747,8/21/2018 5:12,1534827600,TWB_SM3,TWB_PCBA_SM3_TOP_FP,TWB_PCBA_TOP_FP9,1020,TWB_ICT4,TWB_PCBA_ICT,PN-337126,00F75A70,00F75A70,PN-337126,00F75A70,T22,FAILED ANALOG POWERED TEST,SOLD,94474092,00F75A70T-20180820075648,U4,1,F2,483,483,-1.67,-0.66,127,GOOD,GOOD,133.1915,167.6907,100.8721,0,0.9055,8/20/2018 12:00
31534,1020,FP9,TOP,4009518747,8/21/2018 5:12,1534827600,TWB_SM3,TWB_PCBA_SM3_TOP_FP,TWB_PCBA_TOP_FP9,1020,TWB_ICT4,TWB_PCBA_ICT,PN-337126,00F75A70,00F75A70,PN-337126,00F75A70,T22,FAILED ANALOG POWERED TEST,SOLD,94474092,00F75A70T-20180820075648,U4,1,G16,483,483,5.32,5.79,127,GOOD,GOOD,114.43,152.3514,95.38875999999999,0,0.9055,8/20/2018 12:00
31535,1020,FP9,TOP,4009518747,8/21/2018 5:12,1534827600,TWB_SM3,TWB_PCBA_SM3_TOP_FP,TWB_PCBA_TOP_FP9,1020,TWB_ICT4,TWB_PCBA_ICT,PN-337126,00F75A70,00F75A70,PN-337126,00F75A70,T22,FAILED ANALOG POWERED TEST,SOLD,94474092,00F75A70T-20180820075648,U4,1,G7,483,483,-1.81,-4.59,127,GOOD,GOOD,136.7853,166.9246,104.0693,0,0.9055,8/20/2018 12:00
31536,1020,FP9,TOP,4009518747,8/21/2018 5:12,1534827600,TWB_SM3,TWB_PCBA_SM3_TOP_FP,TWB_PCBA_TOP_FP9,1020,TWB_ICT4,TWB_PCBA_ICT,PN-337126,00F75A70,00F75A70,PN-337126,00F75A70,T22,FAILED ANALOG POWERED TEST,SOLD,94474092,00F75A70T-20180820075648,U4,1,H15,483,483,4.96,6.25,127,GOOD,GOOD,124.4117,163.8681,96.42078000000001,0,0.9055,8/20/2018 12:00
31537,1020,FP9,TOP,4009518747,8/21/2018 5:12,1534827600,TWB_SM3,TWB_PCBA_SM3_TOP_FP,TWB_PCBA_TOP_FP9,1020,TWB_ICT4,TWB_PCBA_ICT,PN-337126,00F75A70,00F75A70,PN-337126,00F75A70,T22,FAILED ANALOG POWERED TEST,SOLD,94474092,00F75A70T-20180820075648,U4,1,J13,483,483,6.18,-11.23,127,GOOD,GOOD,129.0474,181.0345,90.52984000000001,0,0.9055,8/20/2018 12:00
31538,1020,FP9,TOP,4009518747,8/21/2018 5:12,1534827600,TWB_SM3,TWB_PCBA_SM3_TOP_FP,TWB_PCBA_TOP_FP9,1020,TWB_ICT4,TWB_PCBA_ICT,PN-337126,00F75A70,00F75A70,PN-337126,00F75A70,T22,FAILED ANALOG POWERED TEST,SOLD,94474092,00F75A70T-20180820075648,U4,1,K12,483,483,6.84,-10.76,127,GOOD,GOOD,128.5278,162.9737,100.1575,0,0.9055,8/20/2018 12:00
31539,1020,FP9,TOP,4009518747,8/21/2018 5:12,1534827600,TWB_SM3,TWB_PCBA_SM3_TOP_FP,TWB_PCBA_TOP_FP9,1020,TWB_ICT4,TWB_PCBA_ICT,PN-337126,00F75A70,00F75A70,PN-337126,00F75A70,T22,FAILED ANALOG POWERED TEST,SOLD,94474092,00F75A70T-20180820075648,U4,1,K3,483,483,3.03,-1.14,127,GOOD,GOOD,127.2174,169.6177,95.2531,0,0.9055,8/20/2018 12:00
31540,1020,FP9,TOP,4009518747,8/21/2018 5:12,1534827600,TWB_SM3,TWB_PCBA_SM3_TOP_FP,TWB_PCBA_TOP_FP9,1020,TWB_ICT4,TWB_PCBA_ICT,PN-337126,00F75A70,00F75A70,PN-337126,00F75A70,T22,FAILED ANALOG POWERED TEST,SOLD,94474092,00F75A70T-20180820075648,U4,1,L11,483,483,7.49,-8.3,127,GOOD,GOOD,129.9117,157.5712,104.7068,0,0.9055,8/20/2018 12:00
31541,1020,FP9,TOP,4009518747,8/21/2018 5:12,1534827600,TWB_SM3,TWB_PCBA_SM3_TOP_FP,TWB_PCBA_TOP_FP9,1020,TWB_ICT4,TWB_PCBA_ICT,PN-337126,00F75A70,00F75A70,PN-337126,00F75A70,T22,FAILED ANALOG POWERED TEST,SOLD,94474092,00F75A70T-20180820075648,U4,1,L8,483,483,6.21,0.7,127,GOOD,GOOD,123.695,147.2745,106.6665,0,0.9055,8/20/2018 12:00
31542,1020,FP9,TOP,4009518747,8/21/2018 5:12,1534827600,TWB_SM3,TWB_PCBA_SM3_TOP_FP,TWB_PCBA_TOP_FP9,1020,TWB_ICT4,TWB_PCBA_ICT,PN-337126,00F75A70,00F75A70,PN-337126,00F75A70,T22,FAILED ANALOG POWERED TEST,SOLD,94474092,00F75A70T-20180820075648,U4,1,M1,483,483,4.31,2.79,127,GOOD,GOOD,118.48299999999999,163.8143,91.85606,0,0.9055,8/20/2018 12:00
31543,1020,FP9,TOP,4009518747,8/21/2018 5:12,1534827600,TWB_SM3,TWB_PCBA_SM3_TOP_FP,TWB_PCBA_TOP_FP9,1020,TWB_ICT4,TWB_PCBA_ICT,PN-337126,00F75A70,00F75A70,PN-337126,00F75A70,T22,FAILED ANALOG POWERED TEST,SOLD,94474092,00F75A70T-20180820075648,U4,1,M10,483,483,7.13,-6.83,127,GOOD,GOOD,123.5234,153.78799999999998,102.0072,0,0.9055,8/20/2018 12:00
31544,1020,FP9,TOP,4009518747,8/21/2018 5:12,1534827600,TWB_SM3,TWB_PCBA_SM3_TOP_FP,TWB_PCBA_TOP_FP9,1020,TWB_ICT4,TWB_PCBA_ICT,PN-337126,00F75A70,00F75A70,PN-337126,00F75A70,T22,FAILED ANALOG POWERED TEST,SOLD,94474092,00F75A70T-20180820075648,U4,1,N6,483,483,7.49,-2.17,127,GOOD,GOOD,125.6608,172.0793,92.74162,0,0.9055,8/20/2018 12:00
31545,1020,FP9,TOP,4009518747,8/21/2018 5:12,1534827600,TWB_SM3,TWB_PCBA_SM3_TOP_FP,TWB_PCBA_TOP_FP9,1020,TWB_ICT4,TWB_PCBA_ICT,PN-337126,00F75A70,00F75A70,PN-337126,00F75A70,T22,FAILED ANALOG POWERED TEST,SOLD,94474092,00F75A70T-20180820075648,U4,1,P4,483,483,7.72,0.38,127,GOOD,GOOD,124.2841,167.6206,94.16553,0,0.9055,8/20/2018 12:00
31546,1020,FP9,TOP,4009518747,8/21/2018 5:12,1534827600,TWB_SM3,TWB_PCBA_SM3_TOP_FP,TWB_PCBA_TOP_FP9,1020,TWB_ICT4,TWB_PCBA_ICT,PN-337126,00F75A70,00F75A70,PN-337126,00F75A70,T22,FAILED ANALOG POWERED TEST,SOLD,94474092,00F75A70T-20180820075648,U4,1,R2,483,483,7.95,2.9,127,GOOD,GOOD,124.9373,162.9097,97.39774,0,0.9055,8/20/2018 12:00
31547,1020,FP9,TOP,4009518747,8/21/2018 5:12,1534827600,TWB_SM3,TWB_PCBA_SM3_TOP_FP,TWB_PCBA_TOP_FP9,1020,TWB_ICT4,TWB_PCBA_ICT,PN-337126,00F75A70,00F75A70,PN-337126,00F75A70,T22,FAILED ANALOG POWERED TEST,SOLD,94474092,00F75A70T-20180820075648,U4,1,T15,483,483,-6.49,-10.59,127,GOOD,GOOD,124.1505,165.8605,95.06251,0,0.9055,8/20/2018 12:00
