,plcng_plant_cd,mach_id,pcb_side_inspd,wo_num,defct_dttm,intrvl_key,plcng_area_cd,plcng_prcs_cd,plcng_wrk_ctr_cd,fndng_plant_cd,fndng_area_cd,fndng_prcs_cd,bld_part_no,bld_serial_no,barcd,assy_part_no,assy_serial_no,defct_cd,failed_test_code,fail_type,cmpnt_part_no,spi_test_id,ref_id,silkscrn_nbr,cmpntpin_nbr,cmpntpin_size_x_axis,cmpntpin_size_y_axis,solder_paste_offst_x_axis,solder_paste_offst_y_axis,pad_stncl_hgt,pad_spi_result,pad_spi_defct_type,solder_paste_vol_pct,solder_paste_hgt,solder_paste_area_pct,pkg_type,stncl_surf_area_ratio,extract_dttm
933,1020,FP9,TOP,4009168617,4/11/2018 7:09,1523430000,TWB_SM3,TWB_PCBA_SM3_TOP_FP,TWB_PCBA_TOP_FP9,1020,TWB_SM3,TWB_PCBA_PASTE_INSPECTION_TOP,PN-337126,00F0B9F4,00F0B9F4,PN-337126,00F0B9F4,P16,,PROCESS,PN-27795,00F0B9F4T-20180414124004,U5,1,T6,483,483,8.96,7.37,127,GOOD,GOOD,119.8676,146.963,103.5851,0,0.9055,4/14/2018 17:36
1118,1020,FP9,TOP,4009168617,4/11/2018 7:09,1523430000,TWB_SM3,TWB_PCBA_SM3_TOP_FP,TWB_PCBA_TOP_FP9,1020,TWB_SM3,TWB_PCBA_PASTE_INSPECTION_TOP,PN-337126,00F0B9F4,00F0B9F4,PN-337126,00F0B9F4,P16,,PROCESS,PN-27795,00F0B9F4T-20180414124004,U5,1,J11,483,483,-8.44,-0.43,127,GOOD,GOOD,108.6236,146.5428,94.13768,0,0.9055,4/14/2018 17:36
1119,1020,FP9,TOP,4009168617,4/11/2018 7:09,1523430000,TWB_SM3,TWB_PCBA_SM3_TOP_FP,TWB_PCBA_TOP_FP9,1020,TWB_SM3,TWB_PCBA_PASTE_INSPECTION_TOP,PN-337126,00F0B9F4,00F0B9F4,PN-337126,00F0B9F4,P16,,PROCESS,PN-27795,00F0B9F4T-20180414124004,U5,1,J4,483,483,-4.82,-12.44,127,GOOD,GOOD,118.1115,154.3201,97.2016,0,0.9055,4/14/2018 17:36
1120,1020,FP9,TOP,4009168617,4/11/2018 7:09,1523430000,TWB_SM3,TWB_PCBA_SM3_TOP_FP,TWB_PCBA_TOP_FP9,1020,TWB_SM3,TWB_PCBA_PASTE_INSPECTION_TOP,PN-337126,00F0B9F4,00F0B9F4,PN-337126,00F0B9F4,P16,,PROCESS,PN-27795,00F0B9F4T-20180414124004,U5,1,R16,483,483,-1.97,6.0,127,GOOD,GOOD,116.8895,144.0001,103.09,0,0.9055,4/14/2018 17:36
1389,1020,FP9,TOP,4009168617,4/11/2018 7:09,1523430000,TWB_SM3,TWB_PCBA_SM3_TOP_FP,TWB_PCBA_TOP_FP9,1020,TWB_SM3,TWB_PCBA_PASTE_INSPECTION_TOP,PN-337126,00F0B9F4,00F0B9F4,PN-337126,00F0B9F4,P16,,PROCESS,PN-27795,00F0B9F4T-20180414124004,U5,1,H2,483,483,-2.07,5.62,127,GOOD,GOOD,108.9045,154.0821,89.76305,0,0.9055,4/14/2018 17:36
1832,1020,FP9,TOP,4009168617,4/11/2018 7:09,1523430000,TWB_SM3,TWB_PCBA_SM3_TOP_FP,TWB_PCBA_TOP_FP9,1020,TWB_SM3,TWB_PCBA_PASTE_INSPECTION_TOP,PN-337126,00F0B9F4,00F0B9F4,PN-337126,00F0B9F4,P16,,PROCESS,PN-27795,00F0B9F4T-20180414124004,U5,1,D16,483,483,-4.12,-9.4,127,GOOD,GOOD,106.5048,140.0429,96.58547,0,0.9055,4/14/2018 17:36
2047,1020,FP9,TOP,4009168617,4/11/2018 7:09,1523430000,TWB_SM3,TWB_PCBA_SM3_TOP_FP,TWB_PCBA_TOP_FP9,1020,TWB_SM3,TWB_PCBA_PASTE_INSPECTION_TOP,PN-337126,00F0B9F4,00F0B9F4,PN-337126,00F0B9F4,P16,,PROCESS,PN-27795,00F0B9F4T-20180414124004,U5,1,E11,483,483,-1.58,2.53,127,GOOD,GOOD,107.0467,144.3167,94.20205,0,0.9055,4/14/2018 17:36
2048,1020,FP9,TOP,4009168617,4/11/2018 7:09,1523430000,TWB_SM3,TWB_PCBA_SM3_TOP_FP,TWB_PCBA_TOP_FP9,1020,TWB_SM3,TWB_PCBA_PASTE_INSPECTION_TOP,PN-337126,00F0B9F4,00F0B9F4,PN-337126,00F0B9F4,P16,,PROCESS,PN-27795,00F0B9F4T-20180414124004,U5,1,M16,483,483,-6.95,-13.34,127,GOOD,GOOD,116.6925,147.0332,100.7932,0,0.9055,4/14/2018 17:36
2223,1020,FP9,TOP,4009168617,4/11/2018 7:09,1523430000,TWB_SM3,TWB_PCBA_SM3_TOP_FP,TWB_PCBA_TOP_FP9,1020,TWB_SM3,TWB_PCBA_PASTE_INSPECTION_TOP,PN-337126,00F0B9F4,00F0B9F4,PN-337126,00F0B9F4,P16,,PROCESS,PN-27795,00F0B9F4T-20180414124004,U5,1,B3,483,483,8.7,-10.72,127,GOOD,GOOD,117.0931,153.1031,97.12948,0,0.9055,4/14/2018 17:36
2309,1020,FP9,TOP,4009168617,4/11/2018 7:09,1523430000,TWB_SM3,TWB_PCBA_SM3_TOP_FP,TWB_PCBA_TOP_FP9,1020,TWB_SM3,TWB_PCBA_PASTE_INSPECTION_TOP,PN-337126,00F0B9F4,00F0B9F4,PN-337126,00F0B9F4,P16,,PROCESS,PN-27795,00F0B9F4T-20180414124004,U5,1,N13,483,483,-8.53,1.84,127,GOOD,GOOD,114.7101,153.7767,94.73595,0,0.9055,4/14/2018 17:36
2345,1020,FP9,TOP,4009168617,4/11/2018 7:09,1523430000,TWB_SM3,TWB_PCBA_SM3_TOP_FP,TWB_PCBA_TOP_FP9,1020,TWB_SM3,TWB_PCBA_PASTE_INSPECTION_TOP,PN-337126,00F0B9F4,00F0B9F4,PN-337126,00F0B9F4,P16,,PROCESS,PN-27795,00F0B9F4T-20180414124004,U5,1,B5,483,483,6.02,-7.29,127,GOOD,GOOD,114.5367,159.2435,91.34538,0,0.9055,4/14/2018 17:36
2418,1020,FP9,TOP,4009168617,4/11/2018 7:09,1523430000,TWB_SM3,TWB_PCBA_SM3_TOP_FP,TWB_PCBA_TOP_FP9,1020,TWB_SM3,TWB_PCBA_PASTE_INSPECTION_TOP,PN-337126,00F0B9F4,00F0B9F4,PN-337126,00F0B9F4,P16,,PROCESS,PN-27795,00F0B9F4T-20180414124004,U5,1,C14,483,483,-7.17,-11.35,127,GOOD,GOOD,122.9634,158.6395,98.43927,0,0.9055,4/14/2018 17:36
2772,1020,FP9,TOP,4009168617,4/11/2018 7:09,1523430000,TWB_SM3,TWB_PCBA_SM3_TOP_FP,TWB_PCBA_TOP_FP9,1020,TWB_SM3,TWB_PCBA_PASTE_INSPECTION_TOP,PN-337126,00F0B9F4,00F0B9F4,PN-337126,00F0B9F4,P16,,PROCESS,PN-27795,00F0B9F4T-20180414124004,U5,1,J1,483,483,-3.26,2.42,127,GOOD,GOOD,103.8956,151.8163,86.91257,0,0.9055,4/14/2018 17:36
2773,1020,FP9,TOP,4009168617,4/11/2018 7:09,1523430000,TWB_SM3,TWB_PCBA_SM3_TOP_FP,TWB_PCBA_TOP_FP9,1020,TWB_SM3,TWB_PCBA_PASTE_INSPECTION_TOP,PN-337126,00F0B9F4,00F0B9F4,PN-337126,00F0B9F4,P16,,PROCESS,PN-27795,00F0B9F4T-20180414124004,U5,1,R13,483,483,6.38,0.85,127,GOOD,GOOD,119.2291,154.0041,98.32271999999999,0,0.9055,4/14/2018 17:36
3167,1020,FP9,TOP,4009168617,4/11/2018 7:09,1523430000,TWB_SM3,TWB_PCBA_SM3_TOP_FP,TWB_PCBA_TOP_FP9,1020,TWB_SM3,TWB_PCBA_PASTE_INSPECTION_TOP,PN-337126,00F0B9F4,00F0B9F4,PN-337126,00F0B9F4,P16,,PROCESS,PN-27795,00F0B9F4T-20180414124004,U5,1,A7,483,483,3.21,-2.37,127,GOOD,GOOD,110.1777,138.5141,101.0191,0,0.9055,4/14/2018 17:36
3168,1020,FP9,TOP,4009168617,4/11/2018 7:09,1523430000,TWB_SM3,TWB_PCBA_SM3_TOP_FP,TWB_PCBA_TOP_FP9,1020,TWB_SM3,TWB_PCBA_PASTE_INSPECTION_TOP,PN-337126,00F0B9F4,00F0B9F4,PN-337126,00F0B9F4,P16,,PROCESS,PN-27795,00F0B9F4T-20180414124004,U5,1,L11,483,483,8.13,-0.42,127,GOOD,GOOD,107.8288,145.1813,94.32526,0,0.9055,4/14/2018 17:36
3169,1020,FP9,TOP,4009168617,4/11/2018 7:09,1523430000,TWB_SM3,TWB_PCBA_SM3_TOP_FP,TWB_PCBA_TOP_FP9,1020,TWB_SM3,TWB_PCBA_PASTE_INSPECTION_TOP,PN-337126,00F0B9F4,00F0B9F4,PN-337126,00F0B9F4,P16,,PROCESS,PN-27795,00F0B9F4T-20180414124004,U5,1,T16,483,483,-2.03,4.52,127,GOOD,GOOD,106.7247,142.2719,95.26857,0,0.9055,4/14/2018 17:36
3360,1020,FP9,TOP,4009168617,4/11/2018 7:09,1523430000,TWB_SM3,TWB_PCBA_SM3_TOP_FP,TWB_PCBA_TOP_FP9,1020,TWB_SM3,TWB_PCBA_PASTE_INSPECTION_TOP,PN-337126,00F0B9F4,00F0B9F4,PN-337126,00F0B9F4,P16,,PROCESS,PN-27795,00F0B9F4T-20180414124004,U5,1,F8,483,483,-0.74,-3.11,127,GOOD,GOOD,108.1639,147.9011,92.87836999999999,0,0.9055,4/14/2018 17:36
3520,1020,FP9,TOP,4009168617,4/11/2018 7:09,1523430000,TWB_SM3,TWB_PCBA_SM3_TOP_FP,TWB_PCBA_TOP_FP9,1020,TWB_SM3,TWB_PCBA_PASTE_INSPECTION_TOP,PN-337126,00F0B9F4,00F0B9F4,PN-337126,00F0B9F4,P16,,PROCESS,PN-27795,00F0B9F4T-20180414124004,U5,1,P11,483,483,3.17,-3.08,127,GOOD,GOOD,122.2889,156.5561,99.20213000000001,0,0.9055,4/14/2018 17:36
3806,1020,FP9,TOP,4009168617,4/11/2018 7:09,1523430000,TWB_SM3,TWB_PCBA_SM3_TOP_FP,TWB_PCBA_TOP_FP9,1020,TWB_SM3,TWB_PCBA_PASTE_INSPECTION_TOP,PN-337126,00F0B9F4,00F0B9F4,PN-337126,00F0B9F4,P16,,PROCESS,PN-27795,00F0B9F4T-20180414124004,U5,1,G6,483,483,-2.42,-8.03,127,GOOD,GOOD,105.9471,140.9913,95.43346,0,0.9055,4/14/2018 17:36
3829,1020,FP9,TOP,4009168617,4/11/2018 7:09,1523430000,TWB_SM3,TWB_PCBA_SM3_TOP_FP,TWB_PCBA_TOP_FP9,1020,TWB_SM3,TWB_PCBA_PASTE_INSPECTION_TOP,PN-337126,00F0B9F4,00F0B9F4,PN-337126,00F0B9F4,P16,,PROCESS,PN-27795,00F0B9F4T-20180414124004,U5,1,A11,483,483,5.28,4.49,127,GOOD,GOOD,111.9634,141.3416,100.6028,0,0.9055,4/14/2018 17:36
3904,1020,FP9,TOP,4009168617,4/11/2018 7:09,1523430000,TWB_SM3,TWB_PCBA_SM3_TOP_FP,TWB_PCBA_TOP_FP9,1020,TWB_SM3,TWB_PCBA_PASTE_INSPECTION_TOP,PN-337126,00F0B9F4,00F0B9F4,PN-337126,00F0B9F4,P16,,PROCESS,PN-27795,00F0B9F4T-20180414124004,U5,1,E1,483,483,3.6,5.38,127,GOOD,GOOD,118.8565,160.1925,94.229,0,0.9055,4/14/2018 17:36
3928,1020,FP9,TOP,4009168617,4/11/2018 7:09,1523430000,TWB_SM3,TWB_PCBA_SM3_TOP_FP,TWB_PCBA_TOP_FP9,1020,TWB_SM3,TWB_PCBA_PASTE_INSPECTION_TOP,PN-337126,00F0B9F4,00F0B9F4,PN-337126,00F0B9F4,P16,,PROCESS,PN-27795,00F0B9F4T-20180414124004,U5,1,L8,483,483,10.68,-5.56,127,GOOD,GOOD,108.1285,143.4771,95.71087,0,0.9055,4/14/2018 17:36
4053,1020,FP9,TOP,4009168617,4/11/2018 7:09,1523430000,TWB_SM3,TWB_PCBA_SM3_TOP_FP,TWB_PCBA_TOP_FP9,1020,TWB_SM3,TWB_PCBA_PASTE_INSPECTION_TOP,PN-337126,00F0B9F4,00F0B9F4,PN-337126,00F0B9F4,P16,,PROCESS,PN-27795,00F0B9F4T-20180414124004,U5,1,M14,483,483,-1.77,-2.56,127,GOOD,GOOD,120.5863,159.5295,95.9977,0,0.9055,4/14/2018 17:36
4272,1020,FP9,TOP,4009168617,4/11/2018 7:09,1523430000,TWB_SM3,TWB_PCBA_SM3_TOP_FP,TWB_PCBA_TOP_FP9,1020,TWB_SM3,TWB_PCBA_PASTE_INSPECTION_TOP,PN-337126,00F0B9F4,00F0B9F4,PN-337126,00F0B9F4,P16,,PROCESS,PN-27795,00F0B9F4T-20180414124004,U5,1,A16,483,483,-5.6,-6.93,127,GOOD,GOOD,112.0163,152.3285,93.39076999999999,0,0.9055,4/14/2018 17:36
4295,1020,FP9,TOP,4009168617,4/11/2018 7:09,1523430000,TWB_SM3,TWB_PCBA_SM3_TOP_FP,TWB_PCBA_TOP_FP9,1020,TWB_SM3,TWB_PCBA_PASTE_INSPECTION_TOP,PN-337126,00F0B9F4,00F0B9F4,PN-337126,00F0B9F4,P16,,PROCESS,PN-27795,00F0B9F4T-20180414124004,U5,1,M10,483,483,7.93,-3.62,127,GOOD,GOOD,110.8682,152.9615,92.05099,0,0.9055,4/14/2018 17:36
4600,1020,FP9,TOP,4009168617,4/11/2018 7:09,1523430000,TWB_SM3,TWB_PCBA_SM3_TOP_FP,TWB_PCBA_TOP_FP9,1020,TWB_SM3,TWB_PCBA_PASTE_INSPECTION_TOP,PN-337126,00F0B9F4,00F0B9F4,PN-337126,00F0B9F4,P16,,PROCESS,PN-27795,00F0B9F4T-20180414124004,U5,1,C6,483,483,4.44,-5.06,127,GOOD,GOOD,116.6159,151.5069,97.75275,0,0.9055,4/14/2018 17:36
4858,1020,FP9,TOP,4009168617,4/11/2018 7:09,1523430000,TWB_SM3,TWB_PCBA_SM3_TOP_FP,TWB_PCBA_TOP_FP9,1020,TWB_SM3,TWB_PCBA_PASTE_INSPECTION_TOP,PN-337126,00F0B9F4,00F0B9F4,PN-337126,00F0B9F4,P16,,PROCESS,PN-27795,00F0B9F4T-20180414124004,U5,1,T8,483,483,2.29,10.8,127,GOOD,GOOD,118.4931,149.3623,100.7525,0,0.9055,4/14/2018 17:36
4883,1020,FP9,TOP,4009168617,4/11/2018 7:09,1523430000,TWB_SM3,TWB_PCBA_SM3_TOP_FP,TWB_PCBA_TOP_FP9,1020,TWB_SM3,TWB_PCBA_PASTE_INSPECTION_TOP,PN-337126,00F0B9F4,00F0B9F4,PN-337126,00F0B9F4,P16,,PROCESS,PN-27795,00F0B9F4T-20180414124004,U5,1,L1,483,483,-6.69,2.43,127,GOOD,GOOD,108.2854,152.9419,89.91808,0,0.9055,4/14/2018 17:36
5029,1020,FP9,TOP,4009168617,4/11/2018 7:09,1523430000,TWB_SM3,TWB_PCBA_SM3_TOP_FP,TWB_PCBA_TOP_FP9,1020,TWB_SM3,TWB_PCBA_PASTE_INSPECTION_TOP,PN-337126,00F0B9F4,00F0B9F4,PN-337126,00F0B9F4,P16,,PROCESS,PN-27795,00F0B9F4T-20180414124004,U5,1,G14,483,483,-8.23,-14.31,127,GOOD,GOOD,117.3989,170.3149,87.54173,0,0.9055,4/14/2018 17:36
5310,1020,FP9,TOP,4009168617,4/11/2018 7:09,1523430000,TWB_SM3,TWB_PCBA_SM3_TOP_FP,TWB_PCBA_TOP_FP9,1020,TWB_SM3,TWB_PCBA_PASTE_INSPECTION_TOP,PN-337126,00F0B9F4,00F0B9F4,PN-337126,00F0B9F4,P16,,PROCESS,PN-27795,00F0B9F4T-20180414124004,U5,1,H5,483,483,-2.61,-9.23,127,GOOD,GOOD,114.5789,155.08,93.83234,0,0.9055,4/14/2018 17:36
5395,1020,FP9,TOP,4009168617,4/11/2018 7:09,1523430000,TWB_SM3,TWB_PCBA_SM3_TOP_FP,TWB_PCBA_TOP_FP9,1020,TWB_SM3,TWB_PCBA_PASTE_INSPECTION_TOP,PN-337126,00F0B9F4,00F0B9F4,PN-337126,00F0B9F4,P16,,PROCESS,PN-27795,00F0B9F4T-20180414124004,U5,1,T1,483,483,7.41,-1.21,127,GOOD,GOOD,121.1552,155.8302,98.74022,0,0.9055,4/14/2018 17:36
5518,1020,FP9,TOP,4009168617,4/11/2018 7:09,1523430000,TWB_SM3,TWB_PCBA_SM3_TOP_FP,TWB_PCBA_TOP_FP9,1020,TWB_SM3,TWB_PCBA_PASTE_INSPECTION_TOP,PN-337126,00F0B9F4,00F0B9F4,PN-337126,00F0B9F4,P16,,PROCESS,PN-27795,00F0B9F4T-20180414124004,U5,1,K4,483,483,-6.54,-11.93,127,GOOD,GOOD,112.8653,149.0717,96.15439,0,0.9055,4/14/2018 17:36
5550,1020,FP9,TOP,4009168617,4/11/2018 7:09,1523430000,TWB_SM3,TWB_PCBA_SM3_TOP_FP,TWB_PCBA_TOP_FP9,1020,TWB_SM3,TWB_PCBA_PASTE_INSPECTION_TOP,PN-337126,00F0B9F4,00F0B9F4,PN-337126,00F0B9F4,P16,,PROCESS,PN-27795,00F0B9F4T-20180414124004,U5,1,G9,483,483,-5.63,-2.88,127,GOOD,GOOD,120.8109,157.201,97.60104,0,0.9055,4/14/2018 17:36
5557,1020,FP9,TOP,4009168617,4/11/2018 7:09,1523430000,TWB_SM3,TWB_PCBA_SM3_TOP_FP,TWB_PCBA_TOP_FP9,1020,TWB_SM3,TWB_PCBA_PASTE_INSPECTION_TOP,PN-337126,00F0B9F4,00F0B9F4,PN-337126,00F0B9F4,P16,,PROCESS,PN-27795,00F0B9F4T-20180414124004,U5,1,L9,483,483,9.16,-3.85,127,GOOD,GOOD,109.1646,153.5155,90.30951,0,0.9055,4/14/2018 17:36
5803,1020,FP9,TOP,4009168617,4/11/2018 7:09,1523430000,TWB_SM3,TWB_PCBA_SM3_TOP_FP,TWB_PCBA_TOP_FP9,1020,TWB_SM3,TWB_PCBA_PASTE_INSPECTION_TOP,PN-337126,00F0B9F4,00F0B9F4,PN-337126,00F0B9F4,P16,,PROCESS,PN-27795,00F0B9F4T-20180414124004,U5,1,K12,483,483,1.04,-0.7,127,GOOD,GOOD,111.4144,145.0545,97.54696,0,0.9055,4/14/2018 17:36
5909,1020,FP9,TOP,4009168617,4/11/2018 7:09,1523430000,TWB_SM3,TWB_PCBA_SM3_TOP_FP,TWB_PCBA_TOP_FP9,1020,TWB_SM3,TWB_PCBA_PASTE_INSPECTION_TOP,PN-337126,00F0B9F4,00F0B9F4,PN-337126,00F0B9F4,P16,,PROCESS,PN-27795,00F0B9F4T-20180414124004,U5,1,L2,483,483,-7.21,4.14,127,GOOD,GOOD,107.6184,153.4172,89.08743,0,0.9055,4/14/2018 17:36
6515,1020,FP9,TOP,4009168617,4/11/2018 7:09,1523430000,TWB_SM3,TWB_PCBA_SM3_TOP_FP,TWB_PCBA_TOP_FP9,1020,TWB_SM3,TWB_PCBA_PASTE_INSPECTION_TOP,PN-337126,00F0B9F4,00F0B9F4,PN-337126,00F0B9F4,P16,,PROCESS,PN-27795,00F0B9F4T-20180414124004,U5,1,C15,483,483,-6.69,-9.63,127,GOOD,GOOD,112.4052,150.0463,95.1404,0,0.9055,4/14/2018 17:36
6531,1020,FP9,TOP,4009168617,4/11/2018 7:09,1523430000,TWB_SM3,TWB_PCBA_SM3_TOP_FP,TWB_PCBA_TOP_FP9,1020,TWB_SM3,TWB_PCBA_PASTE_INSPECTION_TOP,PN-337126,00F0B9F4,00F0B9F4,PN-337126,00F0B9F4,P16,,PROCESS,PN-27795,00F0B9F4T-20180414124004,U5,1,J10,483,483,-6.93,-2.15,127,GOOD,GOOD,108.54,149.3705,92.2845,0,0.9055,4/14/2018 17:36
6532,1020,FP9,TOP,4009168617,4/11/2018 7:09,1523430000,TWB_SM3,TWB_PCBA_SM3_TOP_FP,TWB_PCBA_TOP_FP9,1020,TWB_SM3,TWB_PCBA_PASTE_INSPECTION_TOP,PN-337126,00F0B9F4,00F0B9F4,PN-337126,00F0B9F4,P16,,PROCESS,PN-27795,00F0B9F4T-20180414124004,U5,1,J3,483,483,-3.3,-14.15,127,GOOD,GOOD,111.53,147.9587,95.73145,0,0.9055,4/14/2018 17:36
6533,1020,FP9,TOP,4009168617,4/11/2018 7:09,1523430000,TWB_SM3,TWB_PCBA_SM3_TOP_FP,TWB_PCBA_TOP_FP9,1020,TWB_SM3,TWB_PCBA_PASTE_INSPECTION_TOP,PN-337126,00F0B9F4,00F0B9F4,PN-337126,00F0B9F4,P16,,PROCESS,PN-27795,00F0B9F4T-20180414124004,U5,1,R15,483,483,2.03,4.28,127,GOOD,GOOD,114.6398,148.3853,98.1179,0,0.9055,4/14/2018 17:36
6965,1020,FP9,TOP,4009168617,4/11/2018 7:09,1523430000,TWB_SM3,TWB_PCBA_SM3_TOP_FP,TWB_PCBA_TOP_FP9,1020,TWB_SM3,TWB_PCBA_PASTE_INSPECTION_TOP,PN-337126,00F0B9F4,00F0B9F4,PN-337126,00F0B9F4,P16,,PROCESS,PN-27795,00F0B9F4T-20180414124004,U5,1,E14,483,483,-5.63,-12.33,127,GOOD,GOOD,115.3355,148.9547,98.33596,0,0.9055,4/14/2018 17:36
7028,1020,FP9,TOP,4009168617,4/11/2018 7:09,1523430000,TWB_SM3,TWB_PCBA_SM3_TOP_FP,TWB_PCBA_TOP_FP9,1020,TWB_SM3,TWB_PCBA_PASTE_INSPECTION_TOP,PN-337126,00F0B9F4,00F0B9F4,PN-337126,00F0B9F4,P16,,PROCESS,PN-27795,00F0B9F4T-20180414124004,U5,1,F16,483,483,-5.9,-9.39,127,GOOD,GOOD,106.3998,142.5737,94.77745,0,0.9055,4/14/2018 17:36
7175,1020,FP9,TOP,4009168617,4/11/2018 7:09,1523430000,TWB_SM3,TWB_PCBA_SM3_TOP_FP,TWB_PCBA_TOP_FP9,1020,TWB_SM3,TWB_PCBA_PASTE_INSPECTION_TOP,PN-337126,00F0B9F4,00F0B9F4,PN-337126,00F0B9F4,P16,,PROCESS,PN-27795,00F0B9F4T-20180414124004,U5,1,H7,483,483,-4.65,-5.81,127,GOOD,GOOD,107.9009,146.2578,93.69360999999999,0,0.9055,4/14/2018 17:36
7252,1020,FP9,TOP,4009168617,4/11/2018 7:09,1523430000,TWB_SM3,TWB_PCBA_SM3_TOP_FP,TWB_PCBA_TOP_FP9,1020,TWB_SM3,TWB_PCBA_PASTE_INSPECTION_TOP,PN-337126,00F0B9F4,00F0B9F4,PN-337126,00F0B9F4,P16,,PROCESS,PN-27795,00F0B9F4T-20180414124004,U5,1,H14,483,483,-8.29,6.2,127,GOOD,GOOD,113.1411,155.8516,92.19611,0,0.9055,4/14/2018 17:36
7294,1020,FP9,TOP,4009168617,4/11/2018 7:09,1523430000,TWB_SM3,TWB_PCBA_SM3_TOP_FP,TWB_PCBA_TOP_FP9,1020,TWB_SM3,TWB_PCBA_PASTE_INSPECTION_TOP,PN-337126,00F0B9F4,00F0B9F4,PN-337126,00F0B9F4,P16,,PROCESS,PN-27795,00F0B9F4T-20180414124004,U5,1,H13,483,483,-6.77,4.49,127,GOOD,GOOD,112.7858,150.7459,95.01945,0,0.9055,4/14/2018 17:36
7351,1020,FP9,TOP,4009168617,4/11/2018 7:09,1523430000,TWB_SM3,TWB_PCBA_SM3_TOP_FP,TWB_PCBA_TOP_FP9,1020,TWB_SM3,TWB_PCBA_PASTE_INSPECTION_TOP,PN-337126,00F0B9F4,00F0B9F4,PN-337126,00F0B9F4,P16,,PROCESS,PN-27795,00F0B9F4T-20180414124004,U5,1,D15,483,483,-9.23,-11.12,127,GOOD,GOOD,112.8838,155.4831,92.20448,0,0.9055,4/14/2018 17:36
7395,1020,FP9,TOP,4009168617,4/11/2018 7:09,1523430000,TWB_SM3,TWB_PCBA_SM3_TOP_FP,TWB_PCBA_TOP_FP9,1020,TWB_SM3,TWB_PCBA_PASTE_INSPECTION_TOP,PN-337126,00F0B9F4,00F0B9F4,PN-337126,00F0B9F4,P16,,PROCESS,PN-27795,00F0B9F4T-20180414124004,U5,1,T7,483,483,4.3,9.08,127,GOOD,GOOD,111.3059,142.0586,99.50714,0,0.9055,4/14/2018 17:36
7557,1020,FP9,TOP,4009168617,4/11/2018 7:09,1523430000,TWB_SM3,TWB_PCBA_SM3_TOP_FP,TWB_PCBA_TOP_FP9,1020,TWB_SM3,TWB_PCBA_PASTE_INSPECTION_TOP,PN-337126,00F0B9F4,00F0B9F4,PN-337126,00F0B9F4,P16,,PROCESS,PN-27795,00F0B9F4T-20180414124004,U5,1,R11,483,483,8.08,-2.58,127,GOOD,GOOD,114.0657,150.4935,96.25894,0,0.9055,4/14/2018 17:36
7570,1020,FP9,TOP,4009168617,4/11/2018 7:09,1523430000,TWB_SM3,TWB_PCBA_SM3_TOP_FP,TWB_PCBA_TOP_FP9,1020,TWB_SM3,TWB_PCBA_PASTE_INSPECTION_TOP,PN-337126,00F0B9F4,00F0B9F4,PN-337126,00F0B9F4,P16,,PROCESS,PN-27795,00F0B9F4T-20180414124004,U5,1,N3,483,483,-3.33,4.69,127,GOOD,GOOD,112.0922,148.097,96.12422,0,0.9055,4/14/2018 17:36
7572,1020,FP9,TOP,4009168617,4/11/2018 7:09,1523430000,TWB_SM3,TWB_PCBA_SM3_TOP_FP,TWB_PCBA_TOP_FP9,1020,TWB_SM3,TWB_PCBA_PASTE_INSPECTION_TOP,PN-337126,00F0B9F4,00F0B9F4,PN-337126,00F0B9F4,P16,,PROCESS,PN-27795,00F0B9F4T-20180414124004,U5,1,E4,483,483,2.04,-9.48,127,GOOD,GOOD,110.1987,147.2071,95.07175,0,0.9055,4/14/2018 17:36
7611,1020,FP9,TOP,4009168617,4/11/2018 7:09,1523430000,TWB_SM3,TWB_PCBA_SM3_TOP_FP,TWB_PCBA_TOP_FP9,1020,TWB_SM3,TWB_PCBA_PASTE_INSPECTION_TOP,PN-337126,00F0B9F4,00F0B9F4,PN-337126,00F0B9F4,P16,,PROCESS,PN-27795,00F0B9F4T-20180414124004,U5,1,D10,483,483,-4.15,0.31,127,GOOD,GOOD,122.7099,151.3898,102.9407,0,0.9055,4/14/2018 17:36
7612,1020,FP9,TOP,4009168617,4/11/2018 7:09,1523430000,TWB_SM3,TWB_PCBA_SM3_TOP_FP,TWB_PCBA_TOP_FP9,1020,TWB_SM3,TWB_PCBA_PASTE_INSPECTION_TOP,PN-337126,00F0B9F4,00F0B9F4,PN-337126,00F0B9F4,P16,,PROCESS,PN-27795,00F0B9F4T-20180414124004,U5,1,L15,483,483,2.08,-13.56,127,GOOD,GOOD,109.5585,149.9998,92.75964,0,0.9055,4/14/2018 17:36
7863,1020,FP9,TOP,4009168617,4/11/2018 7:09,1523430000,TWB_SM3,TWB_PCBA_SM3_TOP_FP,TWB_PCBA_TOP_FP9,1020,TWB_SM3,TWB_PCBA_PASTE_INSPECTION_TOP,PN-337126,00F0B9F4,00F0B9F4,PN-337126,00F0B9F4,P16,,PROCESS,PN-27795,00F0B9F4T-20180414124004,U5,1,G11,483,483,-5.01,0.55,127,GOOD,GOOD,112.244,143.4933,99.34258,0,0.9055,4/14/2018 17:36
8196,1020,FP9,TOP,4009168617,4/11/2018 7:09,1523430000,TWB_SM3,TWB_PCBA_SM3_TOP_FP,TWB_PCBA_TOP_FP9,1020,TWB_SM3,TWB_PCBA_PASTE_INSPECTION_TOP,PN-337126,00F0B9F4,00F0B9F4,PN-337126,00F0B9F4,P16,,PROCESS,PN-27795,00F0B9F4T-20180414124004,U5,1,C5,483,483,5.14,-6.78,127,GOOD,GOOD,115.1418,150.2926,97.29691,0,0.9055,4/14/2018 17:36
8416,1020,FP9,TOP,4009168617,4/11/2018 7:09,1523430000,TWB_SM3,TWB_PCBA_SM3_TOP_FP,TWB_PCBA_TOP_FP9,1020,TWB_SM3,TWB_PCBA_PASTE_INSPECTION_TOP,PN-337126,00F0B9F4,00F0B9F4,PN-337126,00F0B9F4,P16,,PROCESS,PN-27795,00F0B9F4T-20180414124004,U5,1,A9,483,483,2.17,1.06,127,GOOD,GOOD,113.9357,143.8349,100.6003,0,0.9055,4/14/2018 17:36
8417,1020,FP9,TOP,4009168617,4/11/2018 7:09,1523430000,TWB_SM3,TWB_PCBA_SM3_TOP_FP,TWB_PCBA_TOP_FP9,1020,TWB_SM3,TWB_PCBA_PASTE_INSPECTION_TOP,PN-337126,00F0B9F4,00F0B9F4,PN-337126,00F0B9F4,P16,,PROCESS,PN-27795,00F0B9F4T-20180414124004,U5,1,L13,483,483,-12.62,3.01,127,GOOD,GOOD,128.0924,168.7106,96.42396,0,0.9055,4/14/2018 17:36
8838,1020,FP9,TOP,4009168617,4/11/2018 7:09,1523430000,TWB_SM3,TWB_PCBA_SM3_TOP_FP,TWB_PCBA_TOP_FP9,1020,TWB_SM3,TWB_PCBA_PASTE_INSPECTION_TOP,PN-337126,00F0B9F4,00F0B9F4,PN-337126,00F0B9F4,P16,,PROCESS,PN-27795,00F0B9F4T-20180414124004,U5,1,E13,483,483,-4.11,5.96,127,GOOD,GOOD,117.5598,153.2826,97.4024,0,0.9055,4/14/2018 17:36
9019,1020,FP9,TOP,4009168617,4/11/2018 7:09,1523430000,TWB_SM3,TWB_PCBA_SM3_TOP_FP,TWB_PCBA_TOP_FP9,1020,TWB_SM3,TWB_PCBA_PASTE_INSPECTION_TOP,PN-337126,00F0B9F4,00F0B9F4,PN-337126,00F0B9F4,P16,,PROCESS,PN-27795,00F0B9F4T-20180414124004,U5,1,F7,483,483,-1.22,-4.82,127,GOOD,GOOD,104.631,143.4613,92.62523,0,0.9055,4/14/2018 17:36
9038,1020,FP9,TOP,4009168617,4/11/2018 7:09,1523430000,TWB_SM3,TWB_PCBA_SM3_TOP_FP,TWB_PCBA_TOP_FP9,1020,TWB_SM3,TWB_PCBA_PASTE_INSPECTION_TOP,PN-337126,00F0B9F4,00F0B9F4,PN-337126,00F0B9F4,P16,,PROCESS,PN-27795,00F0B9F4T-20180414124004,U5,1,B15,483,483,-3.31,-10.14,127,GOOD,GOOD,111.6532,141.7446,100.0388,0,0.9055,4/14/2018 17:36
9049,1020,FP9,TOP,4009168617,4/11/2018 7:09,1523430000,TWB_SM3,TWB_PCBA_SM3_TOP_FP,TWB_PCBA_TOP_FP9,1020,TWB_SM3,TWB_PCBA_PASTE_INSPECTION_TOP,PN-337126,00F0B9F4,00F0B9F4,PN-337126,00F0B9F4,P16,,PROCESS,PN-27795,00F0B9F4T-20180414124004,U5,1,G13,483,483,-5.05,3.98,127,GOOD,GOOD,106.2621,150.2613,89.81213000000001,0,0.9055,4/14/2018 17:36
9138,1020,FP9,TOP,4009168617,4/11/2018 7:09,1523430000,TWB_SM3,TWB_PCBA_SM3_TOP_FP,TWB_PCBA_TOP_FP9,1020,TWB_SM3,TWB_PCBA_PASTE_INSPECTION_TOP,PN-337126,00F0B9F4,00F0B9F4,PN-337126,00F0B9F4,P16,,PROCESS,PN-27795,00F0B9F4T-20180414124004,U5,1,H11,483,483,-6.73,1.05,127,GOOD,GOOD,111.01899999999999,140.9178,100.0542,0,0.9055,4/14/2018 17:36
9139,1020,FP9,TOP,4009168617,4/11/2018 7:09,1523430000,TWB_SM3,TWB_PCBA_SM3_TOP_FP,TWB_PCBA_TOP_FP9,1020,TWB_SM3,TWB_PCBA_PASTE_INSPECTION_TOP,PN-337126,00F0B9F4,00F0B9F4,PN-337126,00F0B9F4,P16,,PROCESS,PN-27795,00F0B9F4T-20180414124004,U5,1,P16,483,483,4.72,5.5,127,GOOD,GOOD,110.0171,145.6994,95.89723000000001,0,0.9055,4/14/2018 17:36
9141,1020,FP9,TOP,4009168617,4/11/2018 7:09,1523430000,TWB_SM3,TWB_PCBA_SM3_TOP_FP,TWB_PCBA_TOP_FP9,1020,TWB_SM3,TWB_PCBA_PASTE_INSPECTION_TOP,PN-337126,00F0B9F4,00F0B9F4,PN-337126,00F0B9F4,P16,,PROCESS,PN-27795,00F0B9F4T-20180414124004,U5,1,K9,483,483,-9.12,-3.36,127,GOOD,GOOD,108.0101,140.5825,97.57466,0,0.9055,4/14/2018 17:36
9248,1020,FP9,TOP,4009168617,4/11/2018 7:09,1523430000,TWB_SM3,TWB_PCBA_SM3_TOP_FP,TWB_PCBA_TOP_FP9,1020,TWB_SM3,TWB_PCBA_PASTE_INSPECTION_TOP,PN-337126,00F0B9F4,00F0B9F4,PN-337126,00F0B9F4,P16,,PROCESS,PN-27795,00F0B9F4T-20180414124004,U5,1,D13,483,483,-8.19,5.45,127,GOOD,GOOD,119.4387,151.0521,100.4204,0,0.9055,4/14/2018 17:36
9397,1020,FP9,TOP,4009168617,4/11/2018 7:09,1523430000,TWB_SM3,TWB_PCBA_SM3_TOP_FP,TWB_PCBA_TOP_FP9,1020,TWB_SM3,TWB_PCBA_PASTE_INSPECTION_TOP,PN-337126,00F0B9F4,00F0B9F4,PN-337126,00F0B9F4,P16,,PROCESS,PN-27795,00F0B9F4T-20180414124004,U5,1,D4,483,483,3.75,-9.98,127,GOOD,GOOD,121.2966,158.0378,97.47455,0,0.9055,4/14/2018 17:36
9399,1020,FP9,TOP,4009168617,4/11/2018 7:09,1523430000,TWB_SM3,TWB_PCBA_SM3_TOP_FP,TWB_PCBA_TOP_FP9,1020,TWB_SM3,TWB_PCBA_PASTE_INSPECTION_TOP,PN-337126,00F0B9F4,00F0B9F4,PN-337126,00F0B9F4,P16,,PROCESS,PN-27795,00F0B9F4T-20180414124004,U5,1,M11,483,483,6.41,-1.91,127,GOOD,GOOD,104.7287,152.2791,87.34323,0,0.9055,4/14/2018 17:36
9508,1020,FP9,TOP,4009168617,4/11/2018 7:09,1523430000,TWB_SM3,TWB_PCBA_SM3_TOP_FP,TWB_PCBA_TOP_FP9,1020,TWB_SM3,TWB_PCBA_PASTE_INSPECTION_TOP,PN-337126,00F0B9F4,00F0B9F4,PN-337126,00F0B9F4,P16,,PROCESS,PN-27795,00F0B9F4T-20180414124004,U5,1,K6,483,483,-7.57,-8.5,127,GOOD,GOOD,110.6216,149.2058,94.15821,0,0.9055,4/14/2018 17:36
9535,1020,FP9,TOP,4009168617,4/11/2018 7:09,1523430000,TWB_SM3,TWB_PCBA_SM3_TOP_FP,TWB_PCBA_TOP_FP9,1020,TWB_SM3,TWB_PCBA_PASTE_INSPECTION_TOP,PN-337126,00F0B9F4,00F0B9F4,PN-337126,00F0B9F4,P16,,PROCESS,PN-27795,00F0B9F4T-20180414124004,U5,1,L4,483,483,-8.26,-12.43,127,GOOD,GOOD,109.1636,161.2735,85.96437,0,0.9055,4/14/2018 17:36
9684,1020,FP9,TOP,4009168617,4/11/2018 7:09,1523430000,TWB_SM3,TWB_PCBA_SM3_TOP_FP,TWB_PCBA_TOP_FP9,1020,TWB_SM3,TWB_PCBA_PASTE_INSPECTION_TOP,PN-337126,00F0B9F4,00F0B9F4,PN-337126,00F0B9F4,P16,,PROCESS,PN-27795,00F0B9F4T-20180414124004,U5,1,A14,483,483,-6.22,-10.36,127,GOOD,GOOD,117.2021,165.3015,90.04556,0,0.9055,4/14/2018 17:36
9760,1020,FP9,TOP,4009168617,4/11/2018 7:09,1523430000,TWB_SM3,TWB_PCBA_SM3_TOP_FP,TWB_PCBA_TOP_FP9,1020,TWB_SM3,TWB_PCBA_PASTE_INSPECTION_TOP,PN-337126,00F0B9F4,00F0B9F4,PN-337126,00F0B9F4,P16,,PROCESS,PN-27795,00F0B9F4T-20180414124004,U5,1,B7,483,483,3.15,-3.86,127,GOOD,GOOD,112.0212,141.0234,100.8818,0,0.9055,4/14/2018 17:36
9822,1020,FP9,TOP,4009168617,4/11/2018 7:09,1523430000,TWB_SM3,TWB_PCBA_SM3_TOP_FP,TWB_PCBA_TOP_FP9,1020,TWB_SM3,TWB_PCBA_PASTE_INSPECTION_TOP,PN-337126,00F0B9F4,00F0B9F4,PN-337126,00F0B9F4,P16,,PROCESS,PN-27795,00F0B9F4T-20180414124004,U5,1,D11,483,483,-1.52,2.02,127,GOOD,GOOD,110.7845,139.5814,100.7988,0,0.9055,4/14/2018 17:36
9823,1020,FP9,TOP,4009168617,4/11/2018 7:09,1523430000,TWB_SM3,TWB_PCBA_SM3_TOP_FP,TWB_PCBA_TOP_FP9,1020,TWB_SM3,TWB_PCBA_PASTE_INSPECTION_TOP,PN-337126,00F0B9F4,00F0B9F4,PN-337126,00F0B9F4,P16,,PROCESS,PN-27795,00F0B9F4T-20180414124004,U5,1,L16,483,483,5.53,-11.85,127,GOOD,GOOD,111.586,149.30200000000002,94.91787,0,0.9055,4/14/2018 17:36
10166,1020,FP9,TOP,4009168617,4/11/2018 7:09,1523430000,TWB_SM3,TWB_PCBA_SM3_TOP_FP,TWB_PCBA_TOP_FP9,1020,TWB_SM3,TWB_PCBA_PASTE_INSPECTION_TOP,PN-337126,00F0B9F4,00F0B9F4,PN-337126,00F0B9F4,P16,,PROCESS,PN-27795,00F0B9F4T-20180414124004,U5,1,N5,483,483,-6.86,8.12,127,GOOD,GOOD,127.8901,166.078,97.79768,0,0.9055,4/14/2018 17:36
10351,1020,FP9,TOP,4009168617,4/11/2018 7:09,1523430000,TWB_SM3,TWB_PCBA_SM3_TOP_FP,TWB_PCBA_TOP_FP9,1020,TWB_SM3,TWB_PCBA_PASTE_INSPECTION_TOP,PN-337126,00F0B9F4,00F0B9F4,PN-337126,00F0B9F4,P16,,PROCESS,PN-27795,00F0B9F4T-20180414124004,U5,1,P5,483,483,-6.09,6.64,127,GOOD,GOOD,109.1211,151.6238,91.39976,0,0.9055,4/14/2018 17:36
10355,1020,FP9,TOP,4009168617,4/11/2018 7:09,1523430000,TWB_SM3,TWB_PCBA_SM3_TOP_FP,TWB_PCBA_TOP_FP9,1020,TWB_SM3,TWB_PCBA_PASTE_INSPECTION_TOP,PN-337126,00F0B9F4,00F0B9F4,PN-337126,00F0B9F4,P16,,PROCESS,PN-27795,00F0B9F4T-20180414124004,U5,1,P14,483,483,2.44,2.07,127,GOOD,GOOD,117.5571,159.4655,93.62373000000001,0,0.9055,4/14/2018 17:36
10488,1020,FP9,TOP,4009168617,4/11/2018 7:09,1523430000,TWB_SM3,TWB_PCBA_SM3_TOP_FP,TWB_PCBA_TOP_FP9,1020,TWB_SM3,TWB_PCBA_PASTE_INSPECTION_TOP,PN-337126,00F0B9F4,00F0B9F4,PN-337126,00F0B9F4,P16,,PROCESS,PN-27795,00F0B9F4T-20180414124004,U5,1,C12,483,483,1.33,5.23,127,GOOD,GOOD,106.9865,144.1354,94.26751999999999,0,0.9055,4/14/2018 17:36
10878,1020,FP9,TOP,4009168617,4/11/2018 7:09,1523430000,TWB_SM3,TWB_PCBA_SM3_TOP_FP,TWB_PCBA_TOP_FP9,1020,TWB_SM3,TWB_PCBA_PASTE_INSPECTION_TOP,PN-337126,00F0B9F4,00F0B9F4,PN-337126,00F0B9F4,P16,,PROCESS,PN-27795,00F0B9F4T-20180414124004,U5,1,L3,483,483,-6.73,5.86,127,GOOD,GOOD,117.9067,157.6166,95.00363,0,0.9055,4/14/2018 17:36
10941,1020,FP9,TOP,4009168617,4/11/2018 7:09,1523430000,TWB_SM3,TWB_PCBA_SM3_TOP_FP,TWB_PCBA_TOP_FP9,1020,TWB_SM3,TWB_PCBA_PASTE_INSPECTION_TOP,PN-337126,00F0B9F4,00F0B9F4,PN-337126,00F0B9F4,P16,,PROCESS,PN-27795,00F0B9F4T-20180414124004,U5,1,M2,483,483,-8.92,2.65,127,GOOD,GOOD,110.2935,156.5213,89.49121,0,0.9055,4/14/2018 17:36
11218,1020,FP9,TOP,4009168617,4/11/2018 7:09,1523430000,TWB_SM3,TWB_PCBA_SM3_TOP_FP,TWB_PCBA_TOP_FP9,1020,TWB_SM3,TWB_PCBA_PASTE_INSPECTION_TOP,PN-337126,00F0B9F4,00F0B9F4,PN-337126,00F0B9F4,P16,,PROCESS,PN-27795,00F0B9F4T-20180414124004,U5,1,H3,483,483,-1.59,-12.66,127,GOOD,GOOD,106.8489,139.189,97.49197,0,0.9055,4/14/2018 17:36
11280,1020,FP9,TOP,4009168617,4/11/2018 7:09,1523430000,TWB_SM3,TWB_PCBA_SM3_TOP_FP,TWB_PCBA_TOP_FP9,1020,TWB_SM3,TWB_PCBA_PASTE_INSPECTION_TOP,PN-337126,00F0B9F4,00F0B9F4,PN-337126,00F0B9F4,P16,,PROCESS,PN-27795,00F0B9F4T-20180414124004,U5,1,B16,483,483,-5.66,-8.43,127,GOOD,GOOD,113.1744,144.3661,99.56048,0,0.9055,4/14/2018 17:36
11461,1020,FP9,TOP,4009168617,4/11/2018 7:09,1523430000,TWB_SM3,TWB_PCBA_SM3_TOP_FP,TWB_PCBA_TOP_FP9,1020,TWB_SM3,TWB_PCBA_PASTE_INSPECTION_TOP,PN-337126,00F0B9F4,00F0B9F4,PN-337126,00F0B9F4,P16,,PROCESS,PN-27795,00F0B9F4T-20180414124004,U5,1,K7,483,483,-8.08,-6.79,127,GOOD,GOOD,109.5521,147.9744,94.02383,0,0.9055,4/14/2018 17:36
11605,1020,FP9,TOP,4009168617,4/11/2018 7:09,1523430000,TWB_SM3,TWB_PCBA_SM3_TOP_FP,TWB_PCBA_TOP_FP9,1020,TWB_SM3,TWB_PCBA_PASTE_INSPECTION_TOP,PN-337126,00F0B9F4,00F0B9F4,PN-337126,00F0B9F4,P16,,PROCESS,PN-27795,00F0B9F4T-20180414124004,U5,1,B4,483,483,7.18,-9.0,127,GOOD,GOOD,114.3139,145.778,99.58888,0,0.9055,4/14/2018 17:36
11608,1020,FP9,TOP,4009168617,4/11/2018 7:09,1523430000,TWB_SM3,TWB_PCBA_SM3_TOP_FP,TWB_PCBA_TOP_FP9,1020,TWB_SM3,TWB_PCBA_PASTE_INSPECTION_TOP,PN-337126,00F0B9F4,00F0B9F4,PN-337126,00F0B9F4,P16,,PROCESS,PN-27795,00F0B9F4T-20180414124004,U5,1,B11,483,483,-3.06,3.0,127,GOOD,GOOD,108.4635,146.3478,94.12415,0,0.9055,4/14/2018 17:36
11609,1020,FP9,TOP,4009168617,4/11/2018 7:09,1523430000,TWB_SM3,TWB_PCBA_SM3_TOP_FP,TWB_PCBA_TOP_FP9,1020,TWB_SM3,TWB_PCBA_PASTE_INSPECTION_TOP,PN-337126,00F0B9F4,00F0B9F4,PN-337126,00F0B9F4,P16,,PROCESS,PN-27795,00F0B9F4T-20180414124004,U5,1,J16,483,483,8.96,-11.86,127,GOOD,GOOD,105.79899999999999,143.6674,93.52485,0,0.9055,4/14/2018 17:36
11610,1020,FP9,TOP,4009168617,4/11/2018 7:09,1523430000,TWB_SM3,TWB_PCBA_SM3_TOP_FP,TWB_PCBA_TOP_FP9,1020,TWB_SM3,TWB_PCBA_PASTE_INSPECTION_TOP,PN-337126,00F0B9F4,00F0B9F4,PN-337126,00F0B9F4,P16,,PROCESS,PN-27795,00F0B9F4T-20180414124004,U5,1,J9,483,483,-7.41,-3.87,127,GOOD,GOOD,117.5433,155.165,96.20721,0,0.9055,4/14/2018 17:36
11761,1020,FP9,TOP,4009168617,4/11/2018 7:09,1523430000,TWB_SM3,TWB_PCBA_SM3_TOP_FP,TWB_PCBA_TOP_FP9,1020,TWB_SM3,TWB_PCBA_PASTE_INSPECTION_TOP,PN-337126,00F0B9F4,00F0B9F4,PN-337126,00F0B9F4,P16,,PROCESS,PN-27795,00F0B9F4T-20180414124004,U5,1,K5,483,483,-6.04,-10.22,127,GOOD,GOOD,115.4677,150.6928,97.31319,0,0.9055,4/14/2018 17:36
11940,1020,FP9,TOP,4009168617,4/11/2018 7:09,1523430000,TWB_SM3,TWB_PCBA_SM3_TOP_FP,TWB_PCBA_TOP_FP9,1020,TWB_SM3,TWB_PCBA_PASTE_INSPECTION_TOP,PN-337126,00F0B9F4,00F0B9F4,PN-337126,00F0B9F4,P16,,PROCESS,PN-27795,00F0B9F4T-20180414124004,U5,1,N7,483,483,-6.42,11.55,127,GOOD,GOOD,109.1569,142.4842,97.29451999999999,0,0.9055,4/14/2018 17:36
11989,1020,FP9,TOP,4009168617,4/11/2018 7:09,1523430000,TWB_SM3,TWB_PCBA_SM3_TOP_FP,TWB_PCBA_TOP_FP9,1020,TWB_SM3,TWB_PCBA_PASTE_INSPECTION_TOP,PN-337126,00F0B9F4,00F0B9F4,PN-337126,00F0B9F4,P16,,PROCESS,PN-27795,00F0B9F4T-20180414124004,U5,1,G7,483,483,-2.94,-6.31,127,GOOD,GOOD,108.1779,150.0261,91.5747,0,0.9055,4/14/2018 17:36
12038,1020,FP9,TOP,4009168617,4/11/2018 7:09,1523430000,TWB_SM3,TWB_PCBA_SM3_TOP_FP,TWB_PCBA_TOP_FP9,1020,TWB_SM3,TWB_PCBA_PASTE_INSPECTION_TOP,PN-337126,00F0B9F4,00F0B9F4,PN-337126,00F0B9F4,P16,,PROCESS,PN-27795,00F0B9F4T-20180414124004,U5,1,F15,483,483,-4.38,-11.1,127,GOOD,GOOD,107.3066,143.0133,95.29146999999999,0,0.9055,4/14/2018 17:36
12045,1020,FP9,TOP,4009168617,4/11/2018 7:09,1523430000,TWB_SM3,TWB_PCBA_SM3_TOP_FP,TWB_PCBA_TOP_FP9,1020,TWB_SM3,TWB_PCBA_PASTE_INSPECTION_TOP,PN-337126,00F0B9F4,00F0B9F4,PN-337126,00F0B9F4,P16,,PROCESS,PN-27795,00F0B9F4T-20180414124004,U5,1,A4,483,483,7.24,-7.51,127,GOOD,GOOD,115.0877,146.938,99.47153,0,0.9055,4/14/2018 17:36
12046,1020,FP9,TOP,4009168617,4/11/2018 7:09,1523430000,TWB_SM3,TWB_PCBA_SM3_TOP_FP,TWB_PCBA_TOP_FP9,1020,TWB_SM3,TWB_PCBA_PASTE_INSPECTION_TOP,PN-337126,00F0B9F4,00F0B9F4,PN-337126,00F0B9F4,P16,,PROCESS,PN-27795,00F0B9F4T-20180414124004,U5,1,T13,483,483,0.53,-0.63,127,GOOD,GOOD,117.4153,154.3739,96.59499,0,0.9055,4/14/2018 17:36
12179,1020,FP9,TOP,4009168617,4/11/2018 7:09,1523430000,TWB_SM3,TWB_PCBA_SM3_TOP_FP,TWB_PCBA_TOP_FP9,1020,TWB_SM3,TWB_PCBA_PASTE_INSPECTION_TOP,PN-337126,00F0B9F4,00F0B9F4,PN-337126,00F0B9F4,P16,,PROCESS,PN-27795,00F0B9F4T-20180414124004,U5,1,B8,483,483,6.12,-2.14,127,GOOD,GOOD,110.4933,140.7548,99.69573000000001,0,0.9055,4/14/2018 17:36
12238,1020,FP9,TOP,4009168617,4/11/2018 7:09,1523430000,TWB_SM3,TWB_PCBA_SM3_TOP_FP,TWB_PCBA_TOP_FP9,1020,TWB_SM3,TWB_PCBA_PASTE_INSPECTION_TOP,PN-337126,00F0B9F4,00F0B9F4,PN-337126,00F0B9F4,P16,,PROCESS,PN-27795,00F0B9F4T-20180414124004,U5,1,C7,483,483,3.92,-3.35,127,GOOD,GOOD,112.7336,153.0054,93.57294,0,0.9055,4/14/2018 17:36
12364,1020,FP9,TOP,4009168617,4/11/2018 7:09,1523430000,TWB_SM3,TWB_PCBA_SM3_TOP_FP,TWB_PCBA_TOP_FP9,1020,TWB_SM3,TWB_PCBA_PASTE_INSPECTION_TOP,PN-337126,00F0B9F4,00F0B9F4,PN-337126,00F0B9F4,P16,,PROCESS,PN-27795,00F0B9F4T-20180414124004,U5,1,H6,483,483,-4.14,-7.52,127,GOOD,GOOD,109.8259,142.7341,97.71936,0,0.9055,4/14/2018 17:36
12420,1020,FP9,TOP,4009168617,4/11/2018 7:09,1523430000,TWB_SM3,TWB_PCBA_SM3_TOP_FP,TWB_PCBA_TOP_FP9,1020,TWB_SM3,TWB_PCBA_PASTE_INSPECTION_TOP,PN-337126,00F0B9F4,00F0B9F4,PN-337126,00F0B9F4,P16,,PROCESS,PN-27795,00F0B9F4T-20180414124004,U5,1,G16,483,483,-10.1,-10.88,127,GOOD,GOOD,109.8941,141.3433,98.74217,0,0.9055,4/14/2018 17:36
12443,1020,FP9,TOP,4009168617,4/11/2018 7:09,1523430000,TWB_SM3,TWB_PCBA_SM3_TOP_FP,TWB_PCBA_TOP_FP9,1020,TWB_SM3,TWB_PCBA_PASTE_INSPECTION_TOP,PN-337126,00F0B9F4,00F0B9F4,PN-337126,00F0B9F4,P16,,PROCESS,PN-27795,00F0B9F4T-20180414124004,U5,1,A8,483,483,5.35,-0.65,127,GOOD,GOOD,115.4007,150.85,97.15539,0,0.9055,4/14/2018 17:36
12444,1020,FP9,TOP,4009168617,4/11/2018 7:09,1523430000,TWB_SM3,TWB_PCBA_SM3_TOP_FP,TWB_PCBA_TOP_FP9,1020,TWB_SM3,TWB_PCBA_PASTE_INSPECTION_TOP,PN-337126,00F0B9F4,00F0B9F4,PN-337126,00F0B9F4,P16,,PROCESS,PN-27795,00F0B9F4T-20180414124004,U5,1,L12,483,483,7.61,1.29,127,GOOD,GOOD,107.7608,148.0536,92.43692,0,0.9055,4/14/2018 17:36
12788,1020,FP9,TOP,4009168617,4/11/2018 7:09,1523430000,TWB_SM3,TWB_PCBA_SM3_TOP_FP,TWB_PCBA_TOP_FP9,1020,TWB_SM3,TWB_PCBA_PASTE_INSPECTION_TOP,PN-337126,00F0B9F4,00F0B9F4,PN-337126,00F0B9F4,P16,,PROCESS,PN-27795,00F0B9F4T-20180414124004,U5,1,E15,483,483,-6.8,-10.61,127,GOOD,GOOD,106.9374,139.171,97.5853,0,0.9055,4/14/2018 17:36
12791,1020,FP9,TOP,4009168617,4/11/2018 7:09,1523430000,TWB_SM3,TWB_PCBA_SM3_TOP_FP,TWB_PCBA_TOP_FP9,1020,TWB_SM3,TWB_PCBA_PASTE_INSPECTION_TOP,PN-337126,00F0B9F4,00F0B9F4,PN-337126,00F0B9F4,P16,,PROCESS,PN-27795,00F0B9F4T-20180414124004,U5,1,B10,483,483,5.08,1.29,127,GOOD,GOOD,111.7453,141.7322,100.13,0,0.9055,4/14/2018 17:36
12792,1020,FP9,TOP,4009168617,4/11/2018 7:09,1523430000,TWB_SM3,TWB_PCBA_SM3_TOP_FP,TWB_PCBA_TOP_FP9,1020,TWB_SM3,TWB_PCBA_PASTE_INSPECTION_TOP,PN-337126,00F0B9F4,00F0B9F4,PN-337126,00F0B9F4,P16,,PROCESS,PN-27795,00F0B9F4T-20180414124004,U5,1,J15,483,483,-9.52,-13.57,127,GOOD,GOOD,109.4504,141.8247,98.00974000000001,0,0.9055,4/14/2018 17:36
12793,1020,FP9,TOP,4009168617,4/11/2018 7:09,1523430000,TWB_SM3,TWB_PCBA_SM3_TOP_FP,TWB_PCBA_TOP_FP9,1020,TWB_SM3,TWB_PCBA_PASTE_INSPECTION_TOP,PN-337126,00F0B9F4,00F0B9F4,PN-337126,00F0B9F4,P16,,PROCESS,PN-27795,00F0B9F4T-20180414124004,U5,1,J8,483,483,-5.89,-5.58,127,GOOD,GOOD,110.8943,151.6053,92.89631999999999,0,0.9055,4/14/2018 17:36
12837,1020,FP9,TOP,4009168617,4/11/2018 7:09,1523430000,TWB_SM3,TWB_PCBA_SM3_TOP_FP,TWB_PCBA_TOP_FP9,1020,TWB_SM3,TWB_PCBA_PASTE_INSPECTION_TOP,PN-337126,00F0B9F4,00F0B9F4,PN-337126,00F0B9F4,P16,,PROCESS,PN-27795,00F0B9F4T-20180414124004,U5,1,N4,483,483,-4.85,6.4,127,GOOD,GOOD,118.0746,158.155,94.815,0,0.9055,4/14/2018 17:36
12995,1020,FP9,TOP,4009168617,4/11/2018 7:09,1523430000,TWB_SM3,TWB_PCBA_SM3_TOP_FP,TWB_PCBA_TOP_FP9,1020,TWB_SM3,TWB_PCBA_PASTE_INSPECTION_TOP,PN-337126,00F0B9F4,00F0B9F4,PN-337126,00F0B9F4,P16,,PROCESS,PN-27795,00F0B9F4T-20180414124004,U5,1,N1,483,483,-3.31,1.26,127,GOOD,GOOD,115.7257,161.6045,90.94529,0,0.9055,4/14/2018 17:36
13038,1020,FP9,TOP,4009168617,4/11/2018 7:09,1523430000,TWB_SM3,TWB_PCBA_SM3_TOP_FP,TWB_PCBA_TOP_FP9,1020,TWB_SM3,TWB_PCBA_PASTE_INSPECTION_TOP,PN-337126,00F0B9F4,00F0B9F4,PN-337126,00F0B9F4,P16,,PROCESS,PN-27795,00F0B9F4T-20180414124004,U5,1,E5,483,483,1.71,-7.76,127,GOOD,GOOD,113.4042,148.9462,96.69488,0,0.9055,4/14/2018 17:36
13581,1020,FP9,TOP,4009168617,4/11/2018 7:09,1523430000,TWB_SM3,TWB_PCBA_SM3_TOP_FP,TWB_PCBA_TOP_FP9,1020,TWB_SM3,TWB_PCBA_PASTE_INSPECTION_TOP,PN-337126,00F0B9F4,00F0B9F4,PN-337126,00F0B9F4,P16,,PROCESS,PN-27795,00F0B9F4T-20180414124004,U5,1,F11,483,483,-3.3,2.04,127,GOOD,GOOD,108.0618,144.7697,94.79774,0,0.9055,4/14/2018 17:36
13582,1020,FP9,TOP,4009168617,4/11/2018 7:09,1523430000,TWB_SM3,TWB_PCBA_SM3_TOP_FP,TWB_PCBA_TOP_FP9,1020,TWB_SM3,TWB_PCBA_PASTE_INSPECTION_TOP,PN-337126,00F0B9F4,00F0B9F4,PN-337126,00F0B9F4,P16,,PROCESS,PN-27795,00F0B9F4T-20180414124004,U5,1,N16,483,483,8.91,6.98,127,GOOD,GOOD,102.3941,138.4513,93.92506,0,0.9055,4/14/2018 17:36
13726,1020,FP9,TOP,4009168617,4/11/2018 7:09,1523430000,TWB_SM3,TWB_PCBA_SM3_TOP_FP,TWB_PCBA_TOP_FP9,1020,TWB_SM3,TWB_PCBA_PASTE_INSPECTION_TOP,PN-337126,00F0B9F4,00F0B9F4,PN-337126,00F0B9F4,P16,,PROCESS,PN-27795,00F0B9F4T-20180414124004,U5,1,A15,483,483,-1.6,-8.65,127,GOOD,GOOD,108.9817,146.6919,94.35197,0,0.9055,4/14/2018 17:36
13971,1020,FP9,TOP,4009168617,4/11/2018 7:09,1523430000,TWB_SM3,TWB_PCBA_SM3_TOP_FP,TWB_PCBA_TOP_FP9,1020,TWB_SM3,TWB_PCBA_PASTE_INSPECTION_TOP,PN-337126,00F0B9F4,00F0B9F4,PN-337126,00F0B9F4,P16,,PROCESS,PN-27795,00F0B9F4T-20180414124004,U5,1,F5,483,483,0.82,-8.25,127,GOOD,GOOD,109.1356,148.238,93.49979,0,0.9055,4/14/2018 17:36
13975,1020,FP9,TOP,4009168617,4/11/2018 7:09,1523430000,TWB_SM3,TWB_PCBA_SM3_TOP_FP,TWB_PCBA_TOP_FP9,1020,TWB_SM3,TWB_PCBA_PASTE_INSPECTION_TOP,PN-337126,00F0B9F4,00F0B9F4,PN-337126,00F0B9F4,P16,,PROCESS,PN-27795,00F0B9F4T-20180414124004,U5,1,P7,483,483,-8.13,10.06,127,GOOD,GOOD,111.6151,147.6335,96.01556,0,0.9055,4/14/2018 17:36
13996,1020,FP9,TOP,4009168617,4/11/2018 7:09,1523430000,TWB_SM3,TWB_PCBA_SM3_TOP_FP,TWB_PCBA_TOP_FP9,1020,TWB_SM3,TWB_PCBA_PASTE_INSPECTION_TOP,PN-337126,00F0B9F4,00F0B9F4,PN-337126,00F0B9F4,P16,,PROCESS,PN-27795,00F0B9F4T-20180414124004,U5,1,D12,483,483,-0.39,3.74,127,GOOD,GOOD,115.0672,155.1435,94.1937,0,0.9055,4/14/2018 17:36
14030,1020,FP9,TOP,4009168617,4/11/2018 7:09,1523430000,TWB_SM3,TWB_PCBA_SM3_TOP_FP,TWB_PCBA_TOP_FP9,1020,TWB_SM3,TWB_PCBA_PASTE_INSPECTION_TOP,PN-337126,00F0B9F4,00F0B9F4,PN-337126,00F0B9F4,P16,,PROCESS,PN-27795,00F0B9F4T-20180414124004,U5,1,L7,483,483,10.2,-7.28,127,GOOD,GOOD,105.9599,149.5117,90.00571,0,0.9055,4/14/2018 17:36
14048,1020,FP9,TOP,4009168617,4/11/2018 7:09,1523430000,TWB_SM3,TWB_PCBA_SM3_TOP_FP,TWB_PCBA_TOP_FP9,1020,TWB_SM3,TWB_PCBA_PASTE_INSPECTION_TOP,PN-337126,00F0B9F4,00F0B9F4,PN-337126,00F0B9F4,P16,,PROCESS,PN-27795,00F0B9F4T-20180414124004,U5,1,E6,483,483,1.01,-6.05,127,GOOD,GOOD,109.1298,143.6036,96.51208000000001,0,0.9055,4/14/2018 17:36
14106,1020,FP9,TOP,4009168617,4/11/2018 7:09,1523430000,TWB_SM3,TWB_PCBA_SM3_TOP_FP,TWB_PCBA_TOP_FP9,1020,TWB_SM3,TWB_PCBA_PASTE_INSPECTION_TOP,PN-337126,00F0B9F4,00F0B9F4,PN-337126,00F0B9F4,P16,,PROCESS,PN-27795,00F0B9F4T-20180414124004,U5,1,B9,483,483,0.46,-0.43,127,GOOD,GOOD,114.6364,144.1772,100.9787,0,0.9055,4/14/2018 17:36
14694,1020,FP9,TOP,4009168617,4/11/2018 7:09,1523430000,TWB_SM3,TWB_PCBA_SM3_TOP_FP,TWB_PCBA_TOP_FP9,1020,TWB_SM3,TWB_PCBA_PASTE_INSPECTION_TOP,PN-337126,00F0B9F4,00F0B9F4,PN-337126,00F0B9F4,P16,,PROCESS,PN-27795,00F0B9F4T-20180414124004,U5,1,C11,483,483,1.85,3.51,127,GOOD,GOOD,116.4214,163.8909,90.21564000000001,0,0.9055,4/14/2018 17:36
14695,1020,FP9,TOP,4009168617,4/11/2018 7:09,1523430000,TWB_SM3,TWB_PCBA_SM3_TOP_FP,TWB_PCBA_TOP_FP9,1020,TWB_SM3,TWB_PCBA_PASTE_INSPECTION_TOP,PN-337126,00F0B9F4,00F0B9F4,PN-337126,00F0B9F4,P16,,PROCESS,PN-27795,00F0B9F4T-20180414124004,U5,1,K16,483,483,3.93,-11.35,127,GOOD,GOOD,114.7837,147.7929,98.63481,0,0.9055,4/14/2018 17:36
14999,1020,FP9,TOP,4009168617,4/11/2018 7:09,1523430000,TWB_SM3,TWB_PCBA_SM3_TOP_FP,TWB_PCBA_TOP_FP9,1020,TWB_SM3,TWB_PCBA_PASTE_INSPECTION_TOP,PN-337126,00F0B9F4,00F0B9F4,PN-337126,00F0B9F4,P16,,PROCESS,PN-27795,00F0B9F4T-20180414124004,U5,1,M7,483,483,8.49,-8.77,127,GOOD,GOOD,104.9246,144.4722,92.23522,0,0.9055,4/14/2018 17:36
15001,1020,FP9,TOP,4009168617,4/11/2018 7:09,1523430000,TWB_SM3,TWB_PCBA_SM3_TOP_FP,TWB_PCBA_TOP_FP9,1020,TWB_SM3,TWB_PCBA_PASTE_INSPECTION_TOP,PN-337126,00F0B9F4,00F0B9F4,PN-337126,00F0B9F4,P16,,PROCESS,PN-27795,00F0B9F4T-20180414124004,U5,1,K13,483,483,0.69,3.51,127,GOOD,GOOD,118.0173,164.0699,91.35247,0,0.9055,4/14/2018 17:36
15005,1020,FP9,TOP,4009168617,4/11/2018 7:09,1523430000,TWB_SM3,TWB_PCBA_SM3_TOP_FP,TWB_PCBA_TOP_FP9,1020,TWB_SM3,TWB_PCBA_PASTE_INSPECTION_TOP,PN-337126,00F0B9F4,00F0B9F4,PN-337126,00F0B9F4,P16,,PROCESS,PN-27795,00F0B9F4T-20180414124004,U5,1,N6,483,483,-5.9,9.84,127,GOOD,GOOD,116.6065,150.3314,98.50919,0,0.9055,4/14/2018 17:36
15019,1020,FP9,TOP,4009168617,4/11/2018 7:09,1523430000,TWB_SM3,TWB_PCBA_SM3_TOP_FP,TWB_PCBA_TOP_FP9,1020,TWB_SM3,TWB_PCBA_PASTE_INSPECTION_TOP,PN-337126,00F0B9F4,00F0B9F4,PN-337126,00F0B9F4,P16,,PROCESS,PN-27795,00F0B9F4T-20180414124004,U5,1,E10,483,483,-0.07,-2.5,127,GOOD,GOOD,111.9771,149.4342,95.16624,0,0.9055,4/14/2018 17:36
15020,1020,FP9,TOP,4009168617,4/11/2018 7:09,1523430000,TWB_SM3,TWB_PCBA_SM3_TOP_FP,TWB_PCBA_TOP_FP9,1020,TWB_SM3,TWB_PCBA_PASTE_INSPECTION_TOP,PN-337126,00F0B9F4,00F0B9F4,PN-337126,00F0B9F4,P16,,PROCESS,PN-27795,00F0B9F4T-20180414124004,U5,1,M15,483,483,-1.29,4.12,127,GOOD,GOOD,117.5938,159.6478,93.54602,0,0.9055,4/14/2018 17:36
15205,1020,FP9,TOP,4009168617,4/11/2018 7:09,1523430000,TWB_SM3,TWB_PCBA_SM3_TOP_FP,TWB_PCBA_TOP_FP9,1020,TWB_SM3,TWB_PCBA_PASTE_INSPECTION_TOP,PN-337126,00F0B9F4,00F0B9F4,PN-337126,00F0B9F4,P16,,PROCESS,PN-27795,00F0B9F4T-20180414124004,U5,1,M3,483,483,11.55,4.37,127,GOOD,GOOD,110.196,152.7124,91.64211999999999,0,0.9055,4/14/2018 17:36
15408,1020,FP9,TOP,4009168617,4/11/2018 7:09,1523430000,TWB_SM3,TWB_PCBA_SM3_TOP_FP,TWB_PCBA_TOP_FP9,1020,TWB_SM3,TWB_PCBA_PASTE_INSPECTION_TOP,PN-337126,00F0B9F4,00F0B9F4,PN-337126,00F0B9F4,P16,,PROCESS,PN-27795,00F0B9F4T-20180414124004,U5,1,E7,483,483,0.49,-4.33,127,GOOD,GOOD,112.6484,152.8307,93.60916999999999,0,0.9055,4/14/2018 17:36
15410,1020,FP9,TOP,4009168617,4/11/2018 7:09,1523430000,TWB_SM3,TWB_PCBA_SM3_TOP_FP,TWB_PCBA_TOP_FP9,1020,TWB_SM3,TWB_PCBA_PASTE_INSPECTION_TOP,PN-337126,00F0B9F4,00F0B9F4,PN-337126,00F0B9F4,P16,,PROCESS,PN-27795,00F0B9F4T-20180414124004,U5,1,B13,483,483,2.7,-13.57,127,GOOD,GOOD,116.0712,151.0412,97.59614,0,0.9055,4/14/2018 17:36
15441,1020,FP9,TOP,4009168617,4/11/2018 7:09,1523430000,TWB_SM3,TWB_PCBA_SM3_TOP_FP,TWB_PCBA_TOP_FP9,1020,TWB_SM3,TWB_PCBA_PASTE_INSPECTION_TOP,PN-337126,00F0B9F4,00F0B9F4,PN-337126,00F0B9F4,P16,,PROCESS,PN-27795,00F0B9F4T-20180414124004,U5,1,A12,483,483,-0.21,6.21,127,GOOD,GOOD,110.1134,146.1395,95.69211,0,0.9055,4/14/2018 17:36
15452,1020,FP9,TOP,4009168617,4/11/2018 7:09,1523430000,TWB_SM3,TWB_PCBA_SM3_TOP_FP,TWB_PCBA_TOP_FP9,1020,TWB_SM3,TWB_PCBA_PASTE_INSPECTION_TOP,PN-337126,00F0B9F4,00F0B9F4,PN-337126,00F0B9F4,P16,,PROCESS,PN-27795,00F0B9F4T-20180414124004,U5,1,A6,483,483,7.87,-4.08,127,GOOD,GOOD,110.40799999999999,150.2794,93.30497,0,0.9055,4/14/2018 17:36
15453,1020,FP9,TOP,4009168617,4/11/2018 7:09,1523430000,TWB_SM3,TWB_PCBA_SM3_TOP_FP,TWB_PCBA_TOP_FP9,1020,TWB_SM3,TWB_PCBA_PASTE_INSPECTION_TOP,PN-337126,00F0B9F4,00F0B9F4,PN-337126,00F0B9F4,P16,,PROCESS,PN-27795,00F0B9F4T-20180414124004,U5,1,L10,483,483,8.82,-2.13,127,GOOD,GOOD,109.7154,147.3583,94.55762,0,0.9055,4/14/2018 17:36
15454,1020,FP9,TOP,4009168617,4/11/2018 7:09,1523430000,TWB_SM3,TWB_PCBA_SM3_TOP_FP,TWB_PCBA_TOP_FP9,1020,TWB_SM3,TWB_PCBA_PASTE_INSPECTION_TOP,PN-337126,00F0B9F4,00F0B9F4,PN-337126,00F0B9F4,P16,,PROCESS,PN-27795,00F0B9F4T-20180414124004,U5,1,T15,483,483,-7.96,2.8,127,GOOD,GOOD,124.7119,153.3083,103.3109,0,0.9055,4/14/2018 17:36
15894,1020,FP9,TOP,4009168617,4/11/2018 7:09,1523430000,TWB_SM3,TWB_PCBA_SM3_TOP_FP,TWB_PCBA_TOP_FP9,1020,TWB_SM3,TWB_PCBA_PASTE_INSPECTION_TOP,PN-337126,00F0B9F4,00F0B9F4,PN-337126,00F0B9F4,P16,,PROCESS,PN-27795,00F0B9F4T-20180414124004,U5,1,R3,483,483,-6.76,3.7,127,GOOD,GOOD,113.3576,158.2831,90.95363,0,0.9055,4/14/2018 17:36
15916,1020,FP9,TOP,4009168617,4/11/2018 7:09,1523430000,TWB_SM3,TWB_PCBA_SM3_TOP_FP,TWB_PCBA_TOP_FP9,1020,TWB_SM3,TWB_PCBA_PASTE_INSPECTION_TOP,PN-337126,00F0B9F4,00F0B9F4,PN-337126,00F0B9F4,P16,,PROCESS,PN-27795,00F0B9F4T-20180414124004,U5,1,R12,483,483,7.56,-0.86,127,GOOD,GOOD,110.2417,148.0686,94.55547,0,0.9055,4/14/2018 17:36
15921,1020,FP9,TOP,4009168617,4/11/2018 7:09,1523430000,TWB_SM3,TWB_PCBA_SM3_TOP_FP,TWB_PCBA_TOP_FP9,1020,TWB_SM3,TWB_PCBA_PASTE_INSPECTION_TOP,PN-337126,00F0B9F4,00F0B9F4,PN-337126,00F0B9F4,P16,,PROCESS,PN-27795,00F0B9F4T-20180414124004,U5,1,N10,483,483,-6.97,-3.31,127,GOOD,GOOD,112.0371,147.1811,96.67492,0,0.9055,4/14/2018 17:36
15955,1020,FP9,TOP,4009168617,4/11/2018 7:09,1523430000,TWB_SM3,TWB_PCBA_SM3_TOP_FP,TWB_PCBA_TOP_FP9,1020,TWB_SM3,TWB_PCBA_PASTE_INSPECTION_TOP,PN-337126,00F0B9F4,00F0B9F4,PN-337126,00F0B9F4,P16,,PROCESS,PN-27795,00F0B9F4T-20180414124004,U5,1,M9,483,483,4.14,-5.34,127,GOOD,GOOD,114.4713,148.9001,97.63493000000001,0,0.9055,4/14/2018 17:36
17315,1020,FP9,TOP,4009168617,4/11/2018 7:09,1523430000,TWB_SM3,TWB_PCBA_SM3_TOP_FP,TWB_PCBA_TOP_FP9,1020,TWB_SM3,TWB_PCBA_PASTE_INSPECTION_TOP,PN-337126,00F0B9F4,00F0B9F4,PN-337126,00F0B9F4,P16,,PROCESS,PN-27795,00F0B9F4T-20180414124004,U5,1,K14,483,483,4.14,5.22,127,GOOD,GOOD,115.3185,157.7905,92.8158,0,0.9055,4/14/2018 17:36
17328,1020,FP9,TOP,4009168617,4/11/2018 7:09,1523430000,TWB_SM3,TWB_PCBA_SM3_TOP_FP,TWB_PCBA_TOP_FP9,1020,TWB_SM3,TWB_PCBA_PASTE_INSPECTION_TOP,PN-337126,00F0B9F4,00F0B9F4,PN-337126,00F0B9F4,P16,,PROCESS,PN-27795,00F0B9F4T-20180414124004,U5,1,E2,483,483,2.25,-12.91,127,GOOD,GOOD,114.3165,144.0333,100.7975,0,0.9055,4/14/2018 17:36
17374,1020,FP9,TOP,4009168617,4/11/2018 7:09,1523430000,TWB_SM3,TWB_PCBA_SM3_TOP_FP,TWB_PCBA_TOP_FP9,1020,TWB_SM3,TWB_PCBA_PASTE_INSPECTION_TOP,PN-337126,00F0B9F4,00F0B9F4,PN-337126,00F0B9F4,P16,,PROCESS,PN-27795,00F0B9F4T-20180414124004,U5,1,H10,483,483,-5.21,-2.31,127,GOOD,GOOD,117.2399,147.4859,100.9552,0,0.9055,4/14/2018 17:36
17375,1020,FP9,TOP,4009168617,4/11/2018 7:09,1523430000,TWB_SM3,TWB_PCBA_SM3_TOP_FP,TWB_PCBA_TOP_FP9,1020,TWB_SM3,TWB_PCBA_PASTE_INSPECTION_TOP,PN-337126,00F0B9F4,00F0B9F4,PN-337126,00F0B9F4,P16,,PROCESS,PN-27795,00F0B9F4T-20180414124004,U5,1,P15,483,483,0.44,3.79,127,GOOD,GOOD,116.0545,152.7431,96.49486999999999,0,0.9055,4/14/2018 17:36
17388,1020,FP9,TOP,4009168617,4/11/2018 7:09,1523430000,TWB_SM3,TWB_PCBA_SM3_TOP_FP,TWB_PCBA_TOP_FP9,1020,TWB_SM3,TWB_PCBA_PASTE_INSPECTION_TOP,PN-337126,00F0B9F4,00F0B9F4,PN-337126,00F0B9F4,P16,,PROCESS,PN-27795,00F0B9F4T-20180414124004,U5,1,R8,483,483,10.64,12.28,127,GOOD,GOOD,118.87,152.1703,99.20789,0,0.9055,4/14/2018 17:36
17697,1020,FP9,TOP,4009168617,4/11/2018 7:09,1523430000,TWB_SM3,TWB_PCBA_SM3_TOP_FP,TWB_PCBA_TOP_FP9,1020,TWB_SM3,TWB_PCBA_PASTE_INSPECTION_TOP,PN-337126,00F0B9F4,00F0B9F4,PN-337126,00F0B9F4,P16,,PROCESS,PN-27795,00F0B9F4T-20180414124004,U5,1,M8,483,483,3.17,-7.06,127,GOOD,GOOD,113.3373,144.6841,99.48461999999999,0,0.9055,4/14/2018 17:36
18520,1020,FP9,TOP,4009168617,4/11/2018 7:09,1523430000,TWB_SM3,TWB_PCBA_SM3_TOP_FP,TWB_PCBA_TOP_FP9,1020,TWB_SM3,TWB_PCBA_PASTE_INSPECTION_TOP,PN-337126,00F0B9F4,00F0B9F4,PN-337126,00F0B9F4,P16,,PROCESS,PN-27795,00F0B9F4T-20180414124004,U5,1,C9,483,483,-0.43,0.08,127,GOOD,GOOD,106.7443,141.5099,95.7991,0,0.9055,4/14/2018 17:36
18530,1020,FP9,TOP,4009168617,4/11/2018 7:09,1523430000,TWB_SM3,TWB_PCBA_SM3_TOP_FP,TWB_PCBA_TOP_FP9,1020,TWB_SM3,TWB_PCBA_PASTE_INSPECTION_TOP,PN-337126,00F0B9F4,00F0B9F4,PN-337126,00F0B9F4,P16,,PROCESS,PN-27795,00F0B9F4T-20180414124004,U5,1,M5,483,483,10.53,-12.2,127,GOOD,GOOD,114.4585,160.1282,90.77866,0,0.9055,4/14/2018 17:36
19015,1020,FP9,TOP,4009168617,4/11/2018 7:09,1523430000,TWB_SM3,TWB_PCBA_SM3_TOP_FP,TWB_PCBA_TOP_FP9,1020,TWB_SM3,TWB_PCBA_PASTE_INSPECTION_TOP,PN-337126,00F0B9F4,00F0B9F4,PN-337126,00F0B9F4,P16,,PROCESS,PN-27795,00F0B9F4T-20180414124004,U5,1,P12,483,483,1.82,-1.36,127,GOOD,GOOD,112.5911,142.201,100.5554,0,0.9055,4/14/2018 17:36
19062,1020,FP9,TOP,4009168617,4/11/2018 7:09,1523430000,TWB_SM3,TWB_PCBA_SM3_TOP_FP,TWB_PCBA_TOP_FP9,1020,TWB_SM3,TWB_PCBA_PASTE_INSPECTION_TOP,PN-337126,00F0B9F4,00F0B9F4,PN-337126,00F0B9F4,P16,,PROCESS,PN-27795,00F0B9F4T-20180414124004,U5,1,G5,483,483,-0.89,-9.74,127,GOOD,GOOD,109.8915,148.4721,93.99895,0,0.9055,4/14/2018 17:36
19253,1020,FP9,TOP,4009168617,4/11/2018 7:09,1523430000,TWB_SM3,TWB_PCBA_SM3_TOP_FP,TWB_PCBA_TOP_FP9,1020,TWB_SM3,TWB_PCBA_PASTE_INSPECTION_TOP,PN-337126,00F0B9F4,00F0B9F4,PN-337126,00F0B9F4,P16,,PROCESS,PN-27795,00F0B9F4T-20180414124004,U5,1,G4,483,483,-1.39,-11.46,127,GOOD,GOOD,117.3623,149.651,99.59845,0,0.9055,4/14/2018 17:36
19936,1020,FP9,TOP,4009168617,4/11/2018 7:09,1523430000,TWB_SM3,TWB_PCBA_SM3_TOP_FP,TWB_PCBA_TOP_FP9,1020,TWB_SM3,TWB_PCBA_PASTE_INSPECTION_TOP,PN-337126,00F0B9F4,00F0B9F4,PN-337126,00F0B9F4,P16,,PROCESS,PN-27795,00F0B9F4T-20180414124004,U5,1,R4,483,483,-8.28,5.42,127,GOOD,GOOD,108.7255,150.7842,91.57549,0,0.9055,4/14/2018 17:36
19944,1020,FP9,TOP,4009168617,4/11/2018 7:09,1523430000,TWB_SM3,TWB_PCBA_SM3_TOP_FP,TWB_PCBA_TOP_FP9,1020,TWB_SM3,TWB_PCBA_PASTE_INSPECTION_TOP,PN-337126,00F0B9F4,00F0B9F4,PN-337126,00F0B9F4,P16,,PROCESS,PN-27795,00F0B9F4T-20180414124004,U5,1,F10,483,483,-1.78,0.32,127,GOOD,GOOD,105.0642,147.2648,90.60654,0,0.9055,4/14/2018 17:36
19945,1020,FP9,TOP,4009168617,4/11/2018 7:09,1523430000,TWB_SM3,TWB_PCBA_SM3_TOP_FP,TWB_PCBA_TOP_FP9,1020,TWB_SM3,TWB_PCBA_PASTE_INSPECTION_TOP,PN-337126,00F0B9F4,00F0B9F4,PN-337126,00F0B9F4,P16,,PROCESS,PN-27795,00F0B9F4T-20180414124004,U5,1,N15,483,483,8.78,5.27,127,GOOD,GOOD,106.3187,148.5102,90.91951999999999,0,0.9055,4/14/2018 17:36
19950,1020,FP9,TOP,4009168617,4/11/2018 7:09,1523430000,TWB_SM3,TWB_PCBA_SM3_TOP_FP,TWB_PCBA_TOP_FP9,1020,TWB_SM3,TWB_PCBA_PASTE_INSPECTION_TOP,PN-337126,00F0B9F4,00F0B9F4,PN-337126,00F0B9F4,P16,,PROCESS,PN-27795,00F0B9F4T-20180414124004,U5,1,F12,483,483,-3.82,3.75,127,GOOD,GOOD,105.9919,147.7146,91.12817,0,0.9055,4/14/2018 17:36
20001,1020,FP9,TOP,4009168617,4/11/2018 7:09,1523430000,TWB_SM3,TWB_PCBA_SM3_TOP_FP,TWB_PCBA_TOP_FP9,1020,TWB_SM3,TWB_PCBA_PASTE_INSPECTION_TOP,PN-337126,00F0B9F4,00F0B9F4,PN-337126,00F0B9F4,P16,,PROCESS,PN-27795,00F0B9F4T-20180414124004,U5,1,G15,483,483,-6.09,-12.59,127,GOOD,GOOD,108.073,148.5573,92.39044,0,0.9055,4/14/2018 17:36
20031,1020,FP9,TOP,4009168617,4/11/2018 7:09,1523430000,TWB_SM3,TWB_PCBA_SM3_TOP_FP,TWB_PCBA_TOP_FP9,1020,TWB_SM3,TWB_PCBA_PASTE_INSPECTION_TOP,PN-337126,00F0B9F4,00F0B9F4,PN-337126,00F0B9F4,P16,,PROCESS,PN-27795,00F0B9F4T-20180414124004,U5,1,P9,483,483,10.83,-6.5,127,GOOD,GOOD,116.7045,155.52200000000002,95.3015,0,0.9055,4/14/2018 17:36
20237,1020,FP9,TOP,4009168617,4/11/2018 7:09,1523430000,TWB_SM3,TWB_PCBA_SM3_TOP_FP,TWB_PCBA_TOP_FP9,1020,TWB_SM3,TWB_PCBA_PASTE_INSPECTION_TOP,PN-337126,00F0B9F4,00F0B9F4,PN-337126,00F0B9F4,P16,,PROCESS,PN-27795,00F0B9F4T-20180414124004,U5,1,F14,483,483,-9.83,-12.82,127,GOOD,GOOD,120.9778,166.7157,92.15798000000001,0,0.9055,4/14/2018 17:36
20246,1020,FP9,TOP,4009168617,4/11/2018 7:09,1523430000,TWB_SM3,TWB_PCBA_SM3_TOP_FP,TWB_PCBA_TOP_FP9,1020,TWB_SM3,TWB_PCBA_PASTE_INSPECTION_TOP,PN-337126,00F0B9F4,00F0B9F4,PN-337126,00F0B9F4,P16,,PROCESS,PN-27795,00F0B9F4T-20180414124004,U5,1,R1,483,483,-6.74,0.27,127,GOOD,GOOD,109.4387,152.6702,91.03749,0,0.9055,4/14/2018 17:36
20797,1020,FP9,TOP,4009168617,4/11/2018 7:09,1523430000,TWB_SM3,TWB_PCBA_SM3_TOP_FP,TWB_PCBA_TOP_FP9,1020,TWB_SM3,TWB_PCBA_PASTE_INSPECTION_TOP,PN-337126,00F0B9F4,00F0B9F4,PN-337126,00F0B9F4,P16,,PROCESS,PN-27795,00F0B9F4T-20180414124004,U5,1,R9,483,483,5.8,-6.01,127,GOOD,GOOD,111.6125,148.4173,95.50629,0,0.9055,4/14/2018 17:36
21030,1020,FP9,TOP,4009168617,4/11/2018 7:09,1523430000,TWB_SM3,TWB_PCBA_SM3_TOP_FP,TWB_PCBA_TOP_FP9,1020,TWB_SM3,TWB_PCBA_PASTE_INSPECTION_TOP,PN-337126,00F0B9F4,00F0B9F4,PN-337126,00F0B9F4,P16,,PROCESS,PN-27795,00F0B9F4T-20180414124004,U5,1,L14,483,483,-3.37,4.72,127,GOOD,GOOD,119.1638,154.3022,98.07898,0,0.9055,4/14/2018 17:36
21087,1020,FP9,TOP,4009168617,4/11/2018 7:09,1523430000,TWB_SM3,TWB_PCBA_SM3_TOP_FP,TWB_PCBA_TOP_FP9,1020,TWB_SM3,TWB_PCBA_PASTE_INSPECTION_TOP,PN-337126,00F0B9F4,00F0B9F4,PN-337126,00F0B9F4,P16,,PROCESS,PN-27795,00F0B9F4T-20180414124004,U5,1,F6,483,483,-0.71,-6.54,127,GOOD,GOOD,112.1864,146.702,97.1198,0,0.9055,4/14/2018 17:36
21107,1020,FP9,TOP,4009168617,4/11/2018 7:09,1523430000,TWB_SM3,TWB_PCBA_SM3_TOP_FP,TWB_PCBA_TOP_FP9,1020,TWB_SM3,TWB_PCBA_PASTE_INSPECTION_TOP,PN-337126,00F0B9F4,00F0B9F4,PN-337126,00F0B9F4,P16,,PROCESS,PN-27795,00F0B9F4T-20180414124004,U5,1,C16,483,483,-7.38,-7.92,127,GOOD,GOOD,113.8141,144.4133,100.0905,0,0.9055,4/14/2018 17:36
21229,1020,FP9,TOP,4009168617,4/11/2018 7:09,1523430000,TWB_SM3,TWB_PCBA_SM3_TOP_FP,TWB_PCBA_TOP_FP9,1020,TWB_SM3,TWB_PCBA_PASTE_INSPECTION_TOP,PN-337126,00F0B9F4,00F0B9F4,PN-337126,00F0B9F4,P16,,PROCESS,PN-27795,00F0B9F4T-20180414124004,U5,1,A10,483,483,3.48,2.78,127,GOOD,GOOD,109.6313,142.5128,97.69773,0,0.9055,4/14/2018 17:36
21231,1020,FP9,TOP,4009168617,4/11/2018 7:09,1523430000,TWB_SM3,TWB_PCBA_SM3_TOP_FP,TWB_PCBA_TOP_FP9,1020,TWB_SM3,TWB_PCBA_PASTE_INSPECTION_TOP,PN-337126,00F0B9F4,00F0B9F4,PN-337126,00F0B9F4,P16,,PROCESS,PN-27795,00F0B9F4T-20180414124004,U5,1,K10,483,483,-8.64,-1.64,127,GOOD,GOOD,114.5252,148.6575,97.84035,0,0.9055,4/14/2018 17:36
21521,1020,FP9,TOP,4009168617,4/11/2018 7:09,1523430000,TWB_SM3,TWB_PCBA_SM3_TOP_FP,TWB_PCBA_TOP_FP9,1020,TWB_SM3,TWB_PCBA_PASTE_INSPECTION_TOP,PN-337126,00F0B9F4,00F0B9F4,PN-337126,00F0B9F4,P16,,PROCESS,PN-27795,00F0B9F4T-20180414124004,U5,1,B2,483,483,8.23,-12.44,127,GOOD,GOOD,100.9654,139.5691,91.87276999999999,0,0.9055,4/14/2018 17:36
21551,1020,FP9,TOP,4009168617,4/11/2018 7:09,1523430000,TWB_SM3,TWB_PCBA_SM3_TOP_FP,TWB_PCBA_TOP_FP9,1020,TWB_SM3,TWB_PCBA_PASTE_INSPECTION_TOP,PN-337126,00F0B9F4,00F0B9F4,PN-337126,00F0B9F4,P16,,PROCESS,PN-27795,00F0B9F4T-20180414124004,U5,1,K2,483,483,-5.5,4.64,127,GOOD,GOOD,109.1861,144.2484,96.13029,0,0.9055,4/14/2018 17:36
21556,1020,FP9,TOP,4009168617,4/11/2018 7:09,1523430000,TWB_SM3,TWB_PCBA_SM3_TOP_FP,TWB_PCBA_TOP_FP9,1020,TWB_SM3,TWB_PCBA_PASTE_INSPECTION_TOP,PN-337126,00F0B9F4,00F0B9F4,PN-337126,00F0B9F4,P16,,PROCESS,PN-27795,00F0B9F4T-20180414124004,U5,1,N2,483,483,-3.83,2.97,127,GOOD,GOOD,112.4914,142.3274,100.3771,0,0.9055,4/14/2018 17:36
21679,1020,FP9,TOP,4009168617,4/11/2018 7:09,1523430000,TWB_SM3,TWB_PCBA_SM3_TOP_FP,TWB_PCBA_TOP_FP9,1020,TWB_SM3,TWB_PCBA_PASTE_INSPECTION_TOP,PN-337126,00F0B9F4,00F0B9F4,PN-337126,00F0B9F4,P16,,PROCESS,PN-27795,00F0B9F4T-20180414124004,U5,1,G1,483,483,0.17,3.4,127,GOOD,GOOD,111.8303,147.1069,96.54513,0,0.9055,4/14/2018 17:36
21718,1020,FP9,TOP,4009168617,4/11/2018 7:09,1523430000,TWB_SM3,TWB_PCBA_SM3_TOP_FP,TWB_PCBA_TOP_FP9,1020,TWB_SM3,TWB_PCBA_PASTE_INSPECTION_TOP,PN-337126,00F0B9F4,00F0B9F4,PN-337126,00F0B9F4,P16,,PROCESS,PN-27795,00F0B9F4T-20180414124004,U5,1,N12,483,483,-9.01,0.12,127,GOOD,GOOD,112.1723,158.1985,90.05066,0,0.9055,4/14/2018 17:36
21840,1020,FP9,TOP,4009168617,4/11/2018 7:09,1523430000,TWB_SM3,TWB_PCBA_SM3_TOP_FP,TWB_PCBA_TOP_FP9,1020,TWB_SM3,TWB_PCBA_PASTE_INSPECTION_TOP,PN-337126,00F0B9F4,00F0B9F4,PN-337126,00F0B9F4,P16,,PROCESS,PN-27795,00F0B9F4T-20180414124004,U5,1,D1,483,483,5.32,4.87,127,GOOD,GOOD,109.3706,156.0788,88.99396,0,0.9055,4/14/2018 17:36
22186,1020,FP9,TOP,4009168617,4/11/2018 7:09,1523430000,TWB_SM3,TWB_PCBA_SM3_TOP_FP,TWB_PCBA_TOP_FP9,1020,TWB_SM3,TWB_PCBA_PASTE_INSPECTION_TOP,PN-337126,00F0B9F4,00F0B9F4,PN-337126,00F0B9F4,P16,,PROCESS,PN-27795,00F0B9F4T-20180414124004,U5,1,M13,483,483,6.37,1.52,127,GOOD,GOOD,108.618,144.6533,95.36247,0,0.9055,4/14/2018 17:36
22320,1020,FP9,TOP,4009168617,4/11/2018 7:09,1523430000,TWB_SM3,TWB_PCBA_SM3_TOP_FP,TWB_PCBA_TOP_FP9,1020,TWB_SM3,TWB_PCBA_PASTE_INSPECTION_TOP,PN-337126,00F0B9F4,00F0B9F4,PN-337126,00F0B9F4,P16,,PROCESS,PN-27795,00F0B9F4T-20180414124004,U5,1,F9,483,483,-2.26,-1.39,127,GOOD,GOOD,113.0008,147.4334,97.33951,0,0.9055,4/14/2018 17:36
22416,1020,FP9,TOP,4009168617,4/11/2018 7:09,1523430000,TWB_SM3,TWB_PCBA_SM3_TOP_FP,TWB_PCBA_TOP_FP9,1020,TWB_SM3,TWB_PCBA_PASTE_INSPECTION_TOP,PN-337126,00F0B9F4,00F0B9F4,PN-337126,00F0B9F4,P16,,PROCESS,PN-27795,00F0B9F4T-20180414124004,U5,1,H4,483,483,-3.11,-10.95,127,GOOD,GOOD,116.5433,174.8963,84.62728,0,0.9055,4/14/2018 17:36
22482,1020,FP9,TOP,4009168617,4/11/2018 7:09,1523430000,TWB_SM3,TWB_PCBA_SM3_TOP_FP,TWB_PCBA_TOP_FP9,1020,TWB_SM3,TWB_PCBA_PASTE_INSPECTION_TOP,PN-337126,00F0B9F4,00F0B9F4,PN-337126,00F0B9F4,P16,,PROCESS,PN-27795,00F0B9F4T-20180414124004,U5,1,G12,483,483,-5.53,2.26,127,GOOD,GOOD,105.7402,141.8165,94.69291,0,0.9055,4/14/2018 17:36
22596,1020,FP9,TOP,4009168617,4/11/2018 7:09,1523430000,TWB_SM3,TWB_PCBA_SM3_TOP_FP,TWB_PCBA_TOP_FP9,1020,TWB_SM3,TWB_PCBA_PASTE_INSPECTION_TOP,PN-337126,00F0B9F4,00F0B9F4,PN-337126,00F0B9F4,P16,,PROCESS,PN-27795,00F0B9F4T-20180414124004,U5,1,H16,483,483,-9.33,-10.37,127,GOOD,GOOD,102.6948,141.5928,92.11089,0,0.9055,4/14/2018 17:36
22605,1020,FP9,TOP,4009168617,4/11/2018 7:09,1523430000,TWB_SM3,TWB_PCBA_SM3_TOP_FP,TWB_PCBA_TOP_FP9,1020,TWB_SM3,TWB_PCBA_PASTE_INSPECTION_TOP,PN-337126,00F0B9F4,00F0B9F4,PN-337126,00F0B9F4,P16,,PROCESS,PN-27795,00F0B9F4T-20180414124004,U5,1,N14,483,483,1.67,3.56,127,GOOD,GOOD,122.24700000000001,164.3061,94.49055,0,0.9055,4/14/2018 17:36
22665,1020,FP9,TOP,4009168617,4/11/2018 7:09,1523430000,TWB_SM3,TWB_PCBA_SM3_TOP_FP,TWB_PCBA_TOP_FP9,1020,TWB_SM3,TWB_PCBA_PASTE_INSPECTION_TOP,PN-337126,00F0B9F4,00F0B9F4,PN-337126,00F0B9F4,P16,,PROCESS,PN-27795,00F0B9F4T-20180414124004,U5,1,P8,483,483,-7.65,11.78,127,GOOD,GOOD,116.4083,157.6263,93.79053,0,0.9055,4/14/2018 17:36
22671,1020,FP9,TOP,4009168617,4/11/2018 7:09,1523430000,TWB_SM3,TWB_PCBA_SM3_TOP_FP,TWB_PCBA_TOP_FP9,1020,TWB_SM3,TWB_PCBA_PASTE_INSPECTION_TOP,PN-337126,00F0B9F4,00F0B9F4,PN-337126,00F0B9F4,P16,,PROCESS,PN-27795,00F0B9F4T-20180414124004,U5,1,F13,483,483,-3.34,5.47,127,GOOD,GOOD,124.5797,163.0508,97.03493,0,0.9055,4/14/2018 17:36
22792,1020,FP9,TOP,4009168617,4/11/2018 7:09,1523430000,TWB_SM3,TWB_PCBA_SM3_TOP_FP,TWB_PCBA_TOP_FP9,1020,TWB_SM3,TWB_PCBA_PASTE_INSPECTION_TOP,PN-337126,00F0B9F4,00F0B9F4,PN-337126,00F0B9F4,P16,,PROCESS,PN-27795,00F0B9F4T-20180414124004,U5,1,E12,483,483,-2.1,4.24,127,GOOD,GOOD,109.4919,148.6752,93.52917,0,0.9055,4/14/2018 17:36
22797,1020,FP9,TOP,4009168617,4/11/2018 7:09,1523430000,TWB_SM3,TWB_PCBA_SM3_TOP_FP,TWB_PCBA_TOP_FP9,1020,TWB_SM3,TWB_PCBA_PASTE_INSPECTION_TOP,PN-337126,00F0B9F4,00F0B9F4,PN-337126,00F0B9F4,P16,,PROCESS,PN-27795,00F0B9F4T-20180414124004,U5,1,H12,483,483,-8.91,2.77,127,GOOD,GOOD,116.2541,153.9242,95.91913000000001,0,0.9055,4/14/2018 17:36
22809,1020,FP9,TOP,4009168617,4/11/2018 7:09,1523430000,TWB_SM3,TWB_PCBA_SM3_TOP_FP,TWB_PCBA_TOP_FP9,1020,TWB_SM3,TWB_PCBA_PASTE_INSPECTION_TOP,PN-337126,00F0B9F4,00F0B9F4,PN-337126,00F0B9F4,P16,,PROCESS,PN-27795,00F0B9F4T-20180414124004,U5,1,A2,483,483,9.12,-10.94,127,GOOD,GOOD,110.2196,145.94299999999998,95.91343,0,0.9055,4/14/2018 17:36
22810,1020,FP9,TOP,4009168617,4/11/2018 7:09,1523430000,TWB_SM3,TWB_PCBA_SM3_TOP_FP,TWB_PCBA_TOP_FP9,1020,TWB_SM3,TWB_PCBA_PASTE_INSPECTION_TOP,PN-337126,00F0B9F4,00F0B9F4,PN-337126,00F0B9F4,P16,,PROCESS,PN-27795,00F0B9F4T-20180414124004,U5,1,T11,483,483,3.88,-4.06,127,GOOD,GOOD,116.8185,147.8672,100.333,0,0.9055,4/14/2018 17:36
22879,1020,FP9,TOP,4009168617,4/11/2018 7:09,1523430000,TWB_SM3,TWB_PCBA_SM3_TOP_FP,TWB_PCBA_TOP_FP9,1020,TWB_SM3,TWB_PCBA_PASTE_INSPECTION_TOP,PN-337126,00F0B9F4,00F0B9F4,PN-337126,00F0B9F4,P16,,PROCESS,PN-27795,00F0B9F4T-20180414124004,U5,1,T5,483,483,7.17,5.65,127,GOOD,GOOD,114.3072,140.0968,103.6213,0,0.9055,4/14/2018 17:36
22892,1020,FP9,TOP,4009168617,4/11/2018 7:09,1523430000,TWB_SM3,TWB_PCBA_SM3_TOP_FP,TWB_PCBA_TOP_FP9,1020,TWB_SM3,TWB_PCBA_PASTE_INSPECTION_TOP,PN-337126,00F0B9F4,00F0B9F4,PN-337126,00F0B9F4,P16,,PROCESS,PN-27795,00F0B9F4T-20180414124004,U5,1,G2,483,483,-0.35,5.11,127,GOOD,GOOD,114.6045,155.3213,93.70753,0,0.9055,4/14/2018 17:36
22905,1020,FP9,TOP,4009168617,4/11/2018 7:09,1523430000,TWB_SM3,TWB_PCBA_SM3_TOP_FP,TWB_PCBA_TOP_FP9,1020,TWB_SM3,TWB_PCBA_PASTE_INSPECTION_TOP,PN-337126,00F0B9F4,00F0B9F4,PN-337126,00F0B9F4,P16,,PROCESS,PN-27795,00F0B9F4T-20180414124004,U5,1,M1,483,483,-8.4,0.94,127,GOOD,GOOD,112.404,150.9646,94.56056,0,0.9055,4/14/2018 17:36
23261,1020,FP9,TOP,4009168617,4/11/2018 7:09,1523430000,TWB_SM3,TWB_PCBA_SM3_TOP_FP,TWB_PCBA_TOP_FP9,1020,TWB_SM3,TWB_PCBA_PASTE_INSPECTION_TOP,PN-337126,00F0B9F4,00F0B9F4,PN-337126,00F0B9F4,P16,,PROCESS,PN-27795,00F0B9F4T-20180414124004,U5,1,C10,483,483,-3.26,1.8,127,GOOD,GOOD,123.15700000000001,158.1904,98.87413000000001,0,0.9055,4/14/2018 17:36
23262,1020,FP9,TOP,4009168617,4/11/2018 7:09,1523430000,TWB_SM3,TWB_PCBA_SM3_TOP_FP,TWB_PCBA_TOP_FP9,1020,TWB_SM3,TWB_PCBA_PASTE_INSPECTION_TOP,PN-337126,00F0B9F4,00F0B9F4,PN-337126,00F0B9F4,P16,,PROCESS,PN-27795,00F0B9F4T-20180414124004,U5,1,K15,483,483,3.79,-13.07,127,GOOD,GOOD,111.4195,150.3069,94.14259,0,0.9055,4/14/2018 17:36
23397,1020,FP9,TOP,4009168617,4/11/2018 7:09,1523430000,TWB_SM3,TWB_PCBA_SM3_TOP_FP,TWB_PCBA_TOP_FP9,1020,TWB_SM3,TWB_PCBA_PASTE_INSPECTION_TOP,PN-337126,00F0B9F4,00F0B9F4,PN-337126,00F0B9F4,P16,,PROCESS,PN-27795,00F0B9F4T-20180414124004,U5,1,C13,483,483,1.81,4.46,127,GOOD,GOOD,124.4015,164.4555,96.06849,0,0.9055,4/14/2018 17:36
23594,1020,FP9,TOP,4009168617,4/11/2018 7:09,1523430000,TWB_SM3,TWB_PCBA_SM3_TOP_FP,TWB_PCBA_TOP_FP9,1020,TWB_SM3,TWB_PCBA_PASTE_INSPECTION_TOP,PN-337126,00F0B9F4,00F0B9F4,PN-337126,00F0B9F4,P16,,PROCESS,PN-27795,00F0B9F4T-20180414124004,U5,1,T9,483,483,7.4,-7.49,127,GOOD,GOOD,115.8675,152.1866,96.6916,0,0.9055,4/14/2018 17:36
23861,1020,FP9,TOP,4009168617,4/11/2018 7:09,1523430000,TWB_SM3,TWB_PCBA_SM3_TOP_FP,TWB_PCBA_TOP_FP9,1020,TWB_SM3,TWB_PCBA_PASTE_INSPECTION_TOP,PN-337126,00F0B9F4,00F0B9F4,PN-337126,00F0B9F4,P16,,PROCESS,PN-27795,00F0B9F4T-20180414124004,U5,1,A3,483,483,10.42,-9.23,127,GOOD,GOOD,109.9448,150.7645,92.61461,0,0.9055,4/14/2018 17:36
23862,1020,FP9,TOP,4009168617,4/11/2018 7:09,1523430000,TWB_SM3,TWB_PCBA_SM3_TOP_FP,TWB_PCBA_TOP_FP9,1020,TWB_SM3,TWB_PCBA_PASTE_INSPECTION_TOP,PN-337126,00F0B9F4,00F0B9F4,PN-337126,00F0B9F4,P16,,PROCESS,PN-27795,00F0B9F4T-20180414124004,U5,1,T12,483,483,-3.27,-2.34,127,GOOD,GOOD,119.9583,147.8935,103.0113,0,0.9055,4/14/2018 17:36
23874,1020,FP9,TOP,4009168617,4/11/2018 7:09,1523430000,TWB_SM3,TWB_PCBA_SM3_TOP_FP,TWB_PCBA_TOP_FP9,1020,TWB_SM3,TWB_PCBA_PASTE_INSPECTION_TOP,PN-337126,00F0B9F4,00F0B9F4,PN-337126,00F0B9F4,P16,,PROCESS,PN-27795,00F0B9F4T-20180414124004,U5,1,G8,483,483,-2.46,-4.6,127,GOOD,GOOD,107.0578,151.8293,89.55015,0,0.9055,4/14/2018 17:36
23886,1020,FP9,TOP,4009168617,4/11/2018 7:09,1523430000,TWB_SM3,TWB_PCBA_SM3_TOP_FP,TWB_PCBA_TOP_FP9,1020,TWB_SM3,TWB_PCBA_PASTE_INSPECTION_TOP,PN-337126,00F0B9F4,00F0B9F4,PN-337126,00F0B9F4,P16,,PROCESS,PN-27795,00F0B9F4T-20180414124004,U5,1,R6,483,483,10.67,8.85,127,GOOD,GOOD,116.2086,154.686,95.40938,0,0.9055,4/14/2018 17:36
23912,1020,FP9,TOP,4009168617,4/11/2018 7:09,1523430000,TWB_SM3,TWB_PCBA_SM3_TOP_FP,TWB_PCBA_TOP_FP9,1020,TWB_SM3,TWB_PCBA_PASTE_INSPECTION_TOP,PN-337126,00F0B9F4,00F0B9F4,PN-337126,00F0B9F4,P16,,PROCESS,PN-27795,00F0B9F4T-20180414124004,U5,1,D7,483,483,0.55,-4.84,127,GOOD,GOOD,119.1719,150.0406,100.8715,0,0.9055,4/14/2018 17:36
24281,1020,FP9,TOP,4009168617,4/11/2018 7:09,1523430000,TWB_SM3,TWB_PCBA_SM3_TOP_FP,TWB_PCBA_TOP_FP9,1020,TWB_SM3,TWB_PCBA_PASTE_INSPECTION_TOP,PN-337126,00F0B9F4,00F0B9F4,PN-337126,00F0B9F4,P16,,PROCESS,PN-27795,00F0B9F4T-20180414124004,U5,1,F2,483,483,1.36,6.6,127,GOOD,GOOD,120.9865,159.1544,96.54326999999999,0,0.9055,4/14/2018 17:36
24406,1020,FP9,TOP,4009168617,4/11/2018 7:09,1523430000,TWB_SM3,TWB_PCBA_SM3_TOP_FP,TWB_PCBA_TOP_FP9,1020,TWB_SM3,TWB_PCBA_PASTE_INSPECTION_TOP,PN-337126,00F0B9F4,00F0B9F4,PN-337126,00F0B9F4,P16,,PROCESS,PN-27795,00F0B9F4T-20180414124004,U5,1,P6,483,483,-7.61,8.35,127,GOOD,GOOD,113.79700000000001,155.5456,92.91301,0,0.9055,4/14/2018 17:36
24408,1020,FP9,TOP,4009168617,4/11/2018 7:09,1523430000,TWB_SM3,TWB_PCBA_SM3_TOP_FP,TWB_PCBA_TOP_FP9,1020,TWB_SM3,TWB_PCBA_PASTE_INSPECTION_TOP,PN-337126,00F0B9F4,00F0B9F4,PN-337126,00F0B9F4,P16,,PROCESS,PN-27795,00F0B9F4T-20180414124004,U5,1,R7,483,483,5.19,10.56,127,GOOD,GOOD,115.6729,144.1045,101.9431,0,0.9055,4/14/2018 17:36
24531,1020,FP9,TOP,4009168617,4/11/2018 7:09,1523430000,TWB_SM3,TWB_PCBA_SM3_TOP_FP,TWB_PCBA_TOP_FP9,1020,TWB_SM3,TWB_PCBA_PASTE_INSPECTION_TOP,PN-337126,00F0B9F4,00F0B9F4,PN-337126,00F0B9F4,P16,,PROCESS,PN-27795,00F0B9F4T-20180414124004,U5,1,F1,483,483,1.89,4.89,127,GOOD,GOOD,113.3367,153.7683,93.60682,0,0.9055,4/14/2018 17:36
24910,1020,FP9,TOP,4009168617,4/11/2018 7:09,1523430000,TWB_SM3,TWB_PCBA_SM3_TOP_FP,TWB_PCBA_TOP_FP9,1020,TWB_SM3,TWB_PCBA_PASTE_INSPECTION_TOP,PN-337126,00F0B9F4,00F0B9F4,PN-337126,00F0B9F4,P16,,PROCESS,PN-27795,00F0B9F4T-20180414124004,U5,1,A1,483,483,10.46,-12.66,127,GOOD,GOOD,110.2084,159.0215,88.0162,0,0.9055,4/14/2018 17:36
24911,1020,FP9,TOP,4009168617,4/11/2018 7:09,1523430000,TWB_SM3,TWB_PCBA_SM3_TOP_FP,TWB_PCBA_TOP_FP9,1020,TWB_SM3,TWB_PCBA_PASTE_INSPECTION_TOP,PN-337126,00F0B9F4,00F0B9F4,PN-337126,00F0B9F4,P16,,PROCESS,PN-27795,00F0B9F4T-20180414124004,U5,1,T10,483,483,1.26,-5.77,127,GOOD,GOOD,120.1721,147.1781,103.6965,0,0.9055,4/14/2018 17:36
24939,1020,FP9,TOP,4009168617,4/11/2018 7:09,1523430000,TWB_SM3,TWB_PCBA_SM3_TOP_FP,TWB_PCBA_TOP_FP9,1020,TWB_SM3,TWB_PCBA_PASTE_INSPECTION_TOP,PN-337126,00F0B9F4,00F0B9F4,PN-337126,00F0B9F4,P16,,PROCESS,PN-27795,00F0B9F4T-20180414124004,U5,1,M6,483,483,9.01,-10.49,127,GOOD,GOOD,101.4834,139.3859,92.46552,0,0.9055,4/14/2018 17:36
24963,1020,FP9,TOP,4009168617,4/11/2018 7:09,1523430000,TWB_SM3,TWB_PCBA_SM3_TOP_FP,TWB_PCBA_TOP_FP9,1020,TWB_SM3,TWB_PCBA_PASTE_INSPECTION_TOP,PN-337126,00F0B9F4,00F0B9F4,PN-337126,00F0B9F4,P16,,PROCESS,PN-27795,00F0B9F4T-20180414124004,U5,1,B14,483,483,-7.94,-11.86,127,GOOD,GOOD,120.406,157.5342,97.06824,0,0.9055,4/14/2018 17:36
25136,1020,FP9,TOP,4009168617,4/11/2018 7:09,1523430000,TWB_SM3,TWB_PCBA_SM3_TOP_FP,TWB_PCBA_TOP_FP9,1020,TWB_SM3,TWB_PCBA_PASTE_INSPECTION_TOP,PN-337126,00F0B9F4,00F0B9F4,PN-337126,00F0B9F4,P16,,PROCESS,PN-27795,00F0B9F4T-20180414124004,U5,1,P4,483,483,-6.57,4.92,127,GOOD,GOOD,102.9209,145.5896,89.7794,0,0.9055,4/14/2018 17:36
25344,1020,FP9,TOP,4009168617,4/11/2018 7:09,1523430000,TWB_SM3,TWB_PCBA_SM3_TOP_FP,TWB_PCBA_TOP_FP9,1020,TWB_SM3,TWB_PCBA_PASTE_INSPECTION_TOP,PN-337126,00F0B9F4,00F0B9F4,PN-337126,00F0B9F4,P16,,PROCESS,PN-27795,00F0B9F4T-20180414124004,U5,1,P13,483,483,-1.01,0.36,127,GOOD,GOOD,129.3213,160.6667,102.2229,0,0.9055,4/14/2018 17:36
25393,1020,FP9,TOP,4009168617,4/11/2018 7:09,1523430000,TWB_SM3,TWB_PCBA_SM3_TOP_FP,TWB_PCBA_TOP_FP9,1020,TWB_SM3,TWB_PCBA_PASTE_INSPECTION_TOP,PN-337126,00F0B9F4,00F0B9F4,PN-337126,00F0B9F4,P16,,PROCESS,PN-27795,00F0B9F4T-20180414124004,U5,1,J2,483,483,-3.78,4.13,127,GOOD,GOOD,112.8063,155.8038,91.95155,0,0.9055,4/14/2018 17:36
25394,1020,FP9,TOP,4009168617,4/11/2018 7:09,1523430000,TWB_SM3,TWB_PCBA_SM3_TOP_FP,TWB_PCBA_TOP_FP9,1020,TWB_SM3,TWB_PCBA_PASTE_INSPECTION_TOP,PN-337126,00F0B9F4,00F0B9F4,PN-337126,00F0B9F4,P16,,PROCESS,PN-27795,00F0B9F4T-20180414124004,U5,1,R14,483,483,6.52,2.57,127,GOOD,GOOD,106.9108,146.3786,92.75716,0,0.9055,4/14/2018 17:36
25560,1020,FP9,TOP,4009168617,4/11/2018 7:09,1523430000,TWB_SM3,TWB_PCBA_SM3_TOP_FP,TWB_PCBA_TOP_FP9,1020,TWB_SM3,TWB_PCBA_PASTE_INSPECTION_TOP,PN-337126,00F0B9F4,00F0B9F4,PN-337126,00F0B9F4,P16,,PROCESS,PN-27795,00F0B9F4T-20180414124004,U5,1,E3,483,483,3.56,-11.19,127,GOOD,GOOD,115.3649,147.8633,99.08707,0,0.9055,4/14/2018 17:36
25704,1020,FP9,TOP,4009168617,4/11/2018 7:09,1523430000,TWB_SM3,TWB_PCBA_SM3_TOP_FP,TWB_PCBA_TOP_FP9,1020,TWB_SM3,TWB_PCBA_PASTE_INSPECTION_TOP,PN-337126,00F0B9F4,00F0B9F4,PN-337126,00F0B9F4,P16,,PROCESS,PN-27795,00F0B9F4T-20180414124004,U5,1,E8,483,483,0.97,-2.62,127,GOOD,GOOD,110.3167,147.2545,95.14291,0,0.9055,4/14/2018 17:36
25741,1020,FP9,TOP,4009168617,4/11/2018 7:09,1523430000,TWB_SM3,TWB_PCBA_SM3_TOP_FP,TWB_PCBA_TOP_FP9,1020,TWB_SM3,TWB_PCBA_PASTE_INSPECTION_TOP,PN-337126,00F0B9F4,00F0B9F4,PN-337126,00F0B9F4,P16,,PROCESS,PN-27795,00F0B9F4T-20180414124004,U5,1,G10,483,483,-3.5,-1.17,127,GOOD,GOOD,108.8413,143.0114,96.65553,0,0.9055,4/14/2018 17:36
25745,1020,FP9,TOP,4009168617,4/11/2018 7:09,1523430000,TWB_SM3,TWB_PCBA_SM3_TOP_FP,TWB_PCBA_TOP_FP9,1020,TWB_SM3,TWB_PCBA_PASTE_INSPECTION_TOP,PN-337126,00F0B9F4,00F0B9F4,PN-337126,00F0B9F4,P16,,PROCESS,PN-27795,00F0B9F4T-20180414124004,U5,1,R10,483,483,9.6,-4.29,127,GOOD,GOOD,109.6264,144.6959,96.21938,0,0.9055,4/14/2018 17:36
25884,1020,FP9,TOP,4009168617,4/11/2018 7:09,1523430000,TWB_SM3,TWB_PCBA_SM3_TOP_FP,TWB_PCBA_TOP_FP9,1020,TWB_SM3,TWB_PCBA_PASTE_INSPECTION_TOP,PN-337126,00F0B9F4,00F0B9F4,PN-337126,00F0B9F4,P16,,PROCESS,PN-27795,00F0B9F4T-20180414124004,U5,1,M12,483,483,5.89,-0.2,127,GOOD,GOOD,106.3662,139.5586,96.79446999999999,0,0.9055,4/14/2018 17:36
25933,1020,FP9,TOP,4009168617,4/11/2018 7:09,1523430000,TWB_SM3,TWB_PCBA_SM3_TOP_FP,TWB_PCBA_TOP_FP9,1020,TWB_SM3,TWB_PCBA_PASTE_INSPECTION_TOP,PN-337126,00F0B9F4,00F0B9F4,PN-337126,00F0B9F4,P16,,PROCESS,PN-27795,00F0B9F4T-20180414124004,U5,1,R5,483,483,12.19,7.13,127,GOOD,GOOD,108.0545,144.2209,95.15211,0,0.9055,4/14/2018 17:36
25938,1020,FP9,TOP,4009168617,4/11/2018 7:09,1523430000,TWB_SM3,TWB_PCBA_SM3_TOP_FP,TWB_PCBA_TOP_FP9,1020,TWB_SM3,TWB_PCBA_PASTE_INSPECTION_TOP,PN-337126,00F0B9F4,00F0B9F4,PN-337126,00F0B9F4,P16,,PROCESS,PN-27795,00F0B9F4T-20180414124004,U5,1,P1,483,483,-5.02,-0.22,127,GOOD,GOOD,113.7893,153.668,94.04196,0,0.9055,4/14/2018 17:36
26236,1020,FP9,TOP,4009168617,4/11/2018 7:09,1523430000,TWB_SM3,TWB_PCBA_SM3_TOP_FP,TWB_PCBA_TOP_FP9,1020,TWB_SM3,TWB_PCBA_PASTE_INSPECTION_TOP,PN-337126,00F0B9F4,00F0B9F4,PN-337126,00F0B9F4,P16,,PROCESS,PN-27795,00F0B9F4T-20180414124004,U5,1,N8,483,483,-5.94,-6.73,127,GOOD,GOOD,119.8183,151.2938,100.5786,0,0.9055,4/14/2018 17:36
26708,1020,FP9,TOP,4009168617,4/11/2018 7:09,1523430000,TWB_SM3,TWB_PCBA_SM3_TOP_FP,TWB_PCBA_TOP_FP9,1020,TWB_SM3,TWB_PCBA_PASTE_INSPECTION_TOP,PN-337126,00F0B9F4,00F0B9F4,PN-337126,00F0B9F4,P16,,PROCESS,PN-27795,00F0B9F4T-20180414124004,U5,1,D3,483,483,5.27,-11.7,127,GOOD,GOOD,113.4634,151.7995,94.92689,0,0.9055,4/14/2018 17:36
27077,1020,FP9,TOP,4009168617,4/11/2018 7:09,1523430000,TWB_SM3,TWB_PCBA_SM3_TOP_FP,TWB_PCBA_TOP_FP9,1020,TWB_SM3,TWB_PCBA_PASTE_INSPECTION_TOP,PN-337126,00F0B9F4,00F0B9F4,PN-337126,00F0B9F4,P16,,PROCESS,PN-27795,00F0B9F4T-20180414124004,U5,1,F4,483,483,0.32,-9.97,127,GOOD,GOOD,117.65700000000001,152.2364,98.15287,0,0.9055,4/14/2018 17:36
27273,1020,FP9,TOP,4009168617,4/11/2018 7:09,1523430000,TWB_SM3,TWB_PCBA_SM3_TOP_FP,TWB_PCBA_TOP_FP9,1020,TWB_SM3,TWB_PCBA_PASTE_INSPECTION_TOP,PN-337126,00F0B9F4,00F0B9F4,PN-337126,00F0B9F4,P16,,PROCESS,PN-27795,00F0B9F4T-20180414124004,U5,1,J14,483,483,-10.0,4.71,127,GOOD,GOOD,124.8991,168.6441,94.05719,0,0.9055,4/14/2018 17:36
27274,1020,FP9,TOP,4009168617,4/11/2018 7:09,1523430000,TWB_SM3,TWB_PCBA_SM3_TOP_FP,TWB_PCBA_TOP_FP9,1020,TWB_SM3,TWB_PCBA_PASTE_INSPECTION_TOP,PN-337126,00F0B9F4,00F0B9F4,PN-337126,00F0B9F4,P16,,PROCESS,PN-27795,00F0B9F4T-20180414124004,U5,1,J7,483,483,-6.37,-7.3,127,GOOD,GOOD,110.5062,151.7744,92.46812,0,0.9055,4/14/2018 17:36
27355,1020,FP9,TOP,4009168617,4/11/2018 7:09,1523430000,TWB_SM3,TWB_PCBA_SM3_TOP_FP,TWB_PCBA_TOP_FP9,1020,TWB_SM3,TWB_PCBA_PASTE_INSPECTION_TOP,PN-337126,00F0B9F4,00F0B9F4,PN-337126,00F0B9F4,P16,,PROCESS,PN-27795,00F0B9F4T-20180414124004,U5,1,P10,483,483,6.34,-4.79,127,GOOD,GOOD,107.3527,141.925,96.06338000000001,0,0.9055,4/14/2018 17:36
27539,1020,FP9,TOP,4009168617,4/11/2018 7:09,1523430000,TWB_SM3,TWB_PCBA_SM3_TOP_FP,TWB_PCBA_TOP_FP9,1020,TWB_SM3,TWB_PCBA_PASTE_INSPECTION_TOP,PN-337126,00F0B9F4,00F0B9F4,PN-337126,00F0B9F4,P16,,PROCESS,PN-27795,00F0B9F4T-20180414124004,U5,1,E9,483,483,-3.86,-0.9,127,GOOD,GOOD,114.3479,148.641,97.69969,0,0.9055,4/14/2018 17:36
27684,1020,FP9,TOP,4009168617,4/11/2018 7:09,1523430000,TWB_SM3,TWB_PCBA_SM3_TOP_FP,TWB_PCBA_TOP_FP9,1020,TWB_SM3,TWB_PCBA_PASTE_INSPECTION_TOP,PN-337126,00F0B9F4,00F0B9F4,PN-337126,00F0B9F4,P16,,PROCESS,PN-27795,00F0B9F4T-20180414124004,U5,1,D6,483,483,2.72,-6.55,127,GOOD,GOOD,108.17299999999999,147.1283,93.37408,0,0.9055,4/14/2018 17:36
27702,1020,FP9,TOP,4009168617,4/11/2018 7:09,1523430000,TWB_SM3,TWB_PCBA_SM3_TOP_FP,TWB_PCBA_TOP_FP9,1020,TWB_SM3,TWB_PCBA_PASTE_INSPECTION_TOP,PN-337126,00F0B9F4,00F0B9F4,PN-337126,00F0B9F4,P16,,PROCESS,PN-27795,00F0B9F4T-20180414124004,U5,1,T2,483,483,10.2,0.51,127,GOOD,GOOD,121.3903,150.5943,102.3716,0,0.9055,4/14/2018 17:36
27932,1020,FP9,TOP,4009168617,4/11/2018 7:09,1523430000,TWB_SM3,TWB_PCBA_SM3_TOP_FP,TWB_PCBA_TOP_FP9,1020,TWB_SM3,TWB_PCBA_PASTE_INSPECTION_TOP,PN-337126,00F0B9F4,00F0B9F4,PN-337126,00F0B9F4,P16,,PROCESS,PN-27795,00F0B9F4T-20180414124004,U5,1,K3,483,483,-5.02,-13.65,127,GOOD,GOOD,111.5308,154.1694,91.8756,0,0.9055,4/14/2018 17:36
27969,1020,FP9,TOP,4009168617,4/11/2018 7:09,1523430000,TWB_SM3,TWB_PCBA_SM3_TOP_FP,TWB_PCBA_TOP_FP9,1020,TWB_SM3,TWB_PCBA_PASTE_INSPECTION_TOP,PN-337126,00F0B9F4,00F0B9F4,PN-337126,00F0B9F4,P16,,PROCESS,PN-27795,00F0B9F4T-20180414124004,U5,1,D14,483,483,-8.88,-12.83,127,GOOD,GOOD,115.4708,147.1555,99.65505,0,0.9055,4/14/2018 17:36
28241,1020,FP9,TOP,4009168617,4/11/2018 7:09,1523430000,TWB_SM3,TWB_PCBA_SM3_TOP_FP,TWB_PCBA_TOP_FP9,1020,TWB_SM3,TWB_PCBA_PASTE_INSPECTION_TOP,PN-337126,00F0B9F4,00F0B9F4,PN-337126,00F0B9F4,P16,,PROCESS,PN-27795,00F0B9F4T-20180414124004,U5,1,K1,483,483,-4.97,2.92,127,GOOD,GOOD,113.2746,149.8674,95.99073,0,0.9055,4/14/2018 17:36
28339,1020,FP9,TOP,4009168617,4/11/2018 7:09,1523430000,TWB_SM3,TWB_PCBA_SM3_TOP_FP,TWB_PCBA_TOP_FP9,1020,TWB_SM3,TWB_PCBA_PASTE_INSPECTION_TOP,PN-337126,00F0B9F4,00F0B9F4,PN-337126,00F0B9F4,P16,,PROCESS,PN-27795,00F0B9F4T-20180414124004,U5,1,C8,483,483,4.4,-1.63,127,GOOD,GOOD,112.6151,140.4424,101.8361,0,0.9055,4/14/2018 17:36
28519,1020,FP9,TOP,4009168617,4/11/2018 7:09,1523430000,TWB_SM3,TWB_PCBA_SM3_TOP_FP,TWB_PCBA_TOP_FP9,1020,TWB_SM3,TWB_PCBA_PASTE_INSPECTION_TOP,PN-337126,00F0B9F4,00F0B9F4,PN-337126,00F0B9F4,P16,,PROCESS,PN-27795,00F0B9F4T-20180414124004,U5,1,D8,483,483,2.69,-3.12,127,GOOD,GOOD,115.4618,156.8617,93.48138,0,0.9055,4/14/2018 17:36
28715,1020,FP9,TOP,4009168617,4/11/2018 7:09,1523430000,TWB_SM3,TWB_PCBA_SM3_TOP_FP,TWB_PCBA_TOP_FP9,1020,TWB_SM3,TWB_PCBA_PASTE_INSPECTION_TOP,PN-337126,00F0B9F4,00F0B9F4,PN-337126,00F0B9F4,P16,,PROCESS,PN-27795,00F0B9F4T-20180414124004,U5,1,T4,483,483,10.0,3.94,127,GOOD,GOOD,115.4668,139.8184,104.8809,0,0.9055,4/14/2018 17:36
28891,1020,FP9,TOP,4009168617,4/11/2018 7:09,1523430000,TWB_SM3,TWB_PCBA_SM3_TOP_FP,TWB_PCBA_TOP_FP9,1020,TWB_SM3,TWB_PCBA_PASTE_INSPECTION_TOP,PN-337126,00F0B9F4,00F0B9F4,PN-337126,00F0B9F4,P16,,PROCESS,PN-27795,00F0B9F4T-20180414124004,U5,1,K11,483,483,-10.16,0.07,127,GOOD,GOOD,104.7922,138.2532,96.26258,0,0.9055,4/14/2018 17:36
28904,1020,FP9,TOP,4009168617,4/11/2018 7:09,1523430000,TWB_SM3,TWB_PCBA_SM3_TOP_FP,TWB_PCBA_TOP_FP9,1020,TWB_SM3,TWB_PCBA_PASTE_INSPECTION_TOP,PN-337126,00F0B9F4,00F0B9F4,PN-337126,00F0B9F4,P16,,PROCESS,PN-27795,00F0B9F4T-20180414124004,U5,1,D9,483,483,1.17,-1.41,127,GOOD,GOOD,107.2464,147.2631,92.48953,0,0.9055,4/14/2018 17:36
28964,1020,FP9,TOP,4009168617,4/11/2018 7:09,1523430000,TWB_SM3,TWB_PCBA_SM3_TOP_FP,TWB_PCBA_TOP_FP9,1020,TWB_SM3,TWB_PCBA_PASTE_INSPECTION_TOP,PN-337126,00F0B9F4,00F0B9F4,PN-337126,00F0B9F4,P16,,PROCESS,PN-27795,00F0B9F4T-20180414124004,U5,1,C4,483,483,5.47,-8.49,127,GOOD,GOOD,118.6777,148.2716,101.6517,0,0.9055,4/14/2018 17:36
29086,1020,FP9,TOP,4009168617,4/11/2018 7:09,1523430000,TWB_SM3,TWB_PCBA_SM3_TOP_FP,TWB_PCBA_TOP_FP9,1020,TWB_SM3,TWB_PCBA_PASTE_INSPECTION_TOP,PN-337126,00F0B9F4,00F0B9F4,PN-337126,00F0B9F4,P16,,PROCESS,PN-27795,00F0B9F4T-20180414124004,U5,1,N11,483,483,-8.49,-1.59,127,GOOD,GOOD,114.5536,159.5126,91.20475,0,0.9055,4/14/2018 17:36
29345,1020,FP9,TOP,4009168617,4/11/2018 7:09,1523430000,TWB_SM3,TWB_PCBA_SM3_TOP_FP,TWB_PCBA_TOP_FP9,1020,TWB_SM3,TWB_PCBA_PASTE_INSPECTION_TOP,PN-337126,00F0B9F4,00F0B9F4,PN-337126,00F0B9F4,P16,,PROCESS,PN-27795,00F0B9F4T-20180414124004,U5,1,B6,483,483,6.16,-5.57,127,GOOD,GOOD,113.8293,148.7548,97.18222,0,0.9055,4/14/2018 17:36
29673,1020,FP9,TOP,4009168617,4/11/2018 7:09,1523430000,TWB_SM3,TWB_PCBA_SM3_TOP_FP,TWB_PCBA_TOP_FP9,1020,TWB_SM3,TWB_PCBA_PASTE_INSPECTION_TOP,PN-337126,00F0B9F4,00F0B9F4,PN-337126,00F0B9F4,P16,,PROCESS,PN-27795,00F0B9F4T-20180414124004,U5,1,D2,483,483,4.8,-13.41,127,GOOD,GOOD,112.1168,155.3363,91.66457,0,0.9055,4/14/2018 17:36
29676,1020,FP9,TOP,4009168617,4/11/2018 7:09,1523430000,TWB_SM3,TWB_PCBA_SM3_TOP_FP,TWB_PCBA_TOP_FP9,1020,TWB_SM3,TWB_PCBA_PASTE_INSPECTION_TOP,PN-337126,00F0B9F4,00F0B9F4,PN-337126,00F0B9F4,P16,,PROCESS,PN-27795,00F0B9F4T-20180414124004,U5,1,C3,483,483,6.99,-10.21,127,GOOD,GOOD,110.53,149.4096,93.95188,0,0.9055,4/14/2018 17:36
29991,1020,FP9,TOP,4009168617,4/11/2018 7:09,1523430000,TWB_SM3,TWB_PCBA_SM3_TOP_FP,TWB_PCBA_TOP_FP9,1020,TWB_SM3,TWB_PCBA_PASTE_INSPECTION_TOP,PN-337126,00F0B9F4,00F0B9F4,PN-337126,00F0B9F4,P16,,PROCESS,PN-27795,00F0B9F4T-20180414124004,U5,1,P2,483,483,-5.55,1.49,127,GOOD,GOOD,105.694,143.0562,93.83121,0,0.9055,4/14/2018 17:36
30021,1020,FP9,TOP,4009168617,4/11/2018 7:09,1523430000,TWB_SM3,TWB_PCBA_SM3_TOP_FP,TWB_PCBA_TOP_FP9,1020,TWB_SM3,TWB_PCBA_PASTE_INSPECTION_TOP,PN-337126,00F0B9F4,00F0B9F4,PN-337126,00F0B9F4,P16,,PROCESS,PN-27795,00F0B9F4T-20180414124004,U5,1,J13,483,483,-10.97,3.0,127,GOOD,GOOD,122.4595,162.7652,95.55091999999999,0,0.9055,4/14/2018 17:36
30022,1020,FP9,TOP,4009168617,4/11/2018 7:09,1523430000,TWB_SM3,TWB_PCBA_SM3_TOP_FP,TWB_PCBA_TOP_FP9,1020,TWB_SM3,TWB_PCBA_PASTE_INSPECTION_TOP,PN-337126,00F0B9F4,00F0B9F4,PN-337126,00F0B9F4,P16,,PROCESS,PN-27795,00F0B9F4T-20180414124004,U5,1,J6,483,483,-5.85,-9.01,127,GOOD,GOOD,116.0594,144.454,102.0362,0,0.9055,4/14/2018 17:36
30162,1020,FP9,TOP,4009168617,4/11/2018 7:09,1523430000,TWB_SM3,TWB_PCBA_SM3_TOP_FP,TWB_PCBA_TOP_FP9,1020,TWB_SM3,TWB_PCBA_PASTE_INSPECTION_TOP,PN-337126,00F0B9F4,00F0B9F4,PN-337126,00F0B9F4,P16,,PROCESS,PN-27795,00F0B9F4T-20180414124004,U5,1,B12,483,483,3.04,4.72,127,GOOD,GOOD,113.7462,150.3448,96.08429,0,0.9055,4/14/2018 17:36
30325,1020,FP9,TOP,4009168617,4/11/2018 7:09,1523430000,TWB_SM3,TWB_PCBA_SM3_TOP_FP,TWB_PCBA_TOP_FP9,1020,TWB_SM3,TWB_PCBA_PASTE_INSPECTION_TOP,PN-337126,00F0B9F4,00F0B9F4,PN-337126,00F0B9F4,P16,,PROCESS,PN-27795,00F0B9F4T-20180414124004,U5,1,B1,483,483,8.75,5.85,127,GOOD,GOOD,113.1408,160.1396,89.72723,0,0.9055,4/14/2018 17:36
30343,1020,FP9,TOP,4009168617,4/11/2018 7:09,1523430000,TWB_SM3,TWB_PCBA_SM3_TOP_FP,TWB_PCBA_TOP_FP9,1020,TWB_SM3,TWB_PCBA_PASTE_INSPECTION_TOP,PN-337126,00F0B9F4,00F0B9F4,PN-337126,00F0B9F4,P16,,PROCESS,PN-27795,00F0B9F4T-20180414124004,U5,1,A13,483,483,-2.22,-12.08,127,GOOD,GOOD,114.714,158.9275,91.66871,0,0.9055,4/14/2018 17:36
30347,1020,FP9,TOP,4009168617,4/11/2018 7:09,1523430000,TWB_SM3,TWB_PCBA_SM3_TOP_FP,TWB_PCBA_TOP_FP9,1020,TWB_SM3,TWB_PCBA_PASTE_INSPECTION_TOP,PN-337126,00F0B9F4,00F0B9F4,PN-337126,00F0B9F4,P16,,PROCESS,PN-27795,00F0B9F4T-20180414124004,U5,1,T3,483,483,11.53,2.22,127,GOOD,GOOD,111.9026,158.5692,89.62416,0,0.9055,4/14/2018 17:36
30368,1020,FP9,TOP,4009168617,4/11/2018 7:09,1523430000,TWB_SM3,TWB_PCBA_SM3_TOP_FP,TWB_PCBA_TOP_FP9,1020,TWB_SM3,TWB_PCBA_PASTE_INSPECTION_TOP,PN-337126,00F0B9F4,00F0B9F4,PN-337126,00F0B9F4,P16,,PROCESS,PN-27795,00F0B9F4T-20180414124004,U5,1,M4,483,483,10.03,-13.92,127,GOOD,GOOD,109.0285,145.8764,94.92023,0,0.9055,4/14/2018 17:36
30432,1020,FP9,TOP,4009168617,4/11/2018 7:09,1523430000,TWB_SM3,TWB_PCBA_SM3_TOP_FP,TWB_PCBA_TOP_FP9,1020,TWB_SM3,TWB_PCBA_PASTE_INSPECTION_TOP,PN-337126,00F0B9F4,00F0B9F4,PN-337126,00F0B9F4,P16,,PROCESS,PN-27795,00F0B9F4T-20180414124004,U5,1,C1,483,483,7.03,6.36,127,GOOD,GOOD,112.3704,150.2022,95.0122,0,0.9055,4/14/2018 17:36
30961,1020,FP9,TOP,4009168617,4/11/2018 7:09,1523430000,TWB_SM3,TWB_PCBA_SM3_TOP_FP,TWB_PCBA_TOP_FP9,1020,TWB_SM3,TWB_PCBA_PASTE_INSPECTION_TOP,PN-337126,00F0B9F4,00F0B9F4,PN-337126,00F0B9F4,P16,,PROCESS,PN-27795,00F0B9F4T-20180414124004,U5,1,R2,483,483,-7.26,1.99,127,GOOD,GOOD,117.9996,164.3045,91.20841,0,0.9055,4/14/2018 17:36
30989,1020,FP9,TOP,4009168617,4/11/2018 7:09,1523430000,TWB_SM3,TWB_PCBA_SM3_TOP_FP,TWB_PCBA_TOP_FP9,1020,TWB_SM3,TWB_PCBA_PASTE_INSPECTION_TOP,PN-337126,00F0B9F4,00F0B9F4,PN-337126,00F0B9F4,P16,,PROCESS,PN-27795,00F0B9F4T-20180414124004,U5,1,H9,483,483,-5.69,-2.38,127,GOOD,GOOD,114.1558,151.2547,95.85016,0,0.9055,4/14/2018 17:36
31007,1020,FP9,TOP,4009168617,4/11/2018 7:09,1523430000,TWB_SM3,TWB_PCBA_SM3_TOP_FP,TWB_PCBA_TOP_FP9,1020,TWB_SM3,TWB_PCBA_PASTE_INSPECTION_TOP,PN-337126,00F0B9F4,00F0B9F4,PN-337126,00F0B9F4,P16,,PROCESS,PN-27795,00F0B9F4T-20180414124004,U5,1,H8,483,483,-4.18,-4.09,127,GOOD,GOOD,110.969,146.0928,96.46651,0,0.9055,4/14/2018 17:36
31021,1020,FP9,TOP,4009168617,4/11/2018 7:09,1523430000,TWB_SM3,TWB_PCBA_SM3_TOP_FP,TWB_PCBA_TOP_FP9,1020,TWB_SM3,TWB_PCBA_PASTE_INSPECTION_TOP,PN-337126,00F0B9F4,00F0B9F4,PN-337126,00F0B9F4,P16,,PROCESS,PN-27795,00F0B9F4T-20180414124004,U5,1,H15,483,483,-9.47,-12.09,127,GOOD,GOOD,110.4671,142.4858,98.4612,0,0.9055,4/14/2018 17:36
31032,1020,FP9,TOP,4009168617,4/11/2018 7:09,1523430000,TWB_SM3,TWB_PCBA_SM3_TOP_FP,TWB_PCBA_TOP_FP9,1020,TWB_SM3,TWB_PCBA_PASTE_INSPECTION_TOP,PN-337126,00F0B9F4,00F0B9F4,PN-337126,00F0B9F4,P16,,PROCESS,PN-27795,00F0B9F4T-20180414124004,U5,1,C2,483,483,6.51,-11.93,127,GOOD,GOOD,118.7151,163.4727,92.22836,0,0.9055,4/14/2018 17:36
31223,1020,FP9,TOP,4009168617,4/11/2018 7:09,1523430000,TWB_SM3,TWB_PCBA_SM3_TOP_FP,TWB_PCBA_TOP_FP9,1020,TWB_SM3,TWB_PCBA_PASTE_INSPECTION_TOP,PN-337126,00F0B9F4,00F0B9F4,PN-337126,00F0B9F4,P16,,PROCESS,PN-27795,00F0B9F4T-20180414124004,U5,1,H1,483,483,-1.54,3.91,127,GOOD,GOOD,108.6108,142.3888,96.87263,0,0.9055,4/14/2018 17:36
31799,1020,FP9,TOP,4009168617,4/11/2018 7:09,1523430000,TWB_SM3,TWB_PCBA_SM3_TOP_FP,TWB_PCBA_TOP_FP9,1020,TWB_SM3,TWB_PCBA_PASTE_INSPECTION_TOP,PN-337126,00F0B9F4,00F0B9F4,PN-337126,00F0B9F4,P16,,PROCESS,PN-27795,00F0B9F4T-20180414124004,U5,1,F3,483,483,1.84,-11.68,127,GOOD,GOOD,112.7913,149.2767,95.9593,0,0.9055,4/14/2018 17:36
31836,1020,FP9,TOP,4009168617,4/11/2018 7:09,1523430000,TWB_SM3,TWB_PCBA_SM3_TOP_FP,TWB_PCBA_TOP_FP9,1020,TWB_SM3,TWB_PCBA_PASTE_INSPECTION_TOP,PN-337126,00F0B9F4,00F0B9F4,PN-337126,00F0B9F4,P16,,PROCESS,PN-27795,00F0B9F4T-20180414124004,U5,1,P3,483,483,-5.05,3.21,127,GOOD,GOOD,113.7707,140.22299999999998,103.0421,0,0.9055,4/14/2018 17:36
31902,1020,FP9,TOP,4009168617,4/11/2018 7:09,1523430000,TWB_SM3,TWB_PCBA_SM3_TOP_FP,TWB_PCBA_TOP_FP9,1020,TWB_SM3,TWB_PCBA_PASTE_INSPECTION_TOP,PN-337126,00F0B9F4,00F0B9F4,PN-337126,00F0B9F4,P16,,PROCESS,PN-27795,00F0B9F4T-20180414124004,U5,1,J12,483,483,-8.96,1.28,127,GOOD,GOOD,113.1114,144.1733,99.63808,0,0.9055,4/14/2018 17:36
31903,1020,FP9,TOP,4009168617,4/11/2018 7:09,1523430000,TWB_SM3,TWB_PCBA_SM3_TOP_FP,TWB_PCBA_TOP_FP9,1020,TWB_SM3,TWB_PCBA_PASTE_INSPECTION_TOP,PN-337126,00F0B9F4,00F0B9F4,PN-337126,00F0B9F4,P16,,PROCESS,PN-27795,00F0B9F4T-20180414124004,U5,1,J5,483,483,-4.33,-10.72,127,GOOD,GOOD,109.0877,144.5543,95.84037,0,0.9055,4/14/2018 17:36
32372,1020,FP9,TOP,4009168617,4/11/2018 7:09,1523430000,TWB_SM3,TWB_PCBA_SM3_TOP_FP,TWB_PCBA_TOP_FP9,1020,TWB_SM3,TWB_PCBA_PASTE_INSPECTION_TOP,PN-337126,00F0B9F4,00F0B9F4,PN-337126,00F0B9F4,P16,,PROCESS,PN-27795,00F0B9F4T-20180414124004,U5,1,N9,483,483,-7.45,-5.02,127,GOOD,GOOD,117.7485,170.36900000000003,87.7745,0,0.9055,4/14/2018 17:36
32590,1020,FP9,TOP,4009168617,4/11/2018 7:09,1523430000,TWB_SM3,TWB_PCBA_SM3_TOP_FP,TWB_PCBA_TOP_FP9,1020,TWB_SM3,TWB_PCBA_PASTE_INSPECTION_TOP,PN-337126,00F0B9F4,00F0B9F4,PN-337126,00F0B9F4,P16,,PROCESS,PN-27795,00F0B9F4T-20180414124004,U5,1,K8,483,483,-7.61,-5.07,127,GOOD,GOOD,108.4559,148.916,92.49446999999999,0,0.9055,4/14/2018 17:36
32597,1020,FP9,TOP,4009168617,4/11/2018 7:09,1523430000,TWB_SM3,TWB_PCBA_SM3_TOP_FP,TWB_PCBA_TOP_FP9,1020,TWB_SM3,TWB_PCBA_PASTE_INSPECTION_TOP,PN-337126,00F0B9F4,00F0B9F4,PN-337126,00F0B9F4,P16,,PROCESS,PN-27795,00F0B9F4T-20180414124004,U5,1,A5,483,483,5.25,-5.8,127,GOOD,GOOD,112.2771,140.5046,101.4856,0,0.9055,4/14/2018 17:36
32598,1020,FP9,TOP,4009168617,4/11/2018 7:09,1523430000,TWB_SM3,TWB_PCBA_SM3_TOP_FP,TWB_PCBA_TOP_FP9,1020,TWB_SM3,TWB_PCBA_PASTE_INSPECTION_TOP,PN-337126,00F0B9F4,00F0B9F4,PN-337126,00F0B9F4,P16,,PROCESS,PN-27795,00F0B9F4T-20180414124004,U5,1,T14,483,483,-0.99,1.09,127,GOOD,GOOD,116.5892,146.8149,100.8537,0,0.9055,4/14/2018 17:36
32610,1020,FP9,TOP,4009168617,4/11/2018 7:09,1523430000,TWB_SM3,TWB_PCBA_SM3_TOP_FP,TWB_PCBA_TOP_FP9,1020,TWB_SM3,TWB_PCBA_PASTE_INSPECTION_TOP,PN-337126,00F0B9F4,00F0B9F4,PN-337126,00F0B9F4,P16,,PROCESS,PN-27795,00F0B9F4T-20180414124004,U5,1,E16,483,483,-4.18,-8.9,127,GOOD,GOOD,111.1571,147.5097,95.70183,0,0.9055,4/14/2018 17:36
32745,1020,FP9,TOP,4009168617,4/11/2018 7:09,1523430000,TWB_SM3,TWB_PCBA_SM3_TOP_FP,TWB_PCBA_TOP_FP9,1020,TWB_SM3,TWB_PCBA_PASTE_INSPECTION_TOP,PN-337126,00F0B9F4,00F0B9F4,PN-337126,00F0B9F4,P16,,PROCESS,PN-27795,00F0B9F4T-20180414124004,U5,1,D5,483,483,4.25,-8.27,127,GOOD,GOOD,114.2225,156.2793,92.82269000000001,0,0.9055,4/14/2018 17:36
32842,1020,FP9,TOP,4009168617,4/11/2018 7:09,1523430000,TWB_SM3,TWB_PCBA_SM3_TOP_FP,TWB_PCBA_TOP_FP9,1020,TWB_SM3,TWB_PCBA_PASTE_INSPECTION_TOP,PN-337126,00F0B9F4,00F0B9F4,PN-337126,00F0B9F4,P16,,PROCESS,PN-27795,00F0B9F4T-20180414124004,U5,1,G3,483,483,0.13,-13.17,127,GOOD,GOOD,117.98200000000001,156.2387,95.90271,0,0.9055,4/14/2018 17:36
32931,1020,FP9,TOP,4009168617,4/11/2018 7:09,1523430000,TWB_SM3,TWB_PCBA_SM3_TOP_FP,TWB_PCBA_TOP_FP9,1020,TWB_SM3,TWB_PCBA_PASTE_INSPECTION_TOP,PN-337126,00F0B9F4,00F0B9F4,PN-337126,00F0B9F4,P16,,PROCESS,PN-27795,00F0B9F4T-20180414124004,U5,1,L5,483,483,-7.76,-10.71,127,GOOD,GOOD,114.1467,160.5447,90.29654000000001,0,0.9055,4/14/2018 17:36
33030,1020,FP9,TOP,4009168617,4/11/2018 7:09,1523430000,TWB_SM3,TWB_PCBA_SM3_TOP_FP,TWB_PCBA_TOP_FP9,1020,TWB_SM3,TWB_PCBA_PASTE_INSPECTION_TOP,PN-337126,00F0B9F4,00F0B9F4,PN-337126,00F0B9F4,P16,,PROCESS,PN-27795,00F0B9F4T-20180414124004,U5,1,L6,483,483,-9.28,-9.0,127,GOOD,GOOD,115.5367,151.1832,97.05544,0,0.9055,4/14/2018 17:36
