,plcng_plant_cd,mach_id,pcb_side_inspd,wo_num,defct_dttm,intrvl_key,plcng_area_cd,plcng_prcs_cd,plcng_wrk_ctr_cd,fndng_plant_cd,fndng_area_cd,fndng_prcs_cd,bld_part_no,bld_serial_no,barcd,assy_part_no,assy_serial_no,defct_cd,failed_test_code,fail_type,cmpnt_part_no,spi_test_id,ref_id,silkscrn_nbr,cmpntpin_nbr,cmpntpin_size_x_axis,cmpntpin_size_y_axis,solder_paste_offst_x_axis,solder_paste_offst_y_axis,pad_stncl_hgt,pad_spi_result,pad_spi_defct_type,solder_paste_vol_pct,solder_paste_hgt,solder_paste_area_pct,pkg_type,stncl_surf_area_ratio,extract_dttm
740,1020,FP9,TOP,4009126096,3/29/2018 0:26,1522282500,TWB_SM3,TWB_PCBA_SM3_TOP_FP,TWB_PCBA_TOP_FP9,1020,TWB_ICT4,TWB_PCBA_ICT,PN-337126,00F01806,00F01806,PN-337126,00F01806,M75,FAILED ANALOG POWERED TEST,PROCESS,PN-27795,00F01806T-20180329215217,U5,1,C7,483,483,4.72,-4.19,127,GOOD,GOOD,107.0059,142.7473,95.20141,0,0.9055,3/30/2018 3:10
1115,1020,FP9,TOP,4009126096,3/29/2018 0:26,1522282500,TWB_SM3,TWB_PCBA_SM3_TOP_FP,TWB_PCBA_TOP_FP9,1020,TWB_ICT4,TWB_PCBA_ICT,PN-337126,00F01806,00F01806,PN-337126,00F01806,M75,FAILED ANALOG POWERED TEST,PROCESS,PN-27795,00F01806T-20180329215217,U5,1,N5,483,483,-6.23,9.63,127,GOOD,GOOD,119.6549,149.9971,101.3098,0,0.9055,3/30/2018 3:10
1171,1020,FP9,TOP,4009126096,3/29/2018 0:26,1522282500,TWB_SM3,TWB_PCBA_SM3_TOP_FP,TWB_PCBA_TOP_FP9,1020,TWB_ICT4,TWB_PCBA_ICT,PN-337126,00F01806,00F01806,PN-337126,00F01806,M75,FAILED ANALOG POWERED TEST,PROCESS,PN-27795,00F01806T-20180329215217,U5,1,H12,483,483,-7.13,1.06,127,GOOD,GOOD,124.1222,164.7417,95.68628000000001,0,0.9055,3/30/2018 3:10
1256,1020,FP9,TOP,4009126096,3/29/2018 0:26,1522282500,TWB_SM3,TWB_PCBA_SM3_TOP_FP,TWB_PCBA_TOP_FP9,1020,TWB_ICT4,TWB_PCBA_ICT,PN-337126,00F01806,00F01806,PN-337126,00F01806,M75,FAILED ANALOG POWERED TEST,PROCESS,PN-27795,00F01806T-20180329215217,U5,1,C2,483,483,4.35,-12.26,127,GOOD,GOOD,111.7619,154.5634,91.83136999999999,0,0.9055,3/30/2018 3:10
1384,1020,FP9,TOP,4009126096,3/29/2018 0:26,1522282500,TWB_SM3,TWB_PCBA_SM3_TOP_FP,TWB_PCBA_TOP_FP9,1020,TWB_ICT4,TWB_PCBA_ICT,PN-337126,00F01806,00F01806,PN-337126,00F01806,M75,FAILED ANALOG POWERED TEST,PROCESS,PN-27795,00F01806T-20180329215217,U5,1,L3,483,483,-4.83,4.02,127,GOOD,GOOD,122.7039,155.2302,100.389,0,0.9055,3/30/2018 3:10
1823,1020,FP9,TOP,4009126096,3/29/2018 0:26,1522282500,TWB_SM3,TWB_PCBA_SM3_TOP_FP,TWB_PCBA_TOP_FP9,1020,TWB_ICT4,TWB_PCBA_ICT,PN-337126,00F01806,00F01806,PN-337126,00F01806,M75,FAILED ANALOG POWERED TEST,PROCESS,PN-27795,00F01806T-20180329215217,U5,1,F12,483,483,-3.08,2.18,127,GOOD,GOOD,107.6884,145.8099,93.79630999999999,0,0.9055,3/30/2018 3:10
2058,1020,FP9,TOP,4009126096,3/29/2018 0:26,1522282500,TWB_SM3,TWB_PCBA_SM3_TOP_FP,TWB_PCBA_TOP_FP9,1020,TWB_ICT4,TWB_PCBA_ICT,PN-337126,00F01806,00F01806,PN-337126,00F01806,M75,FAILED ANALOG POWERED TEST,PROCESS,PN-27795,00F01806T-20180329215217,U5,1,D16,483,483,-2.21,-11.24,127,GOOD,GOOD,104.2623,137.9206,96.00676,0,0.9055,3/30/2018 3:10
2222,1020,FP9,TOP,4009126096,3/29/2018 0:26,1522282500,TWB_SM3,TWB_PCBA_SM3_TOP_FP,TWB_PCBA_TOP_FP9,1020,TWB_ICT4,TWB_PCBA_ICT,PN-337126,00F01806,00F01806,PN-337126,00F01806,M75,FAILED ANALOG POWERED TEST,PROCESS,PN-27795,00F01806T-20180329215217,U5,1,F4,483,483,1.64,-10.72,127,GOOD,GOOD,112.3352,148.1916,96.27117,0,0.9055,3/30/2018 3:10
2343,1020,FP9,TOP,4009126096,3/29/2018 0:26,1522282500,TWB_SM3,TWB_PCBA_SM3_TOP_FP,TWB_PCBA_TOP_FP9,1020,TWB_ICT4,TWB_PCBA_ICT,PN-337126,00F01806,00F01806,PN-337126,00F01806,M75,FAILED ANALOG POWERED TEST,PROCESS,PN-27795,00F01806T-20180329215217,U5,1,F6,483,483,0.47,-7.5,127,GOOD,GOOD,104.2597,146.7744,90.21309000000001,0,0.9055,3/30/2018 3:10
2414,1020,FP9,TOP,4009126096,3/29/2018 0:26,1522282500,TWB_SM3,TWB_PCBA_SM3_TOP_FP,TWB_PCBA_TOP_FP9,1020,TWB_ICT4,TWB_PCBA_ICT,PN-337126,00F01806,00F01806,PN-337126,00F01806,M75,FAILED ANALOG POWERED TEST,PROCESS,PN-27795,00F01806T-20180329215217,U5,1,R11,483,483,0.2,-1.82,127,GOOD,GOOD,112.0083,146.9914,96.77476,0,0.9055,3/30/2018 3:10
2627,1020,FP9,TOP,4009126096,3/29/2018 0:26,1522282500,TWB_SM3,TWB_PCBA_SM3_TOP_FP,TWB_PCBA_TOP_FP9,1020,TWB_ICT4,TWB_PCBA_ICT,PN-337126,00F01806,00F01806,PN-337126,00F01806,M75,FAILED ANALOG POWERED TEST,PROCESS,PN-27795,00F01806T-20180329215217,U5,1,D1,483,483,6.65,4.57,127,GOOD,GOOD,105.8188,148.8134,90.30766,0,0.9055,3/30/2018 3:10
2665,1020,FP9,TOP,4009126096,3/29/2018 0:26,1522282500,TWB_SM3,TWB_PCBA_SM3_TOP_FP,TWB_PCBA_TOP_FP9,1020,TWB_ICT4,TWB_PCBA_ICT,PN-337126,00F01806,00F01806,PN-337126,00F01806,M75,FAILED ANALOG POWERED TEST,PROCESS,PN-27795,00F01806T-20180329215217,U5,1,B15,483,483,0.12,-11.72,127,GOOD,GOOD,104.2611,141.2815,93.72188,0,0.9055,3/30/2018 3:10
2682,1020,FP9,TOP,4009126096,3/29/2018 0:26,1522282500,TWB_SM3,TWB_PCBA_SM3_TOP_FP,TWB_PCBA_TOP_FP9,1020,TWB_ICT4,TWB_PCBA_ICT,PN-337126,00F01806,00F01806,PN-337126,00F01806,M75,FAILED ANALOG POWERED TEST,PROCESS,PN-27795,00F01806T-20180329215217,U5,1,B16,483,483,-5.61,-10.11,127,GOOD,GOOD,110.8003,148.6206,94.68159,0,0.9055,3/30/2018 3:10
2723,1020,FP9,TOP,4009126096,3/29/2018 0:26,1522282500,TWB_SM3,TWB_PCBA_SM3_TOP_FP,TWB_PCBA_TOP_FP9,1020,TWB_ICT4,TWB_PCBA_ICT,PN-337126,00F01806,00F01806,PN-337126,00F01806,M75,FAILED ANALOG POWERED TEST,PROCESS,PN-27795,00F01806T-20180329215217,U5,1,E14,483,483,-2.65,5.97,127,GOOD,GOOD,109.8191,146.8379,94.98253000000001,0,0.9055,3/30/2018 3:10
2770,1020,FP9,TOP,4009126096,3/29/2018 0:26,1522282500,TWB_SM3,TWB_PCBA_SM3_TOP_FP,TWB_PCBA_TOP_FP9,1020,TWB_ICT4,TWB_PCBA_ICT,PN-337126,00F01806,00F01806,PN-337126,00F01806,M75,FAILED ANALOG POWERED TEST,PROCESS,PN-27795,00F01806T-20180329215217,U5,1,N2,483,483,-5.46,4.79,127,GOOD,GOOD,114.5495,147.3428,98.73429,0,0.9055,3/30/2018 3:10
2789,1020,FP9,TOP,4009126096,3/29/2018 0:26,1522282500,TWB_SM3,TWB_PCBA_SM3_TOP_FP,TWB_PCBA_TOP_FP9,1020,TWB_ICT4,TWB_PCBA_ICT,PN-337126,00F01806,00F01806,PN-337126,00F01806,M75,FAILED ANALOG POWERED TEST,PROCESS,PN-27795,00F01806T-20180329215217,U5,1,D8,483,483,3.51,-4.14,127,GOOD,GOOD,108.1209,136.283,100.7562,0,0.9055,3/30/2018 3:10
2817,1020,FP9,TOP,4009126096,3/29/2018 0:26,1522282500,TWB_SM3,TWB_PCBA_SM3_TOP_FP,TWB_PCBA_TOP_FP9,1020,TWB_ICT4,TWB_PCBA_ICT,PN-337126,00F01806,00F01806,PN-337126,00F01806,M75,FAILED ANALOG POWERED TEST,PROCESS,PN-27795,00F01806T-20180329215217,U5,1,M11,483,483,4.52,-3.81,127,GOOD,GOOD,109.2227,142.3371,97.45375,0,0.9055,3/30/2018 3:10
3161,1020,FP9,TOP,4009126096,3/29/2018 0:26,1522282500,TWB_SM3,TWB_PCBA_SM3_TOP_FP,TWB_PCBA_TOP_FP9,1020,TWB_ICT4,TWB_PCBA_ICT,PN-337126,00F01806,00F01806,PN-337126,00F01806,M75,FAILED ANALOG POWERED TEST,PROCESS,PN-27795,00F01806T-20180329215217,U5,1,E8,483,483,1.9,-3.71,127,GOOD,GOOD,112.3329,146.5964,97.31665,0,0.9055,3/30/2018 3:10
3356,1020,FP9,TOP,4009126096,3/29/2018 0:26,1522282500,TWB_SM3,TWB_PCBA_SM3_TOP_FP,TWB_PCBA_TOP_FP9,1020,TWB_ICT4,TWB_PCBA_ICT,PN-337126,00F01806,00F01806,PN-337126,00F01806,M75,FAILED ANALOG POWERED TEST,PROCESS,PN-27795,00F01806T-20180329215217,U5,1,B11,483,483,3.97,1.82,127,GOOD,GOOD,104.62200000000001,146.4205,90.74538000000001,0,0.9055,3/30/2018 3:10
3357,1020,FP9,TOP,4009126096,3/29/2018 0:26,1522282500,TWB_SM3,TWB_PCBA_SM3_TOP_FP,TWB_PCBA_TOP_FP9,1020,TWB_ICT4,TWB_PCBA_ICT,PN-337126,00F01806,00F01806,PN-337126,00F01806,M75,FAILED ANALOG POWERED TEST,PROCESS,PN-27795,00F01806T-20180329215217,U5,1,J16,483,483,-10.28,-14.06,127,GOOD,GOOD,110.1525,145.8624,95.90799999999999,0,0.9055,3/30/2018 3:10
3358,1020,FP9,TOP,4009126096,3/29/2018 0:26,1522282500,TWB_SM3,TWB_PCBA_SM3_TOP_FP,TWB_PCBA_TOP_FP9,1020,TWB_ICT4,TWB_PCBA_ICT,PN-337126,00F01806,00F01806,PN-337126,00F01806,M75,FAILED ANALOG POWERED TEST,PROCESS,PN-27795,00F01806T-20180329215217,U5,1,J9,483,483,-6.14,-5.35,127,GOOD,GOOD,109.637,147.3762,94.47856,0,0.9055,3/30/2018 3:10
3804,1020,FP9,TOP,4009126096,3/29/2018 0:26,1522282500,TWB_SM3,TWB_PCBA_SM3_TOP_FP,TWB_PCBA_TOP_FP9,1020,TWB_ICT4,TWB_PCBA_ICT,PN-337126,00F01806,00F01806,PN-337126,00F01806,M75,FAILED ANALOG POWERED TEST,PROCESS,PN-27795,00F01806T-20180329215217,U5,1,K7,483,483,-9.06,-8.14,127,GOOD,GOOD,114.6171,150.80700000000002,96.52316,0,0.9055,3/30/2018 3:10
3817,1020,FP9,TOP,4009126096,3/29/2018 0:26,1522282500,TWB_SM3,TWB_PCBA_SM3_TOP_FP,TWB_PCBA_TOP_FP9,1020,TWB_ICT4,TWB_PCBA_ICT,PN-337126,00F01806,00F01806,PN-337126,00F01806,M75,FAILED ANALOG POWERED TEST,PROCESS,PN-27795,00F01806T-20180329215217,U5,1,E13,483,483,-1.06,4.36,127,GOOD,GOOD,104.6221,141.308,94.02871999999999,0,0.9055,3/30/2018 3:10
3924,1020,FP9,TOP,4009126096,3/29/2018 0:26,1522282500,TWB_SM3,TWB_PCBA_SM3_TOP_FP,TWB_PCBA_TOP_FP9,1020,TWB_ICT4,TWB_PCBA_ICT,PN-337126,00F01806,00F01806,PN-337126,00F01806,M75,FAILED ANALOG POWERED TEST,PROCESS,PN-27795,00F01806T-20180329215217,U5,1,P9,483,483,-0.31,-5.47,127,GOOD,GOOD,115.1525,145.2909,100.6558,0,0.9055,3/30/2018 3:10
4032,1020,FP9,TOP,4009126096,3/29/2018 0:26,1522282500,TWB_SM3,TWB_PCBA_SM3_TOP_FP,TWB_PCBA_TOP_FP9,1020,TWB_ICT4,TWB_PCBA_ICT,PN-337126,00F01806,00F01806,PN-337126,00F01806,M75,FAILED ANALOG POWERED TEST,PROCESS,PN-27795,00F01806T-20180329215217,U5,1,G13,483,483,-4.28,2.23,127,GOOD,GOOD,109.9802,148.9173,93.79361999999999,0,0.9055,3/30/2018 3:10
4062,1020,FP9,TOP,4009126096,3/29/2018 0:26,1522282500,TWB_SM3,TWB_PCBA_SM3_TOP_FP,TWB_PCBA_TOP_FP9,1020,TWB_ICT4,TWB_PCBA_ICT,PN-337126,00F01806,00F01806,PN-337126,00F01806,M75,FAILED ANALOG POWERED TEST,PROCESS,PN-27795,00F01806T-20180329215217,U5,1,G10,483,483,-2.51,-2.61,127,GOOD,GOOD,111.6324,146.7948,96.57915,0,0.9055,3/30/2018 3:10
4268,1020,FP9,TOP,4009126096,3/29/2018 0:26,1522282500,TWB_SM3,TWB_PCBA_SM3_TOP_FP,TWB_PCBA_TOP_FP9,1020,TWB_ICT4,TWB_PCBA_ICT,PN-337126,00F01806,00F01806,PN-337126,00F01806,M75,FAILED ANALOG POWERED TEST,PROCESS,PN-27795,00F01806T-20180329215217,U5,1,P13,483,483,7.43,0.98,127,GOOD,GOOD,108.485,154.7359,89.03941999999999,0,0.9055,3/30/2018 3:10
4450,1020,FP9,TOP,4009126096,3/29/2018 0:26,1522282500,TWB_SM3,TWB_PCBA_SM3_TOP_FP,TWB_PCBA_TOP_FP9,1020,TWB_ICT4,TWB_PCBA_ICT,PN-337126,00F01806,00F01806,PN-337126,00F01806,M75,FAILED ANALOG POWERED TEST,PROCESS,PN-27795,00F01806T-20180329215217,U5,1,R1,483,483,11.91,2.05,127,GOOD,GOOD,103.2055,141.3408,92.73399,0,0.9055,3/30/2018 3:10
4487,1020,FP9,TOP,4009126096,3/29/2018 0:26,1522282500,TWB_SM3,TWB_PCBA_SM3_TOP_FP,TWB_PCBA_TOP_FP9,1020,TWB_ICT4,TWB_PCBA_ICT,PN-337126,00F01806,00F01806,PN-337126,00F01806,M75,FAILED ANALOG POWERED TEST,PROCESS,PN-27795,00F01806T-20180329215217,U5,1,K11,483,483,-8.94,-1.68,127,GOOD,GOOD,105.3829,139.813,95.7252,0,0.9055,3/30/2018 3:10
4598,1020,FP9,TOP,4009126096,3/29/2018 0:26,1522282500,TWB_SM3,TWB_PCBA_SM3_TOP_FP,TWB_PCBA_TOP_FP9,1020,TWB_ICT4,TWB_PCBA_ICT,PN-337126,00F01806,00F01806,PN-337126,00F01806,M75,FAILED ANALOG POWERED TEST,PROCESS,PN-27795,00F01806T-20180329215217,U5,1,G7,483,483,-1.73,-7.45,127,GOOD,GOOD,111.8865,151.0131,94.09503000000001,0,0.9055,3/30/2018 3:10
4622,1020,FP9,TOP,4009126096,3/29/2018 0:26,1522282500,TWB_SM3,TWB_PCBA_SM3_TOP_FP,TWB_PCBA_TOP_FP9,1020,TWB_ICT4,TWB_PCBA_ICT,PN-337126,00F01806,00F01806,PN-337126,00F01806,M75,FAILED ANALOG POWERED TEST,PROCESS,PN-27795,00F01806T-20180329215217,U5,1,C3,483,483,8.07,-10.65,127,GOOD,GOOD,114.7525,152.9633,95.27494,0,0.9055,3/30/2018 3:10
4835,1020,FP9,TOP,4009126096,3/29/2018 0:26,1522282500,TWB_SM3,TWB_PCBA_SM3_TOP_FP,TWB_PCBA_TOP_FP9,1020,TWB_ICT4,TWB_PCBA_ICT,PN-337126,00F01806,00F01806,PN-337126,00F01806,M75,FAILED ANALOG POWERED TEST,PROCESS,PN-27795,00F01806T-20180329215217,U5,1,M8,483,483,3.98,-8.65,127,GOOD,GOOD,117.3131,157.8621,94.37836,0,0.9055,3/30/2018 3:10
4882,1020,FP9,TOP,4009126096,3/29/2018 0:26,1522282500,TWB_SM3,TWB_PCBA_SM3_TOP_FP,TWB_PCBA_TOP_FP9,1020,TWB_ICT4,TWB_PCBA_ICT,PN-337126,00F01806,00F01806,PN-337126,00F01806,M75,FAILED ANALOG POWERED TEST,PROCESS,PN-27795,00F01806T-20180329215217,U5,1,P2,483,483,-7.08,3.23,127,GOOD,GOOD,108.1988,145.5432,94.41358000000001,0,0.9055,3/30/2018 3:10
4885,1020,FP9,TOP,4009126096,3/29/2018 0:26,1522282500,TWB_SM3,TWB_PCBA_SM3_TOP_FP,TWB_PCBA_TOP_FP9,1020,TWB_ICT4,TWB_PCBA_ICT,PN-337126,00F01806,00F01806,PN-337126,00F01806,M75,FAILED ANALOG POWERED TEST,PROCESS,PN-27795,00F01806T-20180329215217,U5,1,B5,483,483,1.89,-7.86,127,GOOD,GOOD,115.5865,151.0144,97.20591,0,0.9055,3/30/2018 3:10
4940,1020,FP9,TOP,4009126096,3/29/2018 0:26,1522282500,TWB_SM3,TWB_PCBA_SM3_TOP_FP,TWB_PCBA_TOP_FP9,1020,TWB_ICT4,TWB_PCBA_ICT,PN-337126,00F01806,00F01806,PN-337126,00F01806,M75,FAILED ANALOG POWERED TEST,PROCESS,PN-27795,00F01806T-20180329215217,U5,1,G16,483,483,-7.05,-12.93,127,GOOD,GOOD,103.2563,140.5136,93.32582,0,0.9055,3/30/2018 3:10
5307,1020,FP9,TOP,4009126096,3/29/2018 0:26,1522282500,TWB_SM3,TWB_PCBA_SM3_TOP_FP,TWB_PCBA_TOP_FP9,1020,TWB_ICT4,TWB_PCBA_ICT,PN-337126,00F01806,00F01806,PN-337126,00F01806,M75,FAILED ANALOG POWERED TEST,PROCESS,PN-27795,00F01806T-20180329215217,U5,1,L6,483,483,-7.6,-10.32,127,GOOD,GOOD,114.3137,149.8146,96.90533,0,0.9055,3/30/2018 3:10
5834,1020,FP9,TOP,4009126096,3/29/2018 0:26,1522282500,TWB_SM3,TWB_PCBA_SM3_TOP_FP,TWB_PCBA_TOP_FP9,1020,TWB_ICT4,TWB_PCBA_ICT,PN-337126,00F01806,00F01806,PN-337126,00F01806,M75,FAILED ANALOG POWERED TEST,PROCESS,PN-27795,00F01806T-20180329215217,U5,1,C14,483,483,-1.91,-12.9,127,GOOD,GOOD,105.8178,140.576,95.59853000000001,0,0.9055,3/30/2018 3:10
5908,1020,FP9,TOP,4009126096,3/29/2018 0:26,1522282500,TWB_SM3,TWB_PCBA_SM3_TOP_FP,TWB_PCBA_TOP_FP9,1020,TWB_ICT4,TWB_PCBA_ICT,PN-337126,00F01806,00F01806,PN-337126,00F01806,M75,FAILED ANALOG POWERED TEST,PROCESS,PN-27795,00F01806T-20180329215217,U5,1,P3,483,483,-6.65,4.85,127,GOOD,GOOD,110.6006,144.9592,96.89816,0,0.9055,3/30/2018 3:10
6511,1020,FP9,TOP,4009126096,3/29/2018 0:26,1522282500,TWB_SM3,TWB_PCBA_SM3_TOP_FP,TWB_PCBA_TOP_FP9,1020,TWB_ICT4,TWB_PCBA_ICT,PN-337126,00F01806,00F01806,PN-337126,00F01806,M75,FAILED ANALOG POWERED TEST,PROCESS,PN-27795,00F01806T-20180329215217,U5,1,R12,483,483,2.92,-0.21,127,GOOD,GOOD,111.3739,146.4385,96.58991999999999,0,0.9055,3/30/2018 3:10
6529,1020,FP9,TOP,4009126096,3/29/2018 0:26,1522282500,TWB_SM3,TWB_PCBA_SM3_TOP_FP,TWB_PCBA_TOP_FP9,1020,TWB_ICT4,TWB_PCBA_ICT,PN-337126,00F01806,00F01806,PN-337126,00F01806,M75,FAILED ANALOG POWERED TEST,PROCESS,PN-27795,00F01806T-20180329215217,U5,1,N4,483,483,-6.63,8.02,127,GOOD,GOOD,118.2991,158.4473,94.82011,0,0.9055,3/30/2018 3:10
6554,1020,FP9,TOP,4009126096,3/29/2018 0:26,1522282500,TWB_SM3,TWB_PCBA_SM3_TOP_FP,TWB_PCBA_TOP_FP9,1020,TWB_ICT4,TWB_PCBA_ICT,PN-337126,00F01806,00F01806,PN-337126,00F01806,M75,FAILED ANALOG POWERED TEST,PROCESS,PN-27795,00F01806T-20180329215217,U5,1,C8,483,483,5.13,-2.58,127,GOOD,GOOD,109.5745,142.9364,97.35774,0,0.9055,3/30/2018 3:10
6793,1020,FP9,TOP,4009126096,3/29/2018 0:26,1522282500,TWB_SM3,TWB_PCBA_SM3_TOP_FP,TWB_PCBA_TOP_FP9,1020,TWB_ICT4,TWB_PCBA_ICT,PN-337126,00F01806,00F01806,PN-337126,00F01806,M75,FAILED ANALOG POWERED TEST,PROCESS,PN-27795,00F01806T-20180329215217,U5,1,H14,483,483,-10.8,4.28,127,GOOD,GOOD,114.3082,144.0695,100.7648,0,0.9055,3/30/2018 3:10
6958,1020,FP9,TOP,4009126096,3/29/2018 0:26,1522282500,TWB_SM3,TWB_PCBA_SM3_TOP_FP,TWB_PCBA_TOP_FP9,1020,TWB_ICT4,TWB_PCBA_ICT,PN-337126,00F01806,00F01806,PN-337126,00F01806,M75,FAILED ANALOG POWERED TEST,PROCESS,PN-27795,00F01806T-20180329215217,U5,1,A2,483,483,10.9,-11.13,127,GOOD,GOOD,103.9818,144.0575,91.66955,0,0.9055,3/30/2018 3:10
6959,1020,FP9,TOP,4009126096,3/29/2018 0:26,1522282500,TWB_SM3,TWB_PCBA_SM3_TOP_FP,TWB_PCBA_TOP_FP9,1020,TWB_ICT4,TWB_PCBA_ICT,PN-337126,00F01806,00F01806,PN-337126,00F01806,M75,FAILED ANALOG POWERED TEST,PROCESS,PN-27795,00F01806T-20180329215217,U5,1,T11,483,483,4.39,-3.38,127,GOOD,GOOD,112.6161,146.9966,97.29643,0,0.9055,3/30/2018 3:10
6975,1020,FP9,TOP,4009126096,3/29/2018 0:26,1522282500,TWB_SM3,TWB_PCBA_SM3_TOP_FP,TWB_PCBA_TOP_FP9,1020,TWB_ICT4,TWB_PCBA_ICT,PN-337126,00F01806,00F01806,PN-337126,00F01806,M75,FAILED ANALOG POWERED TEST,PROCESS,PN-27795,00F01806T-20180329215217,U5,1,H16,483,483,-8.67,-12.49,127,GOOD,GOOD,106.6914,145.9246,92.85481,0,0.9055,3/30/2018 3:10
7171,1020,FP9,TOP,4009126096,3/29/2018 0:26,1522282500,TWB_SM3,TWB_PCBA_SM3_TOP_FP,TWB_PCBA_TOP_FP9,1020,TWB_ICT4,TWB_PCBA_ICT,PN-337126,00F01806,00F01806,PN-337126,00F01806,M75,FAILED ANALOG POWERED TEST,PROCESS,PN-27795,00F01806T-20180329215217,U5,1,M4,483,483,-8.04,4.9,127,GOOD,GOOD,113.7161,151.4484,95.35883000000001,0,0.9055,3/30/2018 3:10
7172,1020,FP9,TOP,4009126096,3/29/2018 0:26,1522282500,TWB_SM3,TWB_PCBA_SM3_TOP_FP,TWB_PCBA_TOP_FP9,1020,TWB_ICT4,TWB_PCBA_ICT,PN-337126,00F01806,00F01806,PN-337126,00F01806,M75,FAILED ANALOG POWERED TEST,PROCESS,PN-27795,00F01806T-20180329215217,U5,1,L8,483,483,-7.78,-7.09,127,GOOD,GOOD,112.9997,142.6417,100.6084,0,0.9055,3/30/2018 3:10
7300,1020,FP9,TOP,4009126096,3/29/2018 0:26,1522282500,TWB_SM3,TWB_PCBA_SM3_TOP_FP,TWB_PCBA_TOP_FP9,1020,TWB_ICT4,TWB_PCBA_ICT,PN-337126,00F01806,00F01806,PN-337126,00F01806,M75,FAILED ANALOG POWERED TEST,PROCESS,PN-27795,00F01806T-20180329215217,U5,1,G14,483,483,-10.01,3.85,127,GOOD,GOOD,111.8098,148.681,95.50541,0,0.9055,3/30/2018 3:10
7333,1020,FP9,TOP,4009126096,3/29/2018 0:26,1522282500,TWB_SM3,TWB_PCBA_SM3_TOP_FP,TWB_PCBA_TOP_FP9,1020,TWB_ICT4,TWB_PCBA_ICT,PN-337126,00F01806,00F01806,PN-337126,00F01806,M75,FAILED ANALOG POWERED TEST,PROCESS,PN-27795,00F01806T-20180329215217,U5,1,B6,483,483,6.92,-6.24,127,GOOD,GOOD,110.8521,148.1603,95.0202,0,0.9055,3/30/2018 3:10
7566,1020,FP9,TOP,4009126096,3/29/2018 0:26,1522282500,TWB_SM3,TWB_PCBA_SM3_TOP_FP,TWB_PCBA_TOP_FP9,1020,TWB_ICT4,TWB_PCBA_ICT,PN-337126,00F01806,00F01806,PN-337126,00F01806,M75,FAILED ANALOG POWERED TEST,PROCESS,PN-27795,00F01806T-20180329215217,U5,1,R4,483,483,4.35,6.89,127,GOOD,GOOD,117.1887,145.1007,102.5699,0,0.9055,3/30/2018 3:10
7579,1020,FP9,TOP,4009126096,3/29/2018 0:26,1522282500,TWB_SM3,TWB_PCBA_SM3_TOP_FP,TWB_PCBA_TOP_FP9,1020,TWB_ICT4,TWB_PCBA_ICT,PN-337126,00F01806,00F01806,PN-337126,00F01806,M75,FAILED ANALOG POWERED TEST,PROCESS,PN-27795,00F01806T-20180329215217,U5,1,T1,483,483,10.29,0.49,127,GOOD,GOOD,112.5252,150.3595,95.04356,0,0.9055,3/30/2018 3:10
7968,1020,FP9,TOP,4009126096,3/29/2018 0:26,1522282500,TWB_SM3,TWB_PCBA_SM3_TOP_FP,TWB_PCBA_TOP_FP9,1020,TWB_ICT4,TWB_PCBA_ICT,PN-337126,00F01806,00F01806,PN-337126,00F01806,M75,FAILED ANALOG POWERED TEST,PROCESS,PN-27795,00F01806T-20180329215217,U5,1,B13,483,483,3.78,5.05,127,GOOD,GOOD,100.5695,132.4608,96.42345,0,0.9055,3/30/2018 3:10
8181,1020,FP9,TOP,4009126096,3/29/2018 0:26,1522282500,TWB_SM3,TWB_PCBA_SM3_TOP_FP,TWB_PCBA_TOP_FP9,1020,TWB_ICT4,TWB_PCBA_ICT,PN-337126,00F01806,00F01806,PN-337126,00F01806,M75,FAILED ANALOG POWERED TEST,PROCESS,PN-27795,00F01806T-20180329215217,U5,1,B3,483,483,2.23,-11.08,127,GOOD,GOOD,116.5405,151.0395,97.99186999999999,0,0.9055,3/30/2018 3:10
8194,1020,FP9,TOP,4009126096,3/29/2018 0:26,1522282500,TWB_SM3,TWB_PCBA_SM3_TOP_FP,TWB_PCBA_TOP_FP9,1020,TWB_ICT4,TWB_PCBA_ICT,PN-337126,00F01806,00F01806,PN-337126,00F01806,M75,FAILED ANALOG POWERED TEST,PROCESS,PN-27795,00F01806T-20180329215217,U5,1,G6,483,483,-1.15,-9.06,127,GOOD,GOOD,108.1115,145.3239,94.47971,0,0.9055,3/30/2018 3:10
8230,1020,FP9,TOP,4009126096,3/29/2018 0:26,1522282500,TWB_SM3,TWB_PCBA_SM3_TOP_FP,TWB_PCBA_TOP_FP9,1020,TWB_ICT4,TWB_PCBA_ICT,PN-337126,00F01806,00F01806,PN-337126,00F01806,M75,FAILED ANALOG POWERED TEST,PROCESS,PN-27795,00F01806T-20180329215217,U5,1,K12,483,483,-9.53,-0.07,127,GOOD,GOOD,105.2586,145.586,91.82086,0,0.9055,3/30/2018 3:10
8234,1020,FP9,TOP,4009126096,3/29/2018 0:26,1522282500,TWB_SM3,TWB_PCBA_SM3_TOP_FP,TWB_PCBA_TOP_FP9,1020,TWB_ICT4,TWB_PCBA_ICT,PN-337126,00F01806,00F01806,PN-337126,00F01806,M75,FAILED ANALOG POWERED TEST,PROCESS,PN-27795,00F01806T-20180329215217,U5,1,C9,483,483,-3.09,-0.97,127,GOOD,GOOD,114.315,141.6673,102.4796,0,0.9055,3/30/2018 3:10
8308,1020,FP9,TOP,4009126096,3/29/2018 0:26,1522282500,TWB_SM3,TWB_PCBA_SM3_TOP_FP,TWB_PCBA_TOP_FP9,1020,TWB_ICT4,TWB_PCBA_ICT,PN-337126,00F01806,00F01806,PN-337126,00F01806,M75,FAILED ANALOG POWERED TEST,PROCESS,PN-27795,00F01806T-20180329215217,U5,1,F13,483,483,-2.67,3.8,127,GOOD,GOOD,117.4605,164.5375,90.66311,0,0.9055,3/30/2018 3:10
8562,1020,FP9,TOP,4009126096,3/29/2018 0:26,1522282500,TWB_SM3,TWB_PCBA_SM3_TOP_FP,TWB_PCBA_TOP_FP9,1020,TWB_ICT4,TWB_PCBA_ICT,PN-337126,00F01806,00F01806,PN-337126,00F01806,M75,FAILED ANALOG POWERED TEST,PROCESS,PN-27795,00F01806T-20180329215217,U5,1,C12,483,483,1.76,3.87,127,GOOD,GOOD,105.8182,141.0952,95.24710999999999,0,0.9055,3/30/2018 3:10
8831,1020,FP9,TOP,4009126096,3/29/2018 0:26,1522282500,TWB_SM3,TWB_PCBA_SM3_TOP_FP,TWB_PCBA_TOP_FP9,1020,TWB_ICT4,TWB_PCBA_ICT,PN-337126,00F01806,00F01806,PN-337126,00F01806,M75,FAILED ANALOG POWERED TEST,PROCESS,PN-27795,00F01806T-20180329215217,U5,1,A1,483,483,-8.51,-12.75,127,GOOD,GOOD,104.5945,151.5611,87.64449,0,0.9055,3/30/2018 3:10
8832,1020,FP9,TOP,4009126096,3/29/2018 0:26,1522282500,TWB_SM3,TWB_PCBA_SM3_TOP_FP,TWB_PCBA_TOP_FP9,1020,TWB_ICT4,TWB_PCBA_ICT,PN-337126,00F01806,00F01806,PN-337126,00F01806,M75,FAILED ANALOG POWERED TEST,PROCESS,PN-27795,00F01806T-20180329215217,U5,1,T10,483,483,1.01,-4.99,127,GOOD,GOOD,108.3419,141.519,97.22669,0,0.9055,3/30/2018 3:10
9015,1020,FP9,TOP,4009126096,3/29/2018 0:26,1522282500,TWB_SM3,TWB_PCBA_SM3_TOP_FP,TWB_PCBA_TOP_FP9,1020,TWB_ICT4,TWB_PCBA_ICT,PN-337126,00F01806,00F01806,PN-337126,00F01806,M75,FAILED ANALOG POWERED TEST,PROCESS,PN-27795,00F01806T-20180329215217,U5,1,B10,483,483,-1.07,0.21,127,GOOD,GOOD,113.0245,147.0838,97.59135,0,0.9055,3/30/2018 3:10
9016,1020,FP9,TOP,4009126096,3/29/2018 0:26,1522282500,TWB_SM3,TWB_PCBA_SM3_TOP_FP,TWB_PCBA_TOP_FP9,1020,TWB_ICT4,TWB_PCBA_ICT,PN-337126,00F01806,00F01806,PN-337126,00F01806,M75,FAILED ANALOG POWERED TEST,PROCESS,PN-27795,00F01806T-20180329215217,U5,1,J15,483,483,-8.69,4.34,127,GOOD,GOOD,108.4375,144.0461,95.60525,0,0.9055,3/30/2018 3:10
9017,1020,FP9,TOP,4009126096,3/29/2018 0:26,1522282500,TWB_SM3,TWB_PCBA_SM3_TOP_FP,TWB_PCBA_TOP_FP9,1020,TWB_ICT4,TWB_PCBA_ICT,PN-337126,00F01806,00F01806,PN-337126,00F01806,M75,FAILED ANALOG POWERED TEST,PROCESS,PN-27795,00F01806T-20180329215217,U5,1,J8,483,483,-4.55,-6.96,127,GOOD,GOOD,115.4377,151.9587,96.47746,0,0.9055,3/30/2018 3:10
9365,1020,FP9,TOP,4009126096,3/29/2018 0:26,1522282500,TWB_SM3,TWB_PCBA_SM3_TOP_FP,TWB_PCBA_TOP_FP9,1020,TWB_ICT4,TWB_PCBA_ICT,PN-337126,00F01806,00F01806,PN-337126,00F01806,M75,FAILED ANALOG POWERED TEST,PROCESS,PN-27795,00F01806T-20180329215217,U5,1,A14,483,483,3.8,-11.78,127,GOOD,GOOD,107.9873,150.707,91.00036,0,0.9055,3/30/2018 3:10
9392,1020,FP9,TOP,4009126096,3/29/2018 0:26,1522282500,TWB_SM3,TWB_PCBA_SM3_TOP_FP,TWB_PCBA_TOP_FP9,1020,TWB_ICT4,TWB_PCBA_ICT,PN-337126,00F01806,00F01806,PN-337126,00F01806,M75,FAILED ANALOG POWERED TEST,PROCESS,PN-27795,00F01806T-20180329215217,U5,1,H5,483,483,-1.16,-10.24,127,GOOD,GOOD,115.9264,145.9515,100.8736,0,0.9055,3/30/2018 3:10
9532,1020,FP9,TOP,4009126096,3/29/2018 0:26,1522282500,TWB_SM3,TWB_PCBA_SM3_TOP_FP,TWB_PCBA_TOP_FP9,1020,TWB_ICT4,TWB_PCBA_ICT,PN-337126,00F01806,00F01806,PN-337126,00F01806,M75,FAILED ANALOG POWERED TEST,PROCESS,PN-27795,00F01806T-20180329215217,U5,1,P5,483,483,4.71,8.07,127,GOOD,GOOD,115.2723,147.4411,99.29108000000001,0,0.9055,3/30/2018 3:10
9681,1020,FP9,TOP,4009126096,3/29/2018 0:26,1522282500,TWB_SM3,TWB_PCBA_SM3_TOP_FP,TWB_PCBA_TOP_FP9,1020,TWB_ICT4,TWB_PCBA_ICT,PN-337126,00F01806,00F01806,PN-337126,00F01806,M75,FAILED ANALOG POWERED TEST,PROCESS,PN-27795,00F01806T-20180329215217,U5,1,P11,483,483,3.47,-2.25,127,GOOD,GOOD,111.8401,143.9062,98.70102,0,0.9055,3/30/2018 3:10
9689,1020,FP9,TOP,4009126096,3/29/2018 0:26,1522282500,TWB_SM3,TWB_PCBA_SM3_TOP_FP,TWB_PCBA_TOP_FP9,1020,TWB_ICT4,TWB_PCBA_ICT,PN-337126,00F01806,00F01806,PN-337126,00F01806,M75,FAILED ANALOG POWERED TEST,PROCESS,PN-27795,00F01806T-20180329215217,U5,1,E10,483,483,0.72,-0.48,127,GOOD,GOOD,110.1998,144.8668,96.60852,0,0.9055,3/30/2018 3:10
9690,1020,FP9,TOP,4009126096,3/29/2018 0:26,1522282500,TWB_SM3,TWB_PCBA_SM3_TOP_FP,TWB_PCBA_TOP_FP9,1020,TWB_ICT4,TWB_PCBA_ICT,PN-337126,00F01806,00F01806,PN-337126,00F01806,M75,FAILED ANALOG POWERED TEST,PROCESS,PN-27795,00F01806T-20180329215217,U5,1,M15,483,483,-2.64,2.64,127,GOOD,GOOD,112.9388,150.576,95.25569,0,0.9055,3/30/2018 3:10
9744,1020,FP9,TOP,4009126096,3/29/2018 0:26,1522282500,TWB_SM3,TWB_PCBA_SM3_TOP_FP,TWB_PCBA_TOP_FP9,1020,TWB_ICT4,TWB_PCBA_ICT,PN-337126,00F01806,00F01806,PN-337126,00F01806,M75,FAILED ANALOG POWERED TEST,PROCESS,PN-27795,00F01806T-20180329215217,U5,1,M3,483,483,-6.45,3.29,127,GOOD,GOOD,121.1387,154.22799999999998,99.75246,0,0.9055,3/30/2018 3:10
9758,1020,FP9,TOP,4009126096,3/29/2018 0:26,1522282500,TWB_SM3,TWB_PCBA_SM3_TOP_FP,TWB_PCBA_TOP_FP9,1020,TWB_ICT4,TWB_PCBA_ICT,PN-337126,00F01806,00F01806,PN-337126,00F01806,M75,FAILED ANALOG POWERED TEST,PROCESS,PN-27795,00F01806T-20180329215217,U5,1,F8,483,483,-3.03,-4.27,127,GOOD,GOOD,108.3568,139.7298,98.48515,0,0.9055,3/30/2018 3:10
9786,1020,FP9,TOP,4009126096,3/29/2018 0:26,1522282500,TWB_SM3,TWB_PCBA_SM3_TOP_FP,TWB_PCBA_TOP_FP9,1020,TWB_ICT4,TWB_PCBA_ICT,PN-337126,00F01806,00F01806,PN-337126,00F01806,M75,FAILED ANALOG POWERED TEST,PROCESS,PN-27795,00F01806T-20180329215217,U5,1,F15,483,483,-7.17,-12.98,127,GOOD,GOOD,107.40700000000001,139.8407,97.54443,0,0.9055,3/30/2018 3:10
10147,1020,FP9,TOP,4009126096,3/29/2018 0:26,1522282500,TWB_SM3,TWB_PCBA_SM3_TOP_FP,TWB_PCBA_TOP_FP9,1020,TWB_ICT4,TWB_PCBA_ICT,PN-337126,00F01806,00F01806,PN-337126,00F01806,M75,FAILED ANALOG POWERED TEST,PROCESS,PN-27795,00F01806T-20180329215217,U5,1,M13,483,483,1.85,-0.58,127,GOOD,GOOD,105.3161,147.2379,90.84042,0,0.9055,3/30/2018 3:10
10156,1020,FP9,TOP,4009126096,3/29/2018 0:26,1522282500,TWB_SM3,TWB_PCBA_SM3_TOP_FP,TWB_PCBA_TOP_FP9,1020,TWB_ICT4,TWB_PCBA_ICT,PN-337126,00F01806,00F01806,PN-337126,00F01806,M75,FAILED ANALOG POWERED TEST,PROCESS,PN-27795,00F01806T-20180329215217,U5,1,F1,483,483,3.42,4.44,127,GOOD,GOOD,103.4404,148.8714,88.24345,0,0.9055,3/30/2018 3:10
10163,1020,FP9,TOP,4009126096,3/29/2018 0:26,1522282500,TWB_SM3,TWB_PCBA_SM3_TOP_FP,TWB_PCBA_TOP_FP9,1020,TWB_ICT4,TWB_PCBA_ICT,PN-337126,00F01806,00F01806,PN-337126,00F01806,M75,FAILED ANALOG POWERED TEST,PROCESS,PN-27795,00F01806T-20180329215217,U5,1,R6,483,483,3.16,10.11,127,GOOD,GOOD,106.5294,148.3365,91.20631999999999,0,0.9055,3/30/2018 3:10
10326,1020,FP9,TOP,4009126096,3/29/2018 0:26,1522282500,TWB_SM3,TWB_PCBA_SM3_TOP_FP,TWB_PCBA_TOP_FP9,1020,TWB_ICT4,TWB_PCBA_ICT,PN-337126,00F01806,00F01806,PN-337126,00F01806,M75,FAILED ANALOG POWERED TEST,PROCESS,PN-27795,00F01806T-20180329215217,U5,1,G15,483,483,-5.47,5.46,127,GOOD,GOOD,106.854,141.3434,96.01057,0,0.9055,3/30/2018 3:10
10348,1020,FP9,TOP,4009126096,3/29/2018 0:26,1522282500,TWB_SM3,TWB_PCBA_SM3_TOP_FP,TWB_PCBA_TOP_FP9,1020,TWB_ICT4,TWB_PCBA_ICT,PN-337126,00F01806,00F01806,PN-337126,00F01806,M75,FAILED ANALOG POWERED TEST,PROCESS,PN-27795,00F01806T-20180329215217,U5,1,T6,483,483,-0.94,8.56,127,GOOD,GOOD,118.0905,147.2423,101.8559,0,0.9055,3/30/2018 3:10
10357,1020,FP9,TOP,4009126096,3/29/2018 0:26,1522282500,TWB_SM3,TWB_PCBA_SM3_TOP_FP,TWB_PCBA_TOP_FP9,1020,TWB_ICT4,TWB_PCBA_ICT,PN-337126,00F01806,00F01806,PN-337126,00F01806,M75,FAILED ANALOG POWERED TEST,PROCESS,PN-27795,00F01806T-20180329215217,U5,1,A13,483,483,5.4,6.61,127,GOOD,GOOD,99.34228,143.6297,87.84023,0,0.9055,3/30/2018 3:10
10635,1020,FP9,TOP,4009126096,3/29/2018 0:26,1522282500,TWB_SM3,TWB_PCBA_SM3_TOP_FP,TWB_PCBA_TOP_FP9,1020,TWB_ICT4,TWB_PCBA_ICT,PN-337126,00F01806,00F01806,PN-337126,00F01806,M75,FAILED ANALOG POWERED TEST,PROCESS,PN-27795,00F01806T-20180329215217,U5,1,K1,483,483,-3.03,2.19,127,GOOD,GOOD,110.9806,148.545,94.88391,0,0.9055,3/30/2018 3:10
10859,1020,FP9,TOP,4009126096,3/29/2018 0:26,1522282500,TWB_SM3,TWB_PCBA_SM3_TOP_FP,TWB_PCBA_TOP_FP9,1020,TWB_ICT4,TWB_PCBA_ICT,PN-337126,00F01806,00F01806,PN-337126,00F01806,M75,FAILED ANALOG POWERED TEST,PROCESS,PN-27795,00F01806T-20180329215217,U5,1,B4,483,483,8.09,-9.47,127,GOOD,GOOD,109.4054,141.4533,98.2267,0,0.9055,3/30/2018 3:10
10877,1020,FP9,TOP,4009126096,3/29/2018 0:26,1522282500,TWB_SM3,TWB_PCBA_SM3_TOP_FP,TWB_PCBA_TOP_FP9,1020,TWB_ICT4,TWB_PCBA_ICT,PN-337126,00F01806,00F01806,PN-337126,00F01806,M75,FAILED ANALOG POWERED TEST,PROCESS,PN-27795,00F01806T-20180329215217,U5,1,P4,483,483,-8.24,6.46,127,GOOD,GOOD,104.6141,140.9386,94.26801,0,0.9055,3/30/2018 3:10
10894,1020,FP9,TOP,4009126096,3/29/2018 0:26,1522282500,TWB_SM3,TWB_PCBA_SM3_TOP_FP,TWB_PCBA_TOP_FP9,1020,TWB_ICT4,TWB_PCBA_ICT,PN-337126,00F01806,00F01806,PN-337126,00F01806,M75,FAILED ANALOG POWERED TEST,PROCESS,PN-27795,00F01806T-20180329215217,U5,1,B8,483,483,6.74,-3.02,127,GOOD,GOOD,107.4031,143.0759,95.33539,0,0.9055,3/30/2018 3:10
11213,1020,FP9,TOP,4009126096,3/29/2018 0:26,1522282500,TWB_SM3,TWB_PCBA_SM3_TOP_FP,TWB_PCBA_TOP_FP9,1020,TWB_ICT4,TWB_PCBA_ICT,PN-337126,00F01806,00F01806,PN-337126,00F01806,M75,FAILED ANALOG POWERED TEST,PROCESS,PN-27795,00F01806T-20180329215217,U5,1,L4,483,483,-6.43,-13.54,127,GOOD,GOOD,120.7988,157.4053,97.46464,0,0.9055,3/30/2018 3:10
11258,1020,FP9,TOP,4009126096,3/29/2018 0:26,1522282500,TWB_SM3,TWB_PCBA_SM3_TOP_FP,TWB_PCBA_TOP_FP9,1020,TWB_ICT4,TWB_PCBA_ICT,PN-337126,00F01806,00F01806,PN-337126,00F01806,M75,FAILED ANALOG POWERED TEST,PROCESS,PN-27795,00F01806T-20180329215217,U5,1,N11,483,483,9.23,-0.69,127,GOOD,GOOD,117.691,160.1276,93.34279000000001,0,0.9055,3/30/2018 3:10
11445,1020,FP9,TOP,4009126096,3/29/2018 0:26,1522282500,TWB_SM3,TWB_PCBA_SM3_TOP_FP,TWB_PCBA_TOP_FP9,1020,TWB_ICT4,TWB_PCBA_ICT,PN-337126,00F01806,00F01806,PN-337126,00F01806,M75,FAILED ANALOG POWERED TEST,PROCESS,PN-27795,00F01806T-20180329215217,U5,1,D14,483,483,-1.03,5.54,127,GOOD,GOOD,109.6381,142.3564,97.8111,0,0.9055,3/30/2018 3:10
11528,1020,FP9,TOP,4009126096,3/29/2018 0:26,1522282500,TWB_SM3,TWB_PCBA_SM3_TOP_FP,TWB_PCBA_TOP_FP9,1020,TWB_ICT4,TWB_PCBA_ICT,PN-337126,00F01806,00F01806,PN-337126,00F01806,M75,FAILED ANALOG POWERED TEST,PROCESS,PN-27795,00F01806T-20180329215217,U5,1,B1,483,483,9.88,5.69,127,GOOD,GOOD,106.2222,148.0056,91.1467,0,0.9055,3/30/2018 3:10
11604,1020,FP9,TOP,4009126096,3/29/2018 0:26,1522282500,TWB_SM3,TWB_PCBA_SM3_TOP_FP,TWB_PCBA_TOP_FP9,1020,TWB_ICT4,TWB_PCBA_ICT,PN-337126,00F01806,00F01806,PN-337126,00F01806,M75,FAILED ANALOG POWERED TEST,PROCESS,PN-27795,00F01806T-20180329215217,U5,1,F5,483,483,2.06,-9.11,127,GOOD,GOOD,108.9104,147.1205,94.01559,0,0.9055,3/30/2018 3:10
11934,1020,FP9,TOP,4009126096,3/29/2018 0:26,1522282500,TWB_SM3,TWB_PCBA_SM3_TOP_FP,TWB_PCBA_TOP_FP9,1020,TWB_ICT4,TWB_PCBA_ICT,PN-337126,00F01806,00F01806,PN-337126,00F01806,M75,FAILED ANALOG POWERED TEST,PROCESS,PN-27795,00F01806T-20180329215217,U5,1,D11,483,483,0.74,0.7,127,GOOD,GOOD,112.6198,148.3662,96.40143,0,0.9055,3/30/2018 3:10
11935,1020,FP9,TOP,4009126096,3/29/2018 0:26,1522282500,TWB_SM3,TWB_PCBA_SM3_TOP_FP,TWB_PCBA_TOP_FP9,1020,TWB_ICT4,TWB_PCBA_ICT,PN-337126,00F01806,00F01806,PN-337126,00F01806,M75,FAILED ANALOG POWERED TEST,PROCESS,PN-27795,00F01806T-20180329215217,U5,1,L16,483,483,6.49,5.82,127,GOOD,GOOD,103.4632,142.4325,92.25301,0,0.9055,3/30/2018 3:10
11938,1020,FP9,TOP,4009126096,3/29/2018 0:26,1522282500,TWB_SM3,TWB_PCBA_SM3_TOP_FP,TWB_PCBA_TOP_FP9,1020,TWB_ICT4,TWB_PCBA_ICT,PN-337126,00F01806,00F01806,PN-337126,00F01806,M75,FAILED ANALOG POWERED TEST,PROCESS,PN-27795,00F01806T-20180329215217,U5,1,R8,483,483,8.77,-6.66,127,GOOD,GOOD,110.3887,142.6747,98.26103,0,0.9055,3/30/2018 3:10
11987,1020,FP9,TOP,4009126096,3/29/2018 0:26,1522282500,TWB_SM3,TWB_PCBA_SM3_TOP_FP,TWB_PCBA_TOP_FP9,1020,TWB_ICT4,TWB_PCBA_ICT,PN-337126,00F01806,00F01806,PN-337126,00F01806,M75,FAILED ANALOG POWERED TEST,PROCESS,PN-27795,00F01806T-20180329215217,U5,1,K8,483,483,-6.17,-6.52,127,GOOD,GOOD,110.9722,149.7622,94.10563,0,0.9055,3/30/2018 3:10
12041,1020,FP9,TOP,4009126096,3/29/2018 0:26,1522282500,TWB_SM3,TWB_PCBA_SM3_TOP_FP,TWB_PCBA_TOP_FP9,1020,TWB_ICT4,TWB_PCBA_ICT,PN-337126,00F01806,00F01806,PN-337126,00F01806,M75,FAILED ANALOG POWERED TEST,PROCESS,PN-27795,00F01806T-20180329215217,U5,1,E5,483,483,3.68,-8.55,127,GOOD,GOOD,109.402,154.0883,90.16946,0,0.9055,3/30/2018 3:10
12148,1020,FP9,TOP,4009126096,3/29/2018 0:26,1522282500,TWB_SM3,TWB_PCBA_SM3_TOP_FP,TWB_PCBA_TOP_FP9,1020,TWB_ICT4,TWB_PCBA_ICT,PN-337126,00F01806,00F01806,PN-337126,00F01806,M75,FAILED ANALOG POWERED TEST,PROCESS,PN-27795,00F01806T-20180329215217,U5,1,C10,483,483,-4.34,0.65,127,GOOD,GOOD,115.2437,146.8215,99.68531999999999,0,0.9055,3/30/2018 3:10
12149,1020,FP9,TOP,4009126096,3/29/2018 0:26,1522282500,TWB_SM3,TWB_PCBA_SM3_TOP_FP,TWB_PCBA_TOP_FP9,1020,TWB_ICT4,TWB_PCBA_ICT,PN-337126,00F01806,00F01806,PN-337126,00F01806,M75,FAILED ANALOG POWERED TEST,PROCESS,PN-27795,00F01806T-20180329215217,U5,1,K15,483,483,1.41,4.77,127,GOOD,GOOD,109.8568,145.0402,96.19270999999999,0,0.9055,3/30/2018 3:10
12163,1020,FP9,TOP,4009126096,3/29/2018 0:26,1522282500,TWB_SM3,TWB_PCBA_SM3_TOP_FP,TWB_PCBA_TOP_FP9,1020,TWB_ICT4,TWB_PCBA_ICT,PN-337126,00F01806,00F01806,PN-337126,00F01806,M75,FAILED ANALOG POWERED TEST,PROCESS,PN-27795,00F01806T-20180329215217,U5,1,A12,483,483,4.99,5.0,127,GOOD,GOOD,102.488,144.4472,90.10889,0,0.9055,3/30/2018 3:10
12177,1020,FP9,TOP,4009126096,3/29/2018 0:26,1522282500,TWB_SM3,TWB_PCBA_SM3_TOP_FP,TWB_PCBA_TOP_FP9,1020,TWB_ICT4,TWB_PCBA_ICT,PN-337126,00F01806,00F01806,PN-337126,00F01806,M75,FAILED ANALOG POWERED TEST,PROCESS,PN-27795,00F01806T-20180329215217,U5,1,F9,483,483,-1.31,-2.66,127,GOOD,GOOD,110.6897,144.4113,97.3441,0,0.9055,3/30/2018 3:10
12234,1020,FP9,TOP,4009126096,3/29/2018 0:26,1522282500,TWB_SM3,TWB_PCBA_SM3_TOP_FP,TWB_PCBA_TOP_FP9,1020,TWB_ICT4,TWB_PCBA_ICT,PN-337126,00F01806,00F01806,PN-337126,00F01806,M75,FAILED ANALOG POWERED TEST,PROCESS,PN-27795,00F01806T-20180329215217,U5,1,G8,483,483,-1.33,-5.83,127,GOOD,GOOD,110.927,149.6091,94.16351999999999,0,0.9055,3/30/2018 3:10
12240,1020,FP9,TOP,4009126096,3/29/2018 0:26,1522282500,TWB_SM3,TWB_PCBA_SM3_TOP_FP,TWB_PCBA_TOP_FP9,1020,TWB_ICT4,TWB_PCBA_ICT,PN-337126,00F01806,00F01806,PN-337126,00F01806,M75,FAILED ANALOG POWERED TEST,PROCESS,PN-27795,00F01806T-20180329215217,U5,1,F11,483,483,-2.49,0.57,127,GOOD,GOOD,111.3635,149.5388,94.57856,0,0.9055,3/30/2018 3:10
12241,1020,FP9,TOP,4009126096,3/29/2018 0:26,1522282500,TWB_SM3,TWB_PCBA_SM3_TOP_FP,TWB_PCBA_TOP_FP9,1020,TWB_ICT4,TWB_PCBA_ICT,PN-337126,00F01806,00F01806,PN-337126,00F01806,M75,FAILED ANALOG POWERED TEST,PROCESS,PN-27795,00F01806T-20180329215217,U5,1,N16,483,483,6.27,7.37,127,GOOD,GOOD,101.1181,141.8011,90.56351,0,0.9055,3/30/2018 3:10
12361,1020,FP9,TOP,4009126096,3/29/2018 0:26,1522282500,TWB_SM3,TWB_PCBA_SM3_TOP_FP,TWB_PCBA_TOP_FP9,1020,TWB_ICT4,TWB_PCBA_ICT,PN-337126,00F01806,00F01806,PN-337126,00F01806,M75,FAILED ANALOG POWERED TEST,PROCESS,PN-27795,00F01806T-20180329215217,U5,1,L7,483,483,-8.19,-8.7,127,GOOD,GOOD,109.2491,147.8602,93.83617,0,0.9055,3/30/2018 3:10
12439,1020,FP9,TOP,4009126096,3/29/2018 0:26,1522282500,TWB_SM3,TWB_PCBA_SM3_TOP_FP,TWB_PCBA_TOP_FP9,1020,TWB_ICT4,TWB_PCBA_ICT,PN-337126,00F01806,00F01806,PN-337126,00F01806,M75,FAILED ANALOG POWERED TEST,PROCESS,PN-27795,00F01806T-20180329215217,U5,1,E9,483,483,0.31,-2.09,127,GOOD,GOOD,111.5315,151.519,93.48336,0,0.9055,3/30/2018 3:10
12521,1020,FP9,TOP,4009126096,3/29/2018 0:26,1522282500,TWB_SM3,TWB_PCBA_SM3_TOP_FP,TWB_PCBA_TOP_FP9,1020,TWB_ICT4,TWB_PCBA_ICT,PN-337126,00F01806,00F01806,PN-337126,00F01806,M75,FAILED ANALOG POWERED TEST,PROCESS,PN-27795,00F01806T-20180329215217,U5,1,N14,483,483,3.31,4.15,127,GOOD,GOOD,107.9525,143.7706,95.35996,0,0.9055,3/30/2018 3:10
12548,1020,FP9,TOP,4009126096,3/29/2018 0:26,1522282500,TWB_SM3,TWB_PCBA_SM3_TOP_FP,TWB_PCBA_TOP_FP9,1020,TWB_ICT4,TWB_PCBA_ICT,PN-337126,00F01806,00F01806,PN-337126,00F01806,M75,FAILED ANALOG POWERED TEST,PROCESS,PN-27795,00F01806T-20180329215217,U5,1,L14,483,483,4.36,2.59,127,GOOD,GOOD,109.2943,139.1926,99.72064,0,0.9055,3/30/2018 3:10
12558,1020,FP9,TOP,4009126096,3/29/2018 0:26,1522282500,TWB_SM3,TWB_PCBA_SM3_TOP_FP,TWB_PCBA_TOP_FP9,1020,TWB_ICT4,TWB_PCBA_ICT,PN-337126,00F01806,00F01806,PN-337126,00F01806,M75,FAILED ANALOG POWERED TEST,PROCESS,PN-27795,00F01806T-20180329215217,U5,1,C1,483,483,8.26,6.13,127,GOOD,GOOD,110.1674,150.1117,93.20562,0,0.9055,3/30/2018 3:10
12606,1020,FP9,TOP,4009126096,3/29/2018 0:26,1522282500,TWB_SM3,TWB_PCBA_SM3_TOP_FP,TWB_PCBA_TOP_FP9,1020,TWB_ICT4,TWB_PCBA_ICT,PN-337126,00F01806,00F01806,PN-337126,00F01806,M75,FAILED ANALOG POWERED TEST,PROCESS,PN-27795,00F01806T-20180329215217,U5,1,D3,483,483,6.46,-12.21,127,GOOD,GOOD,112.2471,149.2979,95.48281999999999,0,0.9055,3/30/2018 3:10
12781,1020,FP9,TOP,4009126096,3/29/2018 0:26,1522282500,TWB_SM3,TWB_PCBA_SM3_TOP_FP,TWB_PCBA_TOP_FP9,1020,TWB_ICT4,TWB_PCBA_ICT,PN-337126,00F01806,00F01806,PN-337126,00F01806,M75,FAILED ANALOG POWERED TEST,PROCESS,PN-27795,00F01806T-20180329215217,U5,1,A3,483,483,11.3,-9.52,127,GOOD,GOOD,110.0309,142.9476,97.75558000000001,0,0.9055,3/30/2018 3:10
12782,1020,FP9,TOP,4009126096,3/29/2018 0:26,1522282500,TWB_SM3,TWB_PCBA_SM3_TOP_FP,TWB_PCBA_TOP_FP9,1020,TWB_ICT4,TWB_PCBA_ICT,PN-337126,00F01806,00F01806,PN-337126,00F01806,M75,FAILED ANALOG POWERED TEST,PROCESS,PN-27795,00F01806T-20180329215217,U5,1,T12,483,483,-0.34,-1.76,127,GOOD,GOOD,105.6707,138.9252,96.60005,0,0.9055,3/30/2018 3:10
12789,1020,FP9,TOP,4009126096,3/29/2018 0:26,1522282500,TWB_SM3,TWB_PCBA_SM3_TOP_FP,TWB_PCBA_TOP_FP9,1020,TWB_ICT4,TWB_PCBA_ICT,PN-337126,00F01806,00F01806,PN-337126,00F01806,M75,FAILED ANALOG POWERED TEST,PROCESS,PN-27795,00F01806T-20180329215217,U5,1,N9,483,483,4.61,-3.92,127,GOOD,GOOD,119.3773,152.6398,99.32473,0,0.9055,3/30/2018 3:10
12834,1020,FP9,TOP,4009126096,3/29/2018 0:26,1522282500,TWB_SM3,TWB_PCBA_SM3_TOP_FP,TWB_PCBA_TOP_FP9,1020,TWB_ICT4,TWB_PCBA_ICT,PN-337126,00F01806,00F01806,PN-337126,00F01806,M75,FAILED ANALOG POWERED TEST,PROCESS,PN-27795,00F01806T-20180329215217,U5,1,R5,483,483,7.23,8.5,127,GOOD,GOOD,106.7588,145.4998,93.18478,0,0.9055,3/30/2018 3:10
12869,1020,FP9,TOP,4009126096,3/29/2018 0:26,1522282500,TWB_SM3,TWB_PCBA_SM3_TOP_FP,TWB_PCBA_TOP_FP9,1020,TWB_ICT4,TWB_PCBA_ICT,PN-337126,00F01806,00F01806,PN-337126,00F01806,M75,FAILED ANALOG POWERED TEST,PROCESS,PN-27795,00F01806T-20180329215217,U5,1,H15,483,483,-7.08,5.9,127,GOOD,GOOD,108.15299999999999,146.4198,93.80856999999999,0,0.9055,3/30/2018 3:10
12887,1020,FP9,TOP,4009126096,3/29/2018 0:26,1522282500,TWB_SM3,TWB_PCBA_SM3_TOP_FP,TWB_PCBA_TOP_FP9,1020,TWB_ICT4,TWB_PCBA_ICT,PN-337126,00F01806,00F01806,PN-337126,00F01806,M75,FAILED ANALOG POWERED TEST,PROCESS,PN-27795,00F01806T-20180329215217,U5,1,E1,483,483,5.03,5.0,127,GOOD,GOOD,111.5442,173.7799,81.51758000000001,0,0.9055,3/30/2018 3:10
12984,1020,FP9,TOP,4009126096,3/29/2018 0:26,1522282500,TWB_SM3,TWB_PCBA_SM3_TOP_FP,TWB_PCBA_TOP_FP9,1020,TWB_ICT4,TWB_PCBA_ICT,PN-337126,00F01806,00F01806,PN-337126,00F01806,M75,FAILED ANALOG POWERED TEST,PROCESS,PN-27795,00F01806T-20180329215217,U5,1,M9,483,483,9.02,-7.04,127,GOOD,GOOD,107.3778,159.315,85.59756999999999,0,0.9055,3/30/2018 3:10
12992,1020,FP9,TOP,4009126096,3/29/2018 0:26,1522282500,TWB_SM3,TWB_PCBA_SM3_TOP_FP,TWB_PCBA_TOP_FP9,1020,TWB_ICT4,TWB_PCBA_ICT,PN-337126,00F01806,00F01806,PN-337126,00F01806,M75,FAILED ANALOG POWERED TEST,PROCESS,PN-27795,00F01806T-20180329215217,U5,1,R2,483,483,2.2,3.66,127,GOOD,GOOD,115.2758,147.3849,99.33188,0,0.9055,3/30/2018 3:10
13017,1020,FP9,TOP,4009126096,3/29/2018 0:26,1522282500,TWB_SM3,TWB_PCBA_SM3_TOP_FP,TWB_PCBA_TOP_FP9,1020,TWB_ICT4,TWB_PCBA_ICT,PN-337126,00F01806,00F01806,PN-337126,00F01806,M75,FAILED ANALOG POWERED TEST,PROCESS,PN-27795,00F01806T-20180329215217,U5,1,N10,483,483,7.5,-2.3,127,GOOD,GOOD,109.0341,143.6027,96.42805,0,0.9055,3/30/2018 3:10
13042,1020,FP9,TOP,4009126096,3/29/2018 0:26,1522282500,TWB_SM3,TWB_PCBA_SM3_TOP_FP,TWB_PCBA_TOP_FP9,1020,TWB_ICT4,TWB_PCBA_ICT,PN-337126,00F01806,00F01806,PN-337126,00F01806,M75,FAILED ANALOG POWERED TEST,PROCESS,PN-27795,00F01806T-20180329215217,U5,1,M10,483,483,5.29,-5.42,127,GOOD,GOOD,108.5263,149.2515,92.34639,0,0.9055,3/30/2018 3:10
13123,1020,FP9,TOP,4009126096,3/29/2018 0:26,1522282500,TWB_SM3,TWB_PCBA_SM3_TOP_FP,TWB_PCBA_TOP_FP9,1020,TWB_ICT4,TWB_PCBA_ICT,PN-337126,00F01806,00F01806,PN-337126,00F01806,M75,FAILED ANALOG POWERED TEST,PROCESS,PN-27795,00F01806T-20180329215217,U5,1,D7,483,483,-2.69,-5.76,127,GOOD,GOOD,113.3264,144.3777,99.68611,0,0.9055,3/30/2018 3:10
13133,1020,FP9,TOP,4009126096,3/29/2018 0:26,1522282500,TWB_SM3,TWB_PCBA_SM3_TOP_FP,TWB_PCBA_TOP_FP9,1020,TWB_ICT4,TWB_PCBA_ICT,PN-337126,00F01806,00F01806,PN-337126,00F01806,M75,FAILED ANALOG POWERED TEST,PROCESS,PN-27795,00F01806T-20180329215217,U5,1,C11,483,483,-6.76,2.26,127,GOOD,GOOD,110.1651,139.5014,100.2926,0,0.9055,3/30/2018 3:10
13134,1020,FP9,TOP,4009126096,3/29/2018 0:26,1522282500,TWB_SM3,TWB_PCBA_SM3_TOP_FP,TWB_PCBA_TOP_FP9,1020,TWB_ICT4,TWB_PCBA_ICT,PN-337126,00F01806,00F01806,PN-337126,00F01806,M75,FAILED ANALOG POWERED TEST,PROCESS,PN-27795,00F01806T-20180329215217,U5,1,K16,483,483,8.11,-13.62,127,GOOD,GOOD,108.7196,146.5051,94.24509,0,0.9055,3/30/2018 3:10
13572,1020,FP9,TOP,4009126096,3/29/2018 0:26,1522282500,TWB_SM3,TWB_PCBA_SM3_TOP_FP,TWB_PCBA_TOP_FP9,1020,TWB_ICT4,TWB_PCBA_ICT,PN-337126,00F01806,00F01806,PN-337126,00F01806,M75,FAILED ANALOG POWERED TEST,PROCESS,PN-27795,00F01806T-20180329215217,U5,1,H11,483,483,-5.71,-0.56,127,GOOD,GOOD,112.3785,152.0279,93.87795,0,0.9055,3/30/2018 3:10
13573,1020,FP9,TOP,4009126096,3/29/2018 0:26,1522282500,TWB_SM3,TWB_PCBA_SM3_TOP_FP,TWB_PCBA_TOP_FP9,1020,TWB_ICT4,TWB_PCBA_ICT,PN-337126,00F01806,00F01806,PN-337126,00F01806,M75,FAILED ANALOG POWERED TEST,PROCESS,PN-27795,00F01806T-20180329215217,U5,1,P16,483,483,4.66,5.82,127,GOOD,GOOD,102.3827,154.1495,84.3506,0,0.9055,3/30/2018 3:10
13723,1020,FP9,TOP,4009126096,3/29/2018 0:26,1522282500,TWB_SM3,TWB_PCBA_SM3_TOP_FP,TWB_PCBA_TOP_FP9,1020,TWB_ICT4,TWB_PCBA_ICT,PN-337126,00F01806,00F01806,PN-337126,00F01806,M75,FAILED ANALOG POWERED TEST,PROCESS,PN-27795,00F01806T-20180329215217,U5,1,P12,483,483,0.4,-0.63,127,GOOD,GOOD,106.7954,140.61,96.45837,0,0.9055,3/30/2018 3:10
13781,1020,FP9,TOP,4009126096,3/29/2018 0:26,1522282500,TWB_SM3,TWB_PCBA_SM3_TOP_FP,TWB_PCBA_TOP_FP9,1020,TWB_ICT4,TWB_PCBA_ICT,PN-337126,00F01806,00F01806,PN-337126,00F01806,M75,FAILED ANALOG POWERED TEST,PROCESS,PN-27795,00F01806T-20180329215217,U5,1,E12,483,483,-3.12,2.75,127,GOOD,GOOD,108.6898,140.1465,98.49409,0,0.9055,3/30/2018 3:10
13968,1020,FP9,TOP,4009126096,3/29/2018 0:26,1522282500,TWB_SM3,TWB_PCBA_SM3_TOP_FP,TWB_PCBA_TOP_FP9,1020,TWB_ICT4,TWB_PCBA_ICT,PN-337126,00F01806,00F01806,PN-337126,00F01806,M75,FAILED ANALOG POWERED TEST,PROCESS,PN-27795,00F01806T-20180329215217,U5,1,J13,483,483,-7.51,1.11,127,GOOD,GOOD,118.773,159.2618,94.71305,0,0.9055,3/30/2018 3:10
13969,1020,FP9,TOP,4009126096,3/29/2018 0:26,1522282500,TWB_SM3,TWB_PCBA_SM3_TOP_FP,TWB_PCBA_TOP_FP9,1020,TWB_ICT4,TWB_PCBA_ICT,PN-337126,00F01806,00F01806,PN-337126,00F01806,M75,FAILED ANALOG POWERED TEST,PROCESS,PN-27795,00F01806T-20180329215217,U5,1,J6,483,483,-4.37,-10.19,127,GOOD,GOOD,118.3669,148.2349,101.4106,0,0.9055,3/30/2018 3:10
13972,1020,FP9,TOP,4009126096,3/29/2018 0:26,1522282500,TWB_SM3,TWB_PCBA_SM3_TOP_FP,TWB_PCBA_TOP_FP9,1020,TWB_ICT4,TWB_PCBA_ICT,PN-337126,00F01806,00F01806,PN-337126,00F01806,M75,FAILED ANALOG POWERED TEST,PROCESS,PN-27795,00F01806T-20180329215217,U5,1,T8,483,483,7.16,-8.21,127,GOOD,GOOD,107.7576,154.842,88.3818,0,0.9055,3/30/2018 3:10
14026,1020,FP9,TOP,4009126096,3/29/2018 0:26,1522282500,TWB_SM3,TWB_PCBA_SM3_TOP_FP,TWB_PCBA_TOP_FP9,1020,TWB_ICT4,TWB_PCBA_ICT,PN-337126,00F01806,00F01806,PN-337126,00F01806,M75,FAILED ANALOG POWERED TEST,PROCESS,PN-27795,00F01806T-20180329215217,U5,1,P8,483,483,10.39,-7.09,127,GOOD,GOOD,109.3742,151.6657,91.58645,0,0.9055,3/30/2018 3:10
15002,1020,FP9,TOP,4009126096,3/29/2018 0:26,1522282500,TWB_SM3,TWB_PCBA_SM3_TOP_FP,TWB_PCBA_TOP_FP9,1020,TWB_ICT4,TWB_PCBA_ICT,PN-337126,00F01806,00F01806,PN-337126,00F01806,M75,FAILED ANALOG POWERED TEST,PROCESS,PN-27795,00F01806T-20180329215217,U5,1,R7,483,483,8.37,11.72,127,GOOD,GOOD,113.27600000000001,158.2378,90.91417,0,0.9055,3/30/2018 3:10
15447,1020,FP9,TOP,4009126096,3/29/2018 0:26,1522282500,TWB_SM3,TWB_PCBA_SM3_TOP_FP,TWB_PCBA_TOP_FP9,1020,TWB_ICT4,TWB_PCBA_ICT,PN-337126,00F01806,00F01806,PN-337126,00F01806,M75,FAILED ANALOG POWERED TEST,PROCESS,PN-27795,00F01806T-20180329215217,U5,1,E7,483,483,1.49,-5.32,127,GOOD,GOOD,104.844,143.6024,92.72261,0,0.9055,3/30/2018 3:10
15631,1020,FP9,TOP,4009126096,3/29/2018 0:26,1522282500,TWB_SM3,TWB_PCBA_SM3_TOP_FP,TWB_PCBA_TOP_FP9,1020,TWB_ICT4,TWB_PCBA_ICT,PN-337126,00F01806,00F01806,PN-337126,00F01806,M75,FAILED ANALOG POWERED TEST,PROCESS,PN-27795,00F01806T-20180329215217,U5,1,H1,483,483,-0.63,3.31,127,GOOD,GOOD,113.8693,155.0121,93.29205,0,0.9055,3/30/2018 3:10
15912,1020,FP9,TOP,4009126096,3/29/2018 0:26,1522282500,TWB_SM3,TWB_PCBA_SM3_TOP_FP,TWB_PCBA_TOP_FP9,1020,TWB_ICT4,TWB_PCBA_ICT,PN-337126,00F01806,00F01806,PN-337126,00F01806,M75,FAILED ANALOG POWERED TEST,PROCESS,PN-27795,00F01806T-20180329215217,U5,1,N1,483,483,-4.87,3.17,127,GOOD,GOOD,110.0298,145.755,95.8717,0,0.9055,3/30/2018 3:10
15939,1020,FP9,TOP,4009126096,3/29/2018 0:26,1522282500,TWB_SM3,TWB_PCBA_SM3_TOP_FP,TWB_PCBA_TOP_FP9,1020,TWB_ICT4,TWB_PCBA_ICT,PN-337126,00F01806,00F01806,PN-337126,00F01806,M75,FAILED ANALOG POWERED TEST,PROCESS,PN-27795,00F01806T-20180329215217,U5,1,A5,483,483,10.13,-6.29,127,GOOD,GOOD,102.9381,156.0254,83.7885,0,0.9055,3/30/2018 3:10
15940,1020,FP9,TOP,4009126096,3/29/2018 0:26,1522282500,TWB_SM3,TWB_PCBA_SM3_TOP_FP,TWB_PCBA_TOP_FP9,1020,TWB_ICT4,TWB_PCBA_ICT,PN-337126,00F01806,00F01806,PN-337126,00F01806,M75,FAILED ANALOG POWERED TEST,PROCESS,PN-27795,00F01806T-20180329215217,U5,1,T14,483,483,-2.36,1.47,127,GOOD,GOOD,105.7752,140.0305,95.93235,0,0.9055,3/30/2018 3:10
17298,1020,FP9,TOP,4009126096,3/29/2018 0:26,1522282500,TWB_SM3,TWB_PCBA_SM3_TOP_FP,TWB_PCBA_TOP_FP9,1020,TWB_ICT4,TWB_PCBA_ICT,PN-337126,00F01806,00F01806,PN-337126,00F01806,M75,FAILED ANALOG POWERED TEST,PROCESS,PN-27795,00F01806T-20180329215217,U5,1,C16,483,483,-0.6,-9.68,127,GOOD,GOOD,107.4966,142.6556,95.6995,0,0.9055,3/30/2018 3:10
17377,1020,FP9,TOP,4009126096,3/29/2018 0:26,1522282500,TWB_SM3,TWB_PCBA_SM3_TOP_FP,TWB_PCBA_TOP_FP9,1020,TWB_ICT4,TWB_PCBA_ICT,PN-337126,00F01806,00F01806,PN-337126,00F01806,M75,FAILED ANALOG POWERED TEST,PROCESS,PN-27795,00F01806T-20180329215217,U5,1,L1,483,483,-4.65,1.62,127,GOOD,GOOD,114.9702,158.5246,92.10692,0,0.9055,3/30/2018 3:10
17640,1020,FP9,TOP,4009126096,3/29/2018 0:26,1522282500,TWB_SM3,TWB_PCBA_SM3_TOP_FP,TWB_PCBA_TOP_FP9,1020,TWB_ICT4,TWB_PCBA_ICT,PN-337126,00F01806,00F01806,PN-337126,00F01806,M75,FAILED ANALOG POWERED TEST,PROCESS,PN-27795,00F01806T-20180329215217,U5,1,C15,483,483,0.99,-11.29,127,GOOD,GOOD,106.4572,144.9815,93.25366,0,0.9055,3/30/2018 3:10
18137,1020,FP9,TOP,4009126096,3/29/2018 0:26,1522282500,TWB_SM3,TWB_PCBA_SM3_TOP_FP,TWB_PCBA_TOP_FP9,1020,TWB_ICT4,TWB_PCBA_ICT,PN-337126,00F01806,00F01806,PN-337126,00F01806,M75,FAILED ANALOG POWERED TEST,PROCESS,PN-27795,00F01806T-20180329215217,U5,1,E15,483,483,-2.24,-12.41,127,GOOD,GOOD,102.9203,142.1287,91.96509,0,0.9055,3/30/2018 3:10
18161,1020,FP9,TOP,4009126096,3/29/2018 0:26,1522282500,TWB_SM3,TWB_PCBA_SM3_TOP_FP,TWB_PCBA_TOP_FP9,1020,TWB_ICT4,TWB_PCBA_ICT,PN-337126,00F01806,00F01806,PN-337126,00F01806,M75,FAILED ANALOG POWERED TEST,PROCESS,PN-27795,00F01806T-20180329215217,U5,1,K14,483,483,-10.72,3.16,127,GOOD,GOOD,109.4275,146.9925,94.5442,0,0.9055,3/30/2018 3:10
18861,1020,FP9,TOP,4009126096,3/29/2018 0:26,1522282500,TWB_SM3,TWB_PCBA_SM3_TOP_FP,TWB_PCBA_TOP_FP9,1020,TWB_ICT4,TWB_PCBA_ICT,PN-337126,00F01806,00F01806,PN-337126,00F01806,M75,FAILED ANALOG POWERED TEST,PROCESS,PN-27795,00F01806T-20180329215217,U5,1,H13,483,483,-5.9,2.67,127,GOOD,GOOD,114.1148,149.1108,97.19337,0,0.9055,3/30/2018 3:10
19044,1020,FP9,TOP,4009126096,3/29/2018 0:26,1522282500,TWB_SM3,TWB_PCBA_SM3_TOP_FP,TWB_PCBA_TOP_FP9,1020,TWB_ICT4,TWB_PCBA_ICT,PN-337126,00F01806,00F01806,PN-337126,00F01806,M75,FAILED ANALOG POWERED TEST,PROCESS,PN-27795,00F01806T-20180329215217,U5,1,A7,483,483,0.49,-3.07,127,GOOD,GOOD,109.0248,144.7293,95.66931,0,0.9055,3/30/2018 3:10
19045,1020,FP9,TOP,4009126096,3/29/2018 0:26,1522282500,TWB_SM3,TWB_PCBA_SM3_TOP_FP,TWB_PCBA_TOP_FP9,1020,TWB_ICT4,TWB_PCBA_ICT,PN-337126,00F01806,00F01806,PN-337126,00F01806,M75,FAILED ANALOG POWERED TEST,PROCESS,PN-27795,00F01806T-20180329215217,U5,1,L11,483,483,4.48,-2.25,127,GOOD,GOOD,108.6077,145.56799999999998,94.75415,0,0.9055,3/30/2018 3:10
19046,1020,FP9,TOP,4009126096,3/29/2018 0:26,1522282500,TWB_SM3,TWB_PCBA_SM3_TOP_FP,TWB_PCBA_TOP_FP9,1020,TWB_ICT4,TWB_PCBA_ICT,PN-337126,00F01806,00F01806,PN-337126,00F01806,M75,FAILED ANALOG POWERED TEST,PROCESS,PN-27795,00F01806T-20180329215217,U5,1,T16,483,483,1.43,4.69,127,GOOD,GOOD,107.3916,145.9333,93.45865,0,0.9055,3/30/2018 3:10
19053,1020,FP9,TOP,4009126096,3/29/2018 0:26,1522282500,TWB_SM3,TWB_PCBA_SM3_TOP_FP,TWB_PCBA_TOP_FP9,1020,TWB_ICT4,TWB_PCBA_ICT,PN-337126,00F01806,00F01806,PN-337126,00F01806,M75,FAILED ANALOG POWERED TEST,PROCESS,PN-27795,00F01806T-20180329215217,U5,1,D15,483,483,-2.28,-12.85,127,GOOD,GOOD,108.0476,137.0803,100.1023,0,0.9055,3/30/2018 3:10
19060,1020,FP9,TOP,4009126096,3/29/2018 0:26,1522282500,TWB_SM3,TWB_PCBA_SM3_TOP_FP,TWB_PCBA_TOP_FP9,1020,TWB_ICT4,TWB_PCBA_ICT,PN-337126,00F01806,00F01806,PN-337126,00F01806,M75,FAILED ANALOG POWERED TEST,PROCESS,PN-27795,00F01806T-20180329215217,U5,1,K6,483,483,-5.99,-9.75,127,GOOD,GOOD,114.0452,148.8072,97.33228000000001,0,0.9055,3/30/2018 3:10
19252,1020,FP9,TOP,4009126096,3/29/2018 0:26,1522282500,TWB_SM3,TWB_PCBA_SM3_TOP_FP,TWB_PCBA_TOP_FP9,1020,TWB_ICT4,TWB_PCBA_ICT,PN-337126,00F01806,00F01806,PN-337126,00F01806,M75,FAILED ANALOG POWERED TEST,PROCESS,PN-27795,00F01806T-20180329215217,U5,1,K5,483,483,-4.39,-11.36,127,GOOD,GOOD,111.1841,148.8312,94.8752,0,0.9055,3/30/2018 3:10
19925,1020,FP9,TOP,4009126096,3/29/2018 0:26,1522282500,TWB_SM3,TWB_PCBA_SM3_TOP_FP,TWB_PCBA_TOP_FP9,1020,TWB_ICT4,TWB_PCBA_ICT,PN-337126,00F01806,00F01806,PN-337126,00F01806,M75,FAILED ANALOG POWERED TEST,PROCESS,PN-27795,00F01806T-20180329215217,U5,1,C13,483,483,-4.46,5.49,127,GOOD,GOOD,115.5608,143.8498,102.0246,0,0.9055,3/30/2018 3:10
20146,1020,FP9,TOP,4009126096,3/29/2018 0:26,1522282500,TWB_SM3,TWB_PCBA_SM3_TOP_FP,TWB_PCBA_TOP_FP9,1020,TWB_ICT4,TWB_PCBA_ICT,PN-337126,00F01806,00F01806,PN-337126,00F01806,M75,FAILED ANALOG POWERED TEST,PROCESS,PN-27795,00F01806T-20180329215217,U5,1,G12,483,483,-4.69,0.62,127,GOOD,GOOD,110.6266,147.744,95.09411,0,0.9055,3/30/2018 3:10
20329,1020,FP9,TOP,4009126096,3/29/2018 0:26,1522282500,TWB_SM3,TWB_PCBA_SM3_TOP_FP,TWB_PCBA_TOP_FP9,1020,TWB_ICT4,TWB_PCBA_ICT,PN-337126,00F01806,00F01806,PN-337126,00F01806,M75,FAILED ANALOG POWERED TEST,PROCESS,PN-27795,00F01806T-20180329215217,U5,1,M14,483,483,-0.56,1.03,127,GOOD,GOOD,111.3303,149.0317,94.87215,0,0.9055,3/30/2018 3:10
20349,1020,FP9,TOP,4009126096,3/29/2018 0:26,1522282500,TWB_SM3,TWB_PCBA_SM3_TOP_FP,TWB_PCBA_TOP_FP9,1020,TWB_ICT4,TWB_PCBA_ICT,PN-337126,00F01806,00F01806,PN-337126,00F01806,M75,FAILED ANALOG POWERED TEST,PROCESS,PN-27795,00F01806T-20180329215217,U5,1,G1,483,483,1.81,2.88,127,GOOD,GOOD,104.3185,144.0905,91.94534,0,0.9055,3/30/2018 3:10
20507,1020,FP9,TOP,4009126096,3/29/2018 0:26,1522282500,TWB_SM3,TWB_PCBA_SM3_TOP_FP,TWB_PCBA_TOP_FP9,1020,TWB_ICT4,TWB_PCBA_ICT,PN-337126,00F01806,00F01806,PN-337126,00F01806,M75,FAILED ANALOG POWERED TEST,PROCESS,PN-27795,00F01806T-20180329215217,U5,1,A10,483,483,2.2,1.78,127,GOOD,GOOD,106.9161,143.9972,94.29590999999999,0,0.9055,3/30/2018 3:10
20555,1020,FP9,TOP,4009126096,3/29/2018 0:26,1522282500,TWB_SM3,TWB_PCBA_SM3_TOP_FP,TWB_PCBA_TOP_FP9,1020,TWB_ICT4,TWB_PCBA_ICT,PN-337126,00F01806,00F01806,PN-337126,00F01806,M75,FAILED ANALOG POWERED TEST,PROCESS,PN-27795,00F01806T-20180329215217,U5,1,B14,483,483,0.54,-13.34,127,GOOD,GOOD,107.8001,147.5875,92.76266,0,0.9055,3/30/2018 3:10
20835,1020,FP9,TOP,4009126096,3/29/2018 0:26,1522282500,TWB_SM3,TWB_PCBA_SM3_TOP_FP,TWB_PCBA_TOP_FP9,1020,TWB_ICT4,TWB_PCBA_ICT,PN-337126,00F01806,00F01806,PN-337126,00F01806,M75,FAILED ANALOG POWERED TEST,PROCESS,PN-27795,00F01806T-20180329215217,U5,1,M6,483,483,-9.21,-11.88,127,GOOD,GOOD,106.9979,145.6446,93.30067,0,0.9055,3/30/2018 3:10
21084,1020,FP9,TOP,4009126096,3/29/2018 0:26,1522282500,TWB_SM3,TWB_PCBA_SM3_TOP_FP,TWB_PCBA_TOP_FP9,1020,TWB_ICT4,TWB_PCBA_ICT,PN-337126,00F01806,00F01806,PN-337126,00F01806,M75,FAILED ANALOG POWERED TEST,PROCESS,PN-27795,00F01806T-20180329215217,U5,1,J14,483,483,-9.1,2.72,127,GOOD,GOOD,109.4443,141.9215,97.93739000000001,0,0.9055,3/30/2018 3:10
21085,1020,FP9,TOP,4009126096,3/29/2018 0:26,1522282500,TWB_SM3,TWB_PCBA_SM3_TOP_FP,TWB_PCBA_TOP_FP9,1020,TWB_ICT4,TWB_PCBA_ICT,PN-337126,00F01806,00F01806,PN-337126,00F01806,M75,FAILED ANALOG POWERED TEST,PROCESS,PN-27795,00F01806T-20180329215217,U5,1,J7,483,483,-4.96,-8.57,127,GOOD,GOOD,109.0684,146.625,94.47017,0,0.9055,3/30/2018 3:10
21102,1020,FP9,TOP,4009126096,3/29/2018 0:26,1522282500,TWB_SM3,TWB_PCBA_SM3_TOP_FP,TWB_PCBA_TOP_FP9,1020,TWB_ICT4,TWB_PCBA_ICT,PN-337126,00F01806,00F01806,PN-337126,00F01806,M75,FAILED ANALOG POWERED TEST,PROCESS,PN-27795,00F01806T-20180329215217,U5,1,J1,483,483,-1.42,1.75,127,GOOD,GOOD,105.9729,147.503,91.24261,0,0.9055,3/30/2018 3:10
21103,1020,FP9,TOP,4009126096,3/29/2018 0:26,1522282500,TWB_SM3,TWB_PCBA_SM3_TOP_FP,TWB_PCBA_TOP_FP9,1020,TWB_ICT4,TWB_PCBA_ICT,PN-337126,00F01806,00F01806,PN-337126,00F01806,M75,FAILED ANALOG POWERED TEST,PROCESS,PN-27795,00F01806T-20180329215217,U5,1,R13,483,483,5.82,1.4,127,GOOD,GOOD,104.1225,140.124,94.37045,0,0.9055,3/30/2018 3:10
21118,1020,FP9,TOP,4009126096,3/29/2018 0:26,1522282500,TWB_SM3,TWB_PCBA_SM3_TOP_FP,TWB_PCBA_TOP_FP9,1020,TWB_ICT4,TWB_PCBA_ICT,PN-337126,00F01806,00F01806,PN-337126,00F01806,M75,FAILED ANALOG POWERED TEST,PROCESS,PN-27795,00F01806T-20180329215217,U5,1,B2,483,483,9.28,-12.7,127,GOOD,GOOD,107.0678,141.0755,96.38532,0,0.9055,3/30/2018 3:10
21520,1020,FP9,TOP,4009126096,3/29/2018 0:26,1522282500,TWB_SM3,TWB_PCBA_SM3_TOP_FP,TWB_PCBA_TOP_FP9,1020,TWB_ICT4,TWB_PCBA_ICT,PN-337126,00F01806,00F01806,PN-337126,00F01806,M75,FAILED ANALOG POWERED TEST,PROCESS,PN-27795,00F01806T-20180329215217,U5,1,F3,483,483,3.23,-12.33,127,GOOD,GOOD,113.4253,151.1751,95.28696,0,0.9055,3/30/2018 3:10
21553,1020,FP9,TOP,4009126096,3/29/2018 0:26,1522282500,TWB_SM3,TWB_PCBA_SM3_TOP_FP,TWB_PCBA_TOP_FP9,1020,TWB_ICT4,TWB_PCBA_ICT,PN-337126,00F01806,00F01806,PN-337126,00F01806,M75,FAILED ANALOG POWERED TEST,PROCESS,PN-27795,00F01806T-20180329215217,U5,1,R3,483,483,10.08,5.27,127,GOOD,GOOD,113.2793,144.6058,99.48751,0,0.9055,3/30/2018 3:10
21678,1020,FP9,TOP,4009126096,3/29/2018 0:26,1522282500,TWB_SM3,TWB_PCBA_SM3_TOP_FP,TWB_PCBA_TOP_FP9,1020,TWB_ICT4,TWB_PCBA_ICT,PN-337126,00F01806,00F01806,PN-337126,00F01806,M75,FAILED ANALOG POWERED TEST,PROCESS,PN-27795,00F01806T-20180329215217,U5,1,K2,483,483,-3.63,3.8,127,GOOD,GOOD,115.0644,147.5815,99.01775,0,0.9055,3/30/2018 3:10
21837,1020,FP9,TOP,4009126096,3/29/2018 0:26,1522282500,TWB_SM3,TWB_PCBA_SM3_TOP_FP,TWB_PCBA_TOP_FP9,1020,TWB_ICT4,TWB_PCBA_ICT,PN-337126,00F01806,00F01806,PN-337126,00F01806,M75,FAILED ANALOG POWERED TEST,PROCESS,PN-27795,00F01806T-20180329215217,U5,1,H2,483,483,-0.4,4.93,127,GOOD,GOOD,109.6573,153.6242,90.65293,0,0.9055,3/30/2018 3:10
21903,1020,FP9,TOP,4009126096,3/29/2018 0:26,1522282500,TWB_SM3,TWB_PCBA_SM3_TOP_FP,TWB_PCBA_TOP_FP9,1020,TWB_ICT4,TWB_PCBA_ICT,PN-337126,00F01806,00F01806,PN-337126,00F01806,M75,FAILED ANALOG POWERED TEST,PROCESS,PN-27795,00F01806T-20180329215217,U5,1,M1,483,483,-6.26,0.06,127,GOOD,GOOD,117.0059,151.6248,98.00345,0,0.9055,3/30/2018 3:10
21998,1020,FP9,TOP,4009126096,3/29/2018 0:26,1522282500,TWB_SM3,TWB_PCBA_SM3_TOP_FP,TWB_PCBA_TOP_FP9,1020,TWB_ICT4,TWB_PCBA_ICT,PN-337126,00F01806,00F01806,PN-337126,00F01806,M75,FAILED ANALOG POWERED TEST,PROCESS,PN-27795,00F01806T-20180329215217,U5,1,A6,483,483,-1.41,-4.68,127,GOOD,GOOD,115.0953,161.8776,90.29720999999999,0,0.9055,3/30/2018 3:10
21999,1020,FP9,TOP,4009126096,3/29/2018 0:26,1522282500,TWB_SM3,TWB_PCBA_SM3_TOP_FP,TWB_PCBA_TOP_FP9,1020,TWB_ICT4,TWB_PCBA_ICT,PN-337126,00F01806,00F01806,PN-337126,00F01806,M75,FAILED ANALOG POWERED TEST,PROCESS,PN-27795,00F01806T-20180329215217,U5,1,L10,483,483,-8.96,-3.86,127,GOOD,GOOD,106.0436,145.4085,92.61868,0,0.9055,3/30/2018 3:10
22000,1020,FP9,TOP,4009126096,3/29/2018 0:26,1522282500,TWB_SM3,TWB_PCBA_SM3_TOP_FP,TWB_PCBA_TOP_FP9,1020,TWB_ICT4,TWB_PCBA_ICT,PN-337126,00F01806,00F01806,PN-337126,00F01806,M75,FAILED ANALOG POWERED TEST,PROCESS,PN-27795,00F01806T-20180329215217,U5,1,T15,483,483,3.03,3.08,127,GOOD,GOOD,109.6381,145.1129,95.95313,0,0.9055,3/30/2018 3:10
22100,1020,FP9,TOP,4009126096,3/29/2018 0:26,1522282500,TWB_SM3,TWB_PCBA_SM3_TOP_FP,TWB_PCBA_TOP_FP9,1020,TWB_ICT4,TWB_PCBA_ICT,PN-337126,00F01806,00F01806,PN-337126,00F01806,M75,FAILED ANALOG POWERED TEST,PROCESS,PN-27795,00F01806T-20180329215217,U5,1,C5,483,483,6.91,-7.42,127,GOOD,GOOD,108.2396,147.0442,93.48496999999999,0,0.9055,3/30/2018 3:10
22310,1020,FP9,TOP,4009126096,3/29/2018 0:26,1522282500,TWB_SM3,TWB_PCBA_SM3_TOP_FP,TWB_PCBA_TOP_FP9,1020,TWB_ICT4,TWB_PCBA_ICT,PN-337126,00F01806,00F01806,PN-337126,00F01806,M75,FAILED ANALOG POWERED TEST,PROCESS,PN-27795,00F01806T-20180329215217,U5,1,E11,483,483,-0.87,1.13,127,GOOD,GOOD,103.2311,140.1024,93.57693,0,0.9055,3/30/2018 3:10
22311,1020,FP9,TOP,4009126096,3/29/2018 0:26,1522282500,TWB_SM3,TWB_PCBA_SM3_TOP_FP,TWB_PCBA_TOP_FP9,1020,TWB_ICT4,TWB_PCBA_ICT,PN-337126,00F01806,00F01806,PN-337126,00F01806,M75,FAILED ANALOG POWERED TEST,PROCESS,PN-27795,00F01806T-20180329215217,U5,1,M16,483,483,-1.75,4.25,127,GOOD,GOOD,111.0001,156.7013,89.96101999999999,0,0.9055,3/30/2018 3:10
22318,1020,FP9,TOP,4009126096,3/29/2018 0:26,1522282500,TWB_SM3,TWB_PCBA_SM3_TOP_FP,TWB_PCBA_TOP_FP9,1020,TWB_ICT4,TWB_PCBA_ICT,PN-337126,00F01806,00F01806,PN-337126,00F01806,M75,FAILED ANALOG POWERED TEST,PROCESS,PN-27795,00F01806T-20180329215217,U5,1,B12,483,483,-0.76,3.44,127,GOOD,GOOD,108.5631,144.1577,95.64191,0,0.9055,3/30/2018 3:10
22413,1020,FP9,TOP,4009126096,3/29/2018 0:26,1522282500,TWB_SM3,TWB_PCBA_SM3_TOP_FP,TWB_PCBA_TOP_FP9,1020,TWB_ICT4,TWB_PCBA_ICT,PN-337126,00F01806,00F01806,PN-337126,00F01806,M75,FAILED ANALOG POWERED TEST,PROCESS,PN-27795,00F01806T-20180329215217,U5,1,L5,483,483,-6.0,-11.93,127,GOOD,GOOD,117.8499,151.5442,98.76284,0,0.9055,3/30/2018 3:10
22557,1020,FP9,TOP,4009126096,3/29/2018 0:26,1522282500,TWB_SM3,TWB_PCBA_SM3_TOP_FP,TWB_PCBA_TOP_FP9,1020,TWB_ICT4,TWB_PCBA_ICT,PN-337126,00F01806,00F01806,PN-337126,00F01806,M75,FAILED ANALOG POWERED TEST,PROCESS,PN-27795,00F01806T-20180329215217,U5,1,D6,483,483,0.38,-7.37,127,GOOD,GOOD,113.6014,148.112,97.4086,0,0.9055,3/30/2018 3:10
22661,1020,FP9,TOP,4009126096,3/29/2018 0:26,1522282500,TWB_SM3,TWB_PCBA_SM3_TOP_FP,TWB_PCBA_TOP_FP9,1020,TWB_ICT4,TWB_PCBA_ICT,PN-337126,00F01806,00F01806,PN-337126,00F01806,M75,FAILED ANALOG POWERED TEST,PROCESS,PN-27795,00F01806T-20180329215217,U5,1,T9,483,483,3.92,-6.6,127,GOOD,GOOD,108.1189,144.0167,95.34385999999999,0,0.9055,3/30/2018 3:10
22805,1020,FP9,TOP,4009126096,3/29/2018 0:26,1522282500,TWB_SM3,TWB_PCBA_SM3_TOP_FP,TWB_PCBA_TOP_FP9,1020,TWB_ICT4,TWB_PCBA_ICT,PN-337126,00F01806,00F01806,PN-337126,00F01806,M75,FAILED ANALOG POWERED TEST,PROCESS,PN-27795,00F01806T-20180329215217,U5,1,E3,483,483,4.85,-11.77,127,GOOD,GOOD,118.5233,172.1483,87.43892,0,0.9055,3/30/2018 3:10
22891,1020,FP9,TOP,4009126096,3/29/2018 0:26,1522282500,TWB_SM3,TWB_PCBA_SM3_TOP_FP,TWB_PCBA_TOP_FP9,1020,TWB_ICT4,TWB_PCBA_ICT,PN-337126,00F01806,00F01806,PN-337126,00F01806,M75,FAILED ANALOG POWERED TEST,PROCESS,PN-27795,00F01806T-20180329215217,U5,1,K3,483,483,-3.22,5.41,127,GOOD,GOOD,115.0296,146.8254,99.49746999999999,0,0.9055,3/30/2018 3:10
22911,1020,FP9,TOP,4009126096,3/29/2018 0:26,1522282500,TWB_SM3,TWB_PCBA_SM3_TOP_FP,TWB_PCBA_TOP_FP9,1020,TWB_ICT4,TWB_PCBA_ICT,PN-337126,00F01806,00F01806,PN-337126,00F01806,M75,FAILED ANALOG POWERED TEST,PROCESS,PN-27795,00F01806T-20180329215217,U5,1,A8,483,483,5.04,-1.45,127,GOOD,GOOD,108.2777,143.1279,96.07681,0,0.9055,3/30/2018 3:10
22912,1020,FP9,TOP,4009126096,3/29/2018 0:26,1522282500,TWB_SM3,TWB_PCBA_SM3_TOP_FP,TWB_PCBA_TOP_FP9,1020,TWB_ICT4,TWB_PCBA_ICT,PN-337126,00F01806,00F01806,PN-337126,00F01806,M75,FAILED ANALOG POWERED TEST,PROCESS,PN-27795,00F01806T-20180329215217,U5,1,L12,483,483,4.72,-0.64,127,GOOD,GOOD,107.5888,142.2073,96.08346,0,0.9055,3/30/2018 3:10
22925,1020,FP9,TOP,4009126096,3/29/2018 0:26,1522282500,TWB_SM3,TWB_PCBA_SM3_TOP_FP,TWB_PCBA_TOP_FP9,1020,TWB_ICT4,TWB_PCBA_ICT,PN-337126,00F01806,00F01806,PN-337126,00F01806,M75,FAILED ANALOG POWERED TEST,PROCESS,PN-27795,00F01806T-20180329215217,U5,1,H10,483,483,-4.12,-2.17,127,GOOD,GOOD,108.7628,147.9952,93.33326,0,0.9055,3/30/2018 3:10
22926,1020,FP9,TOP,4009126096,3/29/2018 0:26,1522282500,TWB_SM3,TWB_PCBA_SM3_TOP_FP,TWB_PCBA_TOP_FP9,1020,TWB_ICT4,TWB_PCBA_ICT,PN-337126,00F01806,00F01806,PN-337126,00F01806,M75,FAILED ANALOG POWERED TEST,PROCESS,PN-27795,00F01806T-20180329215217,U5,1,P15,483,483,6.25,4.2,127,GOOD,GOOD,100.0528,139.3561,91.1816,0,0.9055,3/30/2018 3:10
23298,1020,FP9,TOP,4009126096,3/29/2018 0:26,1522282500,TWB_SM3,TWB_PCBA_SM3_TOP_FP,TWB_PCBA_TOP_FP9,1020,TWB_ICT4,TWB_PCBA_ICT,PN-337126,00F01806,00F01806,PN-337126,00F01806,M75,FAILED ANALOG POWERED TEST,PROCESS,PN-27795,00F01806T-20180329215217,U5,1,M12,483,483,3.1,-2.2,127,GOOD,GOOD,111.2256,155.1533,91.04323000000001,0,0.9055,3/30/2018 3:10
23393,1020,FP9,TOP,4009126096,3/29/2018 0:26,1522282500,TWB_SM3,TWB_PCBA_SM3_TOP_FP,TWB_PCBA_TOP_FP9,1020,TWB_ICT4,TWB_PCBA_ICT,PN-337126,00F01806,00F01806,PN-337126,00F01806,M75,FAILED ANALOG POWERED TEST,PROCESS,PN-27795,00F01806T-20180329215217,U5,1,R10,483,483,7.59,-3.44,127,GOOD,GOOD,107.6053,139.4291,98.01308,0,0.9055,3/30/2018 3:10
23857,1020,FP9,TOP,4009126096,3/29/2018 0:26,1522282500,TWB_SM3,TWB_PCBA_SM3_TOP_FP,TWB_PCBA_TOP_FP9,1020,TWB_ICT4,TWB_PCBA_ICT,PN-337126,00F01806,00F01806,PN-337126,00F01806,M75,FAILED ANALOG POWERED TEST,PROCESS,PN-27795,00F01806T-20180329215217,U5,1,E4,483,483,3.25,-10.16,127,GOOD,GOOD,112.2115,151.336,94.16702,0,0.9055,3/30/2018 3:10
23869,1020,FP9,TOP,4009126096,3/29/2018 0:26,1522282500,TWB_SM3,TWB_PCBA_SM3_TOP_FP,TWB_PCBA_TOP_FP9,1020,TWB_ICT4,TWB_PCBA_ICT,PN-337126,00F01806,00F01806,PN-337126,00F01806,M75,FAILED ANALOG POWERED TEST,PROCESS,PN-27795,00F01806T-20180329215217,U5,1,F14,483,483,-4.26,5.41,127,GOOD,GOOD,110.2977,147.9929,94.65193000000001,0,0.9055,3/30/2018 3:10
23872,1020,FP9,TOP,4009126096,3/29/2018 0:26,1522282500,TWB_SM3,TWB_PCBA_SM3_TOP_FP,TWB_PCBA_TOP_FP9,1020,TWB_ICT4,TWB_PCBA_ICT,PN-337126,00F01806,00F01806,PN-337126,00F01806,M75,FAILED ANALOG POWERED TEST,PROCESS,PN-27795,00F01806T-20180329215217,U5,1,K9,483,483,-7.76,-4.91,127,GOOD,GOOD,107.6854,142.2462,96.14352,0,0.9055,3/30/2018 3:10
23906,1020,FP9,TOP,4009126096,3/29/2018 0:26,1522282500,TWB_SM3,TWB_PCBA_SM3_TOP_FP,TWB_PCBA_TOP_FP9,1020,TWB_ICT4,TWB_PCBA_ICT,PN-337126,00F01806,00F01806,PN-337126,00F01806,M75,FAILED ANALOG POWERED TEST,PROCESS,PN-27795,00F01806T-20180329215217,U5,1,H8,483,483,-2.94,-5.39,127,GOOD,GOOD,111.4402,149.07299999999998,94.9394,0,0.9055,3/30/2018 3:10
24278,1020,FP9,TOP,4009126096,3/29/2018 0:26,1522282500,TWB_SM3,TWB_PCBA_SM3_TOP_FP,TWB_PCBA_TOP_FP9,1020,TWB_ICT4,TWB_PCBA_ICT,PN-337126,00F01806,00F01806,PN-337126,00F01806,M75,FAILED ANALOG POWERED TEST,PROCESS,PN-27795,00F01806T-20180329215217,U5,1,J10,483,483,-5.74,-3.73,127,GOOD,GOOD,106.4417,146.39,92.34303,0,0.9055,3/30/2018 3:10
24279,1020,FP9,TOP,4009126096,3/29/2018 0:26,1522282500,TWB_SM3,TWB_PCBA_SM3_TOP_FP,TWB_PCBA_TOP_FP9,1020,TWB_ICT4,TWB_PCBA_ICT,PN-337126,00F01806,00F01806,PN-337126,00F01806,M75,FAILED ANALOG POWERED TEST,PROCESS,PN-27795,00F01806T-20180329215217,U5,1,J3,483,483,-1.61,4.98,127,GOOD,GOOD,121.4638,156.944,98.2892,0,0.9055,3/30/2018 3:10
24280,1020,FP9,TOP,4009126096,3/29/2018 0:26,1522282500,TWB_SM3,TWB_PCBA_SM3_TOP_FP,TWB_PCBA_TOP_FP9,1020,TWB_ICT4,TWB_PCBA_ICT,PN-337126,00F01806,00F01806,PN-337126,00F01806,M75,FAILED ANALOG POWERED TEST,PROCESS,PN-27795,00F01806T-20180329215217,U5,1,R15,483,483,4.64,4.63,127,GOOD,GOOD,110.6033,145.8634,96.2998,0,0.9055,3/30/2018 3:10
24403,1020,FP9,TOP,4009126096,3/29/2018 0:26,1522282500,TWB_SM3,TWB_PCBA_SM3_TOP_FP,TWB_PCBA_TOP_FP9,1020,TWB_ICT4,TWB_PCBA_ICT,PN-337126,00F01806,00F01806,PN-337126,00F01806,M75,FAILED ANALOG POWERED TEST,PROCESS,PN-27795,00F01806T-20180329215217,U5,1,T7,483,483,6.75,10.17,127,GOOD,GOOD,107.6109,145.7985,93.73617,0,0.9055,3/30/2018 3:10
24528,1020,FP9,TOP,4009126096,3/29/2018 0:26,1522282500,TWB_SM3,TWB_PCBA_SM3_TOP_FP,TWB_PCBA_TOP_FP9,1020,TWB_ICT4,TWB_PCBA_ICT,PN-337126,00F01806,00F01806,PN-337126,00F01806,M75,FAILED ANALOG POWERED TEST,PROCESS,PN-27795,00F01806T-20180329215217,U5,1,J2,483,483,-2.01,3.36,127,GOOD,GOOD,114.7124,154.7817,94.12268,0,0.9055,3/30/2018 3:10
24529,1020,FP9,TOP,4009126096,3/29/2018 0:26,1522282500,TWB_SM3,TWB_PCBA_SM3_TOP_FP,TWB_PCBA_TOP_FP9,1020,TWB_ICT4,TWB_PCBA_ICT,PN-337126,00F01806,00F01806,PN-337126,00F01806,M75,FAILED ANALOG POWERED TEST,PROCESS,PN-27795,00F01806T-20180329215217,U5,1,R14,483,483,4.23,3.02,127,GOOD,GOOD,102.1664,141.9589,91.40063,0,0.9055,3/30/2018 3:10
24865,1020,FP9,TOP,4009126096,3/29/2018 0:26,1522282500,TWB_SM3,TWB_PCBA_SM3_TOP_FP,TWB_PCBA_TOP_FP9,1020,TWB_ICT4,TWB_PCBA_ICT,PN-337126,00F01806,00F01806,PN-337126,00F01806,M75,FAILED ANALOG POWERED TEST,PROCESS,PN-27795,00F01806T-20180329215217,U5,1,N13,483,483,-0.07,2.53,127,GOOD,GOOD,112.01299999999999,141.1839,100.7598,0,0.9055,3/30/2018 3:10
24871,1020,FP9,TOP,4009126096,3/29/2018 0:26,1522282500,TWB_SM3,TWB_PCBA_SM3_TOP_FP,TWB_PCBA_TOP_FP9,1020,TWB_ICT4,TWB_PCBA_ICT,PN-337126,00F01806,00F01806,PN-337126,00F01806,M75,FAILED ANALOG POWERED TEST,PROCESS,PN-27795,00F01806T-20180329215217,U5,1,D2,483,483,6.06,-13.82,127,GOOD,GOOD,104.3045,140.16,94.51102,0,0.9055,3/30/2018 3:10
24882,1020,FP9,TOP,4009126096,3/29/2018 0:26,1522282500,TWB_SM3,TWB_PCBA_SM3_TOP_FP,TWB_PCBA_TOP_FP9,1020,TWB_ICT4,TWB_PCBA_ICT,PN-337126,00F01806,00F01806,PN-337126,00F01806,M75,FAILED ANALOG POWERED TEST,PROCESS,PN-27795,00F01806T-20180329215217,U5,1,C4,483,483,2.34,-9.03,127,GOOD,GOOD,111.6179,146.2166,96.94848,0,0.9055,3/30/2018 3:10
24898,1020,FP9,TOP,4009126096,3/29/2018 0:26,1522282500,TWB_SM3,TWB_PCBA_SM3_TOP_FP,TWB_PCBA_TOP_FP9,1020,TWB_ICT4,TWB_PCBA_ICT,PN-337126,00F01806,00F01806,PN-337126,00F01806,M75,FAILED ANALOG POWERED TEST,PROCESS,PN-27795,00F01806T-20180329215217,U5,1,C6,483,483,5.31,-5.81,127,GOOD,GOOD,108.7164,142.2245,97.07885999999999,0,0.9055,3/30/2018 3:10
24907,1020,FP9,TOP,4009126096,3/29/2018 0:26,1522282500,TWB_SM3,TWB_PCBA_SM3_TOP_FP,TWB_PCBA_TOP_FP9,1020,TWB_ICT4,TWB_PCBA_ICT,PN-337126,00F01806,00F01806,PN-337126,00F01806,M75,FAILED ANALOG POWERED TEST,PROCESS,PN-27795,00F01806T-20180329215217,U5,1,E2,483,483,4.44,6.62,127,GOOD,GOOD,107.6707,148.5097,92.07601,0,0.9055,3/30/2018 3:10
25126,1020,FP9,TOP,4009126096,3/29/2018 0:26,1522282500,TWB_SM3,TWB_PCBA_SM3_TOP_FP,TWB_PCBA_TOP_FP9,1020,TWB_ICT4,TWB_PCBA_ICT,PN-337126,00F01806,00F01806,PN-337126,00F01806,M75,FAILED ANALOG POWERED TEST,PROCESS,PN-27795,00F01806T-20180329215217,U5,1,M2,483,483,-6.85,1.67,127,GOOD,GOOD,111.4755,148.4242,95.38467,0,0.9055,3/30/2018 3:10
25133,1020,FP9,TOP,4009126096,3/29/2018 0:26,1522282500,TWB_SM3,TWB_PCBA_SM3_TOP_FP,TWB_PCBA_TOP_FP9,1020,TWB_ICT4,TWB_PCBA_ICT,PN-337126,00F01806,00F01806,PN-337126,00F01806,M75,FAILED ANALOG POWERED TEST,PROCESS,PN-27795,00F01806T-20180329215217,U5,1,T5,483,483,-0.18,6.95,127,GOOD,GOOD,118.6654,149.7291,100.6518,0,0.9055,3/30/2018 3:10
25349,1020,FP9,TOP,4009126096,3/29/2018 0:26,1522282500,TWB_SM3,TWB_PCBA_SM3_TOP_FP,TWB_PCBA_TOP_FP9,1020,TWB_ICT4,TWB_PCBA_ICT,PN-337126,00F01806,00F01806,PN-337126,00F01806,M75,FAILED ANALOG POWERED TEST,PROCESS,PN-27795,00F01806T-20180329215217,U5,1,G11,483,483,-4.1,-0.99,127,GOOD,GOOD,110.5507,148.083,94.81125,0,0.9055,3/30/2018 3:10
25391,1020,FP9,TOP,4009126096,3/29/2018 0:26,1522282500,TWB_SM3,TWB_PCBA_SM3_TOP_FP,TWB_PCBA_TOP_FP9,1020,TWB_ICT4,TWB_PCBA_ICT,PN-337126,00F01806,00F01806,PN-337126,00F01806,M75,FAILED ANALOG POWERED TEST,PROCESS,PN-27795,00F01806T-20180329215217,U5,1,N3,483,483,-5.04,6.4,127,GOOD,GOOD,113.7048,151.9775,95.01741,0,0.9055,3/30/2018 3:10
25720,1020,FP9,TOP,4009126096,3/29/2018 0:26,1522282500,TWB_SM3,TWB_PCBA_SM3_TOP_FP,TWB_PCBA_TOP_FP9,1020,TWB_ICT4,TWB_PCBA_ICT,PN-337126,00F01806,00F01806,PN-337126,00F01806,M75,FAILED ANALOG POWERED TEST,PROCESS,PN-27795,00F01806T-20180329215217,U5,1,F10,483,483,-0.9,-1.04,127,GOOD,GOOD,109.1245,145.4548,95.27917,0,0.9055,3/30/2018 3:10
25721,1020,FP9,TOP,4009126096,3/29/2018 0:26,1522282500,TWB_SM3,TWB_PCBA_SM3_TOP_FP,TWB_PCBA_TOP_FP9,1020,TWB_ICT4,TWB_PCBA_ICT,PN-337126,00F01806,00F01806,PN-337126,00F01806,M75,FAILED ANALOG POWERED TEST,PROCESS,PN-27795,00F01806T-20180329215217,U5,1,N15,483,483,7.86,5.76,127,GOOD,GOOD,105.7096,144.3297,93.01704000000001,0,0.9055,3/30/2018 3:10
25935,1020,FP9,TOP,4009126096,3/29/2018 0:26,1522282500,TWB_SM3,TWB_PCBA_SM3_TOP_FP,TWB_PCBA_TOP_FP9,1020,TWB_ICT4,TWB_PCBA_ICT,PN-337126,00F01806,00F01806,PN-337126,00F01806,M75,FAILED ANALOG POWERED TEST,PROCESS,PN-27795,00F01806T-20180329215217,U5,1,T2,483,483,9.7,2.1,127,GOOD,GOOD,112.2767,154.7724,92.1297,0,0.9055,3/30/2018 3:10
26234,1020,FP9,TOP,4009126096,3/29/2018 0:26,1522282500,TWB_SM3,TWB_PCBA_SM3_TOP_FP,TWB_PCBA_TOP_FP9,1020,TWB_ICT4,TWB_PCBA_ICT,PN-337126,00F01806,00F01806,PN-337126,00F01806,M75,FAILED ANALOG POWERED TEST,PROCESS,PN-27795,00F01806T-20180329215217,U5,1,R9,483,483,4.7,-5.05,127,GOOD,GOOD,111.6004,145.7574,97.23866,0,0.9055,3/30/2018 3:10
26701,1020,FP9,TOP,4009126096,3/29/2018 0:26,1522282500,TWB_SM3,TWB_PCBA_SM3_TOP_FP,TWB_PCBA_TOP_FP9,1020,TWB_ICT4,TWB_PCBA_ICT,PN-337126,00F01806,00F01806,PN-337126,00F01806,M75,FAILED ANALOG POWERED TEST,PROCESS,PN-27795,00F01806T-20180329215217,U5,1,H4,483,483,-1.59,-11.85,127,GOOD,GOOD,121.2958,170.1893,90.51432,0,0.9055,3/30/2018 3:10
26934,1020,FP9,TOP,4009126096,3/29/2018 0:26,1522282500,TWB_SM3,TWB_PCBA_SM3_TOP_FP,TWB_PCBA_TOP_FP9,1020,TWB_ICT4,TWB_PCBA_ICT,PN-337126,00F01806,00F01806,PN-337126,00F01806,M75,FAILED ANALOG POWERED TEST,PROCESS,PN-27795,00F01806T-20180329215217,U5,1,D13,483,483,-1.93,3.93,127,GOOD,GOOD,112.1008,144.3571,98.62206,0,0.9055,3/30/2018 3:10
27075,1020,FP9,TOP,4009126096,3/29/2018 0:26,1522282500,TWB_SM3,TWB_PCBA_SM3_TOP_FP,TWB_PCBA_TOP_FP9,1020,TWB_ICT4,TWB_PCBA_ICT,PN-337126,00F01806,00F01806,PN-337126,00F01806,M75,FAILED ANALOG POWERED TEST,PROCESS,PN-27795,00F01806T-20180329215217,U5,1,J12,483,483,-7.92,-0.51,127,GOOD,GOOD,118.2947,152.267,98.66503,0,0.9055,3/30/2018 3:10
27076,1020,FP9,TOP,4009126096,3/29/2018 0:26,1522282500,TWB_SM3,TWB_PCBA_SM3_TOP_FP,TWB_PCBA_TOP_FP9,1020,TWB_ICT4,TWB_PCBA_ICT,PN-337126,00F01806,00F01806,PN-337126,00F01806,M75,FAILED ANALOG POWERED TEST,PROCESS,PN-27795,00F01806T-20180329215217,U5,1,J5,483,483,-5.26,-11.8,127,GOOD,GOOD,114.4548,151.4261,95.99246,0,0.9055,3/30/2018 3:10
27271,1020,FP9,TOP,4009126096,3/29/2018 0:26,1522282500,TWB_SM3,TWB_PCBA_SM3_TOP_FP,TWB_PCBA_TOP_FP9,1020,TWB_ICT4,TWB_PCBA_ICT,PN-337126,00F01806,00F01806,PN-337126,00F01806,M75,FAILED ANALOG POWERED TEST,PROCESS,PN-27795,00F01806T-20180329215217,U5,1,N8,483,483,5.37,-5.53,127,GOOD,GOOD,107.2435,144.0928,94.52190999999999,0,0.9055,3/30/2018 3:10
27609,1020,FP9,TOP,4009126096,3/29/2018 0:26,1522282500,TWB_SM3,TWB_PCBA_SM3_TOP_FP,TWB_PCBA_TOP_FP9,1020,TWB_ICT4,TWB_PCBA_ICT,PN-337126,00F01806,00F01806,PN-337126,00F01806,M75,FAILED ANALOG POWERED TEST,PROCESS,PN-27795,00F01806T-20180329215217,U5,1,K10,483,483,-7.35,-3.3,127,GOOD,GOOD,111.9512,145.8305,97.49543,0,0.9055,3/30/2018 3:10
27678,1020,FP9,TOP,4009126096,3/29/2018 0:26,1522282500,TWB_SM3,TWB_PCBA_SM3_TOP_FP,TWB_PCBA_TOP_FP9,1020,TWB_ICT4,TWB_PCBA_ICT,PN-337126,00F01806,00F01806,PN-337126,00F01806,M75,FAILED ANALOG POWERED TEST,PROCESS,PN-27795,00F01806T-20180329215217,U5,1,H7,483,483,-3.35,-7.01,127,GOOD,GOOD,112.6097,151.2503,94.55478000000001,0,0.9055,3/30/2018 3:10
27686,1020,FP9,TOP,4009126096,3/29/2018 0:26,1522282500,TWB_SM3,TWB_PCBA_SM3_TOP_FP,TWB_PCBA_TOP_FP9,1020,TWB_ICT4,TWB_PCBA_ICT,PN-337126,00F01806,00F01806,PN-337126,00F01806,M75,FAILED ANALOG POWERED TEST,PROCESS,PN-27795,00F01806T-20180329215217,U5,1,D9,483,483,-1.39,-2.53,127,GOOD,GOOD,107.2633,139.7275,97.49289,0,0.9055,3/30/2018 3:10
27692,1020,FP9,TOP,4009126096,3/29/2018 0:26,1522282500,TWB_SM3,TWB_PCBA_SM3_TOP_FP,TWB_PCBA_TOP_FP9,1020,TWB_ICT4,TWB_PCBA_ICT,PN-337126,00F01806,00F01806,PN-337126,00F01806,M75,FAILED ANALOG POWERED TEST,PROCESS,PN-27795,00F01806T-20180329215217,U5,1,A9,483,483,5.93,0.16,127,GOOD,GOOD,105.7068,138.0006,97.28049,0,0.9055,3/30/2018 3:10
27693,1020,FP9,TOP,4009126096,3/29/2018 0:26,1522282500,TWB_SM3,TWB_PCBA_SM3_TOP_FP,TWB_PCBA_TOP_FP9,1020,TWB_ICT4,TWB_PCBA_ICT,PN-337126,00F01806,00F01806,PN-337126,00F01806,M75,FAILED ANALOG POWERED TEST,PROCESS,PN-27795,00F01806T-20180329215217,U5,1,L13,483,483,0.15,0.98,127,GOOD,GOOD,114.4924,148.8127,97.71033,0,0.9055,3/30/2018 3:10
28004,1020,FP9,TOP,4009126096,3/29/2018 0:26,1522282500,TWB_SM3,TWB_PCBA_SM3_TOP_FP,TWB_PCBA_TOP_FP9,1020,TWB_ICT4,TWB_PCBA_ICT,PN-337126,00F01806,00F01806,PN-337126,00F01806,M75,FAILED ANALOG POWERED TEST,PROCESS,PN-27795,00F01806T-20180329215217,U5,1,D5,483,483,4.46,-8.98,127,GOOD,GOOD,110.1355,142.6354,98.06268,0,0.9055,3/30/2018 3:10
28010,1020,FP9,TOP,4009126096,3/29/2018 0:26,1522282500,TWB_SM3,TWB_PCBA_SM3_TOP_FP,TWB_PCBA_TOP_FP9,1020,TWB_ICT4,TWB_PCBA_ICT,PN-337126,00F01806,00F01806,PN-337126,00F01806,M75,FAILED ANALOG POWERED TEST,PROCESS,PN-27795,00F01806T-20180329215217,U5,1,P1,483,483,-6.48,1.62,127,GOOD,GOOD,104.3971,146.1587,90.71252,0,0.9055,3/30/2018 3:10
28335,1020,FP9,TOP,4009126096,3/29/2018 0:26,1522282500,TWB_SM3,TWB_PCBA_SM3_TOP_FP,TWB_PCBA_TOP_FP9,1020,TWB_ICT4,TWB_PCBA_ICT,PN-337126,00F01806,00F01806,PN-337126,00F01806,M75,FAILED ANALOG POWERED TEST,PROCESS,PN-27795,00F01806T-20180329215217,U5,1,G9,483,483,-2.92,-4.22,127,GOOD,GOOD,118.3554,148.1794,101.4388,0,0.9055,3/30/2018 3:10
28358,1020,FP9,TOP,4009126096,3/29/2018 0:26,1522282500,TWB_SM3,TWB_PCBA_SM3_TOP_FP,TWB_PCBA_TOP_FP9,1020,TWB_ICT4,TWB_PCBA_ICT,PN-337126,00F01806,00F01806,PN-337126,00F01806,M75,FAILED ANALOG POWERED TEST,PROCESS,PN-27795,00F01806T-20180329215217,U5,1,M7,483,483,4.4,-10.27,127,GOOD,GOOD,108.6077,143.126,96.37089,0,0.9055,3/30/2018 3:10
28513,1020,FP9,TOP,4009126096,3/29/2018 0:26,1522282500,TWB_SM3,TWB_PCBA_SM3_TOP_FP,TWB_PCBA_TOP_FP9,1020,TWB_ICT4,TWB_PCBA_ICT,PN-337126,00F01806,00F01806,PN-337126,00F01806,M75,FAILED ANALOG POWERED TEST,PROCESS,PN-27795,00F01806T-20180329215217,U5,1,H9,483,483,-4.53,-3.78,127,GOOD,GOOD,106.7203,147.2326,92.05489,0,0.9055,3/30/2018 3:10
28672,1020,FP9,TOP,4009126096,3/29/2018 0:26,1522282500,TWB_SM3,TWB_PCBA_SM3_TOP_FP,TWB_PCBA_TOP_FP9,1020,TWB_ICT4,TWB_PCBA_ICT,PN-337126,00F01806,00F01806,PN-337126,00F01806,M75,FAILED ANALOG POWERED TEST,PROCESS,PN-27795,00F01806T-20180329215217,U5,1,D10,483,483,-0.98,-0.91,127,GOOD,GOOD,111.3624,142.797,99.04288000000001,0,0.9055,3/30/2018 3:10
28673,1020,FP9,TOP,4009126096,3/29/2018 0:26,1522282500,TWB_SM3,TWB_PCBA_SM3_TOP_FP,TWB_PCBA_TOP_FP9,1020,TWB_ICT4,TWB_PCBA_ICT,PN-337126,00F01806,00F01806,PN-337126,00F01806,M75,FAILED ANALOG POWERED TEST,PROCESS,PN-27795,00F01806T-20180329215217,U5,1,L15,483,483,8.08,4.2,127,GOOD,GOOD,107.0864,143.1467,95.00725,0,0.9055,3/30/2018 3:10
28722,1020,FP9,TOP,4009126096,3/29/2018 0:26,1522282500,TWB_SM3,TWB_PCBA_SM3_TOP_FP,TWB_PCBA_TOP_FP9,1020,TWB_ICT4,TWB_PCBA_ICT,PN-337126,00F01806,00F01806,PN-337126,00F01806,M75,FAILED ANALOG POWERED TEST,PROCESS,PN-27795,00F01806T-20180329215217,U5,1,E16,483,483,-3.83,-10.8,127,GOOD,GOOD,100.8786,144.9328,88.39668,0,0.9055,3/30/2018 3:10
28728,1020,FP9,TOP,4009126096,3/29/2018 0:26,1522282500,TWB_SM3,TWB_PCBA_SM3_TOP_FP,TWB_PCBA_TOP_FP9,1020,TWB_ICT4,TWB_PCBA_ICT,PN-337126,00F01806,00F01806,PN-337126,00F01806,M75,FAILED ANALOG POWERED TEST,PROCESS,PN-27795,00F01806T-20180329215217,U5,1,D12,483,483,-5.65,2.31,127,GOOD,GOOD,112.7158,142.5244,100.4383,0,0.9055,3/30/2018 3:10
28955,1020,FP9,TOP,4009126096,3/29/2018 0:26,1522282500,TWB_SM3,TWB_PCBA_SM3_TOP_FP,TWB_PCBA_TOP_FP9,1020,TWB_ICT4,TWB_PCBA_ICT,PN-337126,00F01806,00F01806,PN-337126,00F01806,M75,FAILED ANALOG POWERED TEST,PROCESS,PN-27795,00F01806T-20180329215217,U5,1,D4,483,483,4.87,-10.59,127,GOOD,GOOD,112.29700000000001,145.162,98.24689000000001,0,0.9055,3/30/2018 3:10
28963,1020,FP9,TOP,4009126096,3/29/2018 0:26,1522282500,TWB_SM3,TWB_PCBA_SM3_TOP_FP,TWB_PCBA_TOP_FP9,1020,TWB_ICT4,TWB_PCBA_ICT,PN-337126,00F01806,00F01806,PN-337126,00F01806,M75,FAILED ANALOG POWERED TEST,PROCESS,PN-27795,00F01806T-20180329215217,U5,1,G5,483,483,0.45,-10.67,127,GOOD,GOOD,106.6804,143.3378,94.52085,0,0.9055,3/30/2018 3:10
29342,1020,FP9,TOP,4009126096,3/29/2018 0:26,1522282500,TWB_SM3,TWB_PCBA_SM3_TOP_FP,TWB_PCBA_TOP_FP9,1020,TWB_ICT4,TWB_PCBA_ICT,PN-337126,00F01806,00F01806,PN-337126,00F01806,M75,FAILED ANALOG POWERED TEST,PROCESS,PN-27795,00F01806T-20180329215217,U5,1,A15,483,483,4.21,-10.16,127,GOOD,GOOD,102.4552,141.4731,91.9738,0,0.9055,3/30/2018 3:10
29343,1020,FP9,TOP,4009126096,3/29/2018 0:26,1522282500,TWB_SM3,TWB_PCBA_SM3_TOP_FP,TWB_PCBA_TOP_FP9,1020,TWB_ICT4,TWB_PCBA_ICT,PN-337126,00F01806,00F01806,PN-337126,00F01806,M75,FAILED ANALOG POWERED TEST,PROCESS,PN-27795,00F01806T-20180329215217,U5,1,F7,483,483,-0.12,-5.88,127,GOOD,GOOD,109.0986,142.0291,97.55404,0,0.9055,3/30/2018 3:10
29670,1020,FP9,TOP,4009126096,3/29/2018 0:26,1522282500,TWB_SM3,TWB_PCBA_SM3_TOP_FP,TWB_PCBA_TOP_FP9,1020,TWB_ICT4,TWB_PCBA_ICT,PN-337126,00F01806,00F01806,PN-337126,00F01806,M75,FAILED ANALOG POWERED TEST,PROCESS,PN-27795,00F01806T-20180329215217,U5,1,H3,483,483,-3.31,-13.46,127,GOOD,GOOD,113.9598,144.8938,99.8862,0,0.9055,3/30/2018 3:10
29675,1020,FP9,TOP,4009126096,3/29/2018 0:26,1522282500,TWB_SM3,TWB_PCBA_SM3_TOP_FP,TWB_PCBA_TOP_FP9,1020,TWB_ICT4,TWB_PCBA_ICT,PN-337126,00F01806,00F01806,PN-337126,00F01806,M75,FAILED ANALOG POWERED TEST,PROCESS,PN-27795,00F01806T-20180329215217,U5,1,G4,483,483,0.03,-12.29,127,GOOD,GOOD,122.1921,163.33,95.01247,0,0.9055,3/30/2018 3:10
29701,1020,FP9,TOP,4009126096,3/29/2018 0:26,1522282500,TWB_SM3,TWB_PCBA_SM3_TOP_FP,TWB_PCBA_TOP_FP9,1020,TWB_ICT4,TWB_PCBA_ICT,PN-337126,00F01806,00F01806,PN-337126,00F01806,M75,FAILED ANALOG POWERED TEST,PROCESS,PN-27795,00F01806T-20180329215217,U5,1,P14,483,483,2.53,2.59,127,GOOD,GOOD,108.0086,142.6307,96.17206999999999,0,0.9055,3/30/2018 3:10
29970,1020,FP9,TOP,4009126096,3/29/2018 0:26,1522282500,TWB_SM3,TWB_PCBA_SM3_TOP_FP,TWB_PCBA_TOP_FP9,1020,TWB_ICT4,TWB_PCBA_ICT,PN-337126,00F01806,00F01806,PN-337126,00F01806,M75,FAILED ANALOG POWERED TEST,PROCESS,PN-27795,00F01806T-20180329215217,U5,1,F16,483,483,-5.44,-11.36,127,GOOD,GOOD,100.6749,138.2975,92.45085,0,0.9055,3/30/2018 3:10
29988,1020,FP9,TOP,4009126096,3/29/2018 0:26,1522282500,TWB_SM3,TWB_PCBA_SM3_TOP_FP,TWB_PCBA_TOP_FP9,1020,TWB_ICT4,TWB_PCBA_ICT,PN-337126,00F01806,00F01806,PN-337126,00F01806,M75,FAILED ANALOG POWERED TEST,PROCESS,PN-27795,00F01806T-20180329215217,U5,1,T3,483,483,10.13,3.72,127,GOOD,GOOD,112.2022,149.6291,95.23336,0,0.9055,3/30/2018 3:10
30019,1020,FP9,TOP,4009126096,3/29/2018 0:26,1522282500,TWB_SM3,TWB_PCBA_SM3_TOP_FP,TWB_PCBA_TOP_FP9,1020,TWB_ICT4,TWB_PCBA_ICT,PN-337126,00F01806,00F01806,PN-337126,00F01806,M75,FAILED ANALOG POWERED TEST,PROCESS,PN-27795,00F01806T-20180329215217,U5,1,N7,483,483,-8.41,12.86,127,GOOD,GOOD,113.1756,143.2521,100.3357,0,0.9055,3/30/2018 3:10
30324,1020,FP9,TOP,4009126096,3/29/2018 0:26,1522282500,TWB_SM3,TWB_PCBA_SM3_TOP_FP,TWB_PCBA_TOP_FP9,1020,TWB_ICT4,TWB_PCBA_ICT,PN-337126,00F01806,00F01806,PN-337126,00F01806,M75,FAILED ANALOG POWERED TEST,PROCESS,PN-27795,00F01806T-20180329215217,U5,1,F2,483,483,2.83,6.05,127,GOOD,GOOD,118.0046,149.5216,100.2302,0,0.9055,3/30/2018 3:10
30342,1020,FP9,TOP,4009126096,3/29/2018 0:26,1522282500,TWB_SM3,TWB_PCBA_SM3_TOP_FP,TWB_PCBA_TOP_FP9,1020,TWB_ICT4,TWB_PCBA_ICT,PN-337126,00F01806,00F01806,PN-337126,00F01806,M75,FAILED ANALOG POWERED TEST,PROCESS,PN-27795,00F01806T-20180329215217,U5,1,P10,483,483,5.89,-3.86,127,GOOD,GOOD,105.8389,137.6544,97.64698,0,0.9055,3/30/2018 3:10
30430,1020,FP9,TOP,4009126096,3/29/2018 0:26,1522282500,TWB_SM3,TWB_PCBA_SM3_TOP_FP,TWB_PCBA_TOP_FP9,1020,TWB_ICT4,TWB_PCBA_ICT,PN-337126,00F01806,00F01806,PN-337126,00F01806,M75,FAILED ANALOG POWERED TEST,PROCESS,PN-27795,00F01806T-20180329215217,U5,1,G2,483,483,1.22,4.49,127,GOOD,GOOD,113.5728,148.1858,97.33558000000001,0,0.9055,3/30/2018 3:10
30679,1020,FP9,TOP,4009126096,3/29/2018 0:26,1522282500,TWB_SM3,TWB_PCBA_SM3_TOP_FP,TWB_PCBA_TOP_FP9,1020,TWB_ICT4,TWB_PCBA_ICT,PN-337126,00F01806,00F01806,PN-337126,00F01806,M75,FAILED ANALOG POWERED TEST,PROCESS,PN-27795,00F01806T-20180329215217,U5,1,M5,483,483,-7.61,-13.49,127,GOOD,GOOD,108.6113,148.7742,92.71524000000001,0,0.9055,3/30/2018 3:10
31004,1020,FP9,TOP,4009126096,3/29/2018 0:26,1522282500,TWB_SM3,TWB_PCBA_SM3_TOP_FP,TWB_PCBA_TOP_FP9,1020,TWB_ICT4,TWB_PCBA_ICT,PN-337126,00F01806,00F01806,PN-337126,00F01806,M75,FAILED ANALOG POWERED TEST,PROCESS,PN-27795,00F01806T-20180329215217,U5,1,L9,483,483,-9.37,-5.48,127,GOOD,GOOD,105.6991,144.0217,93.20673000000001,0,0.9055,3/30/2018 3:10
31031,1020,FP9,TOP,4009126096,3/29/2018 0:26,1522282500,TWB_SM3,TWB_PCBA_SM3_TOP_FP,TWB_PCBA_TOP_FP9,1020,TWB_ICT4,TWB_PCBA_ICT,PN-337126,00F01806,00F01806,PN-337126,00F01806,M75,FAILED ANALOG POWERED TEST,PROCESS,PN-27795,00F01806T-20180329215217,U5,1,G3,483,483,1.62,-13.9,127,GOOD,GOOD,119.3021,156.6996,96.69046999999999,0,0.9055,3/30/2018 3:10
31216,1020,FP9,TOP,4009126096,3/29/2018 0:26,1522282500,TWB_SM3,TWB_PCBA_SM3_TOP_FP,TWB_PCBA_TOP_FP9,1020,TWB_ICT4,TWB_PCBA_ICT,PN-337126,00F01806,00F01806,PN-337126,00F01806,M75,FAILED ANALOG POWERED TEST,PROCESS,PN-27795,00F01806T-20180329215217,U5,1,L2,483,483,-5.24,3.23,127,GOOD,GOOD,114.8519,153.7331,94.87998,0,0.9055,3/30/2018 3:10
31446,1020,FP9,TOP,4009126096,3/29/2018 0:26,1522282500,TWB_SM3,TWB_PCBA_SM3_TOP_FP,TWB_PCBA_TOP_FP9,1020,TWB_ICT4,TWB_PCBA_ICT,PN-337126,00F01806,00F01806,PN-337126,00F01806,M75,FAILED ANALOG POWERED TEST,PROCESS,PN-27795,00F01806T-20180329215217,U5,1,B9,483,483,5.15,-1.4,127,GOOD,GOOD,104.4587,140.7455,94.257,0,0.9055,3/30/2018 3:10
31794,1020,FP9,TOP,4009126096,3/29/2018 0:26,1522282500,TWB_SM3,TWB_PCBA_SM3_TOP_FP,TWB_PCBA_TOP_FP9,1020,TWB_ICT4,TWB_PCBA_ICT,PN-337126,00F01806,00F01806,PN-337126,00F01806,M75,FAILED ANALOG POWERED TEST,PROCESS,PN-27795,00F01806T-20180329215217,U5,1,J11,483,483,-7.33,-2.12,127,GOOD,GOOD,106.6622,145.0098,93.41505,0,0.9055,3/30/2018 3:10
31795,1020,FP9,TOP,4009126096,3/29/2018 0:26,1522282500,TWB_SM3,TWB_PCBA_SM3_TOP_FP,TWB_PCBA_TOP_FP9,1020,TWB_ICT4,TWB_PCBA_ICT,PN-337126,00F01806,00F01806,PN-337126,00F01806,M75,FAILED ANALOG POWERED TEST,PROCESS,PN-27795,00F01806T-20180329215217,U5,1,J4,483,483,-3.2,-13.41,127,GOOD,GOOD,120.2284,153.789,99.28548,0,0.9055,3/30/2018 3:10
31796,1020,FP9,TOP,4009126096,3/29/2018 0:26,1522282500,TWB_SM3,TWB_PCBA_SM3_TOP_FP,TWB_PCBA_TOP_FP9,1020,TWB_ICT4,TWB_PCBA_ICT,PN-337126,00F01806,00F01806,PN-337126,00F01806,M75,FAILED ANALOG POWERED TEST,PROCESS,PN-27795,00F01806T-20180329215217,U5,1,R16,483,483,3.04,6.24,127,GOOD,GOOD,110.0939,148.917,93.89075,0,0.9055,3/30/2018 3:10
31831,1020,FP9,TOP,4009126096,3/29/2018 0:26,1522282500,TWB_SM3,TWB_PCBA_SM3_TOP_FP,TWB_PCBA_TOP_FP9,1020,TWB_ICT4,TWB_PCBA_ICT,PN-337126,00F01806,00F01806,PN-337126,00F01806,M75,FAILED ANALOG POWERED TEST,PROCESS,PN-27795,00F01806T-20180329215217,U5,1,T4,483,483,8.53,5.33,127,GOOD,GOOD,101.8148,140.2156,92.21855,0,0.9055,3/30/2018 3:10
31899,1020,FP9,TOP,4009126096,3/29/2018 0:26,1522282500,TWB_SM3,TWB_PCBA_SM3_TOP_FP,TWB_PCBA_TOP_FP9,1020,TWB_ICT4,TWB_PCBA_ICT,PN-337126,00F01806,00F01806,PN-337126,00F01806,M75,FAILED ANALOG POWERED TEST,PROCESS,PN-27795,00F01806T-20180329215217,U5,1,N6,483,483,-7.82,11.24,127,GOOD,GOOD,118.4816,154.9075,97.13649000000001,0,0.9055,3/30/2018 3:10
32251,1020,FP9,TOP,4009126096,3/29/2018 0:26,1522282500,TWB_SM3,TWB_PCBA_SM3_TOP_FP,TWB_PCBA_TOP_FP9,1020,TWB_ICT4,TWB_PCBA_ICT,PN-337126,00F01806,00F01806,PN-337126,00F01806,M75,FAILED ANALOG POWERED TEST,PROCESS,PN-27795,00F01806T-20180329215217,U5,1,A16,483,483,2.62,-8.55,127,GOOD,GOOD,106.0183,138.1968,97.42863,0,0.9055,3/30/2018 3:10
32569,1020,FP9,TOP,4009126096,3/29/2018 0:26,1522282500,TWB_SM3,TWB_PCBA_SM3_TOP_FP,TWB_PCBA_TOP_FP9,1020,TWB_ICT4,TWB_PCBA_ICT,PN-337126,00F01806,00F01806,PN-337126,00F01806,M75,FAILED ANALOG POWERED TEST,PROCESS,PN-27795,00F01806T-20180329215217,U5,1,B7,483,483,6.33,-4.63,127,GOOD,GOOD,105.2044,139.1047,96.04971,0,0.9055,3/30/2018 3:10
32586,1020,FP9,TOP,4009126096,3/29/2018 0:26,1522282500,TWB_SM3,TWB_PCBA_SM3_TOP_FP,TWB_PCBA_TOP_FP9,1020,TWB_ICT4,TWB_PCBA_ICT,PN-337126,00F01806,00F01806,PN-337126,00F01806,M75,FAILED ANALOG POWERED TEST,PROCESS,PN-27795,00F01806T-20180329215217,U5,1,N12,483,483,5.32,0.92,127,GOOD,GOOD,108.2388,144.224,95.31233,0,0.9055,3/30/2018 3:10
32592,1020,FP9,TOP,4009126096,3/29/2018 0:26,1522282500,TWB_SM3,TWB_PCBA_SM3_TOP_FP,TWB_PCBA_TOP_FP9,1020,TWB_ICT4,TWB_PCBA_ICT,PN-337126,00F01806,00F01806,PN-337126,00F01806,M75,FAILED ANALOG POWERED TEST,PROCESS,PN-27795,00F01806T-20180329215217,U5,1,E6,483,483,-0.41,-6.93,127,GOOD,GOOD,109.3224,146.2793,94.91395,0,0.9055,3/30/2018 3:10
32602,1020,FP9,TOP,4009126096,3/29/2018 0:26,1522282500,TWB_SM3,TWB_PCBA_SM3_TOP_FP,TWB_PCBA_TOP_FP9,1020,TWB_ICT4,TWB_PCBA_ICT,PN-337126,00F01806,00F01806,PN-337126,00F01806,M75,FAILED ANALOG POWERED TEST,PROCESS,PN-27795,00F01806T-20180329215217,U5,1,A4,483,483,9.71,-7.91,127,GOOD,GOOD,104.5379,150.2931,88.33617,0,0.9055,3/30/2018 3:10
32603,1020,FP9,TOP,4009126096,3/29/2018 0:26,1522282500,TWB_SM3,TWB_PCBA_SM3_TOP_FP,TWB_PCBA_TOP_FP9,1020,TWB_ICT4,TWB_PCBA_ICT,PN-337126,00F01806,00F01806,PN-337126,00F01806,M75,FAILED ANALOG POWERED TEST,PROCESS,PN-27795,00F01806T-20180329215217,U5,1,T13,483,483,1.72,-0.15,127,GOOD,GOOD,111.5796,149.9214,94.52023,0,0.9055,3/30/2018 3:10
32739,1020,FP9,TOP,4009126096,3/29/2018 0:26,1522282500,TWB_SM3,TWB_PCBA_SM3_TOP_FP,TWB_PCBA_TOP_FP9,1020,TWB_ICT4,TWB_PCBA_ICT,PN-337126,00F01806,00F01806,PN-337126,00F01806,M75,FAILED ANALOG POWERED TEST,PROCESS,PN-27795,00F01806T-20180329215217,U5,1,H6,483,483,-2.76,-8.62,127,GOOD,GOOD,110.9139,149.9908,93.91286,0,0.9055,3/30/2018 3:10
32795,1020,FP9,TOP,4009126096,3/29/2018 0:26,1522282500,TWB_SM3,TWB_PCBA_SM3_TOP_FP,TWB_PCBA_TOP_FP9,1020,TWB_ICT4,TWB_PCBA_ICT,PN-337126,00F01806,00F01806,PN-337126,00F01806,M75,FAILED ANALOG POWERED TEST,PROCESS,PN-27795,00F01806T-20180329215217,U5,1,A11,483,483,3.92,3.39,127,GOOD,GOOD,106.0016,143.9775,93.50216999999999,0,0.9055,3/30/2018 3:10
32839,1020,FP9,TOP,4009126096,3/29/2018 0:26,1522282500,TWB_SM3,TWB_PCBA_SM3_TOP_FP,TWB_PCBA_TOP_FP9,1020,TWB_ICT4,TWB_PCBA_ICT,PN-337126,00F01806,00F01806,PN-337126,00F01806,M75,FAILED ANALOG POWERED TEST,PROCESS,PN-27795,00F01806T-20180329215217,U5,1,K4,483,483,-4.82,-12.98,127,GOOD,GOOD,120.2991,151.1845,101.0553,0,0.9055,3/30/2018 3:10
32927,1020,FP9,TOP,4009126096,3/29/2018 0:26,1522282500,TWB_SM3,TWB_PCBA_SM3_TOP_FP,TWB_PCBA_TOP_FP9,1020,TWB_ICT4,TWB_PCBA_ICT,PN-337126,00F01806,00F01806,PN-337126,00F01806,M75,FAILED ANALOG POWERED TEST,PROCESS,PN-27795,00F01806T-20180329215217,U5,1,P6,483,483,6.43,9.69,127,GOOD,GOOD,117.8427,154.6087,96.79935,0,0.9055,3/30/2018 3:10
33026,1020,FP9,TOP,4009126096,3/29/2018 0:26,1522282500,TWB_SM3,TWB_PCBA_SM3_TOP_FP,TWB_PCBA_TOP_FP9,1020,TWB_ICT4,TWB_PCBA_ICT,PN-337126,00F01806,00F01806,PN-337126,00F01806,M75,FAILED ANALOG POWERED TEST,PROCESS,PN-27795,00F01806T-20180329215217,U5,1,P7,483,483,-1.62,11.3,127,GOOD,GOOD,109.6612,143.6968,96.91915999999999,0,0.9055,3/30/2018 3:10
33034,1020,FP9,TOP,4009126096,3/29/2018 0:26,1522282500,TWB_SM3,TWB_PCBA_SM3_TOP_FP,TWB_PCBA_TOP_FP9,1020,TWB_ICT4,TWB_PCBA_ICT,PN-337126,00F01806,00F01806,PN-337126,00F01806,M75,FAILED ANALOG POWERED TEST,PROCESS,PN-27795,00F01806T-20180329215217,U5,1,K13,483,483,-9.12,1.54,127,GOOD,GOOD,114.6338,145.1789,100.2797,0,0.9055,3/30/2018 3:10
