,plcng_plant_cd,mach_id,pcb_side_inspd,wo_num,defct_dttm,intrvl_key,plcng_area_cd,plcng_prcs_cd,plcng_wrk_ctr_cd,fndng_plant_cd,fndng_area_cd,fndng_prcs_cd,bld_part_no,bld_serial_no,barcd,assy_part_no,assy_serial_no,defct_cd,failed_test_code,fail_type,cmpnt_part_no,spi_test_id,ref_id,silkscrn_nbr,cmpntpin_nbr,cmpntpin_size_x_axis,cmpntpin_size_y_axis,solder_paste_offst_x_axis,solder_paste_offst_y_axis,pad_stncl_hgt,pad_spi_result,pad_spi_defct_type,solder_paste_vol_pct,solder_paste_hgt,solder_paste_area_pct,pkg_type,stncl_surf_area_ratio,extract_dttm
62,1020,FP9,TOP,4009573517,8/23/2018 18:39,1535049000,TWB_SM3,TWB_PCBA_SM3_TOP_FP,TWB_PCBA_TOP_FP9,1020,TWB_SM3,TWB_PCBA_PASTE_INSPECTION_TOP,PN-337126,00F7BBA3,00F7BBA3,PN-337126,00F7BBA3,T27,,PROCESS,PN-27795,00F7BBA3T-20180827110112,U5,1,G1,483,483,3.9,5.08,127,GOOD,GOOD,123.4768,171.6044,91.38195999999999,0,0.9055,8/27/2018 15:14
63,1020,FP9,TOP,4009573517,8/23/2018 18:39,1535049000,TWB_SM3,TWB_PCBA_SM3_TOP_FP,TWB_PCBA_TOP_FP9,1020,TWB_SM3,TWB_PCBA_PASTE_INSPECTION_TOP,PN-337126,00F7BBA3,00F7BBA3,PN-337126,00F7BBA3,T27,,PROCESS,PN-27795,00F7BBA3T-20180827110112,U5,1,J4,483,483,-0.4,-11.58,127,GOOD,GOOD,134.8116,176.8631,96.80408,0,0.9055,8/27/2018 15:14
64,1020,FP9,TOP,4009573517,8/23/2018 18:39,1535049000,TWB_SM3,TWB_PCBA_SM3_TOP_FP,TWB_PCBA_TOP_FP9,1020,TWB_SM3,TWB_PCBA_PASTE_INSPECTION_TOP,PN-337126,00F7BBA3,00F7BBA3,PN-337126,00F7BBA3,T27,,PROCESS,PN-27795,00F7BBA3T-20180827110112,U5,1,M7,483,483,-6.1,-8.69,127,GOOD,GOOD,125.9969,165.7757,96.52561,0,0.9055,8/27/2018 15:14
542,1020,FP9,TOP,4009573517,8/23/2018 18:39,1535049000,TWB_SM3,TWB_PCBA_SM3_TOP_FP,TWB_PCBA_TOP_FP9,1020,TWB_SM3,TWB_PCBA_PASTE_INSPECTION_TOP,PN-337126,00F7BBA3,00F7BBA3,PN-337126,00F7BBA3,T27,,PROCESS,PN-27795,00F7BBA3T-20180827110112,U5,1,A14,483,483,2.81,-12.73,127,GOOD,GOOD,120.5147,157.3099,97.29434,0,0.9055,8/27/2018 15:14
543,1020,FP9,TOP,4009573517,8/23/2018 18:39,1535049000,TWB_SM3,TWB_PCBA_SM3_TOP_FP,TWB_PCBA_TOP_FP9,1020,TWB_SM3,TWB_PCBA_PASTE_INSPECTION_TOP,PN-337126,00F7BBA3,00F7BBA3,PN-337126,00F7BBA3,T27,,PROCESS,PN-27795,00F7BBA3T-20180827110112,U5,1,A5,483,483,11.49,-5.5,127,GOOD,GOOD,126.5512,176.5452,91.03613,0,0.9055,8/27/2018 15:14
544,1020,FP9,TOP,4009573517,8/23/2018 18:39,1535049000,TWB_SM3,TWB_PCBA_SM3_TOP_FP,TWB_PCBA_TOP_FP9,1020,TWB_SM3,TWB_PCBA_PASTE_INSPECTION_TOP,PN-337126,00F7BBA3,00F7BBA3,PN-337126,00F7BBA3,T27,,PROCESS,PN-27795,00F7BBA3T-20180827110112,U5,1,B13,483,483,-0.44,4.4,127,GOOD,GOOD,132.01,176.2342,95.13067,0,0.9055,8/27/2018 15:14
545,1020,FP9,TOP,4009573517,8/23/2018 18:39,1535049000,TWB_SM3,TWB_PCBA_SM3_TOP_FP,TWB_PCBA_TOP_FP9,1020,TWB_SM3,TWB_PCBA_PASTE_INSPECTION_TOP,PN-337126,00F7BBA3,00F7BBA3,PN-337126,00F7BBA3,T27,,PROCESS,PN-27795,00F7BBA3T-20180827110112,U5,1,C12,483,483,0.11,3.52,127,GOOD,GOOD,129.2469,171.7629,95.56406,0,0.9055,8/27/2018 15:14
546,1020,FP9,TOP,4009573517,8/23/2018 18:39,1535049000,TWB_SM3,TWB_PCBA_SM3_TOP_FP,TWB_PCBA_TOP_FP9,1020,TWB_SM3,TWB_PCBA_PASTE_INSPECTION_TOP,PN-337126,00F7BBA3,00F7BBA3,PN-337126,00F7BBA3,T27,,PROCESS,PN-27795,00F7BBA3T-20180827110112,U5,1,D11,483,483,3.32,0.65,127,GOOD,GOOD,122.6257,161.035,96.70858,0,0.9055,8/27/2018 15:14
547,1020,FP9,TOP,4009573517,8/23/2018 18:39,1535049000,TWB_SM3,TWB_PCBA_SM3_TOP_FP,TWB_PCBA_TOP_FP9,1020,TWB_SM3,TWB_PCBA_PASTE_INSPECTION_TOP,PN-337126,00F7BBA3,00F7BBA3,PN-337126,00F7BBA3,T27,,PROCESS,PN-27795,00F7BBA3T-20180827110112,U5,1,D8,483,483,0.8,-3.61,127,GOOD,GOOD,127.0008,163.8915,98.41331,0,0.9055,8/27/2018 15:14
548,1020,FP9,TOP,4009573517,8/23/2018 18:39,1535049000,TWB_SM3,TWB_PCBA_SM3_TOP_FP,TWB_PCBA_TOP_FP9,1020,TWB_SM3,TWB_PCBA_PASTE_INSPECTION_TOP,PN-337126,00F7BBA3,00F7BBA3,PN-337126,00F7BBA3,T27,,PROCESS,PN-27795,00F7BBA3T-20180827110112,U5,1,E10,483,483,3.38,-0.23,127,GOOD,GOOD,123.9011,166.15900000000002,94.7011,0,0.9055,8/27/2018 15:14
549,1020,FP9,TOP,4009573517,8/23/2018 18:39,1535049000,TWB_SM3,TWB_PCBA_SM3_TOP_FP,TWB_PCBA_TOP_FP9,1020,TWB_SM3,TWB_PCBA_PASTE_INSPECTION_TOP,PN-337126,00F7BBA3,00F7BBA3,PN-337126,00F7BBA3,T27,,PROCESS,PN-27795,00F7BBA3T-20180827110112,U5,1,R6,483,483,5.62,8.35,127,GOOD,GOOD,138.9746,180.0375,98.03389,0,0.9055,8/27/2018 15:14
654,1020,FP9,TOP,4009573517,8/23/2018 18:39,1535049000,TWB_SM3,TWB_PCBA_SM3_TOP_FP,TWB_PCBA_TOP_FP9,1020,TWB_SM3,TWB_PCBA_PASTE_INSPECTION_TOP,PN-337126,00F7BBA3,00F7BBA3,PN-337126,00F7BBA3,T27,,PROCESS,PN-27795,00F7BBA3T-20180827110112,U5,1,B2,483,483,10.52,-11.22,127,GOOD,GOOD,123.4677,164.1499,95.52489,0,0.9055,8/27/2018 15:14
655,1020,FP9,TOP,4009573517,8/23/2018 18:39,1535049000,TWB_SM3,TWB_PCBA_SM3_TOP_FP,TWB_PCBA_TOP_FP9,1020,TWB_SM3,TWB_PCBA_PASTE_INSPECTION_TOP,PN-337126,00F7BBA3,00F7BBA3,PN-337126,00F7BBA3,T27,,PROCESS,PN-27795,00F7BBA3T-20180827110112,U5,1,E5,483,483,2.5,-7.33,127,GOOD,GOOD,127.3157,166.1477,97.3176,0,0.9055,8/27/2018 15:14
656,1020,FP9,TOP,4009573517,8/23/2018 18:39,1535049000,TWB_SM3,TWB_PCBA_SM3_TOP_FP,TWB_PCBA_TOP_FP9,1020,TWB_SM3,TWB_PCBA_PASTE_INSPECTION_TOP,PN-337126,00F7BBA3,00F7BBA3,PN-337126,00F7BBA3,T27,,PROCESS,PN-27795,00F7BBA3T-20180827110112,U5,1,H8,483,483,0.09,-4.44,127,GOOD,GOOD,124.2056,168.5221,93.60263,0,0.9055,8/27/2018 15:14
950,1020,FP9,TOP,4009573517,8/23/2018 18:39,1535049000,TWB_SM3,TWB_PCBA_SM3_TOP_FP,TWB_PCBA_TOP_FP9,1020,TWB_SM3,TWB_PCBA_PASTE_INSPECTION_TOP,PN-337126,00F7BBA3,00F7BBA3,PN-337126,00F7BBA3,T27,,PROCESS,PN-27795,00F7BBA3T-20180827110112,U5,1,A8,483,483,6.72,-1.24,127,GOOD,GOOD,131.8871,177.1405,94.55582,0,0.9055,8/27/2018 15:14
951,1020,FP9,TOP,4009573517,8/23/2018 18:39,1535049000,TWB_SM3,TWB_PCBA_SM3_TOP_FP,TWB_PCBA_TOP_FP9,1020,TWB_SM3,TWB_PCBA_PASTE_INSPECTION_TOP,PN-337126,00F7BBA3,00F7BBA3,PN-337126,00F7BBA3,T27,,PROCESS,PN-27795,00F7BBA3T-20180827110112,U5,1,B16,483,483,3.74,-11.35,127,GOOD,GOOD,129.0572,176.6597,92.77875,0,0.9055,8/27/2018 15:14
952,1020,FP9,TOP,4009573517,8/23/2018 18:39,1535049000,TWB_SM3,TWB_PCBA_SM3_TOP_FP,TWB_PCBA_TOP_FP9,1020,TWB_SM3,TWB_PCBA_PASTE_INSPECTION_TOP,PN-337126,00F7BBA3,00F7BBA3,PN-337126,00F7BBA3,T27,,PROCESS,PN-27795,00F7BBA3T-20180827110112,U5,1,C15,483,483,-6.14,-12.22,127,GOOD,GOOD,127.4656,163.9058,98.76488,0,0.9055,8/27/2018 15:14
953,1020,FP9,TOP,4009573517,8/23/2018 18:39,1535049000,TWB_SM3,TWB_PCBA_SM3_TOP_FP,TWB_PCBA_TOP_FP9,1020,TWB_SM3,TWB_PCBA_PASTE_INSPECTION_TOP,PN-337126,00F7BBA3,00F7BBA3,PN-337126,00F7BBA3,T27,,PROCESS,PN-27795,00F7BBA3T-20180827110112,U5,1,D14,483,483,1.87,4.9,127,GOOD,GOOD,124.9076,166.3755,95.34621,0,0.9055,8/27/2018 15:14
954,1020,FP9,TOP,4009573517,8/23/2018 18:39,1535049000,TWB_SM3,TWB_PCBA_SM3_TOP_FP,TWB_PCBA_TOP_FP9,1020,TWB_SM3,TWB_PCBA_PASTE_INSPECTION_TOP,PN-337126,00F7BBA3,00F7BBA3,PN-337126,00F7BBA3,T27,,PROCESS,PN-27795,00F7BBA3T-20180827110112,U5,1,E13,483,483,1.93,4.03,127,GOOD,GOOD,116.7781,152.6183,97.17586999999999,0,0.9055,8/27/2018 15:14
955,1020,FP9,TOP,4009573517,8/23/2018 18:39,1535049000,TWB_SM3,TWB_PCBA_SM3_TOP_FP,TWB_PCBA_TOP_FP9,1020,TWB_SM3,TWB_PCBA_PASTE_INSPECTION_TOP,PN-337126,00F7BBA3,00F7BBA3,PN-337126,00F7BBA3,T27,,PROCESS,PN-27795,00F7BBA3T-20180827110112,U5,1,F12,483,483,0.0,2.15,127,GOOD,GOOD,125.7997,170.761,93.56099,0,0.9055,8/27/2018 15:14
956,1020,FP9,TOP,4009573517,8/23/2018 18:39,1535049000,TWB_SM3,TWB_PCBA_SM3_TOP_FP,TWB_PCBA_TOP_FP9,1020,TWB_SM3,TWB_PCBA_PASTE_INSPECTION_TOP,PN-337126,00F7BBA3,00F7BBA3,PN-337126,00F7BBA3,T27,,PROCESS,PN-27795,00F7BBA3T-20180827110112,U5,1,G11,483,483,-0.94,-0.73,127,GOOD,GOOD,121.4195,164.2812,93.86516999999999,0,0.9055,8/27/2018 15:14
957,1020,FP9,TOP,4009573517,8/23/2018 18:39,1535049000,TWB_SM3,TWB_PCBA_SM3_TOP_FP,TWB_PCBA_TOP_FP9,1020,TWB_SM3,TWB_PCBA_PASTE_INSPECTION_TOP,PN-337126,00F7BBA3,00F7BBA3,PN-337126,00F7BBA3,T27,,PROCESS,PN-27795,00F7BBA3T-20180827110112,U5,1,H10,483,483,-0.88,-1.6,127,GOOD,GOOD,119.3579,162.91899999999998,93.04285,0,0.9055,8/27/2018 15:14
958,1020,FP9,TOP,4009573517,8/23/2018 18:39,1535049000,TWB_SM3,TWB_PCBA_SM3_TOP_FP,TWB_PCBA_TOP_FP9,1020,TWB_SM3,TWB_PCBA_PASTE_INSPECTION_TOP,PN-337126,00F7BBA3,00F7BBA3,PN-337126,00F7BBA3,T27,,PROCESS,PN-27795,00F7BBA3T-20180827110112,U5,1,L3,483,483,-1.75,-12.91,127,GOOD,GOOD,133.735,170.7075,99.49387,0,0.9055,8/27/2018 15:14
959,1020,FP9,TOP,4009573517,8/23/2018 18:39,1535049000,TWB_SM3,TWB_PCBA_SM3_TOP_FP,TWB_PCBA_TOP_FP9,1020,TWB_SM3,TWB_PCBA_PASTE_INSPECTION_TOP,PN-337126,00F7BBA3,00F7BBA3,PN-337126,00F7BBA3,T27,,PROCESS,PN-27795,00F7BBA3T-20180827110112,U5,1,R9,483,483,2.51,12.61,127,GOOD,GOOD,138.1125,178.0572,98.50925,0,0.9055,8/27/2018 15:14
1280,1020,FP9,TOP,4009573517,8/23/2018 18:39,1535049000,TWB_SM3,TWB_PCBA_SM3_TOP_FP,TWB_PCBA_TOP_FP9,1020,TWB_SM3,TWB_PCBA_PASTE_INSPECTION_TOP,PN-337126,00F7BBA3,00F7BBA3,PN-337126,00F7BBA3,T27,,PROCESS,PN-27795,00F7BBA3T-20180827110112,U5,1,J2,483,483,0.58,-14.42,127,GOOD,GOOD,123.3811,167.2641,93.6806,0,0.9055,8/27/2018 15:14
1281,1020,FP9,TOP,4009573517,8/23/2018 18:39,1535049000,TWB_SM3,TWB_PCBA_SM3_TOP_FP,TWB_PCBA_TOP_FP9,1020,TWB_SM3,TWB_PCBA_PASTE_INSPECTION_TOP,PN-337126,00F7BBA3,00F7BBA3,PN-337126,00F7BBA3,T27,,PROCESS,PN-27795,00F7BBA3T-20180827110112,U5,1,M5,483,483,-4.12,-11.53,127,GOOD,GOOD,126.89299999999999,172.2915,93.53573,0,0.9055,8/27/2018 15:14
1282,1020,FP9,TOP,4009573517,8/23/2018 18:39,1535049000,TWB_SM3,TWB_PCBA_SM3_TOP_FP,TWB_PCBA_TOP_FP9,1020,TWB_SM3,TWB_PCBA_PASTE_INSPECTION_TOP,PN-337126,00F7BBA3,00F7BBA3,PN-337126,00F7BBA3,T27,,PROCESS,PN-27795,00F7BBA3T-20180827110112,U5,1,P8,483,483,3.75,10.66,127,GOOD,GOOD,125.8992,164.7699,97.03957,0,0.9055,8/27/2018 15:14
4332,1020,FP9,TOP,4009573517,8/23/2018 18:39,1535049000,TWB_SM3,TWB_PCBA_SM3_TOP_FP,TWB_PCBA_TOP_FP9,1020,TWB_SM3,TWB_PCBA_PASTE_INSPECTION_TOP,PN-337126,00F7BBA3,00F7BBA3,PN-337126,00F7BBA3,T27,,PROCESS,PN-27795,00F7BBA3T-20180827110112,U5,1,C9,483,483,-1.75,-0.74,127,GOOD,GOOD,122.5484,156.1073,99.69837,0,0.9055,8/27/2018 15:14
4333,1020,FP9,TOP,4009573517,8/23/2018 18:39,1535049000,TWB_SM3,TWB_PCBA_SM3_TOP_FP,TWB_PCBA_TOP_FP9,1020,TWB_SM3,TWB_PCBA_PASTE_INSPECTION_TOP,PN-337126,00F7BBA3,00F7BBA3,PN-337126,00F7BBA3,T27,,PROCESS,PN-27795,00F7BBA3T-20180827110112,U5,1,K1,483,483,-0.35,4.71,127,GOOD,GOOD,124.9853,162.6514,97.58995999999999,0,0.9055,8/27/2018 15:14
4334,1020,FP9,TOP,4009573517,8/23/2018 18:39,1535049000,TWB_SM3,TWB_PCBA_SM3_TOP_FP,TWB_PCBA_TOP_FP9,1020,TWB_SM3,TWB_PCBA_PASTE_INSPECTION_TOP,PN-337126,00F7BBA3,00F7BBA3,PN-337126,00F7BBA3,T27,,PROCESS,PN-27795,00F7BBA3T-20180827110112,U5,1,N4,483,483,9.43,6.43,127,GOOD,GOOD,136.1507,182.8627,94.55805,0,0.9055,8/27/2018 15:14
4335,1020,FP9,TOP,4009573517,8/23/2018 18:39,1535049000,TWB_SM3,TWB_PCBA_SM3_TOP_FP,TWB_PCBA_TOP_FP9,1020,TWB_SM3,TWB_PCBA_PASTE_INSPECTION_TOP,PN-337126,00F7BBA3,00F7BBA3,PN-337126,00F7BBA3,T27,,PROCESS,PN-27795,00F7BBA3T-20180827110112,U5,1,R15,483,483,-0.23,1.13,127,GOOD,GOOD,123.5596,164.5906,95.34,0,0.9055,8/27/2018 15:14
4336,1020,FP9,TOP,4009573517,8/23/2018 18:39,1535049000,TWB_SM3,TWB_PCBA_SM3_TOP_FP,TWB_PCBA_TOP_FP9,1020,TWB_SM3,TWB_PCBA_PASTE_INSPECTION_TOP,PN-337126,00F7BBA3,00F7BBA3,PN-337126,00F7BBA3,T27,,PROCESS,PN-27795,00F7BBA3T-20180827110112,U5,1,T13,483,483,0.15,-3.16,127,GOOD,GOOD,124.3511,158.3501,99.7321,0,0.9055,8/27/2018 15:14
5739,1020,FP9,TOP,4009573517,8/23/2018 18:39,1535049000,TWB_SM3,TWB_PCBA_SM3_TOP_FP,TWB_PCBA_TOP_FP9,1020,TWB_SM3,TWB_PCBA_PASTE_INSPECTION_TOP,PN-337126,00F7BBA3,00F7BBA3,PN-337126,00F7BBA3,T27,,PROCESS,PN-27795,00F7BBA3T-20180827110112,U5,1,D3,483,483,3.22,-10.71,127,GOOD,GOOD,131.7744,171.3728,97.65462,0,0.9055,8/27/2018 15:14
5740,1020,FP9,TOP,4009573517,8/23/2018 18:39,1535049000,TWB_SM3,TWB_PCBA_SM3_TOP_FP,TWB_PCBA_TOP_FP9,1020,TWB_SM3,TWB_PCBA_PASTE_INSPECTION_TOP,PN-337126,00F7BBA3,00F7BBA3,PN-337126,00F7BBA3,T27,,PROCESS,PN-27795,00F7BBA3T-20180827110112,U5,1,G6,483,483,1.48,-7.82,127,GOOD,GOOD,128.9809,168.3169,97.31981999999999,0,0.9055,8/27/2018 15:14
5741,1020,FP9,TOP,4009573517,8/23/2018 18:39,1535049000,TWB_SM3,TWB_PCBA_SM3_TOP_FP,TWB_PCBA_TOP_FP9,1020,TWB_SM3,TWB_PCBA_PASTE_INSPECTION_TOP,PN-337126,00F7BBA3,00F7BBA3,PN-337126,00F7BBA3,T27,,PROCESS,PN-27795,00F7BBA3T-20180827110112,U5,1,J9,483,483,-2.81,-4.48,127,GOOD,GOOD,123.1456,165.5551,94.46699,0,0.9055,8/27/2018 15:14
5742,1020,FP9,TOP,4009573517,8/23/2018 18:39,1535049000,TWB_SM3,TWB_PCBA_SM3_TOP_FP,TWB_PCBA_TOP_FP9,1020,TWB_SM3,TWB_PCBA_PASTE_INSPECTION_TOP,PN-337126,00F7BBA3,00F7BBA3,PN-337126,00F7BBA3,T27,,PROCESS,PN-27795,00F7BBA3T-20180827110112,U5,1,R1,483,483,8.03,1.26,127,GOOD,GOOD,130.3947,172.8549,95.80360999999999,0,0.9055,8/27/2018 15:14
6168,1020,FP9,TOP,4009573517,8/23/2018 18:39,1535049000,TWB_SM3,TWB_PCBA_SM3_TOP_FP,TWB_PCBA_TOP_FP9,1020,TWB_SM3,TWB_PCBA_PASTE_INSPECTION_TOP,PN-337126,00F7BBA3,00F7BBA3,PN-337126,00F7BBA3,T27,,PROCESS,PN-27795,00F7BBA3T-20180827110112,U5,1,A9,483,483,1.92,0.18,127,GOOD,GOOD,132.5915,173.4788,97.06730999999999,0,0.9055,8/27/2018 15:14
6169,1020,FP9,TOP,4009573517,8/23/2018 18:39,1535049000,TWB_SM3,TWB_PCBA_SM3_TOP_FP,TWB_PCBA_TOP_FP9,1020,TWB_SM3,TWB_PCBA_PASTE_INSPECTION_TOP,PN-337126,00F7BBA3,00F7BBA3,PN-337126,00F7BBA3,T27,,PROCESS,PN-27795,00F7BBA3T-20180827110112,U5,1,C16,483,483,-1.0,-10.8,127,GOOD,GOOD,126.6289,161.9876,99.27837,0,0.9055,8/27/2018 15:14
6170,1020,FP9,TOP,4009573517,8/23/2018 18:39,1535049000,TWB_SM3,TWB_PCBA_SM3_TOP_FP,TWB_PCBA_TOP_FP9,1020,TWB_SM3,TWB_PCBA_PASTE_INSPECTION_TOP,PN-337126,00F7BBA3,00F7BBA3,PN-337126,00F7BBA3,T27,,PROCESS,PN-27795,00F7BBA3T-20180827110112,U5,1,D15,483,483,-4.25,-13.68,127,GOOD,GOOD,125.1905,160.0273,99.35297,0,0.9055,8/27/2018 15:14
6171,1020,FP9,TOP,4009573517,8/23/2018 18:39,1535049000,TWB_SM3,TWB_PCBA_SM3_TOP_FP,TWB_PCBA_TOP_FP9,1020,TWB_SM3,TWB_PCBA_PASTE_INSPECTION_TOP,PN-337126,00F7BBA3,00F7BBA3,PN-337126,00F7BBA3,T27,,PROCESS,PN-27795,00F7BBA3T-20180827110112,U5,1,E14,483,483,-7.01,5.44,127,GOOD,GOOD,123.6528,160.5121,97.8363,0,0.9055,8/27/2018 15:14
6172,1020,FP9,TOP,4009573517,8/23/2018 18:39,1535049000,TWB_SM3,TWB_PCBA_SM3_TOP_FP,TWB_PCBA_TOP_FP9,1020,TWB_SM3,TWB_PCBA_PASTE_INSPECTION_TOP,PN-337126,00F7BBA3,00F7BBA3,PN-337126,00F7BBA3,T27,,PROCESS,PN-27795,00F7BBA3T-20180827110112,U5,1,F13,483,483,0.51,3.57,127,GOOD,GOOD,125.9628,161.4931,99.05858,0,0.9055,8/27/2018 15:14
6173,1020,FP9,TOP,4009573517,8/23/2018 18:39,1535049000,TWB_SM3,TWB_PCBA_SM3_TOP_FP,TWB_PCBA_TOP_FP9,1020,TWB_SM3,TWB_PCBA_PASTE_INSPECTION_TOP,PN-337126,00F7BBA3,00F7BBA3,PN-337126,00F7BBA3,T27,,PROCESS,PN-27795,00F7BBA3T-20180827110112,U5,1,G12,483,483,-3.91,0.69,127,GOOD,GOOD,125.0258,171.7493,92.45033000000001,0,0.9055,8/27/2018 15:14
6174,1020,FP9,TOP,4009573517,8/23/2018 18:39,1535049000,TWB_SM3,TWB_PCBA_SM3_TOP_FP,TWB_PCBA_TOP_FP9,1020,TWB_SM3,TWB_PCBA_PASTE_INSPECTION_TOP,PN-337126,00F7BBA3,00F7BBA3,PN-337126,00F7BBA3,T27,,PROCESS,PN-27795,00F7BBA3T-20180827110112,U5,1,H11,483,483,-2.36,-0.19,127,GOOD,GOOD,126.1735,170.204,94.14603000000001,0,0.9055,8/27/2018 15:14
6175,1020,FP9,TOP,4009573517,8/23/2018 18:39,1535049000,TWB_SM3,TWB_PCBA_SM3_TOP_FP,TWB_PCBA_TOP_FP9,1020,TWB_SM3,TWB_PCBA_PASTE_INSPECTION_TOP,PN-337126,00F7BBA3,00F7BBA3,PN-337126,00F7BBA3,T27,,PROCESS,PN-27795,00F7BBA3T-20180827110112,U5,1,L4,483,483,-3.24,-11.49,127,GOOD,GOOD,127.6333,169.3828,95.69702,0,0.9055,8/27/2018 15:14
6285,1020,FP9,TOP,4009573517,8/23/2018 18:39,1535049000,TWB_SM3,TWB_PCBA_SM3_TOP_FP,TWB_PCBA_TOP_FP9,1020,TWB_SM3,TWB_PCBA_PASTE_INSPECTION_TOP,PN-337126,00F7BBA3,00F7BBA3,PN-337126,00F7BBA3,T27,,PROCESS,PN-27795,00F7BBA3T-20180827110112,U5,1,B8,483,483,6.96,-2.7,127,GOOD,GOOD,128.8368,165.8117,98.67987,0,0.9055,8/27/2018 15:14
6286,1020,FP9,TOP,4009573517,8/23/2018 18:39,1535049000,TWB_SM3,TWB_PCBA_SM3_TOP_FP,TWB_PCBA_TOP_FP9,1020,TWB_SM3,TWB_PCBA_PASTE_INSPECTION_TOP,PN-337126,00F7BBA3,00F7BBA3,PN-337126,00F7BBA3,T27,,PROCESS,PN-27795,00F7BBA3T-20180827110112,U5,1,M3,483,483,-3.17,-14.37,127,GOOD,GOOD,133.0699,168.6164,100.2268,0,0.9055,8/27/2018 15:14
6287,1020,FP9,TOP,4009573517,8/23/2018 18:39,1535049000,TWB_SM3,TWB_PCBA_SM3_TOP_FP,TWB_PCBA_TOP_FP9,1020,TWB_SM3,TWB_PCBA_PASTE_INSPECTION_TOP,PN-337126,00F7BBA3,00F7BBA3,PN-337126,00F7BBA3,T27,,PROCESS,PN-27795,00F7BBA3T-20180827110112,U5,1,P6,483,483,0.41,7.82,127,GOOD,GOOD,138.1295,176.8336,99.20312,0,0.9055,8/27/2018 15:14
6864,1020,FP9,TOP,4009573517,8/23/2018 18:39,1535049000,TWB_SM3,TWB_PCBA_SM3_TOP_FP,TWB_PCBA_TOP_FP9,1020,TWB_SM3,TWB_PCBA_PASTE_INSPECTION_TOP,PN-337126,00F7BBA3,00F7BBA3,PN-337126,00F7BBA3,T27,,PROCESS,PN-27795,00F7BBA3T-20180827110112,U5,1,B3,483,483,8.54,-9.8,127,GOOD,GOOD,130.4185,173.1587,95.65302,0,0.9055,8/27/2018 15:14
6865,1020,FP9,TOP,4009573517,8/23/2018 18:39,1535049000,TWB_SM3,TWB_PCBA_SM3_TOP_FP,TWB_PCBA_TOP_FP9,1020,TWB_SM3,TWB_PCBA_PASTE_INSPECTION_TOP,PN-337126,00F7BBA3,00F7BBA3,PN-337126,00F7BBA3,T27,,PROCESS,PN-27795,00F7BBA3T-20180827110112,U5,1,E6,483,483,4.32,-5.91,127,GOOD,GOOD,121.6988,168.7409,91.59455,0,0.9055,8/27/2018 15:14
6866,1020,FP9,TOP,4009573517,8/23/2018 18:39,1535049000,TWB_SM3,TWB_PCBA_SM3_TOP_FP,TWB_PCBA_TOP_FP9,1020,TWB_SM3,TWB_PCBA_PASTE_INSPECTION_TOP,PN-337126,00F7BBA3,00F7BBA3,PN-337126,00F7BBA3,T27,,PROCESS,PN-27795,00F7BBA3T-20180827110112,U5,1,H9,483,483,-1.39,-3.02,127,GOOD,GOOD,119.4251,159.5914,95.03639,0,0.9055,8/27/2018 15:14
6867,1020,FP9,TOP,4009573517,8/23/2018 18:39,1535049000,TWB_SM3,TWB_PCBA_SM3_TOP_FP,TWB_PCBA_TOP_FP9,1020,TWB_SM3,TWB_PCBA_PASTE_INSPECTION_TOP,PN-337126,00F7BBA3,00F7BBA3,PN-337126,00F7BBA3,T27,,PROCESS,PN-27795,00F7BBA3T-20180827110112,U5,1,P1,483,483,9.45,0.72,127,GOOD,GOOD,126.0151,164.4839,97.29773,0,0.9055,8/27/2018 15:14
8852,1020,FP9,TOP,4009573517,8/23/2018 18:39,1535049000,TWB_SM3,TWB_PCBA_SM3_TOP_FP,TWB_PCBA_TOP_FP9,1020,TWB_SM3,TWB_PCBA_PASTE_INSPECTION_TOP,PN-337126,00F7BBA3,00F7BBA3,PN-337126,00F7BBA3,T27,,PROCESS,PN-27795,00F7BBA3T-20180827110112,U5,1,K3,483,483,-0.33,-12.45,127,GOOD,GOOD,124.6755,163.0814,97.09132,0,0.9055,8/27/2018 15:14
8853,1020,FP9,TOP,4009573517,8/23/2018 18:39,1535049000,TWB_SM3,TWB_PCBA_SM3_TOP_FP,TWB_PCBA_TOP_FP9,1020,TWB_SM3,TWB_PCBA_PASTE_INSPECTION_TOP,PN-337126,00F7BBA3,00F7BBA3,PN-337126,00F7BBA3,T27,,PROCESS,PN-27795,00F7BBA3T-20180827110112,U5,1,N6,483,483,8.45,9.27,127,GOOD,GOOD,132.0767,177.851,94.31345,0,0.9055,8/27/2018 15:14
8854,1020,FP9,TOP,4009573517,8/23/2018 18:39,1535049000,TWB_SM3,TWB_PCBA_SM3_TOP_FP,TWB_PCBA_TOP_FP9,1020,TWB_SM3,TWB_PCBA_PASTE_INSPECTION_TOP,PN-337126,00F7BBA3,00F7BBA3,PN-337126,00F7BBA3,T27,,PROCESS,PN-27795,00F7BBA3T-20180827110112,U5,1,T15,483,483,0.84,-0.32,127,GOOD,GOOD,125.0949,169.9861,93.46092,0,0.9055,8/27/2018 15:14
9160,1020,FP9,TOP,4009573517,8/23/2018 18:39,1535049000,TWB_SM3,TWB_PCBA_SM3_TOP_FP,TWB_PCBA_TOP_FP9,1020,TWB_SM3,TWB_PCBA_PASTE_INSPECTION_TOP,PN-337126,00F7BBA3,00F7BBA3,PN-337126,00F7BBA3,T27,,PROCESS,PN-27795,00F7BBA3T-20180827110112,U5,1,B4,483,483,9.54,-8.38,127,GOOD,GOOD,120.9268,158.3393,96.9924,0,0.9055,8/27/2018 15:14
9161,1020,FP9,TOP,4009573517,8/23/2018 18:39,1535049000,TWB_SM3,TWB_PCBA_SM3_TOP_FP,TWB_PCBA_TOP_FP9,1020,TWB_SM3,TWB_PCBA_PASTE_INSPECTION_TOP,PN-337126,00F7BBA3,00F7BBA3,PN-337126,00F7BBA3,T27,,PROCESS,PN-27795,00F7BBA3T-20180827110112,U5,1,E7,483,483,1.35,-4.49,127,GOOD,GOOD,126.4948,166.1682,96.6782,0,0.9055,8/27/2018 15:14
9162,1020,FP9,TOP,4009573517,8/23/2018 18:39,1535049000,TWB_SM3,TWB_PCBA_SM3_TOP_FP,TWB_PCBA_TOP_FP9,1020,TWB_SM3,TWB_PCBA_PASTE_INSPECTION_TOP,PN-337126,00F7BBA3,00F7BBA3,PN-337126,00F7BBA3,T27,,PROCESS,PN-27795,00F7BBA3T-20180827110112,U5,1,P2,483,483,8.97,2.14,127,GOOD,GOOD,126.9841,176.9382,91.14471999999999,0,0.9055,8/27/2018 15:14
9560,1020,FP9,TOP,4009573517,8/23/2018 18:39,1535049000,TWB_SM3,TWB_PCBA_SM3_TOP_FP,TWB_PCBA_TOP_FP9,1020,TWB_SM3,TWB_PCBA_PASTE_INSPECTION_TOP,PN-337126,00F7BBA3,00F7BBA3,PN-337126,00F7BBA3,T27,,PROCESS,PN-27795,00F7BBA3T-20180827110112,U5,1,A16,483,483,-3.13,-9.89,127,GOOD,GOOD,123.6539,169.4809,92.65969,0,0.9055,8/27/2018 15:14
9561,1020,FP9,TOP,4009573517,8/23/2018 18:39,1535049000,TWB_SM3,TWB_PCBA_SM3_TOP_FP,TWB_PCBA_TOP_FP9,1020,TWB_SM3,TWB_PCBA_PASTE_INSPECTION_TOP,PN-337126,00F7BBA3,00F7BBA3,PN-337126,00F7BBA3,T27,,PROCESS,PN-27795,00F7BBA3T-20180827110112,U5,1,A7,483,483,6.2,-2.66,127,GOOD,GOOD,124.1116,165.7444,95.09926999999999,0,0.9055,8/27/2018 15:14
9562,1020,FP9,TOP,4009573517,8/23/2018 18:39,1535049000,TWB_SM3,TWB_PCBA_SM3_TOP_FP,TWB_PCBA_TOP_FP9,1020,TWB_SM3,TWB_PCBA_PASTE_INSPECTION_TOP,PN-337126,00F7BBA3,00F7BBA3,PN-337126,00F7BBA3,T27,,PROCESS,PN-27795,00F7BBA3T-20180827110112,U5,1,B15,483,483,0.25,-12.77,127,GOOD,GOOD,124.1916,159.3489,98.97985,0,0.9055,8/27/2018 15:14
9563,1020,FP9,TOP,4009573517,8/23/2018 18:39,1535049000,TWB_SM3,TWB_PCBA_SM3_TOP_FP,TWB_PCBA_TOP_FP9,1020,TWB_SM3,TWB_PCBA_PASTE_INSPECTION_TOP,PN-337126,00F7BBA3,00F7BBA3,PN-337126,00F7BBA3,T27,,PROCESS,PN-27795,00F7BBA3T-20180827110112,U5,1,C14,483,483,3.28,6.36,127,GOOD,GOOD,131.0118,183.0948,90.87364000000001,0,0.9055,8/27/2018 15:14
9564,1020,FP9,TOP,4009573517,8/23/2018 18:39,1535049000,TWB_SM3,TWB_PCBA_SM3_TOP_FP,TWB_PCBA_TOP_FP9,1020,TWB_SM3,TWB_PCBA_PASTE_INSPECTION_TOP,PN-337126,00F7BBA3,00F7BBA3,PN-337126,00F7BBA3,T27,,PROCESS,PN-27795,00F7BBA3T-20180827110112,U5,1,D13,483,483,-0.79,3.49,127,GOOD,GOOD,128.6765,168.7981,96.81341,0,0.9055,8/27/2018 15:14
9565,1020,FP9,TOP,4009573517,8/23/2018 18:39,1535049000,TWB_SM3,TWB_PCBA_SM3_TOP_FP,TWB_PCBA_TOP_FP9,1020,TWB_SM3,TWB_PCBA_PASTE_INSPECTION_TOP,PN-337126,00F7BBA3,00F7BBA3,PN-337126,00F7BBA3,T27,,PROCESS,PN-27795,00F7BBA3T-20180827110112,U5,1,E12,483,483,1.41,2.61,127,GOOD,GOOD,127.007,167.5524,96.26775,0,0.9055,8/27/2018 15:14
9566,1020,FP9,TOP,4009573517,8/23/2018 18:39,1535049000,TWB_SM3,TWB_PCBA_SM3_TOP_FP,TWB_PCBA_TOP_FP9,1020,TWB_SM3,TWB_PCBA_PASTE_INSPECTION_TOP,PN-337126,00F7BBA3,00F7BBA3,PN-337126,00F7BBA3,T27,,PROCESS,PN-27795,00F7BBA3T-20180827110112,U5,1,F11,483,483,0.48,0.73,127,GOOD,GOOD,129.0853,168.7785,97.13223,0,0.9055,8/27/2018 15:14
9567,1020,FP9,TOP,4009573517,8/23/2018 18:39,1535049000,TWB_SM3,TWB_PCBA_SM3_TOP_FP,TWB_PCBA_TOP_FP9,1020,TWB_SM3,TWB_PCBA_PASTE_INSPECTION_TOP,PN-337126,00F7BBA3,00F7BBA3,PN-337126,00F7BBA3,T27,,PROCESS,PN-27795,00F7BBA3T-20180827110112,U5,1,G10,483,483,0.54,-2.15,127,GOOD,GOOD,115.4877,158.0063,92.82503,0,0.9055,8/27/2018 15:14
9568,1020,FP9,TOP,4009573517,8/23/2018 18:39,1535049000,TWB_SM3,TWB_PCBA_SM3_TOP_FP,TWB_PCBA_TOP_FP9,1020,TWB_SM3,TWB_PCBA_PASTE_INSPECTION_TOP,PN-337126,00F7BBA3,00F7BBA3,PN-337126,00F7BBA3,T27,,PROCESS,PN-27795,00F7BBA3T-20180827110112,U5,1,L2,483,483,-2.26,5.67,127,GOOD,GOOD,126.1152,172.5788,92.80759,0,0.9055,8/27/2018 15:14
9569,1020,FP9,TOP,4009573517,8/23/2018 18:39,1535049000,TWB_SM3,TWB_PCBA_SM3_TOP_FP,TWB_PCBA_TOP_FP9,1020,TWB_SM3,TWB_PCBA_PASTE_INSPECTION_TOP,PN-337126,00F7BBA3,00F7BBA3,PN-337126,00F7BBA3,T27,,PROCESS,PN-27795,00F7BBA3T-20180827110112,U5,1,R8,483,483,-0.98,11.19,127,GOOD,GOOD,130.7157,164.0039,101.2226,0,0.9055,8/27/2018 15:14
10243,1020,FP9,TOP,4009573517,8/23/2018 18:39,1535049000,TWB_SM3,TWB_PCBA_SM3_TOP_FP,TWB_PCBA_TOP_FP9,1020,TWB_SM3,TWB_PCBA_PASTE_INSPECTION_TOP,PN-337126,00F7BBA3,00F7BBA3,PN-337126,00F7BBA3,T27,,PROCESS,PN-27795,00F7BBA3T-20180827110112,U5,1,D1,483,483,4.85,-13.55,127,GOOD,GOOD,124.3247,163.8659,96.35461,0,0.9055,8/27/2018 15:14
10244,1020,FP9,TOP,4009573517,8/23/2018 18:39,1535049000,TWB_SM3,TWB_PCBA_SM3_TOP_FP,TWB_PCBA_TOP_FP9,1020,TWB_SM3,TWB_PCBA_PASTE_INSPECTION_TOP,PN-337126,00F7BBA3,00F7BBA3,PN-337126,00F7BBA3,T27,,PROCESS,PN-27795,00F7BBA3T-20180827110112,U5,1,G4,483,483,2.44,-10.66,127,GOOD,GOOD,135.99,171.2032,100.8786,0,0.9055,8/27/2018 15:14
10245,1020,FP9,TOP,4009573517,8/23/2018 18:39,1535049000,TWB_SM3,TWB_PCBA_SM3_TOP_FP,TWB_PCBA_TOP_FP9,1020,TWB_SM3,TWB_PCBA_PASTE_INSPECTION_TOP,PN-337126,00F7BBA3,00F7BBA3,PN-337126,00F7BBA3,T27,,PROCESS,PN-27795,00F7BBA3T-20180827110112,U5,1,J7,483,483,-1.84,-7.32,127,GOOD,GOOD,126.9381,159.0872,101.3352,0,0.9055,8/27/2018 15:14
11813,1020,FP9,TOP,4009573517,8/23/2018 18:39,1535049000,TWB_SM3,TWB_PCBA_SM3_TOP_FP,TWB_PCBA_TOP_FP9,1020,TWB_SM3,TWB_PCBA_PASTE_INSPECTION_TOP,PN-337126,00F7BBA3,00F7BBA3,PN-337126,00F7BBA3,T27,,PROCESS,PN-27795,00F7BBA3T-20180827110112,U5,1,C2,483,483,9.1,-10.67,127,GOOD,GOOD,129.7323,176.3043,93.45204,0,0.9055,8/27/2018 15:14
11814,1020,FP9,TOP,4009573517,8/23/2018 18:39,1535049000,TWB_SM3,TWB_PCBA_SM3_TOP_FP,TWB_PCBA_TOP_FP9,1020,TWB_SM3,TWB_PCBA_PASTE_INSPECTION_TOP,PN-337126,00F7BBA3,00F7BBA3,PN-337126,00F7BBA3,T27,,PROCESS,PN-27795,00F7BBA3T-20180827110112,U5,1,F5,483,483,2.74,-7.79,127,GOOD,GOOD,125.5583,167.7609,95.0514,0,0.9055,8/27/2018 15:14
11815,1020,FP9,TOP,4009573517,8/23/2018 18:39,1535049000,TWB_SM3,TWB_PCBA_SM3_TOP_FP,TWB_PCBA_TOP_FP9,1020,TWB_SM3,TWB_PCBA_PASTE_INSPECTION_TOP,PN-337126,00F7BBA3,00F7BBA3,PN-337126,00F7BBA3,T27,,PROCESS,PN-27795,00F7BBA3T-20180827110112,U5,1,J16,483,483,-6.2,-14.55,127,GOOD,GOOD,118.1318,159.9692,93.78516,0,0.9055,8/27/2018 15:14
11816,1020,FP9,TOP,4009573517,8/23/2018 18:39,1535049000,TWB_SM3,TWB_PCBA_SM3_TOP_FP,TWB_PCBA_TOP_FP9,1020,TWB_SM3,TWB_PCBA_PASTE_INSPECTION_TOP,PN-337126,00F7BBA3,00F7BBA3,PN-337126,00F7BBA3,T27,,PROCESS,PN-27795,00F7BBA3T-20180827110112,U5,1,K15,483,483,-10.28,4.58,127,GOOD,GOOD,119.8019,154.6414,98.3879,0,0.9055,8/27/2018 15:14
11817,1020,FP9,TOP,4009573517,8/23/2018 18:39,1535049000,TWB_SM3,TWB_PCBA_SM3_TOP_FP,TWB_PCBA_TOP_FP9,1020,TWB_SM3,TWB_PCBA_PASTE_INSPECTION_TOP,PN-337126,00F7BBA3,00F7BBA3,PN-337126,00F7BBA3,T27,,PROCESS,PN-27795,00F7BBA3T-20180827110112,U5,1,L14,483,483,-8.07,2.7,127,GOOD,GOOD,121.0022,162.067,94.82055,0,0.9055,8/27/2018 15:14
11818,1020,FP9,TOP,4009573517,8/23/2018 18:39,1535049000,TWB_SM3,TWB_PCBA_SM3_TOP_FP,TWB_PCBA_TOP_FP9,1020,TWB_SM3,TWB_PCBA_PASTE_INSPECTION_TOP,PN-337126,00F7BBA3,00F7BBA3,PN-337126,00F7BBA3,T27,,PROCESS,PN-27795,00F7BBA3T-20180827110112,U5,1,M13,483,483,-8.01,-0.17,127,GOOD,GOOD,119.8328,157.6177,96.55495,0,0.9055,8/27/2018 15:14
11819,1020,FP9,TOP,4009573517,8/23/2018 18:39,1535049000,TWB_SM3,TWB_PCBA_SM3_TOP_FP,TWB_PCBA_TOP_FP9,1020,TWB_SM3,TWB_PCBA_PASTE_INSPECTION_TOP,PN-337126,00F7BBA3,00F7BBA3,PN-337126,00F7BBA3,T27,,PROCESS,PN-27795,00F7BBA3T-20180827110112,U5,1,N12,483,483,4.72,-2.21,127,GOOD,GOOD,125.3077,166.1638,95.77348,0,0.9055,8/27/2018 15:14
11820,1020,FP9,TOP,4009573517,8/23/2018 18:39,1535049000,TWB_SM3,TWB_PCBA_SM3_TOP_FP,TWB_PCBA_TOP_FP9,1020,TWB_SM3,TWB_PCBA_PASTE_INSPECTION_TOP,PN-337126,00F7BBA3,00F7BBA3,PN-337126,00F7BBA3,T27,,PROCESS,PN-27795,00F7BBA3T-20180827110112,U5,1,P10,483,483,6.1,-6.5,127,GOOD,GOOD,129.2089,176.2515,93.10297,0,0.9055,8/27/2018 15:14
11821,1020,FP9,TOP,4009573517,8/23/2018 18:39,1535049000,TWB_SM3,TWB_PCBA_SM3_TOP_FP,TWB_PCBA_TOP_FP9,1020,TWB_SM3,TWB_PCBA_PASTE_INSPECTION_TOP,PN-337126,00F7BBA3,00F7BBA3,PN-337126,00F7BBA3,T27,,PROCESS,PN-27795,00F7BBA3T-20180827110112,U5,1,T3,483,483,6.66,2.65,127,GOOD,GOOD,134.3877,162.1503,105.2556,0,0.9055,8/27/2018 15:14
12075,1020,FP9,TOP,4009573517,8/23/2018 18:39,1535049000,TWB_SM3,TWB_PCBA_SM3_TOP_FP,TWB_PCBA_TOP_FP9,1020,TWB_SM3,TWB_PCBA_PASTE_INSPECTION_TOP,PN-337126,00F7BBA3,00F7BBA3,PN-337126,00F7BBA3,T27,,PROCESS,PN-27795,00F7BBA3T-20180827110112,U5,1,A13,483,483,3.46,5.86,127,GOOD,GOOD,120.0655,160.0751,95.25724,0,0.9055,8/27/2018 15:14
12076,1020,FP9,TOP,4009573517,8/23/2018 18:39,1535049000,TWB_SM3,TWB_PCBA_SM3_TOP_FP,TWB_PCBA_TOP_FP9,1020,TWB_SM3,TWB_PCBA_PASTE_INSPECTION_TOP,PN-337126,00F7BBA3,00F7BBA3,PN-337126,00F7BBA3,T27,,PROCESS,PN-27795,00F7BBA3T-20180827110112,U5,1,A4,483,483,-9.04,-6.92,127,GOOD,GOOD,122.3874,174.0595,89.29816,0,0.9055,8/27/2018 15:14
12077,1020,FP9,TOP,4009573517,8/23/2018 18:39,1535049000,TWB_SM3,TWB_PCBA_SM3_TOP_FP,TWB_PCBA_TOP_FP9,1020,TWB_SM3,TWB_PCBA_PASTE_INSPECTION_TOP,PN-337126,00F7BBA3,00F7BBA3,PN-337126,00F7BBA3,T27,,PROCESS,PN-27795,00F7BBA3T-20180827110112,U5,1,B12,483,483,3.19,2.98,127,GOOD,GOOD,130.6711,176.919,93.80125,0,0.9055,8/27/2018 15:14
12078,1020,FP9,TOP,4009573517,8/23/2018 18:39,1535049000,TWB_SM3,TWB_PCBA_SM3_TOP_FP,TWB_PCBA_TOP_FP9,1020,TWB_SM3,TWB_PCBA_PASTE_INSPECTION_TOP,PN-337126,00F7BBA3,00F7BBA3,PN-337126,00F7BBA3,T27,,PROCESS,PN-27795,00F7BBA3T-20180827110112,U5,1,C11,483,483,-4.37,2.1,127,GOOD,GOOD,134.1067,168.6291,101.0001,0,0.9055,8/27/2018 15:14
12079,1020,FP9,TOP,4009573517,8/23/2018 18:39,1535049000,TWB_SM3,TWB_PCBA_SM3_TOP_FP,TWB_PCBA_TOP_FP9,1020,TWB_SM3,TWB_PCBA_PASTE_INSPECTION_TOP,PN-337126,00F7BBA3,00F7BBA3,PN-337126,00F7BBA3,T27,,PROCESS,PN-27795,00F7BBA3T-20180827110112,U5,1,D10,483,483,4.8,-0.77,127,GOOD,GOOD,131.2086,185.7111,89.72806,0,0.9055,8/27/2018 15:14
12080,1020,FP9,TOP,4009573517,8/23/2018 18:39,1535049000,TWB_SM3,TWB_PCBA_SM3_TOP_FP,TWB_PCBA_TOP_FP9,1020,TWB_SM3,TWB_PCBA_PASTE_INSPECTION_TOP,PN-337126,00F7BBA3,00F7BBA3,PN-337126,00F7BBA3,T27,,PROCESS,PN-27795,00F7BBA3T-20180827110112,U5,1,D7,483,483,1.12,-5.03,127,GOOD,GOOD,128.4411,170.1333,95.87788,0,0.9055,8/27/2018 15:14
12081,1020,FP9,TOP,4009573517,8/23/2018 18:39,1535049000,TWB_SM3,TWB_PCBA_SM3_TOP_FP,TWB_PCBA_TOP_FP9,1020,TWB_SM3,TWB_PCBA_PASTE_INSPECTION_TOP,PN-337126,00F7BBA3,00F7BBA3,PN-337126,00F7BBA3,T27,,PROCESS,PN-27795,00F7BBA3T-20180827110112,U5,1,R5,483,483,2.96,6.93,127,GOOD,GOOD,131.8942,173.2565,96.68073000000001,0,0.9055,8/27/2018 15:14
12685,1020,FP9,TOP,4009573517,8/23/2018 18:39,1535049000,TWB_SM3,TWB_PCBA_SM3_TOP_FP,TWB_PCBA_TOP_FP9,1020,TWB_SM3,TWB_PCBA_PASTE_INSPECTION_TOP,PN-337126,00F7BBA3,00F7BBA3,PN-337126,00F7BBA3,T27,,PROCESS,PN-27795,00F7BBA3T-20180827110112,U5,1,H3,483,483,0.85,-11.54,127,GOOD,GOOD,123.6742,163.3819,96.13436999999999,0,0.9055,8/27/2018 15:14
12686,1020,FP9,TOP,4009573517,8/23/2018 18:39,1535049000,TWB_SM3,TWB_PCBA_SM3_TOP_FP,TWB_PCBA_TOP_FP9,1020,TWB_SM3,TWB_PCBA_PASTE_INSPECTION_TOP,PN-337126,00F7BBA3,00F7BBA3,PN-337126,00F7BBA3,T27,,PROCESS,PN-27795,00F7BBA3T-20180827110112,U5,1,K6,483,483,-2.78,-8.2,127,GOOD,GOOD,124.7878,169.9106,93.27289,0,0.9055,8/27/2018 15:14
12687,1020,FP9,TOP,4009573517,8/23/2018 18:39,1535049000,TWB_SM3,TWB_PCBA_SM3_TOP_FP,TWB_PCBA_TOP_FP9,1020,TWB_SM3,TWB_PCBA_PASTE_INSPECTION_TOP,PN-337126,00F7BBA3,00F7BBA3,PN-337126,00F7BBA3,T27,,PROCESS,PN-27795,00F7BBA3T-20180827110112,U5,1,N9,483,483,7.0,-6.47,127,GOOD,GOOD,131.1613,173.2296,96.15841999999999,0,0.9055,8/27/2018 15:14
13326,1020,FP9,TOP,4009573517,8/23/2018 18:39,1535049000,TWB_SM3,TWB_PCBA_SM3_TOP_FP,TWB_PCBA_TOP_FP9,1020,TWB_SM3,TWB_PCBA_PASTE_INSPECTION_TOP,PN-337126,00F7BBA3,00F7BBA3,PN-337126,00F7BBA3,T27,,PROCESS,PN-27795,00F7BBA3T-20180827110112,U5,1,J3,483,483,1.09,-12.99,127,GOOD,GOOD,130.0988,174.6719,94.59194000000001,0,0.9055,8/27/2018 15:14
13327,1020,FP9,TOP,4009573517,8/23/2018 18:39,1535049000,TWB_SM3,TWB_PCBA_SM3_TOP_FP,TWB_PCBA_TOP_FP9,1020,TWB_SM3,TWB_PCBA_PASTE_INSPECTION_TOP,PN-337126,00F7BBA3,00F7BBA3,PN-337126,00F7BBA3,T27,,PROCESS,PN-27795,00F7BBA3T-20180827110112,U5,1,M6,483,483,-5.61,-10.11,127,GOOD,GOOD,122.2047,161.0401,96.37349,0,0.9055,8/27/2018 15:14
13328,1020,FP9,TOP,4009573517,8/23/2018 18:39,1535049000,TWB_SM3,TWB_PCBA_SM3_TOP_FP,TWB_PCBA_TOP_FP9,1020,TWB_SM3,TWB_PCBA_PASTE_INSPECTION_TOP,PN-337126,00F7BBA3,00F7BBA3,PN-337126,00F7BBA3,T27,,PROCESS,PN-27795,00F7BBA3T-20180827110112,U5,1,P9,483,483,4.76,-7.92,127,GOOD,GOOD,134.2496,168.9082,100.9406,0,0.9055,8/27/2018 15:14
14725,1020,FP9,TOP,4009573517,8/23/2018 18:39,1535049000,TWB_SM3,TWB_PCBA_SM3_TOP_FP,TWB_PCBA_TOP_FP9,1020,TWB_SM3,TWB_PCBA_PASTE_INSPECTION_TOP,PN-337126,00F7BBA3,00F7BBA3,PN-337126,00F7BBA3,T27,,PROCESS,PN-27795,00F7BBA3T-20180827110112,U5,1,G2,483,483,3.42,-13.5,127,GOOD,GOOD,125.7641,168.0258,95.05711,0,0.9055,8/27/2018 15:14
14726,1020,FP9,TOP,4009573517,8/23/2018 18:39,1535049000,TWB_SM3,TWB_PCBA_SM3_TOP_FP,TWB_PCBA_TOP_FP9,1020,TWB_SM3,TWB_PCBA_PASTE_INSPECTION_TOP,PN-337126,00F7BBA3,00F7BBA3,PN-337126,00F7BBA3,T27,,PROCESS,PN-27795,00F7BBA3T-20180827110112,U5,1,J5,483,483,0.14,-10.15,127,GOOD,GOOD,132.3034,170.7045,98.43052,0,0.9055,8/27/2018 15:14
14727,1020,FP9,TOP,4009573517,8/23/2018 18:39,1535049000,TWB_SM3,TWB_PCBA_SM3_TOP_FP,TWB_PCBA_TOP_FP9,1020,TWB_SM3,TWB_PCBA_PASTE_INSPECTION_TOP,PN-337126,00F7BBA3,00F7BBA3,PN-337126,00F7BBA3,T27,,PROCESS,PN-27795,00F7BBA3T-20180827110112,U5,1,M8,483,483,-5.58,-7.27,127,GOOD,GOOD,117.2664,164.1539,90.72482,0,0.9055,8/27/2018 15:14
14796,1020,FP9,TOP,4009573517,8/23/2018 18:39,1535049000,TWB_SM3,TWB_PCBA_SM3_TOP_FP,TWB_PCBA_TOP_FP9,1020,TWB_SM3,TWB_PCBA_PASTE_INSPECTION_TOP,PN-337126,00F7BBA3,00F7BBA3,PN-337126,00F7BBA3,T27,,PROCESS,PN-27795,00F7BBA3T-20180827110112,U5,1,K2,483,483,-0.84,6.13,127,GOOD,GOOD,123.3877,166.9029,93.88835999999999,0,0.9055,8/27/2018 15:14
14797,1020,FP9,TOP,4009573517,8/23/2018 18:39,1535049000,TWB_SM3,TWB_PCBA_SM3_TOP_FP,TWB_PCBA_TOP_FP9,1020,TWB_SM3,TWB_PCBA_PASTE_INSPECTION_TOP,PN-337126,00F7BBA3,00F7BBA3,PN-337126,00F7BBA3,T27,,PROCESS,PN-27795,00F7BBA3T-20180827110112,U5,1,N5,483,483,4.97,7.85,127,GOOD,GOOD,139.8687,182.3927,97.39055,0,0.9055,8/27/2018 15:14
14798,1020,FP9,TOP,4009573517,8/23/2018 18:39,1535049000,TWB_SM3,TWB_PCBA_SM3_TOP_FP,TWB_PCBA_TOP_FP9,1020,TWB_SM3,TWB_PCBA_PASTE_INSPECTION_TOP,PN-337126,00F7BBA3,00F7BBA3,PN-337126,00F7BBA3,T27,,PROCESS,PN-27795,00F7BBA3T-20180827110112,U5,1,R16,483,483,0.77,2.54,127,GOOD,GOOD,119.1814,157.7304,95.96146,0,0.9055,8/27/2018 15:14
14799,1020,FP9,TOP,4009573517,8/23/2018 18:39,1535049000,TWB_SM3,TWB_PCBA_SM3_TOP_FP,TWB_PCBA_TOP_FP9,1020,TWB_SM3,TWB_PCBA_PASTE_INSPECTION_TOP,PN-337126,00F7BBA3,00F7BBA3,PN-337126,00F7BBA3,T27,,PROCESS,PN-27795,00F7BBA3T-20180827110112,U5,1,T14,483,483,0.32,-1.74,127,GOOD,GOOD,112.3497,147.5732,96.68703000000001,0,0.9055,8/27/2018 15:14
14922,1020,FP9,TOP,4009573517,8/23/2018 18:39,1535049000,TWB_SM3,TWB_PCBA_SM3_TOP_FP,TWB_PCBA_TOP_FP9,1020,TWB_SM3,TWB_PCBA_PASTE_INSPECTION_TOP,PN-337126,00F7BBA3,00F7BBA3,PN-337126,00F7BBA3,T27,,PROCESS,PN-27795,00F7BBA3T-20180827110112,U5,1,G3,483,483,3.93,-12.08,127,GOOD,GOOD,127.3232,177.9147,90.88654,0,0.9055,8/27/2018 15:14
14923,1020,FP9,TOP,4009573517,8/23/2018 18:39,1535049000,TWB_SM3,TWB_PCBA_SM3_TOP_FP,TWB_PCBA_TOP_FP9,1020,TWB_SM3,TWB_PCBA_PASTE_INSPECTION_TOP,PN-337126,00F7BBA3,00F7BBA3,PN-337126,00F7BBA3,T27,,PROCESS,PN-27795,00F7BBA3T-20180827110112,U5,1,J6,483,483,-1.36,-8.74,127,GOOD,GOOD,133.1403,173.8501,97.26092,0,0.9055,8/27/2018 15:14
14924,1020,FP9,TOP,4009573517,8/23/2018 18:39,1535049000,TWB_SM3,TWB_PCBA_SM3_TOP_FP,TWB_PCBA_TOP_FP9,1020,TWB_SM3,TWB_PCBA_PASTE_INSPECTION_TOP,PN-337126,00F7BBA3,00F7BBA3,PN-337126,00F7BBA3,T27,,PROCESS,PN-27795,00F7BBA3T-20180827110112,U5,1,M9,483,483,-7.07,-5.85,127,GOOD,GOOD,128.6666,164.2065,99.5129,0,0.9055,8/27/2018 15:14
17867,1020,FP9,TOP,4009573517,8/23/2018 18:39,1535049000,TWB_SM3,TWB_PCBA_SM3_TOP_FP,TWB_PCBA_TOP_FP9,1020,TWB_SM3,TWB_PCBA_PASTE_INSPECTION_TOP,PN-337126,00F7BBA3,00F7BBA3,PN-337126,00F7BBA3,T27,,PROCESS,PN-27795,00F7BBA3T-20180827110112,U5,1,A12,483,483,1.29,4.43,127,GOOD,GOOD,120.8076,164.0477,93.52501,0,0.9055,8/27/2018 15:14
17868,1020,FP9,TOP,4009573517,8/23/2018 18:39,1535049000,TWB_SM3,TWB_PCBA_SM3_TOP_FP,TWB_PCBA_TOP_FP9,1020,TWB_SM3,TWB_PCBA_PASTE_INSPECTION_TOP,PN-337126,00F7BBA3,00F7BBA3,PN-337126,00F7BBA3,T27,,PROCESS,PN-27795,00F7BBA3T-20180827110112,U5,1,A3,483,483,-7.56,-8.34,127,GOOD,GOOD,124.6928,178.5251,88.7045,0,0.9055,8/27/2018 15:14
17869,1020,FP9,TOP,4009573517,8/23/2018 18:39,1535049000,TWB_SM3,TWB_PCBA_SM3_TOP_FP,TWB_PCBA_TOP_FP9,1020,TWB_SM3,TWB_PCBA_PASTE_INSPECTION_TOP,PN-337126,00F7BBA3,00F7BBA3,PN-337126,00F7BBA3,T27,,PROCESS,PN-27795,00F7BBA3T-20180827110112,U5,1,B11,483,483,6.16,1.56,127,GOOD,GOOD,120.2436,167.8662,90.97086,0,0.9055,8/27/2018 15:14
17870,1020,FP9,TOP,4009573517,8/23/2018 18:39,1535049000,TWB_SM3,TWB_PCBA_SM3_TOP_FP,TWB_PCBA_TOP_FP9,1020,TWB_SM3,TWB_PCBA_PASTE_INSPECTION_TOP,PN-337126,00F7BBA3,00F7BBA3,PN-337126,00F7BBA3,T27,,PROCESS,PN-27795,00F7BBA3T-20180827110112,U5,1,C10,483,483,6.22,0.68,127,GOOD,GOOD,133.088,168.0295,100.5905,0,0.9055,8/27/2018 15:14
17871,1020,FP9,TOP,4009573517,8/23/2018 18:39,1535049000,TWB_SM3,TWB_PCBA_SM3_TOP_FP,TWB_PCBA_TOP_FP9,1020,TWB_SM3,TWB_PCBA_PASTE_INSPECTION_TOP,PN-337126,00F7BBA3,00F7BBA3,PN-337126,00F7BBA3,T27,,PROCESS,PN-27795,00F7BBA3T-20180827110112,U5,1,D6,483,483,3.26,-6.45,127,GOOD,GOOD,127.6399,167.44,96.81241,0,0.9055,8/27/2018 15:14
17872,1020,FP9,TOP,4009573517,8/23/2018 18:39,1535049000,TWB_SM3,TWB_PCBA_SM3_TOP_FP,TWB_PCBA_TOP_FP9,1020,TWB_SM3,TWB_PCBA_PASTE_INSPECTION_TOP,PN-337126,00F7BBA3,00F7BBA3,PN-337126,00F7BBA3,T27,,PROCESS,PN-27795,00F7BBA3T-20180827110112,U5,1,G9,483,483,0.03,-3.57,127,GOOD,GOOD,133.5413,173.2629,97.88441,0,0.9055,8/27/2018 15:14
17873,1020,FP9,TOP,4009573517,8/23/2018 18:39,1535049000,TWB_SM3,TWB_PCBA_SM3_TOP_FP,TWB_PCBA_TOP_FP9,1020,TWB_SM3,TWB_PCBA_PASTE_INSPECTION_TOP,PN-337126,00F7BBA3,00F7BBA3,PN-337126,00F7BBA3,T27,,PROCESS,PN-27795,00F7BBA3T-20180827110112,U5,1,R4,483,483,4.93,5.51,127,GOOD,GOOD,126.1949,171.6812,93.35178,0,0.9055,8/27/2018 15:14
18911,1020,FP9,TOP,4009573517,8/23/2018 18:39,1535049000,TWB_SM3,TWB_PCBA_SM3_TOP_FP,TWB_PCBA_TOP_FP9,1020,TWB_SM3,TWB_PCBA_PASTE_INSPECTION_TOP,PN-337126,00F7BBA3,00F7BBA3,PN-337126,00F7BBA3,T27,,PROCESS,PN-27795,00F7BBA3T-20180827110112,U5,1,C1,483,483,6.27,-12.09,127,GOOD,GOOD,117.8196,155.8114,96.03336999999999,0,0.9055,8/27/2018 15:14
18912,1020,FP9,TOP,4009573517,8/23/2018 18:39,1535049000,TWB_SM3,TWB_PCBA_SM3_TOP_FP,TWB_PCBA_TOP_FP9,1020,TWB_SM3,TWB_PCBA_PASTE_INSPECTION_TOP,PN-337126,00F7BBA3,00F7BBA3,PN-337126,00F7BBA3,T27,,PROCESS,PN-27795,00F7BBA3T-20180827110112,U5,1,F4,483,483,3.86,-9.21,127,GOOD,GOOD,135.8597,189.5012,91.05051,0,0.9055,8/27/2018 15:14
18913,1020,FP9,TOP,4009573517,8/23/2018 18:39,1535049000,TWB_SM3,TWB_PCBA_SM3_TOP_FP,TWB_PCBA_TOP_FP9,1020,TWB_SM3,TWB_PCBA_PASTE_INSPECTION_TOP,PN-337126,00F7BBA3,00F7BBA3,PN-337126,00F7BBA3,T27,,PROCESS,PN-27795,00F7BBA3T-20180827110112,U5,1,J15,483,483,-4.72,4.04,127,GOOD,GOOD,122.2377,158.465,97.96608,0,0.9055,8/27/2018 15:14
18914,1020,FP9,TOP,4009573517,8/23/2018 18:39,1535049000,TWB_SM3,TWB_PCBA_SM3_TOP_FP,TWB_PCBA_TOP_FP9,1020,TWB_SM3,TWB_PCBA_PASTE_INSPECTION_TOP,PN-337126,00F7BBA3,00F7BBA3,PN-337126,00F7BBA3,T27,,PROCESS,PN-27795,00F7BBA3T-20180827110112,U5,1,K14,483,483,-6.65,3.16,127,GOOD,GOOD,122.5473,158.22,98.36623,0,0.9055,8/27/2018 15:14
18915,1020,FP9,TOP,4009573517,8/23/2018 18:39,1535049000,TWB_SM3,TWB_PCBA_SM3_TOP_FP,TWB_PCBA_TOP_FP9,1020,TWB_SM3,TWB_PCBA_PASTE_INSPECTION_TOP,PN-337126,00F7BBA3,00F7BBA3,PN-337126,00F7BBA3,T27,,PROCESS,PN-27795,00F7BBA3T-20180827110112,U5,1,L13,483,483,-6.59,1.28,127,GOOD,GOOD,128.158,172.6711,94.26056,0,0.9055,8/27/2018 15:14
18916,1020,FP9,TOP,4009573517,8/23/2018 18:39,1535049000,TWB_SM3,TWB_PCBA_SM3_TOP_FP,TWB_PCBA_TOP_FP9,1020,TWB_SM3,TWB_PCBA_PASTE_INSPECTION_TOP,PN-337126,00F7BBA3,00F7BBA3,PN-337126,00F7BBA3,T27,,PROCESS,PN-27795,00F7BBA3T-20180827110112,U5,1,M12,483,483,-8.52,-1.59,127,GOOD,GOOD,119.2407,159.6934,94.82903,0,0.9055,8/27/2018 15:14
18917,1020,FP9,TOP,4009573517,8/23/2018 18:39,1535049000,TWB_SM3,TWB_PCBA_SM3_TOP_FP,TWB_PCBA_TOP_FP9,1020,TWB_SM3,TWB_PCBA_PASTE_INSPECTION_TOP,PN-337126,00F7BBA3,00F7BBA3,PN-337126,00F7BBA3,T27,,PROCESS,PN-27795,00F7BBA3T-20180827110112,U5,1,N11,483,483,6.03,-3.63,127,GOOD,GOOD,123.1192,175.8892,88.89761999999999,0,0.9055,8/27/2018 15:14
18918,1020,FP9,TOP,4009573517,8/23/2018 18:39,1535049000,TWB_SM3,TWB_PCBA_SM3_TOP_FP,TWB_PCBA_TOP_FP9,1020,TWB_SM3,TWB_PCBA_PASTE_INSPECTION_TOP,PN-337126,00F7BBA3,00F7BBA3,PN-337126,00F7BBA3,T27,,PROCESS,PN-27795,00F7BBA3T-20180827110112,U5,1,T2,483,483,4.47,1.23,127,GOOD,GOOD,128.8558,159.6065,102.5315,0,0.9055,8/27/2018 15:14
20582,1020,FP9,TOP,4009573517,8/23/2018 18:39,1535049000,TWB_SM3,TWB_PCBA_SM3_TOP_FP,TWB_PCBA_TOP_FP9,1020,TWB_SM3,TWB_PCBA_PASTE_INSPECTION_TOP,PN-337126,00F7BBA3,00F7BBA3,PN-337126,00F7BBA3,T27,,PROCESS,PN-27795,00F7BBA3T-20180827110112,U5,1,B6,483,483,3.61,-5.54,127,GOOD,GOOD,130.2108,177.3022,93.26888000000001,0,0.9055,8/27/2018 15:14
20583,1020,FP9,TOP,4009573517,8/23/2018 18:39,1535049000,TWB_SM3,TWB_PCBA_SM3_TOP_FP,TWB_PCBA_TOP_FP9,1020,TWB_SM3,TWB_PCBA_PASTE_INSPECTION_TOP,PN-337126,00F7BBA3,00F7BBA3,PN-337126,00F7BBA3,T27,,PROCESS,PN-27795,00F7BBA3T-20180827110112,U5,1,E9,483,483,0.38,-1.65,127,GOOD,GOOD,131.0899,173.7696,95.80744,0,0.9055,8/27/2018 15:14
20584,1020,FP9,TOP,4009573517,8/23/2018 18:39,1535049000,TWB_SM3,TWB_PCBA_SM3_TOP_FP,TWB_PCBA_TOP_FP9,1020,TWB_SM3,TWB_PCBA_PASTE_INSPECTION_TOP,PN-337126,00F7BBA3,00F7BBA3,PN-337126,00F7BBA3,T27,,PROCESS,PN-27795,00F7BBA3T-20180827110112,U5,1,M1,483,483,-3.19,2.79,127,GOOD,GOOD,130.8333,180.7666,91.91872,0,0.9055,8/27/2018 15:14
20585,1020,FP9,TOP,4009573517,8/23/2018 18:39,1535049000,TWB_SM3,TWB_PCBA_SM3_TOP_FP,TWB_PCBA_TOP_FP9,1020,TWB_SM3,TWB_PCBA_PASTE_INSPECTION_TOP,PN-337126,00F7BBA3,00F7BBA3,PN-337126,00F7BBA3,T27,,PROCESS,PN-27795,00F7BBA3T-20180827110112,U5,1,P4,483,483,8.01,4.98,127,GOOD,GOOD,120.1142,163.335,93.39397,0,0.9055,8/27/2018 15:14
22688,1020,FP9,TOP,4009573517,8/23/2018 18:39,1535049000,TWB_SM3,TWB_PCBA_SM3_TOP_FP,TWB_PCBA_TOP_FP9,1020,TWB_SM3,TWB_PCBA_PASTE_INSPECTION_TOP,PN-337126,00F7BBA3,00F7BBA3,PN-337126,00F7BBA3,T27,,PROCESS,PN-27795,00F7BBA3T-20180827110112,U5,1,F1,483,483,5.32,6.54,127,GOOD,GOOD,123.5441,170.2176,92.17667,0,0.9055,8/27/2018 15:14
22689,1020,FP9,TOP,4009573517,8/23/2018 18:39,1535049000,TWB_SM3,TWB_PCBA_SM3_TOP_FP,TWB_PCBA_TOP_FP9,1020,TWB_SM3,TWB_PCBA_PASTE_INSPECTION_TOP,PN-337126,00F7BBA3,00F7BBA3,PN-337126,00F7BBA3,T27,,PROCESS,PN-27795,00F7BBA3T-20180827110112,U5,1,F16,483,483,-1.94,-12.17,127,GOOD,GOOD,115.8361,164.8214,89.25534,0,0.9055,8/27/2018 15:14
22690,1020,FP9,TOP,4009573517,8/23/2018 18:39,1535049000,TWB_SM3,TWB_PCBA_SM3_TOP_FP,TWB_PCBA_TOP_FP9,1020,TWB_SM3,TWB_PCBA_PASTE_INSPECTION_TOP,PN-337126,00F7BBA3,00F7BBA3,PN-337126,00F7BBA3,T27,,PROCESS,PN-27795,00F7BBA3T-20180827110112,U5,1,G15,483,483,-1.88,4.95,127,GOOD,GOOD,120.8739,161.2746,95.18538000000001,0,0.9055,8/27/2018 15:14
22691,1020,FP9,TOP,4009573517,8/23/2018 18:39,1535049000,TWB_SM3,TWB_PCBA_SM3_TOP_FP,TWB_PCBA_TOP_FP9,1020,TWB_SM3,TWB_PCBA_PASTE_INSPECTION_TOP,PN-337126,00F7BBA3,00F7BBA3,PN-337126,00F7BBA3,T27,,PROCESS,PN-27795,00F7BBA3T-20180827110112,U5,1,H14,483,483,-6.3,4.07,127,GOOD,GOOD,128.8658,164.2364,99.64885,0,0.9055,8/27/2018 15:14
22692,1020,FP9,TOP,4009573517,8/23/2018 18:39,1535049000,TWB_SM3,TWB_PCBA_SM3_TOP_FP,TWB_PCBA_TOP_FP9,1020,TWB_SM3,TWB_PCBA_PASTE_INSPECTION_TOP,PN-337126,00F7BBA3,00F7BBA3,PN-337126,00F7BBA3,T27,,PROCESS,PN-27795,00F7BBA3T-20180827110112,U5,1,J12,483,483,-4.26,-0.22,127,GOOD,GOOD,128.6683,172.6468,94.64918,0,0.9055,8/27/2018 15:14
22693,1020,FP9,TOP,4009573517,8/23/2018 18:39,1535049000,TWB_SM3,TWB_PCBA_SM3_TOP_FP,TWB_PCBA_TOP_FP9,1020,TWB_SM3,TWB_PCBA_PASTE_INSPECTION_TOP,PN-337126,00F7BBA3,00F7BBA3,PN-337126,00F7BBA3,T27,,PROCESS,PN-27795,00F7BBA3T-20180827110112,U5,1,K11,483,483,-5.2,-1.1,127,GOOD,GOOD,123.5723,160.0597,98.04896,0,0.9055,8/27/2018 15:14
22694,1020,FP9,TOP,4009573517,8/23/2018 18:39,1535049000,TWB_SM3,TWB_PCBA_SM3_TOP_FP,TWB_PCBA_TOP_FP9,1020,TWB_SM3,TWB_PCBA_PASTE_INSPECTION_TOP,PN-337126,00F7BBA3,00F7BBA3,PN-337126,00F7BBA3,T27,,PROCESS,PN-27795,00F7BBA3T-20180827110112,U5,1,L10,483,483,-5.13,-2.98,127,GOOD,GOOD,123.4684,159.9332,98.04401,0,0.9055,8/27/2018 15:14
22695,1020,FP9,TOP,4009573517,8/23/2018 18:39,1535049000,TWB_SM3,TWB_PCBA_SM3_TOP_FP,TWB_PCBA_TOP_FP9,1020,TWB_SM3,TWB_PCBA_PASTE_INSPECTION_TOP,PN-337126,00F7BBA3,00F7BBA3,PN-337126,00F7BBA3,T27,,PROCESS,PN-27795,00F7BBA3T-20180827110112,U5,1,L7,483,483,-4.68,-7.23,127,GOOD,GOOD,120.7207,160.3456,95.61556999999999,0,0.9055,8/27/2018 15:14
22938,1020,FP9,TOP,4009573517,8/23/2018 18:39,1535049000,TWB_SM3,TWB_PCBA_SM3_TOP_FP,TWB_PCBA_TOP_FP9,1020,TWB_SM3,TWB_PCBA_PASTE_INSPECTION_TOP,PN-337126,00F7BBA3,00F7BBA3,PN-337126,00F7BBA3,T27,,PROCESS,PN-27795,00F7BBA3T-20180827110112,U5,1,B5,483,483,10.07,-6.96,127,GOOD,GOOD,133.0314,174.21599999999998,96.97729,0,0.9055,8/27/2018 15:14
22939,1020,FP9,TOP,4009573517,8/23/2018 18:39,1535049000,TWB_SM3,TWB_PCBA_SM3_TOP_FP,TWB_PCBA_TOP_FP9,1020,TWB_SM3,TWB_PCBA_PASTE_INSPECTION_TOP,PN-337126,00F7BBA3,00F7BBA3,PN-337126,00F7BBA3,T27,,PROCESS,PN-27795,00F7BBA3T-20180827110112,U5,1,E8,483,483,4.35,-3.07,127,GOOD,GOOD,137.1674,190.3237,91.52969,0,0.9055,8/27/2018 15:14
22940,1020,FP9,TOP,4009573517,8/23/2018 18:39,1535049000,TWB_SM3,TWB_PCBA_SM3_TOP_FP,TWB_PCBA_TOP_FP9,1020,TWB_SM3,TWB_PCBA_PASTE_INSPECTION_TOP,PN-337126,00F7BBA3,00F7BBA3,PN-337126,00F7BBA3,T27,,PROCESS,PN-27795,00F7BBA3T-20180827110112,U5,1,P3,483,483,9.5,3.56,127,GOOD,GOOD,120.5502,150.3533,101.82600000000001,0,0.9055,8/27/2018 15:14
23033,1020,FP9,TOP,4009573517,8/23/2018 18:39,1535049000,TWB_SM3,TWB_PCBA_SM3_TOP_FP,TWB_PCBA_TOP_FP9,1020,TWB_SM3,TWB_PCBA_PASTE_INSPECTION_TOP,PN-337126,00F7BBA3,00F7BBA3,PN-337126,00F7BBA3,T27,,PROCESS,PN-27795,00F7BBA3T-20180827110112,U5,1,D16,483,483,0.9,-12.26,127,GOOD,GOOD,122.6252,161.6779,96.32355,0,0.9055,8/27/2018 15:14
23034,1020,FP9,TOP,4009573517,8/23/2018 18:39,1535049000,TWB_SM3,TWB_PCBA_SM3_TOP_FP,TWB_PCBA_TOP_FP9,1020,TWB_SM3,TWB_PCBA_PASTE_INSPECTION_TOP,PN-337126,00F7BBA3,00F7BBA3,PN-337126,00F7BBA3,T27,,PROCESS,PN-27795,00F7BBA3T-20180827110112,U5,1,E15,483,483,-4.84,-13.14,127,GOOD,GOOD,119.4426,153.9176,98.55405,0,0.9055,8/27/2018 15:14
23035,1020,FP9,TOP,4009573517,8/23/2018 18:39,1535049000,TWB_SM3,TWB_PCBA_SM3_TOP_FP,TWB_PCBA_TOP_FP9,1020,TWB_SM3,TWB_PCBA_PASTE_INSPECTION_TOP,PN-337126,00F7BBA3,00F7BBA3,PN-337126,00F7BBA3,T27,,PROCESS,PN-27795,00F7BBA3T-20180827110112,U5,1,F14,483,483,-6.77,4.99,127,GOOD,GOOD,125.9234,161.2168,99.19734,0,0.9055,8/27/2018 15:14
23036,1020,FP9,TOP,4009573517,8/23/2018 18:39,1535049000,TWB_SM3,TWB_PCBA_SM3_TOP_FP,TWB_PCBA_TOP_FP9,1020,TWB_SM3,TWB_PCBA_PASTE_INSPECTION_TOP,PN-337126,00F7BBA3,00F7BBA3,PN-337126,00F7BBA3,T27,,PROCESS,PN-27795,00F7BBA3T-20180827110112,U5,1,G13,483,483,-5.88,2.11,127,GOOD,GOOD,125.3001,162.6927,97.81090999999999,0,0.9055,8/27/2018 15:14
23037,1020,FP9,TOP,4009573517,8/23/2018 18:39,1535049000,TWB_SM3,TWB_PCBA_SM3_TOP_FP,TWB_PCBA_TOP_FP9,1020,TWB_SM3,TWB_PCBA_PASTE_INSPECTION_TOP,PN-337126,00F7BBA3,00F7BBA3,PN-337126,00F7BBA3,T27,,PROCESS,PN-27795,00F7BBA3T-20180827110112,U5,1,H12,483,483,-2.84,1.23,127,GOOD,GOOD,127.3222,171.7357,94.15581999999999,0,0.9055,8/27/2018 15:14
23038,1020,FP9,TOP,4009573517,8/23/2018 18:39,1535049000,TWB_SM3,TWB_PCBA_SM3_TOP_FP,TWB_PCBA_TOP_FP9,1020,TWB_SM3,TWB_PCBA_PASTE_INSPECTION_TOP,PN-337126,00F7BBA3,00F7BBA3,PN-337126,00F7BBA3,T27,,PROCESS,PN-27795,00F7BBA3T-20180827110112,U5,1,J10,483,483,-2.29,-3.06,127,GOOD,GOOD,120.5788,163.9623,93.3965,0,0.9055,8/27/2018 15:14
23039,1020,FP9,TOP,4009573517,8/23/2018 18:39,1535049000,TWB_SM3,TWB_PCBA_SM3_TOP_FP,TWB_PCBA_TOP_FP9,1020,TWB_SM3,TWB_PCBA_PASTE_INSPECTION_TOP,PN-337126,00F7BBA3,00F7BBA3,PN-337126,00F7BBA3,T27,,PROCESS,PN-27795,00F7BBA3T-20180827110112,U5,1,L5,483,483,-2.7,-10.07,127,GOOD,GOOD,133.4411,177.6622,95.38905,0,0.9055,8/27/2018 15:14
24308,1020,FP9,TOP,4009573517,8/23/2018 18:39,1535049000,TWB_SM3,TWB_PCBA_SM3_TOP_FP,TWB_PCBA_TOP_FP9,1020,TWB_SM3,TWB_PCBA_PASTE_INSPECTION_TOP,PN-337126,00F7BBA3,00F7BBA3,PN-337126,00F7BBA3,T27,,PROCESS,PN-27795,00F7BBA3T-20180827110112,U5,1,E1,483,483,6.74,-13.01,127,GOOD,GOOD,120.8217,172.1337,89.14205,0,0.9055,8/27/2018 15:14
24309,1020,FP9,TOP,4009573517,8/23/2018 18:39,1535049000,TWB_SM3,TWB_PCBA_SM3_TOP_FP,TWB_PCBA_TOP_FP9,1020,TWB_SM3,TWB_PCBA_PASTE_INSPECTION_TOP,PN-337126,00F7BBA3,00F7BBA3,PN-337126,00F7BBA3,T27,,PROCESS,PN-27795,00F7BBA3T-20180827110112,U5,1,H4,483,483,1.02,-10.12,127,GOOD,GOOD,136.2241,176.3368,98.11031,0,0.9055,8/27/2018 15:14
24310,1020,FP9,TOP,4009573517,8/23/2018 18:39,1535049000,TWB_SM3,TWB_PCBA_SM3_TOP_FP,TWB_PCBA_TOP_FP9,1020,TWB_SM3,TWB_PCBA_PASTE_INSPECTION_TOP,PN-337126,00F7BBA3,00F7BBA3,PN-337126,00F7BBA3,T27,,PROCESS,PN-27795,00F7BBA3T-20180827110112,U5,1,K7,483,483,-3.26,-6.78,127,GOOD,GOOD,131.1696,171.9521,96.87894,0,0.9055,8/27/2018 15:14
24549,1020,FP9,TOP,4009573517,8/23/2018 18:39,1535049000,TWB_SM3,TWB_PCBA_SM3_TOP_FP,TWB_PCBA_TOP_FP9,1020,TWB_SM3,TWB_PCBA_PASTE_INSPECTION_TOP,PN-337126,00F7BBA3,00F7BBA3,PN-337126,00F7BBA3,T27,,PROCESS,PN-27795,00F7BBA3T-20180827110112,U5,1,C4,483,483,6.46,-7.84,127,GOOD,GOOD,127.2593,170.7628,94.64553000000001,0,0.9055,8/27/2018 15:14
24550,1020,FP9,TOP,4009573517,8/23/2018 18:39,1535049000,TWB_SM3,TWB_PCBA_SM3_TOP_FP,TWB_PCBA_TOP_FP9,1020,TWB_SM3,TWB_PCBA_PASTE_INSPECTION_TOP,PN-337126,00F7BBA3,00F7BBA3,PN-337126,00F7BBA3,T27,,PROCESS,PN-27795,00F7BBA3T-20180827110112,U5,1,F7,483,483,1.59,-4.95,127,GOOD,GOOD,122.1507,162.5174,95.45524,0,0.9055,8/27/2018 15:14
24551,1020,FP9,TOP,4009573517,8/23/2018 18:39,1535049000,TWB_SM3,TWB_PCBA_SM3_TOP_FP,TWB_PCBA_TOP_FP9,1020,TWB_SM3,TWB_PCBA_PASTE_INSPECTION_TOP,PN-337126,00F7BBA3,00F7BBA3,PN-337126,00F7BBA3,T27,,PROCESS,PN-27795,00F7BBA3T-20180827110112,U5,1,L16,483,483,-9.04,5.54,127,GOOD,GOOD,120.8797,152.5582,100.6286,0,0.9055,8/27/2018 15:14
24552,1020,FP9,TOP,4009573517,8/23/2018 18:39,1535049000,TWB_SM3,TWB_PCBA_SM3_TOP_FP,TWB_PCBA_TOP_FP9,1020,TWB_SM3,TWB_PCBA_PASTE_INSPECTION_TOP,PN-337126,00F7BBA3,00F7BBA3,PN-337126,00F7BBA3,T27,,PROCESS,PN-27795,00F7BBA3T-20180827110112,U5,1,M15,483,483,-11.46,2.67,127,GOOD,GOOD,126.8414,158.5632,101.5927,0,0.9055,8/27/2018 15:14
24553,1020,FP9,TOP,4009573517,8/23/2018 18:39,1535049000,TWB_SM3,TWB_PCBA_SM3_TOP_FP,TWB_PCBA_TOP_FP9,1020,TWB_SM3,TWB_PCBA_PASTE_INSPECTION_TOP,PN-337126,00F7BBA3,00F7BBA3,PN-337126,00F7BBA3,T27,,PROCESS,PN-27795,00F7BBA3T-20180827110112,U5,1,N14,483,483,1.26,0.63,127,GOOD,GOOD,120.7931,157.2482,97.55733000000001,0,0.9055,8/27/2018 15:14
24554,1020,FP9,TOP,4009573517,8/23/2018 18:39,1535049000,TWB_SM3,TWB_PCBA_SM3_TOP_FP,TWB_PCBA_TOP_FP9,1020,TWB_SM3,TWB_PCBA_PASTE_INSPECTION_TOP,PN-337126,00F7BBA3,00F7BBA3,PN-337126,00F7BBA3,T27,,PROCESS,PN-27795,00F7BBA3T-20180827110112,U5,1,P12,483,483,4.13,-3.66,127,GOOD,GOOD,131.9123,178.429,93.89090999999999,0,0.9055,8/27/2018 15:14
24555,1020,FP9,TOP,4009573517,8/23/2018 18:39,1535049000,TWB_SM3,TWB_PCBA_SM3_TOP_FP,TWB_PCBA_TOP_FP9,1020,TWB_SM3,TWB_PCBA_PASTE_INSPECTION_TOP,PN-337126,00F7BBA3,00F7BBA3,PN-337126,00F7BBA3,T27,,PROCESS,PN-27795,00F7BBA3T-20180827110112,U5,1,R10,483,483,4.68,-5.97,127,GOOD,GOOD,129.7425,177.1141,93.03211999999999,0,0.9055,8/27/2018 15:14
24556,1020,FP9,TOP,4009573517,8/23/2018 18:39,1535049000,TWB_SM3,TWB_PCBA_SM3_TOP_FP,TWB_PCBA_TOP_FP9,1020,TWB_SM3,TWB_PCBA_PASTE_INSPECTION_TOP,PN-337126,00F7BBA3,00F7BBA3,PN-337126,00F7BBA3,T27,,PROCESS,PN-27795,00F7BBA3T-20180827110112,U5,1,T5,483,483,5.68,5.49,127,GOOD,GOOD,134.8092,168.9241,101.3519,0,0.9055,8/27/2018 15:14
25007,1020,FP9,TOP,4009573517,8/23/2018 18:39,1535049000,TWB_SM3,TWB_PCBA_SM3_TOP_FP,TWB_PCBA_TOP_FP9,1020,TWB_SM3,TWB_PCBA_PASTE_INSPECTION_TOP,PN-337126,00F7BBA3,00F7BBA3,PN-337126,00F7BBA3,T27,,PROCESS,PN-27795,00F7BBA3T-20180827110112,U5,1,C3,483,483,7.95,-9.25,127,GOOD,GOOD,133.4286,172.1766,98.41888,0,0.9055,8/27/2018 15:14
25008,1020,FP9,TOP,4009573517,8/23/2018 18:39,1535049000,TWB_SM3,TWB_PCBA_SM3_TOP_FP,TWB_PCBA_TOP_FP9,1020,TWB_SM3,TWB_PCBA_PASTE_INSPECTION_TOP,PN-337126,00F7BBA3,00F7BBA3,PN-337126,00F7BBA3,T27,,PROCESS,PN-27795,00F7BBA3T-20180827110112,U5,1,F6,483,483,2.9,-6.37,127,GOOD,GOOD,128.5485,164.7659,99.08402,0,0.9055,8/27/2018 15:14
25009,1020,FP9,TOP,4009573517,8/23/2018 18:39,1535049000,TWB_SM3,TWB_PCBA_SM3_TOP_FP,TWB_PCBA_TOP_FP9,1020,TWB_SM3,TWB_PCBA_PASTE_INSPECTION_TOP,PN-337126,00F7BBA3,00F7BBA3,PN-337126,00F7BBA3,T27,,PROCESS,PN-27795,00F7BBA3T-20180827110112,U5,1,K16,483,483,-7.62,6.0,127,GOOD,GOOD,115.3943,154.2788,94.99084,0,0.9055,8/27/2018 15:14
25010,1020,FP9,TOP,4009573517,8/23/2018 18:39,1535049000,TWB_SM3,TWB_PCBA_SM3_TOP_FP,TWB_PCBA_TOP_FP9,1020,TWB_SM3,TWB_PCBA_PASTE_INSPECTION_TOP,PN-337126,00F7BBA3,00F7BBA3,PN-337126,00F7BBA3,T27,,PROCESS,PN-27795,00F7BBA3T-20180827110112,U5,1,L15,483,483,-7.56,4.12,127,GOOD,GOOD,119.4333,160.817,94.31858000000001,0,0.9055,8/27/2018 15:14
25011,1020,FP9,TOP,4009573517,8/23/2018 18:39,1535049000,TWB_SM3,TWB_PCBA_SM3_TOP_FP,TWB_PCBA_TOP_FP9,1020,TWB_SM3,TWB_PCBA_PASTE_INSPECTION_TOP,PN-337126,00F7BBA3,00F7BBA3,PN-337126,00F7BBA3,T27,,PROCESS,PN-27795,00F7BBA3T-20180827110112,U5,1,M14,483,483,-9.49,1.24,127,GOOD,GOOD,122.2048,161.0604,96.36140999999999,0,0.9055,8/27/2018 15:14
25012,1020,FP9,TOP,4009573517,8/23/2018 18:39,1535049000,TWB_SM3,TWB_PCBA_SM3_TOP_FP,TWB_PCBA_TOP_FP9,1020,TWB_SM3,TWB_PCBA_PASTE_INSPECTION_TOP,PN-337126,00F7BBA3,00F7BBA3,PN-337126,00F7BBA3,T27,,PROCESS,PN-27795,00F7BBA3T-20180827110112,U5,1,N13,483,483,1.09,-0.79,127,GOOD,GOOD,125.1778,160.637,98.96585999999999,0,0.9055,8/27/2018 15:14
25013,1020,FP9,TOP,4009573517,8/23/2018 18:39,1535049000,TWB_SM3,TWB_PCBA_SM3_TOP_FP,TWB_PCBA_TOP_FP9,1020,TWB_SM3,TWB_PCBA_PASTE_INSPECTION_TOP,PN-337126,00F7BBA3,00F7BBA3,PN-337126,00F7BBA3,T27,,PROCESS,PN-27795,00F7BBA3T-20180827110112,U5,1,P11,483,483,2.96,-5.08,127,GOOD,GOOD,134.3205,183.3137,93.05742,0,0.9055,8/27/2018 15:14
25014,1020,FP9,TOP,4009573517,8/23/2018 18:39,1535049000,TWB_SM3,TWB_PCBA_SM3_TOP_FP,TWB_PCBA_TOP_FP9,1020,TWB_SM3,TWB_PCBA_PASTE_INSPECTION_TOP,PN-337126,00F7BBA3,00F7BBA3,PN-337126,00F7BBA3,T27,,PROCESS,PN-27795,00F7BBA3T-20180827110112,U5,1,T4,483,483,5.17,4.07,127,GOOD,GOOD,119.7717,149.4346,101.7904,0,0.9055,8/27/2018 15:14
25224,1020,FP9,TOP,4009573517,8/23/2018 18:39,1535049000,TWB_SM3,TWB_PCBA_SM3_TOP_FP,TWB_PCBA_TOP_FP9,1020,TWB_SM3,TWB_PCBA_PASTE_INSPECTION_TOP,PN-337126,00F7BBA3,00F7BBA3,PN-337126,00F7BBA3,T27,,PROCESS,PN-27795,00F7BBA3T-20180827110112,U5,1,A11,483,483,7.58,3.01,127,GOOD,GOOD,119.6055,161.1438,94.26298,0,0.9055,8/27/2018 15:14
25225,1020,FP9,TOP,4009573517,8/23/2018 18:39,1535049000,TWB_SM3,TWB_PCBA_SM3_TOP_FP,TWB_PCBA_TOP_FP9,1020,TWB_SM3,TWB_PCBA_PASTE_INSPECTION_TOP,PN-337126,00F7BBA3,00F7BBA3,PN-337126,00F7BBA3,T27,,PROCESS,PN-27795,00F7BBA3T-20180827110112,U5,1,A2,483,483,-8.07,-9.76,127,GOOD,GOOD,126.1561,177.8179,90.10247,0,0.9055,8/27/2018 15:14
25226,1020,FP9,TOP,4009573517,8/23/2018 18:39,1535049000,TWB_SM3,TWB_PCBA_SM3_TOP_FP,TWB_PCBA_TOP_FP9,1020,TWB_SM3,TWB_PCBA_PASTE_INSPECTION_TOP,PN-337126,00F7BBA3,00F7BBA3,PN-337126,00F7BBA3,T27,,PROCESS,PN-27795,00F7BBA3T-20180827110112,U5,1,B10,483,483,7.64,0.14,127,GOOD,GOOD,124.3152,180.2684,87.5807,0,0.9055,8/27/2018 15:14
25227,1020,FP9,TOP,4009573517,8/23/2018 18:39,1535049000,TWB_SM3,TWB_PCBA_SM3_TOP_FP,TWB_PCBA_TOP_FP9,1020,TWB_SM3,TWB_PCBA_PASTE_INSPECTION_TOP,PN-337126,00F7BBA3,00F7BBA3,PN-337126,00F7BBA3,T27,,PROCESS,PN-27795,00F7BBA3T-20180827110112,U5,1,D5,483,483,7.23,-7.87,127,GOOD,GOOD,121.9836,162.2324,95.4921,0,0.9055,8/27/2018 15:14
25228,1020,FP9,TOP,4009573517,8/23/2018 18:39,1535049000,TWB_SM3,TWB_PCBA_SM3_TOP_FP,TWB_PCBA_TOP_FP9,1020,TWB_SM3,TWB_PCBA_PASTE_INSPECTION_TOP,PN-337126,00F7BBA3,00F7BBA3,PN-337126,00F7BBA3,T27,,PROCESS,PN-27795,00F7BBA3T-20180827110112,U5,1,G8,483,483,-0.97,-4.98,127,GOOD,GOOD,120.8985,160.0415,95.93824000000001,0,0.9055,8/27/2018 15:14
25229,1020,FP9,TOP,4009573517,8/23/2018 18:39,1535049000,TWB_SM3,TWB_PCBA_SM3_TOP_FP,TWB_PCBA_TOP_FP9,1020,TWB_SM3,TWB_PCBA_PASTE_INSPECTION_TOP,PN-337126,00F7BBA3,00F7BBA3,PN-337126,00F7BBA3,T27,,PROCESS,PN-27795,00F7BBA3T-20180827110112,U5,1,R3,483,483,8.08,4.1,127,GOOD,GOOD,124.5951,157.0164,100.7765,0,0.9055,8/27/2018 15:14
25464,1020,FP9,TOP,4009573517,8/23/2018 18:39,1535049000,TWB_SM3,TWB_PCBA_SM3_TOP_FP,TWB_PCBA_TOP_FP9,1020,TWB_SM3,TWB_PCBA_PASTE_INSPECTION_TOP,PN-337126,00F7BBA3,00F7BBA3,PN-337126,00F7BBA3,T27,,PROCESS,PN-27795,00F7BBA3T-20180827110112,U5,1,H2,483,483,2.0,-12.96,127,GOOD,GOOD,123.366,163.3075,95.93857,0,0.9055,8/27/2018 15:14
25465,1020,FP9,TOP,4009573517,8/23/2018 18:39,1535049000,TWB_SM3,TWB_PCBA_SM3_TOP_FP,TWB_PCBA_TOP_FP9,1020,TWB_SM3,TWB_PCBA_PASTE_INSPECTION_TOP,PN-337126,00F7BBA3,00F7BBA3,PN-337126,00F7BBA3,T27,,PROCESS,PN-27795,00F7BBA3T-20180827110112,U5,1,K5,483,483,-1.29,-9.61,127,GOOD,GOOD,129.0884,167.3836,97.94404,0,0.9055,8/27/2018 15:14
25466,1020,FP9,TOP,4009573517,8/23/2018 18:39,1535049000,TWB_SM3,TWB_PCBA_SM3_TOP_FP,TWB_PCBA_TOP_FP9,1020,TWB_SM3,TWB_PCBA_PASTE_INSPECTION_TOP,PN-337126,00F7BBA3,00F7BBA3,PN-337126,00F7BBA3,T27,,PROCESS,PN-27795,00F7BBA3T-20180827110112,U5,1,N8,483,483,4.34,12.11,127,GOOD,GOOD,125.52600000000001,163.9085,97.26032,0,0.9055,8/27/2018 15:14
26075,1020,FP9,TOP,4009573517,8/23/2018 18:39,1535049000,TWB_SM3,TWB_PCBA_SM3_TOP_FP,TWB_PCBA_TOP_FP9,1020,TWB_SM3,TWB_PCBA_PASTE_INSPECTION_TOP,PN-337126,00F7BBA3,00F7BBA3,PN-337126,00F7BBA3,T27,,PROCESS,PN-27795,00F7BBA3T-20180827110112,U5,1,H1,483,483,2.49,5.62,127,GOOD,GOOD,124.6749,161.8526,97.82794,0,0.9055,8/27/2018 15:14
26076,1020,FP9,TOP,4009573517,8/23/2018 18:39,1535049000,TWB_SM3,TWB_PCBA_SM3_TOP_FP,TWB_PCBA_TOP_FP9,1020,TWB_SM3,TWB_PCBA_PASTE_INSPECTION_TOP,PN-337126,00F7BBA3,00F7BBA3,PN-337126,00F7BBA3,T27,,PROCESS,PN-27795,00F7BBA3T-20180827110112,U5,1,K4,483,483,-3.47,-11.03,127,GOOD,GOOD,131.5507,168.5633,99.11375,0,0.9055,8/27/2018 15:14
26077,1020,FP9,TOP,4009573517,8/23/2018 18:39,1535049000,TWB_SM3,TWB_PCBA_SM3_TOP_FP,TWB_PCBA_TOP_FP9,1020,TWB_SM3,TWB_PCBA_PASTE_INSPECTION_TOP,PN-337126,00F7BBA3,00F7BBA3,PN-337126,00F7BBA3,T27,,PROCESS,PN-27795,00F7BBA3T-20180827110112,U5,1,N7,483,483,3.0,10.69,127,GOOD,GOOD,130.6266,164.1239,101.0797,0,0.9055,8/27/2018 15:14
26078,1020,FP9,TOP,4009573517,8/23/2018 18:39,1535049000,TWB_SM3,TWB_PCBA_SM3_TOP_FP,TWB_PCBA_TOP_FP9,1020,TWB_SM3,TWB_PCBA_PASTE_INSPECTION_TOP,PN-337126,00F7BBA3,00F7BBA3,PN-337126,00F7BBA3,T27,,PROCESS,PN-27795,00F7BBA3T-20180827110112,U5,1,T16,483,483,-9.76,1.1,127,GOOD,GOOD,121.6322,155.7297,99.19303000000001,0,0.9055,8/27/2018 15:14
26795,1020,FP9,TOP,4009573517,8/23/2018 18:39,1535049000,TWB_SM3,TWB_PCBA_SM3_TOP_FP,TWB_PCBA_TOP_FP9,1020,TWB_SM3,TWB_PCBA_PASTE_INSPECTION_TOP,PN-337126,00F7BBA3,00F7BBA3,PN-337126,00F7BBA3,T27,,PROCESS,PN-27795,00F7BBA3T-20180827110112,U5,1,C6,483,483,7.16,-5.0,127,GOOD,GOOD,129.6413,180.457,91.23748,0,0.9055,8/27/2018 15:14
26796,1020,FP9,TOP,4009573517,8/23/2018 18:39,1535049000,TWB_SM3,TWB_PCBA_SM3_TOP_FP,TWB_PCBA_TOP_FP9,1020,TWB_SM3,TWB_PCBA_PASTE_INSPECTION_TOP,PN-337126,00F7BBA3,00F7BBA3,PN-337126,00F7BBA3,T27,,PROCESS,PN-27795,00F7BBA3T-20180827110112,U5,1,F9,483,483,1.45,-2.11,127,GOOD,GOOD,131.7636,169.5062,98.72192,0,0.9055,8/27/2018 15:14
26797,1020,FP9,TOP,4009573517,8/23/2018 18:39,1535049000,TWB_SM3,TWB_PCBA_SM3_TOP_FP,TWB_PCBA_TOP_FP9,1020,TWB_SM3,TWB_PCBA_PASTE_INSPECTION_TOP,PN-337126,00F7BBA3,00F7BBA3,PN-337126,00F7BBA3,T27,,PROCESS,PN-27795,00F7BBA3T-20180827110112,U5,1,N1,483,483,10.87,2.17,127,GOOD,GOOD,131.593,173.07299999999998,96.56226,0,0.9055,8/27/2018 15:14
26798,1020,FP9,TOP,4009573517,8/23/2018 18:39,1535049000,TWB_SM3,TWB_PCBA_SM3_TOP_FP,TWB_PCBA_TOP_FP9,1020,TWB_SM3,TWB_PCBA_PASTE_INSPECTION_TOP,PN-337126,00F7BBA3,00F7BBA3,PN-337126,00F7BBA3,T27,,PROCESS,PN-27795,00F7BBA3T-20180827110112,U5,1,N16,483,483,3.61,3.46,127,GOOD,GOOD,114.3591,156.8625,92.58811999999999,0,0.9055,8/27/2018 15:14
26799,1020,FP9,TOP,4009573517,8/23/2018 18:39,1535049000,TWB_SM3,TWB_PCBA_SM3_TOP_FP,TWB_PCBA_TOP_FP9,1020,TWB_SM3,TWB_PCBA_PASTE_INSPECTION_TOP,PN-337126,00F7BBA3,00F7BBA3,PN-337126,00F7BBA3,T27,,PROCESS,PN-27795,00F7BBA3T-20180827110112,U5,1,P14,483,483,3.16,-0.83,127,GOOD,GOOD,119.6049,160.4861,94.64887,0,0.9055,8/27/2018 15:14
26800,1020,FP9,TOP,4009573517,8/23/2018 18:39,1535049000,TWB_SM3,TWB_PCBA_SM3_TOP_FP,TWB_PCBA_TOP_FP9,1020,TWB_SM3,TWB_PCBA_PASTE_INSPECTION_TOP,PN-337126,00F7BBA3,00F7BBA3,PN-337126,00F7BBA3,T27,,PROCESS,PN-27795,00F7BBA3T-20180827110112,U5,1,R12,483,483,1.05,-3.13,127,GOOD,GOOD,123.9565,160.095,98.33205,0,0.9055,8/27/2018 15:14
26801,1020,FP9,TOP,4009573517,8/23/2018 18:39,1535049000,TWB_SM3,TWB_PCBA_SM3_TOP_FP,TWB_PCBA_TOP_FP9,1020,TWB_SM3,TWB_PCBA_PASTE_INSPECTION_TOP,PN-337126,00F7BBA3,00F7BBA3,PN-337126,00F7BBA3,T27,,PROCESS,PN-27795,00F7BBA3T-20180827110112,U5,1,T10,483,483,-0.88,-7.42,127,GOOD,GOOD,119.2449,149.3895,101.3733,0,0.9055,8/27/2018 15:14
26802,1020,FP9,TOP,4009573517,8/23/2018 18:39,1535049000,TWB_SM3,TWB_PCBA_SM3_TOP_FP,TWB_PCBA_TOP_FP9,1020,TWB_SM3,TWB_PCBA_PASTE_INSPECTION_TOP,PN-337126,00F7BBA3,00F7BBA3,PN-337126,00F7BBA3,T27,,PROCESS,PN-27795,00F7BBA3T-20180827110112,U5,1,T7,483,483,-2.09,8.33,127,GOOD,GOOD,128.1241,158.3875,102.7338,0,0.9055,8/27/2018 15:14
27413,1020,FP9,TOP,4009573517,8/23/2018 18:39,1535049000,TWB_SM3,TWB_PCBA_SM3_TOP_FP,TWB_PCBA_TOP_FP9,1020,TWB_SM3,TWB_PCBA_PASTE_INSPECTION_TOP,PN-337126,00F7BBA3,00F7BBA3,PN-337126,00F7BBA3,T27,,PROCESS,PN-27795,00F7BBA3T-20180827110112,U5,1,C7,483,483,6.68,-3.58,127,GOOD,GOOD,128.7715,169.4004,96.54035,0,0.9055,8/27/2018 15:14
27414,1020,FP9,TOP,4009573517,8/23/2018 18:39,1535049000,TWB_SM3,TWB_PCBA_SM3_TOP_FP,TWB_PCBA_TOP_FP9,1020,TWB_SM3,TWB_PCBA_PASTE_INSPECTION_TOP,PN-337126,00F7BBA3,00F7BBA3,PN-337126,00F7BBA3,T27,,PROCESS,PN-27795,00F7BBA3T-20180827110112,U5,1,N2,483,483,2.93,3.59,127,GOOD,GOOD,132.8723,168.4245,100.1919,0,0.9055,8/27/2018 15:14
27415,1020,FP9,TOP,4009573517,8/23/2018 18:39,1535049000,TWB_SM3,TWB_PCBA_SM3_TOP_FP,TWB_PCBA_TOP_FP9,1020,TWB_SM3,TWB_PCBA_PASTE_INSPECTION_TOP,PN-337126,00F7BBA3,00F7BBA3,PN-337126,00F7BBA3,T27,,PROCESS,PN-27795,00F7BBA3T-20180827110112,U5,1,P15,483,483,0.36,0.6,127,GOOD,GOOD,124.0338,162.8201,96.74663000000001,0,0.9055,8/27/2018 15:14
27416,1020,FP9,TOP,4009573517,8/23/2018 18:39,1535049000,TWB_SM3,TWB_PCBA_SM3_TOP_FP,TWB_PCBA_TOP_FP9,1020,TWB_SM3,TWB_PCBA_PASTE_INSPECTION_TOP,PN-337126,00F7BBA3,00F7BBA3,PN-337126,00F7BBA3,T27,,PROCESS,PN-27795,00F7BBA3T-20180827110112,U5,1,R13,483,483,-3.41,-1.71,127,GOOD,GOOD,133.0031,173.5208,97.34504,0,0.9055,8/27/2018 15:14
27417,1020,FP9,TOP,4009573517,8/23/2018 18:39,1535049000,TWB_SM3,TWB_PCBA_SM3_TOP_FP,TWB_PCBA_TOP_FP9,1020,TWB_SM3,TWB_PCBA_PASTE_INSPECTION_TOP,PN-337126,00F7BBA3,00F7BBA3,PN-337126,00F7BBA3,T27,,PROCESS,PN-27795,00F7BBA3T-20180827110112,U5,1,T11,483,483,-4.02,-6.0,127,GOOD,GOOD,130.0034,155.9384,105.87799999999999,0,0.9055,8/27/2018 15:14
27418,1020,FP9,TOP,4009573517,8/23/2018 18:39,1535049000,TWB_SM3,TWB_PCBA_SM3_TOP_FP,TWB_PCBA_TOP_FP9,1020,TWB_SM3,TWB_PCBA_PASTE_INSPECTION_TOP,PN-337126,00F7BBA3,00F7BBA3,PN-337126,00F7BBA3,T27,,PROCESS,PN-27795,00F7BBA3T-20180827110112,U5,1,T8,483,483,-0.74,9.75,127,GOOD,GOOD,126.5965,169.94299999999998,94.60678,0,0.9055,8/27/2018 15:14
28543,1020,FP9,TOP,4009573517,8/23/2018 18:39,1535049000,TWB_SM3,TWB_PCBA_SM3_TOP_FP,TWB_PCBA_TOP_FP9,1020,TWB_SM3,TWB_PCBA_PASTE_INSPECTION_TOP,PN-337126,00F7BBA3,00F7BBA3,PN-337126,00F7BBA3,T27,,PROCESS,PN-27795,00F7BBA3T-20180827110112,U5,1,F2,483,483,4.84,-12.04,127,GOOD,GOOD,129.6454,180.3646,91.28716,0,0.9055,8/27/2018 15:14
28544,1020,FP9,TOP,4009573517,8/23/2018 18:39,1535049000,TWB_SM3,TWB_PCBA_SM3_TOP_FP,TWB_PCBA_TOP_FP9,1020,TWB_SM3,TWB_PCBA_PASTE_INSPECTION_TOP,PN-337126,00F7BBA3,00F7BBA3,PN-337126,00F7BBA3,T27,,PROCESS,PN-27795,00F7BBA3T-20180827110112,U5,1,G16,483,483,-3.36,-13.63,127,GOOD,GOOD,106.5158,147.841,91.50041,0,0.9055,8/27/2018 15:14
28545,1020,FP9,TOP,4009573517,8/23/2018 18:39,1535049000,TWB_SM3,TWB_PCBA_SM3_TOP_FP,TWB_PCBA_TOP_FP9,1020,TWB_SM3,TWB_PCBA_PASTE_INSPECTION_TOP,PN-337126,00F7BBA3,00F7BBA3,PN-337126,00F7BBA3,T27,,PROCESS,PN-27795,00F7BBA3T-20180827110112,U5,1,H15,483,483,-3.3,5.49,127,GOOD,GOOD,124.6984,164.7364,96.13355,0,0.9055,8/27/2018 15:14
28546,1020,FP9,TOP,4009573517,8/23/2018 18:39,1535049000,TWB_SM3,TWB_PCBA_SM3_TOP_FP,TWB_PCBA_TOP_FP9,1020,TWB_SM3,TWB_PCBA_PASTE_INSPECTION_TOP,PN-337126,00F7BBA3,00F7BBA3,PN-337126,00F7BBA3,T27,,PROCESS,PN-27795,00F7BBA3T-20180827110112,U5,1,J13,483,483,-3.75,1.2,127,GOOD,GOOD,128.2563,174.0295,93.5965,0,0.9055,8/27/2018 15:14
28547,1020,FP9,TOP,4009573517,8/23/2018 18:39,1535049000,TWB_SM3,TWB_PCBA_SM3_TOP_FP,TWB_PCBA_TOP_FP9,1020,TWB_SM3,TWB_PCBA_PASTE_INSPECTION_TOP,PN-337126,00F7BBA3,00F7BBA3,PN-337126,00F7BBA3,T27,,PROCESS,PN-27795,00F7BBA3T-20180827110112,U5,1,K12,483,483,-5.68,0.32,127,GOOD,GOOD,122.3622,166.2558,93.47041,0,0.9055,8/27/2018 15:14
28548,1020,FP9,TOP,4009573517,8/23/2018 18:39,1535049000,TWB_SM3,TWB_PCBA_SM3_TOP_FP,TWB_PCBA_TOP_FP9,1020,TWB_SM3,TWB_PCBA_PASTE_INSPECTION_TOP,PN-337126,00F7BBA3,00F7BBA3,PN-337126,00F7BBA3,T27,,PROCESS,PN-27795,00F7BBA3T-20180827110112,U5,1,L11,483,483,-6.62,-1.56,127,GOOD,GOOD,121.876,164.6892,93.98464,0,0.9055,8/27/2018 15:14
28549,1020,FP9,TOP,4009573517,8/23/2018 18:39,1535049000,TWB_SM3,TWB_PCBA_SM3_TOP_FP,TWB_PCBA_TOP_FP9,1020,TWB_SM3,TWB_PCBA_PASTE_INSPECTION_TOP,PN-337126,00F7BBA3,00F7BBA3,PN-337126,00F7BBA3,T27,,PROCESS,PN-27795,00F7BBA3T-20180827110112,U5,1,L8,483,483,-4.16,-5.81,127,GOOD,GOOD,122.055,163.6975,94.69283,0,0.9055,8/27/2018 15:14
28550,1020,FP9,TOP,4009573517,8/23/2018 18:39,1535049000,TWB_SM3,TWB_PCBA_SM3_TOP_FP,TWB_PCBA_TOP_FP9,1020,TWB_SM3,TWB_PCBA_PASTE_INSPECTION_TOP,PN-337126,00F7BBA3,00F7BBA3,PN-337126,00F7BBA3,T27,,PROCESS,PN-27795,00F7BBA3T-20180827110112,U5,1,M10,483,483,-6.55,-4.43,127,GOOD,GOOD,122.8595,167.6745,93.05619,0,0.9055,8/27/2018 15:14
28808,1020,FP9,TOP,4009573517,8/23/2018 18:39,1535049000,TWB_SM3,TWB_PCBA_SM3_TOP_FP,TWB_PCBA_TOP_FP9,1020,TWB_SM3,TWB_PCBA_PASTE_INSPECTION_TOP,PN-337126,00F7BBA3,00F7BBA3,PN-337126,00F7BBA3,T27,,PROCESS,PN-27795,00F7BBA3T-20180827110112,U5,1,B1,483,483,11.0,-12.64,127,GOOD,GOOD,123.8705,180.0587,87.36903000000001,0,0.9055,8/27/2018 15:14
28809,1020,FP9,TOP,4009573517,8/23/2018 18:39,1535049000,TWB_SM3,TWB_PCBA_SM3_TOP_FP,TWB_PCBA_TOP_FP9,1020,TWB_SM3,TWB_PCBA_PASTE_INSPECTION_TOP,PN-337126,00F7BBA3,00F7BBA3,PN-337126,00F7BBA3,T27,,PROCESS,PN-27795,00F7BBA3T-20180827110112,U5,1,E4,483,483,5.28,-8.75,127,GOOD,GOOD,121.7717,164.0598,94.26445,0,0.9055,8/27/2018 15:14
28810,1020,FP9,TOP,4009573517,8/23/2018 18:39,1535049000,TWB_SM3,TWB_PCBA_SM3_TOP_FP,TWB_PCBA_TOP_FP9,1020,TWB_SM3,TWB_PCBA_PASTE_INSPECTION_TOP,PN-337126,00F7BBA3,00F7BBA3,PN-337126,00F7BBA3,T27,,PROCESS,PN-27795,00F7BBA3T-20180827110112,U5,1,H7,483,483,-0.42,-5.86,127,GOOD,GOOD,130.0335,172.6875,95.63084,0,0.9055,8/27/2018 15:14
28993,1020,FP9,TOP,4009573517,8/23/2018 18:39,1535049000,TWB_SM3,TWB_PCBA_SM3_TOP_FP,TWB_PCBA_TOP_FP9,1020,TWB_SM3,TWB_PCBA_PASTE_INSPECTION_TOP,PN-337126,00F7BBA3,00F7BBA3,PN-337126,00F7BBA3,T27,,PROCESS,PN-27795,00F7BBA3T-20180827110112,U5,1,A15,483,483,-3.3,-11.31,127,GOOD,GOOD,123.6422,159.1853,98.64327,0,0.9055,8/27/2018 15:14
28994,1020,FP9,TOP,4009573517,8/23/2018 18:39,1535049000,TWB_SM3,TWB_PCBA_SM3_TOP_FP,TWB_PCBA_TOP_FP9,1020,TWB_SM3,TWB_PCBA_PASTE_INSPECTION_TOP,PN-337126,00F7BBA3,00F7BBA3,PN-337126,00F7BBA3,T27,,PROCESS,PN-27795,00F7BBA3T-20180827110112,U5,1,A6,483,483,3.37,-4.08,127,GOOD,GOOD,125.6032,169.1805,94.28747,0,0.9055,8/27/2018 15:14
28995,1020,FP9,TOP,4009573517,8/23/2018 18:39,1535049000,TWB_SM3,TWB_PCBA_SM3_TOP_FP,TWB_PCBA_TOP_FP9,1020,TWB_SM3,TWB_PCBA_PASTE_INSPECTION_TOP,PN-337126,00F7BBA3,00F7BBA3,PN-337126,00F7BBA3,T27,,PROCESS,PN-27795,00F7BBA3T-20180827110112,U5,1,B14,483,483,3.05,5.81,127,GOOD,GOOD,125.5096,167.3126,95.2691,0,0.9055,8/27/2018 15:14
28996,1020,FP9,TOP,4009573517,8/23/2018 18:39,1535049000,TWB_SM3,TWB_PCBA_SM3_TOP_FP,TWB_PCBA_TOP_FP9,1020,TWB_SM3,TWB_PCBA_PASTE_INSPECTION_TOP,PN-337126,00F7BBA3,00F7BBA3,PN-337126,00F7BBA3,T27,,PROCESS,PN-27795,00F7BBA3T-20180827110112,U5,1,C13,483,483,3.11,4.94,127,GOOD,GOOD,128.606,168.01,97.21421,0,0.9055,8/27/2018 15:14
28997,1020,FP9,TOP,4009573517,8/23/2018 18:39,1535049000,TWB_SM3,TWB_PCBA_SM3_TOP_FP,TWB_PCBA_TOP_FP9,1020,TWB_SM3,TWB_PCBA_PASTE_INSPECTION_TOP,PN-337126,00F7BBA3,00F7BBA3,PN-337126,00F7BBA3,T27,,PROCESS,PN-27795,00F7BBA3T-20180827110112,U5,1,D12,483,483,2.83,2.07,127,GOOD,GOOD,121.2349,166.0573,92.72001999999999,0,0.9055,8/27/2018 15:14
28998,1020,FP9,TOP,4009573517,8/23/2018 18:39,1535049000,TWB_SM3,TWB_PCBA_SM3_TOP_FP,TWB_PCBA_TOP_FP9,1020,TWB_SM3,TWB_PCBA_PASTE_INSPECTION_TOP,PN-337126,00F7BBA3,00F7BBA3,PN-337126,00F7BBA3,T27,,PROCESS,PN-27795,00F7BBA3T-20180827110112,U5,1,D9,483,483,4.29,-2.19,127,GOOD,GOOD,125.8335,167.5227,95.39514,0,0.9055,8/27/2018 15:14
28999,1020,FP9,TOP,4009573517,8/23/2018 18:39,1535049000,TWB_SM3,TWB_PCBA_SM3_TOP_FP,TWB_PCBA_TOP_FP9,1020,TWB_SM3,TWB_PCBA_PASTE_INSPECTION_TOP,PN-337126,00F7BBA3,00F7BBA3,PN-337126,00F7BBA3,T27,,PROCESS,PN-27795,00F7BBA3T-20180827110112,U5,1,E11,483,483,1.9,1.19,127,GOOD,GOOD,128.1544,174.8316,93.09308,0,0.9055,8/27/2018 15:14
29000,1020,FP9,TOP,4009573517,8/23/2018 18:39,1535049000,TWB_SM3,TWB_PCBA_SM3_TOP_FP,TWB_PCBA_TOP_FP9,1020,TWB_SM3,TWB_PCBA_PASTE_INSPECTION_TOP,PN-337126,00F7BBA3,00F7BBA3,PN-337126,00F7BBA3,T27,,PROCESS,PN-27795,00F7BBA3T-20180827110112,U5,1,F10,483,483,1.96,-0.69,127,GOOD,GOOD,121.5114,161.832,95.35784,0,0.9055,8/27/2018 15:14
29001,1020,FP9,TOP,4009573517,8/23/2018 18:39,1535049000,TWB_SM3,TWB_PCBA_SM3_TOP_FP,TWB_PCBA_TOP_FP9,1020,TWB_SM3,TWB_PCBA_PASTE_INSPECTION_TOP,PN-337126,00F7BBA3,00F7BBA3,PN-337126,00F7BBA3,T27,,PROCESS,PN-27795,00F7BBA3T-20180827110112,U5,1,L1,483,483,-1.78,4.25,127,GOOD,GOOD,131.5081,165.5609,100.8785,0,0.9055,8/27/2018 15:14
29002,1020,FP9,TOP,4009573517,8/23/2018 18:39,1535049000,TWB_SM3,TWB_PCBA_SM3_TOP_FP,TWB_PCBA_TOP_FP9,1020,TWB_SM3,TWB_PCBA_PASTE_INSPECTION_TOP,PN-337126,00F7BBA3,00F7BBA3,PN-337126,00F7BBA3,T27,,PROCESS,PN-27795,00F7BBA3T-20180827110112,U5,1,R7,483,483,-1.5,9.77,127,GOOD,GOOD,137.5849,169.6241,103.0118,0,0.9055,8/27/2018 15:14
29512,1020,FP9,TOP,4009573517,8/23/2018 18:39,1535049000,TWB_SM3,TWB_PCBA_SM3_TOP_FP,TWB_PCBA_TOP_FP9,1020,TWB_SM3,TWB_PCBA_PASTE_INSPECTION_TOP,PN-337126,00F7BBA3,00F7BBA3,PN-337126,00F7BBA3,T27,,PROCESS,PN-27795,00F7BBA3T-20180827110112,U5,1,B9,483,483,7.13,-1.28,127,GOOD,GOOD,124.8788,169.4297,93.60582,0,0.9055,8/27/2018 15:14
29513,1020,FP9,TOP,4009573517,8/23/2018 18:39,1535049000,TWB_SM3,TWB_PCBA_SM3_TOP_FP,TWB_PCBA_TOP_FP9,1020,TWB_SM3,TWB_PCBA_PASTE_INSPECTION_TOP,PN-337126,00F7BBA3,00F7BBA3,PN-337126,00F7BBA3,T27,,PROCESS,PN-27795,00F7BBA3T-20180827110112,U5,1,J1,483,483,1.07,4.17,127,GOOD,GOOD,128.0978,184.6801,88.08977,0,0.9055,8/27/2018 15:14
29514,1020,FP9,TOP,4009573517,8/23/2018 18:39,1535049000,TWB_SM3,TWB_PCBA_SM3_TOP_FP,TWB_PCBA_TOP_FP9,1020,TWB_SM3,TWB_PCBA_PASTE_INSPECTION_TOP,PN-337126,00F7BBA3,00F7BBA3,PN-337126,00F7BBA3,T27,,PROCESS,PN-27795,00F7BBA3T-20180827110112,U5,1,M4,483,483,-4.65,-12.95,127,GOOD,GOOD,125.7209,163.627,97.57901,0,0.9055,8/27/2018 15:14
29515,1020,FP9,TOP,4009573517,8/23/2018 18:39,1535049000,TWB_SM3,TWB_PCBA_SM3_TOP_FP,TWB_PCBA_TOP_FP9,1020,TWB_SM3,TWB_PCBA_PASTE_INSPECTION_TOP,PN-337126,00F7BBA3,00F7BBA3,PN-337126,00F7BBA3,T27,,PROCESS,PN-27795,00F7BBA3T-20180827110112,U5,1,P7,483,483,-0.9,9.24,127,GOOD,GOOD,134.3725,171.2595,99.64588,0,0.9055,8/27/2018 15:14
29713,1020,FP9,TOP,4009573517,8/23/2018 18:39,1535049000,TWB_SM3,TWB_PCBA_SM3_TOP_FP,TWB_PCBA_TOP_FP9,1020,TWB_SM3,TWB_PCBA_PASTE_INSPECTION_TOP,PN-337126,00F7BBA3,00F7BBA3,PN-337126,00F7BBA3,T27,,PROCESS,PN-27795,00F7BBA3T-20180827110112,U5,1,F3,483,483,5.35,-10.62,127,GOOD,GOOD,121.3853,161.856,95.24474000000001,0,0.9055,8/27/2018 15:14
29714,1020,FP9,TOP,4009573517,8/23/2018 18:39,1535049000,TWB_SM3,TWB_PCBA_SM3_TOP_FP,TWB_PCBA_TOP_FP9,1020,TWB_SM3,TWB_PCBA_PASTE_INSPECTION_TOP,PN-337126,00F7BBA3,00F7BBA3,PN-337126,00F7BBA3,T27,,PROCESS,PN-27795,00F7BBA3T-20180827110112,U5,1,H16,483,483,-4.78,-13.09,127,GOOD,GOOD,75.17877,127.5892,74.8316,0,0.9055,8/27/2018 15:14
29715,1020,FP9,TOP,4009573517,8/23/2018 18:39,1535049000,TWB_SM3,TWB_PCBA_SM3_TOP_FP,TWB_PCBA_TOP_FP9,1020,TWB_SM3,TWB_PCBA_PASTE_INSPECTION_TOP,PN-337126,00F7BBA3,00F7BBA3,PN-337126,00F7BBA3,T27,,PROCESS,PN-27795,00F7BBA3T-20180827110112,U5,1,J14,483,483,-5.23,2.62,127,GOOD,GOOD,126.5582,166.1485,96.73810999999999,0,0.9055,8/27/2018 15:14
29716,1020,FP9,TOP,4009573517,8/23/2018 18:39,1535049000,TWB_SM3,TWB_PCBA_SM3_TOP_FP,TWB_PCBA_TOP_FP9,1020,TWB_SM3,TWB_PCBA_PASTE_INSPECTION_TOP,PN-337126,00F7BBA3,00F7BBA3,PN-337126,00F7BBA3,T27,,PROCESS,PN-27795,00F7BBA3T-20180827110112,U5,1,K13,483,483,-5.17,1.74,127,GOOD,GOOD,124.5551,167.4072,94.49116,0,0.9055,8/27/2018 15:14
29717,1020,FP9,TOP,4009573517,8/23/2018 18:39,1535049000,TWB_SM3,TWB_PCBA_SM3_TOP_FP,TWB_PCBA_TOP_FP9,1020,TWB_SM3,TWB_PCBA_PASTE_INSPECTION_TOP,PN-337126,00F7BBA3,00F7BBA3,PN-337126,00F7BBA3,T27,,PROCESS,PN-27795,00F7BBA3T-20180827110112,U5,1,L12,483,483,-7.1,-0.14,127,GOOD,GOOD,116.4625,163.1779,90.64179,0,0.9055,8/27/2018 15:14
29718,1020,FP9,TOP,4009573517,8/23/2018 18:39,1535049000,TWB_SM3,TWB_PCBA_SM3_TOP_FP,TWB_PCBA_TOP_FP9,1020,TWB_SM3,TWB_PCBA_PASTE_INSPECTION_TOP,PN-337126,00F7BBA3,00F7BBA3,PN-337126,00F7BBA3,T27,,PROCESS,PN-27795,00F7BBA3T-20180827110112,U5,1,L9,483,483,-5.65,-4.4,127,GOOD,GOOD,125.1793,163.2162,97.40314000000001,0,0.9055,8/27/2018 15:14
29719,1020,FP9,TOP,4009573517,8/23/2018 18:39,1535049000,TWB_SM3,TWB_PCBA_SM3_TOP_FP,TWB_PCBA_TOP_FP9,1020,TWB_SM3,TWB_PCBA_PASTE_INSPECTION_TOP,PN-337126,00F7BBA3,00F7BBA3,PN-337126,00F7BBA3,T27,,PROCESS,PN-27795,00F7BBA3T-20180827110112,U5,1,M11,483,483,-8.04,-3.01,127,GOOD,GOOD,125.8103,165.9059,96.30712,0,0.9055,8/27/2018 15:14
29720,1020,FP9,TOP,4009573517,8/23/2018 18:39,1535049000,TWB_SM3,TWB_PCBA_SM3_TOP_FP,TWB_PCBA_TOP_FP9,1020,TWB_SM3,TWB_PCBA_PASTE_INSPECTION_TOP,PN-337126,00F7BBA3,00F7BBA3,PN-337126,00F7BBA3,T27,,PROCESS,PN-27795,00F7BBA3T-20180827110112,U5,1,N10,483,483,7.52,-5.05,127,GOOD,GOOD,125.1817,167.3884,94.9772,0,0.9055,8/27/2018 15:14
29721,1020,FP9,TOP,4009573517,8/23/2018 18:39,1535049000,TWB_SM3,TWB_PCBA_SM3_TOP_FP,TWB_PCBA_TOP_FP9,1020,TWB_SM3,TWB_PCBA_PASTE_INSPECTION_TOP,PN-337126,00F7BBA3,00F7BBA3,PN-337126,00F7BBA3,T27,,PROCESS,PN-27795,00F7BBA3T-20180827110112,U5,1,T1,483,483,6.61,-0.19,127,GOOD,GOOD,132.3707,163.2617,102.9701,0,0.9055,8/27/2018 15:14
29849,1020,FP9,TOP,4009573517,8/23/2018 18:39,1535049000,TWB_SM3,TWB_PCBA_SM3_TOP_FP,TWB_PCBA_TOP_FP9,1020,TWB_SM3,TWB_PCBA_PASTE_INSPECTION_TOP,PN-337126,00F7BBA3,00F7BBA3,PN-337126,00F7BBA3,T27,,PROCESS,PN-27795,00F7BBA3T-20180827110112,U5,1,D2,483,483,7.68,-12.13,127,GOOD,GOOD,128.6674,164.4006,99.39603000000001,0,0.9055,8/27/2018 15:14
29850,1020,FP9,TOP,4009573517,8/23/2018 18:39,1535049000,TWB_SM3,TWB_PCBA_SM3_TOP_FP,TWB_PCBA_TOP_FP9,1020,TWB_SM3,TWB_PCBA_PASTE_INSPECTION_TOP,PN-337126,00F7BBA3,00F7BBA3,PN-337126,00F7BBA3,T27,,PROCESS,PN-27795,00F7BBA3T-20180827110112,U5,1,G5,483,483,2.98,-9.24,127,GOOD,GOOD,128.1114,169.3383,96.08074,0,0.9055,8/27/2018 15:14
29851,1020,FP9,TOP,4009573517,8/23/2018 18:39,1535049000,TWB_SM3,TWB_PCBA_SM3_TOP_FP,TWB_PCBA_TOP_FP9,1020,TWB_SM3,TWB_PCBA_PASTE_INSPECTION_TOP,PN-337126,00F7BBA3,00F7BBA3,PN-337126,00F7BBA3,T27,,PROCESS,PN-27795,00F7BBA3T-20180827110112,U5,1,J8,483,483,-1.32,-5.9,127,GOOD,GOOD,122.2631,162.3977,95.61349,0,0.9055,8/27/2018 15:14
30502,1020,FP9,TOP,4009573517,8/23/2018 18:39,1535049000,TWB_SM3,TWB_PCBA_SM3_TOP_FP,TWB_PCBA_TOP_FP9,1020,TWB_SM3,TWB_PCBA_PASTE_INSPECTION_TOP,PN-337126,00F7BBA3,00F7BBA3,PN-337126,00F7BBA3,T27,,PROCESS,PN-27795,00F7BBA3T-20180827110112,U5,1,B7,483,483,8.1,-4.12,127,GOOD,GOOD,132.8651,173.7565,97.11219,0,0.9055,8/27/2018 15:14
30503,1020,FP9,TOP,4009573517,8/23/2018 18:39,1535049000,TWB_SM3,TWB_PCBA_SM3_TOP_FP,TWB_PCBA_TOP_FP9,1020,TWB_SM3,TWB_PCBA_PASTE_INSPECTION_TOP,PN-337126,00F7BBA3,00F7BBA3,PN-337126,00F7BBA3,T27,,PROCESS,PN-27795,00F7BBA3T-20180827110112,U5,1,M2,483,483,-3.68,4.21,127,GOOD,GOOD,125.1192,162.3521,97.87456999999999,0,0.9055,8/27/2018 15:14
30504,1020,FP9,TOP,4009573517,8/23/2018 18:39,1535049000,TWB_SM3,TWB_PCBA_SM3_TOP_FP,TWB_PCBA_TOP_FP9,1020,TWB_SM3,TWB_PCBA_PASTE_INSPECTION_TOP,PN-337126,00F7BBA3,00F7BBA3,PN-337126,00F7BBA3,T27,,PROCESS,PN-27795,00F7BBA3T-20180827110112,U5,1,P5,483,483,5.21,6.4,127,GOOD,GOOD,134.7015,165.6059,103.3,0,0.9055,8/27/2018 15:14
31696,1020,FP9,TOP,4009573517,8/23/2018 18:39,1535049000,TWB_SM3,TWB_PCBA_SM3_TOP_FP,TWB_PCBA_TOP_FP9,1020,TWB_SM3,TWB_PCBA_PASTE_INSPECTION_TOP,PN-337126,00F7BBA3,00F7BBA3,PN-337126,00F7BBA3,T27,,PROCESS,PN-27795,00F7BBA3T-20180827110112,U5,1,C8,483,483,3.05,-2.16,127,GOOD,GOOD,129.7444,169.8528,97.01071999999999,0,0.9055,8/27/2018 15:14
31697,1020,FP9,TOP,4009573517,8/23/2018 18:39,1535049000,TWB_SM3,TWB_PCBA_SM3_TOP_FP,TWB_PCBA_TOP_FP9,1020,TWB_SM3,TWB_PCBA_PASTE_INSPECTION_TOP,PN-337126,00F7BBA3,00F7BBA3,PN-337126,00F7BBA3,T27,,PROCESS,PN-27795,00F7BBA3T-20180827110112,U5,1,N3,483,483,10.92,5.02,127,GOOD,GOOD,124.7109,168.4876,94.00267,0,0.9055,8/27/2018 15:14
31698,1020,FP9,TOP,4009573517,8/23/2018 18:39,1535049000,TWB_SM3,TWB_PCBA_SM3_TOP_FP,TWB_PCBA_TOP_FP9,1020,TWB_SM3,TWB_PCBA_PASTE_INSPECTION_TOP,PN-337126,00F7BBA3,00F7BBA3,PN-337126,00F7BBA3,T27,,PROCESS,PN-27795,00F7BBA3T-20180827110112,U5,1,P16,483,483,-5.26,2.01,127,GOOD,GOOD,124.8072,158.1447,100.2279,0,0.9055,8/27/2018 15:14
31699,1020,FP9,TOP,4009573517,8/23/2018 18:39,1535049000,TWB_SM3,TWB_PCBA_SM3_TOP_FP,TWB_PCBA_TOP_FP9,1020,TWB_SM3,TWB_PCBA_PASTE_INSPECTION_TOP,PN-337126,00F7BBA3,00F7BBA3,PN-337126,00F7BBA3,T27,,PROCESS,PN-27795,00F7BBA3T-20180827110112,U5,1,R14,483,483,1.74,-0.29,127,GOOD,GOOD,118.6688,168.5358,89.42275,0,0.9055,8/27/2018 15:14
31700,1020,FP9,TOP,4009573517,8/23/2018 18:39,1535049000,TWB_SM3,TWB_PCBA_SM3_TOP_FP,TWB_PCBA_TOP_FP9,1020,TWB_SM3,TWB_PCBA_PASTE_INSPECTION_TOP,PN-337126,00F7BBA3,00F7BBA3,PN-337126,00F7BBA3,T27,,PROCESS,PN-27795,00F7BBA3T-20180827110112,U5,1,T12,483,483,1.29,-4.58,127,GOOD,GOOD,121.0643,153.436,100.2058,0,0.9055,8/27/2018 15:14
31701,1020,FP9,TOP,4009573517,8/23/2018 18:39,1535049000,TWB_SM3,TWB_PCBA_SM3_TOP_FP,TWB_PCBA_TOP_FP9,1020,TWB_SM3,TWB_PCBA_PASTE_INSPECTION_TOP,PN-337126,00F7BBA3,00F7BBA3,PN-337126,00F7BBA3,T27,,PROCESS,PN-27795,00F7BBA3T-20180827110112,U5,1,T9,483,483,1.09,11.17,127,GOOD,GOOD,122.5088,157.9531,98.50152,0,0.9055,8/27/2018 15:14
31918,1020,FP9,TOP,4009573517,8/23/2018 18:39,1535049000,TWB_SM3,TWB_PCBA_SM3_TOP_FP,TWB_PCBA_TOP_FP9,1020,TWB_SM3,TWB_PCBA_PASTE_INSPECTION_TOP,PN-337126,00F7BBA3,00F7BBA3,PN-337126,00F7BBA3,T27,,PROCESS,PN-27795,00F7BBA3T-20180827110112,U5,1,C5,483,483,8.65,-6.42,127,GOOD,GOOD,127.5182,173.5347,93.32323000000001,0,0.9055,8/27/2018 15:14
31919,1020,FP9,TOP,4009573517,8/23/2018 18:39,1535049000,TWB_SM3,TWB_PCBA_SM3_TOP_FP,TWB_PCBA_TOP_FP9,1020,TWB_SM3,TWB_PCBA_PASTE_INSPECTION_TOP,PN-337126,00F7BBA3,00F7BBA3,PN-337126,00F7BBA3,T27,,PROCESS,PN-27795,00F7BBA3T-20180827110112,U5,1,F8,483,483,0.45,-3.53,127,GOOD,GOOD,123.5602,168.5051,93.12564,0,0.9055,8/27/2018 15:14
31920,1020,FP9,TOP,4009573517,8/23/2018 18:39,1535049000,TWB_SM3,TWB_PCBA_SM3_TOP_FP,TWB_PCBA_TOP_FP9,1020,TWB_SM3,TWB_PCBA_PASTE_INSPECTION_TOP,PN-337126,00F7BBA3,00F7BBA3,PN-337126,00F7BBA3,T27,,PROCESS,PN-27795,00F7BBA3T-20180827110112,U5,1,M16,483,483,-10.46,4.08,127,GOOD,GOOD,124.7692,170.41099999999997,92.98515,0,0.9055,8/27/2018 15:14
31921,1020,FP9,TOP,4009573517,8/23/2018 18:39,1535049000,TWB_SM3,TWB_PCBA_SM3_TOP_FP,TWB_PCBA_TOP_FP9,1020,TWB_SM3,TWB_PCBA_PASTE_INSPECTION_TOP,PN-337126,00F7BBA3,00F7BBA3,PN-337126,00F7BBA3,T27,,PROCESS,PN-27795,00F7BBA3T-20180827110112,U5,1,N15,483,483,5.09,2.05,127,GOOD,GOOD,113.7443,156.825,92.1124,0,0.9055,8/27/2018 15:14
31922,1020,FP9,TOP,4009573517,8/23/2018 18:39,1535049000,TWB_SM3,TWB_PCBA_SM3_TOP_FP,TWB_PCBA_TOP_FP9,1020,TWB_SM3,TWB_PCBA_PASTE_INSPECTION_TOP,PN-337126,00F7BBA3,00F7BBA3,PN-337126,00F7BBA3,T27,,PROCESS,PN-27795,00F7BBA3T-20180827110112,U5,1,P13,483,483,1.33,-2.24,127,GOOD,GOOD,122.83,168.9986,92.30498,0,0.9055,8/27/2018 15:14
31923,1020,FP9,TOP,4009573517,8/23/2018 18:39,1535049000,TWB_SM3,TWB_PCBA_SM3_TOP_FP,TWB_PCBA_TOP_FP9,1020,TWB_SM3,TWB_PCBA_PASTE_INSPECTION_TOP,PN-337126,00F7BBA3,00F7BBA3,PN-337126,00F7BBA3,T27,,PROCESS,PN-27795,00F7BBA3T-20180827110112,U5,1,R11,483,483,3.19,-4.55,127,GOOD,GOOD,127.471,171.942,94.15281999999999,0,0.9055,8/27/2018 15:14
31924,1020,FP9,TOP,4009573517,8/23/2018 18:39,1535049000,TWB_SM3,TWB_PCBA_SM3_TOP_FP,TWB_PCBA_TOP_FP9,1020,TWB_SM3,TWB_PCBA_PASTE_INSPECTION_TOP,PN-337126,00F7BBA3,00F7BBA3,PN-337126,00F7BBA3,T27,,PROCESS,PN-27795,00F7BBA3T-20180827110112,U5,1,T6,483,483,-0.77,6.91,127,GOOD,GOOD,134.122,169.3469,100.5835,0,0.9055,8/27/2018 15:14
32273,1020,FP9,TOP,4009573517,8/23/2018 18:39,1535049000,TWB_SM3,TWB_PCBA_SM3_TOP_FP,TWB_PCBA_TOP_FP9,1020,TWB_SM3,TWB_PCBA_PASTE_INSPECTION_TOP,PN-337126,00F7BBA3,00F7BBA3,PN-337126,00F7BBA3,T27,,PROCESS,PN-27795,00F7BBA3T-20180827110112,U5,1,A1,483,483,-7.58,-11.18,127,GOOD,GOOD,123.0048,172.9256,90.33721,0,0.9055,8/27/2018 15:14
32274,1020,FP9,TOP,4009573517,8/23/2018 18:39,1535049000,TWB_SM3,TWB_PCBA_SM3_TOP_FP,TWB_PCBA_TOP_FP9,1020,TWB_SM3,TWB_PCBA_PASTE_INSPECTION_TOP,PN-337126,00F7BBA3,00F7BBA3,PN-337126,00F7BBA3,T27,,PROCESS,PN-27795,00F7BBA3T-20180827110112,U5,1,A10,483,483,7.4,1.6,127,GOOD,GOOD,134.3966,177.328,96.25310999999999,0,0.9055,8/27/2018 15:14
32275,1020,FP9,TOP,4009573517,8/23/2018 18:39,1535049000,TWB_SM3,TWB_PCBA_SM3_TOP_FP,TWB_PCBA_TOP_FP9,1020,TWB_SM3,TWB_PCBA_PASTE_INSPECTION_TOP,PN-337126,00F7BBA3,00F7BBA3,PN-337126,00F7BBA3,T27,,PROCESS,PN-27795,00F7BBA3T-20180827110112,U5,1,D4,483,483,6.7,-9.29,127,GOOD,GOOD,133.4278,174.2628,97.24011,0,0.9055,8/27/2018 15:14
32276,1020,FP9,TOP,4009573517,8/23/2018 18:39,1535049000,TWB_SM3,TWB_PCBA_SM3_TOP_FP,TWB_PCBA_TOP_FP9,1020,TWB_SM3,TWB_PCBA_PASTE_INSPECTION_TOP,PN-337126,00F7BBA3,00F7BBA3,PN-337126,00F7BBA3,T27,,PROCESS,PN-27795,00F7BBA3T-20180827110112,U5,1,G7,483,483,1.0,-6.41,127,GOOD,GOOD,119.726,165.4619,91.89549,0,0.9055,8/27/2018 15:14
32277,1020,FP9,TOP,4009573517,8/23/2018 18:39,1535049000,TWB_SM3,TWB_PCBA_SM3_TOP_FP,TWB_PCBA_TOP_FP9,1020,TWB_SM3,TWB_PCBA_PASTE_INSPECTION_TOP,PN-337126,00F7BBA3,00F7BBA3,PN-337126,00F7BBA3,T27,,PROCESS,PN-27795,00F7BBA3T-20180827110112,U5,1,R2,483,483,3.4,2.68,127,GOOD,GOOD,130.4966,166.4448,99.57096,0,0.9055,8/27/2018 15:14
32469,1020,FP9,TOP,4009573517,8/23/2018 18:39,1535049000,TWB_SM3,TWB_PCBA_SM3_TOP_FP,TWB_PCBA_TOP_FP9,1020,TWB_SM3,TWB_PCBA_PASTE_INSPECTION_TOP,PN-337126,00F7BBA3,00F7BBA3,PN-337126,00F7BBA3,T27,,PROCESS,PN-27795,00F7BBA3T-20180827110112,U5,1,E16,483,483,-0.52,-11.72,127,GOOD,GOOD,120.35,156.623,97.58749,0,0.9055,8/27/2018 15:14
32470,1020,FP9,TOP,4009573517,8/23/2018 18:39,1535049000,TWB_SM3,TWB_PCBA_SM3_TOP_FP,TWB_PCBA_TOP_FP9,1020,TWB_SM3,TWB_PCBA_PASTE_INSPECTION_TOP,PN-337126,00F7BBA3,00F7BBA3,PN-337126,00F7BBA3,T27,,PROCESS,PN-27795,00F7BBA3T-20180827110112,U5,1,F15,483,483,-0.46,6.41,127,GOOD,GOOD,116.24,154.9868,95.24996,0,0.9055,8/27/2018 15:14
32471,1020,FP9,TOP,4009573517,8/23/2018 18:39,1535049000,TWB_SM3,TWB_PCBA_SM3_TOP_FP,TWB_PCBA_TOP_FP9,1020,TWB_SM3,TWB_PCBA_PASTE_INSPECTION_TOP,PN-337126,00F7BBA3,00F7BBA3,PN-337126,00F7BBA3,T27,,PROCESS,PN-27795,00F7BBA3T-20180827110112,U5,1,G14,483,483,-5.71,3.53,127,GOOD,GOOD,123.5495,165.6134,94.74345,0,0.9055,8/27/2018 15:14
32472,1020,FP9,TOP,4009573517,8/23/2018 18:39,1535049000,TWB_SM3,TWB_PCBA_SM3_TOP_FP,TWB_PCBA_TOP_FP9,1020,TWB_SM3,TWB_PCBA_PASTE_INSPECTION_TOP,PN-337126,00F7BBA3,00F7BBA3,PN-337126,00F7BBA3,T27,,PROCESS,PN-27795,00F7BBA3T-20180827110112,U5,1,H13,483,483,-2.33,2.66,127,GOOD,GOOD,119.0273,159.8035,94.59411,0,0.9055,8/27/2018 15:14
32473,1020,FP9,TOP,4009573517,8/23/2018 18:39,1535049000,TWB_SM3,TWB_PCBA_SM3_TOP_FP,TWB_PCBA_TOP_FP9,1020,TWB_SM3,TWB_PCBA_PASTE_INSPECTION_TOP,PN-337126,00F7BBA3,00F7BBA3,PN-337126,00F7BBA3,T27,,PROCESS,PN-27795,00F7BBA3T-20180827110112,U5,1,J11,483,483,-3.78,-1.64,127,GOOD,GOOD,123.0252,168.5713,92.68599,0,0.9055,8/27/2018 15:14
32474,1020,FP9,TOP,4009573517,8/23/2018 18:39,1535049000,TWB_SM3,TWB_PCBA_SM3_TOP_FP,TWB_PCBA_TOP_FP9,1020,TWB_SM3,TWB_PCBA_PASTE_INSPECTION_TOP,PN-337126,00F7BBA3,00F7BBA3,PN-337126,00F7BBA3,T27,,PROCESS,PN-27795,00F7BBA3T-20180827110112,U5,1,K10,483,483,-3.72,-2.52,127,GOOD,GOOD,125.12700000000001,162.2724,97.92867,0,0.9055,8/27/2018 15:14
32475,1020,FP9,TOP,4009573517,8/23/2018 18:39,1535049000,TWB_SM3,TWB_PCBA_SM3_TOP_FP,TWB_PCBA_TOP_FP9,1020,TWB_SM3,TWB_PCBA_PASTE_INSPECTION_TOP,PN-337126,00F7BBA3,00F7BBA3,PN-337126,00F7BBA3,T27,,PROCESS,PN-27795,00F7BBA3T-20180827110112,U5,1,L6,483,483,-4.2,-8.65,127,GOOD,GOOD,125.6466,170.7396,93.45878,0,0.9055,8/27/2018 15:14
32642,1020,FP9,TOP,4009573517,8/23/2018 18:39,1535049000,TWB_SM3,TWB_PCBA_SM3_TOP_FP,TWB_PCBA_TOP_FP9,1020,TWB_SM3,TWB_PCBA_PASTE_INSPECTION_TOP,PN-337126,00F7BBA3,00F7BBA3,PN-337126,00F7BBA3,T27,,PROCESS,PN-27795,00F7BBA3T-20180827110112,U5,1,E2,483,483,6.26,-11.59,127,GOOD,GOOD,125.7673,176.0367,90.73363,0,0.9055,8/27/2018 15:14
32643,1020,FP9,TOP,4009573517,8/23/2018 18:39,1535049000,TWB_SM3,TWB_PCBA_SM3_TOP_FP,TWB_PCBA_TOP_FP9,1020,TWB_SM3,TWB_PCBA_PASTE_INSPECTION_TOP,PN-337126,00F7BBA3,00F7BBA3,PN-337126,00F7BBA3,T27,,PROCESS,PN-27795,00F7BBA3T-20180827110112,U5,1,H5,483,483,-5.07,-8.7,127,GOOD,GOOD,139.9549,177.6745,100.0384,0,0.9055,8/27/2018 15:14
32644,1020,FP9,TOP,4009573517,8/23/2018 18:39,1535049000,TWB_SM3,TWB_PCBA_SM3_TOP_FP,TWB_PCBA_TOP_FP9,1020,TWB_SM3,TWB_PCBA_PASTE_INSPECTION_TOP,PN-337126,00F7BBA3,00F7BBA3,PN-337126,00F7BBA3,T27,,PROCESS,PN-27795,00F7BBA3T-20180827110112,U5,1,K8,483,483,-2.74,-5.35,127,GOOD,GOOD,126.6378,169.0035,95.16373,0,0.9055,8/27/2018 15:14
33074,1020,FP9,TOP,4009573517,8/23/2018 18:39,1535049000,TWB_SM3,TWB_PCBA_SM3_TOP_FP,TWB_PCBA_TOP_FP9,1020,TWB_SM3,TWB_PCBA_PASTE_INSPECTION_TOP,PN-337126,00F7BBA3,00F7BBA3,PN-337126,00F7BBA3,T27,,PROCESS,PN-27795,00F7BBA3T-20180827110112,U5,1,E3,483,483,6.77,-10.17,127,GOOD,GOOD,124.8795,164.1374,96.6245,0,0.9055,8/27/2018 15:14
33075,1020,FP9,TOP,4009573517,8/23/2018 18:39,1535049000,TWB_SM3,TWB_PCBA_SM3_TOP_FP,TWB_PCBA_TOP_FP9,1020,TWB_SM3,TWB_PCBA_PASTE_INSPECTION_TOP,PN-337126,00F7BBA3,00F7BBA3,PN-337126,00F7BBA3,T27,,PROCESS,PN-27795,00F7BBA3T-20180827110112,U5,1,H6,483,483,0.06,-7.28,127,GOOD,GOOD,133.3829,175.0018,96.79686,0,0.9055,8/27/2018 15:14
33076,1020,FP9,TOP,4009573517,8/23/2018 18:39,1535049000,TWB_SM3,TWB_PCBA_SM3_TOP_FP,TWB_PCBA_TOP_FP9,1020,TWB_SM3,TWB_PCBA_PASTE_INSPECTION_TOP,PN-337126,00F7BBA3,00F7BBA3,PN-337126,00F7BBA3,T27,,PROCESS,PN-27795,00F7BBA3T-20180827110112,U5,1,K9,483,483,-4.23,-3.94,127,GOOD,GOOD,127.4172,170.3368,94.99995,0,0.9055,8/27/2018 15:14
