,plcng_plant_cd,mach_id,pcb_side_inspd,wo_num,defct_dttm,intrvl_key,plcng_area_cd,plcng_prcs_cd,plcng_wrk_ctr_cd,fndng_plant_cd,fndng_area_cd,fndng_prcs_cd,bld_part_no,bld_serial_no,barcd,assy_part_no,assy_serial_no,defct_cd,failed_test_code,fail_type,cmpnt_part_no,spi_test_id,ref_id,silkscrn_nbr,cmpntpin_nbr,cmpntpin_size_x_axis,cmpntpin_size_y_axis,solder_paste_offst_x_axis,solder_paste_offst_y_axis,pad_stncl_hgt,pad_spi_result,pad_spi_defct_type,solder_paste_vol_pct,solder_paste_hgt,solder_paste_area_pct,pkg_type,stncl_surf_area_ratio,extract_dttm
1198,1020,FP9,TOP,4009189383,4/17/2018 20:27,1523996100,TWB_SM3,TWB_PCBA_SM3_TOP_FP,TWB_PCBA_TOP_FP9,1020,TWB_SM3,TWB_PCBA_PASTE_INSPECTION_TOP,PN-337126,00F11AED,00F11AED,PN-337126,00F11AED,P16,,PROCESS,94474092,00F11AEDT-20180417195204,U4,1,B9,483,483,-5.37,-12.79,127,GOOD,GOOD,122.9226,164.8218,94.71548,0,0.9055,4/17/2018 23:54
1740,1020,FP9,TOP,4009189383,4/17/2018 20:27,1523996100,TWB_SM3,TWB_PCBA_SM3_TOP_FP,TWB_PCBA_TOP_FP9,1020,TWB_SM3,TWB_PCBA_PASTE_INSPECTION_TOP,PN-337126,00F11AED,00F11AED,PN-337126,00F11AED,P16,,PROCESS,94474092,00F11AEDT-20180417195204,U4,1,H14,483,483,6.99,1.25,127,GOOD,GOOD,119.5647,157.4038,96.46986,0,0.9055,4/17/2018 23:54
1799,1020,FP9,TOP,4009189383,4/17/2018 20:27,1523996100,TWB_SM3,TWB_PCBA_SM3_TOP_FP,TWB_PCBA_TOP_FP9,1020,TWB_SM3,TWB_PCBA_PASTE_INSPECTION_TOP,PN-337126,00F11AED,00F11AED,PN-337126,00F11AED,P16,,PROCESS,94474092,00F11AEDT-20180417195204,U4,1,E10,483,483,-0.85,4.94,127,GOOD,GOOD,129.2261,160.8578,102.0262,0,0.9055,4/17/2018 23:54
1800,1020,FP9,TOP,4009189383,4/17/2018 20:27,1523996100,TWB_SM3,TWB_PCBA_SM3_TOP_FP,TWB_PCBA_TOP_FP9,1020,TWB_SM3,TWB_PCBA_PASTE_INSPECTION_TOP,PN-337126,00F11AED,00F11AED,PN-337126,00F11AED,P16,,PROCESS,94474092,00F11AEDT-20180417195204,U4,1,M15,483,483,-6.81,1.23,127,GOOD,GOOD,118.53,164.9545,91.25737,0,0.9055,4/17/2018 23:54
1814,1020,FP9,TOP,4009189383,4/17/2018 20:27,1523996100,TWB_SM3,TWB_PCBA_SM3_TOP_FP,TWB_PCBA_TOP_FP9,1020,TWB_SM3,TWB_PCBA_PASTE_INSPECTION_TOP,PN-337126,00F11AED,00F11AED,PN-337126,00F11AED,P16,,PROCESS,94474092,00F11AEDT-20180417195204,U4,1,B13,483,483,-3.6,0.45,127,GOOD,GOOD,113.5277,154.4617,93.34363,0,0.9055,4/17/2018 23:54
1981,1020,FP9,TOP,4009189383,4/17/2018 20:27,1523996100,TWB_SM3,TWB_PCBA_SM3_TOP_FP,TWB_PCBA_TOP_FP9,1020,TWB_SM3,TWB_PCBA_PASTE_INSPECTION_TOP,PN-337126,00F11AED,00F11AED,PN-337126,00F11AED,P16,,PROCESS,94474092,00F11AEDT-20180417195204,U4,1,B8,483,483,-5.81,-11.1,127,GOOD,GOOD,121.8935,160.5127,96.44393000000001,0,0.9055,4/17/2018 23:54
2217,1020,FP9,TOP,4009189383,4/17/2018 20:27,1523996100,TWB_SM3,TWB_PCBA_SM3_TOP_FP,TWB_PCBA_TOP_FP9,1020,TWB_SM3,TWB_PCBA_PASTE_INSPECTION_TOP,PN-337126,00F11AED,00F11AED,PN-337126,00F11AED,P16,,PROCESS,94474092,00F11AEDT-20180417195204,U4,1,N6,483,483,-8.11,-3.15,127,GOOD,GOOD,122.1397,161.3462,96.13946999999999,0,0.9055,4/17/2018 23:54
2278,1020,FP9,TOP,4009189383,4/17/2018 20:27,1523996100,TWB_SM3,TWB_PCBA_SM3_TOP_FP,TWB_PCBA_TOP_FP9,1020,TWB_SM3,TWB_PCBA_PASTE_INSPECTION_TOP,PN-337126,00F11AED,00F11AED,PN-337126,00F11AED,P16,,PROCESS,94474092,00F11AEDT-20180417195204,U4,1,K5,483,483,1.25,-3.7,127,GOOD,GOOD,120.0063,151.1348,100.8424,0,0.9055,4/17/2018 23:54
2346,1020,FP9,TOP,4009189383,4/17/2018 20:27,1523996100,TWB_SM3,TWB_PCBA_SM3_TOP_FP,TWB_PCBA_TOP_FP9,1020,TWB_SM3,TWB_PCBA_PASTE_INSPECTION_TOP,PN-337126,00F11AED,00F11AED,PN-337126,00F11AED,P16,,PROCESS,94474092,00F11AEDT-20180417195204,U4,1,E5,483,483,-3.06,-5.78,127,GOOD,GOOD,117.2293,149.7797,99.40014000000001,0,0.9055,4/17/2018 23:54
2446,1020,FP9,TOP,4009189383,4/17/2018 20:27,1523996100,TWB_SM3,TWB_PCBA_SM3_TOP_FP,TWB_PCBA_TOP_FP9,1020,TWB_SM3,TWB_PCBA_PASTE_INSPECTION_TOP,PN-337126,00F11AED,00F11AED,PN-337126,00F11AED,P16,,PROCESS,94474092,00F11AEDT-20180417195204,U4,1,A4,483,483,-9.28,-4.75,127,GOOD,GOOD,118.3738,163.3707,92.02060999999999,0,0.9055,4/17/2018 23:54
2447,1020,FP9,TOP,4009189383,4/17/2018 20:27,1523996100,TWB_SM3,TWB_PCBA_SM3_TOP_FP,TWB_PCBA_TOP_FP9,1020,TWB_SM3,TWB_PCBA_PASTE_INSPECTION_TOP,PN-337126,00F11AED,00F11AED,PN-337126,00F11AED,P16,,PROCESS,94474092,00F11AEDT-20180417195204,U4,1,T13,483,483,0.06,6.27,127,GOOD,GOOD,119.1242,156.1474,96.88781,0,0.9055,4/17/2018 23:54
2465,1020,FP9,TOP,4009189383,4/17/2018 20:27,1523996100,TWB_SM3,TWB_PCBA_SM3_TOP_FP,TWB_PCBA_TOP_FP9,1020,TWB_SM3,TWB_PCBA_PASTE_INSPECTION_TOP,PN-337126,00F11AED,00F11AED,PN-337126,00F11AED,P16,,PROCESS,94474092,00F11AEDT-20180417195204,U4,1,M11,483,483,-7.57,-12.01,127,GOOD,GOOD,120.0207,156.8226,97.19665,0,0.9055,4/17/2018 23:54
2684,1020,FP9,TOP,4009189383,4/17/2018 20:27,1523996100,TWB_SM3,TWB_PCBA_SM3_TOP_FP,TWB_PCBA_TOP_FP9,1020,TWB_SM3,TWB_PCBA_PASTE_INSPECTION_TOP,PN-337126,00F11AED,00F11AED,PN-337126,00F11AED,P16,,PROCESS,94474092,00F11AEDT-20180417195204,U4,1,K12,483,483,9.5,4.47,127,GOOD,GOOD,115.6241,155.6097,94.36596999999999,0,0.9055,4/17/2018 23:54
2798,1020,FP9,TOP,4009189383,4/17/2018 20:27,1523996100,TWB_SM3,TWB_PCBA_SM3_TOP_FP,TWB_PCBA_TOP_FP9,1020,TWB_SM3,TWB_PCBA_PASTE_INSPECTION_TOP,PN-337126,00F11AED,00F11AED,PN-337126,00F11AED,P16,,PROCESS,94474092,00F11AEDT-20180417195204,U4,1,K14,483,483,10.37,1.08,127,GOOD,GOOD,122.9838,162.3028,96.23338000000001,0,0.9055,4/17/2018 23:54
3066,1020,FP9,TOP,4009189383,4/17/2018 20:27,1523996100,TWB_SM3,TWB_PCBA_SM3_TOP_FP,TWB_PCBA_TOP_FP9,1020,TWB_SM3,TWB_PCBA_PASTE_INSPECTION_TOP,PN-337126,00F11AED,00F11AED,PN-337126,00F11AED,P16,,PROCESS,94474092,00F11AEDT-20180417195204,U4,1,G1,483,483,-0.46,3.82,127,GOOD,GOOD,104.2546,152.9749,86.55228000000001,0,0.9055,4/17/2018 23:54
3081,1020,FP9,TOP,4009189383,4/17/2018 20:27,1523996100,TWB_SM3,TWB_PCBA_SM3_TOP_FP,TWB_PCBA_TOP_FP9,1020,TWB_SM3,TWB_PCBA_PASTE_INSPECTION_TOP,PN-337126,00F11AED,00F11AED,PN-337126,00F11AED,P16,,PROCESS,94474092,00F11AEDT-20180417195204,U4,1,N13,483,483,-5.01,5.01,127,GOOD,GOOD,114.9258,157.3324,92.7691,0,0.9055,4/17/2018 23:54
3176,1020,FP9,TOP,4009189383,4/17/2018 20:27,1523996100,TWB_SM3,TWB_PCBA_SM3_TOP_FP,TWB_PCBA_TOP_FP9,1020,TWB_SM3,TWB_PCBA_PASTE_INSPECTION_TOP,PN-337126,00F11AED,00F11AED,PN-337126,00F11AED,P16,,PROCESS,94474092,00F11AEDT-20180417195204,U4,1,D14,483,483,0.22,-0.41,127,GOOD,GOOD,125.0533,167.2288,94.97028,0,0.9055,4/17/2018 23:54
3179,1020,FP9,TOP,4009189383,4/17/2018 20:27,1523996100,TWB_SM3,TWB_PCBA_SM3_TOP_FP,TWB_PCBA_TOP_FP9,1020,TWB_SM3,TWB_PCBA_PASTE_INSPECTION_TOP,PN-337126,00F11AED,00F11AED,PN-337126,00F11AED,P16,,PROCESS,94474092,00F11AEDT-20180417195204,U4,1,R12,483,483,-2.05,7.54,127,GOOD,GOOD,109.9107,153.3211,91.04202,0,0.9055,4/17/2018 23:54
3387,1020,FP9,TOP,4009189383,4/17/2018 20:27,1523996100,TWB_SM3,TWB_PCBA_SM3_TOP_FP,TWB_PCBA_TOP_FP9,1020,TWB_SM3,TWB_PCBA_PASTE_INSPECTION_TOP,PN-337126,00F11AED,00F11AED,PN-337126,00F11AED,P16,,PROCESS,94474092,00F11AEDT-20180417195204,U4,1,J1,483,483,2.92,3.63,127,GOOD,GOOD,115.6791,149.8987,98.00779,0,0.9055,4/17/2018 23:54
3388,1020,FP9,TOP,4009189383,4/17/2018 20:27,1523996100,TWB_SM3,TWB_PCBA_SM3_TOP_FP,TWB_PCBA_TOP_FP9,1020,TWB_SM3,TWB_PCBA_PASTE_INSPECTION_TOP,PN-337126,00F11AED,00F11AED,PN-337126,00F11AED,P16,,PROCESS,94474092,00F11AEDT-20180417195204,U4,1,R13,483,483,-1.63,5.85,127,GOOD,GOOD,113.2048,155.5058,92.45315,0,0.9055,4/17/2018 23:54
3800,1020,FP9,TOP,4009189383,4/17/2018 20:27,1523996100,TWB_SM3,TWB_PCBA_SM3_TOP_FP,TWB_PCBA_TOP_FP9,1020,TWB_SM3,TWB_PCBA_PASTE_INSPECTION_TOP,PN-337126,00F11AED,00F11AED,PN-337126,00F11AED,P16,,PROCESS,94474092,00F11AEDT-20180417195204,U4,1,K8,483,483,7.71,-8.77,127,GOOD,GOOD,122.3262,153.0283,101.52,0,0.9055,4/17/2018 23:54
3898,1020,FP9,TOP,4009189383,4/17/2018 20:27,1523996100,TWB_SM3,TWB_PCBA_SM3_TOP_FP,TWB_PCBA_TOP_FP9,1020,TWB_SM3,TWB_PCBA_PASTE_INSPECTION_TOP,PN-337126,00F11AED,00F11AED,PN-337126,00F11AED,P16,,PROCESS,94474092,00F11AEDT-20180417195204,U4,1,K2,483,483,5.06,1.37,127,GOOD,GOOD,112.851,155.2579,92.31145,0,0.9055,4/17/2018 23:54
4200,1020,FP9,TOP,4009189383,4/17/2018 20:27,1523996100,TWB_SM3,TWB_PCBA_SM3_TOP_FP,TWB_PCBA_TOP_FP9,1020,TWB_SM3,TWB_PCBA_PASTE_INSPECTION_TOP,PN-337126,00F11AED,00F11AED,PN-337126,00F11AED,P16,,PROCESS,94474092,00F11AEDT-20180417195204,U4,1,A5,483,483,-9.83,-6.45,127,GOOD,GOOD,111.684,162.5726,87.2464,0,0.9055,4/17/2018 23:54
4201,1020,FP9,TOP,4009189383,4/17/2018 20:27,1523996100,TWB_SM3,TWB_PCBA_SM3_TOP_FP,TWB_PCBA_TOP_FP9,1020,TWB_SM3,TWB_PCBA_PASTE_INSPECTION_TOP,PN-337126,00F11AED,00F11AED,PN-337126,00F11AED,P16,,PROCESS,94474092,00F11AEDT-20180417195204,U4,1,T14,483,483,0.51,4.58,127,GOOD,GOOD,114.6273,155.9576,93.34382,0,0.9055,4/17/2018 23:54
4290,1020,FP9,TOP,4009189383,4/17/2018 20:27,1523996100,TWB_SM3,TWB_PCBA_SM3_TOP_FP,TWB_PCBA_TOP_FP9,1020,TWB_SM3,TWB_PCBA_PASTE_INSPECTION_TOP,PN-337126,00F11AED,00F11AED,PN-337126,00F11AED,P16,,PROCESS,94474092,00F11AEDT-20180417195204,U4,1,K6,483,483,6.82,-5.39,127,GOOD,GOOD,128.0899,162.7455,99.95618,0,0.9055,4/17/2018 23:54
4313,1020,FP9,TOP,4009189383,4/17/2018 20:27,1523996100,TWB_SM3,TWB_PCBA_SM3_TOP_FP,TWB_PCBA_TOP_FP9,1020,TWB_SM3,TWB_PCBA_PASTE_INSPECTION_TOP,PN-337126,00F11AED,00F11AED,PN-337126,00F11AED,P16,,PROCESS,94474092,00F11AEDT-20180417195204,U4,1,L6,483,483,5.2,-3.99,127,GOOD,GOOD,123.4719,161.1307,97.31808000000001,0,0.9055,4/17/2018 23:54
4427,1020,FP9,TOP,4009189383,4/17/2018 20:27,1523996100,TWB_SM3,TWB_PCBA_SM3_TOP_FP,TWB_PCBA_TOP_FP9,1020,TWB_SM3,TWB_PCBA_PASTE_INSPECTION_TOP,PN-337126,00F11AED,00F11AED,PN-337126,00F11AED,P16,,PROCESS,94474092,00F11AEDT-20180417195204,U4,1,F1,483,483,-2.15,2.4,127,GOOD,GOOD,113.6258,156.5104,92.20136,0,0.9055,4/17/2018 23:54
4434,1020,FP9,TOP,4009189383,4/17/2018 20:27,1523996100,TWB_SM3,TWB_PCBA_SM3_TOP_FP,TWB_PCBA_TOP_FP9,1020,TWB_SM3,TWB_PCBA_PASTE_INSPECTION_TOP,PN-337126,00F11AED,00F11AED,PN-337126,00F11AED,P16,,PROCESS,94474092,00F11AEDT-20180417195204,U4,1,P11,483,483,-4.19,-11.18,127,GOOD,GOOD,119.4225,161.0522,94.17234,0,0.9055,4/17/2018 23:54
4477,1020,FP9,TOP,4009189383,4/17/2018 20:27,1523996100,TWB_SM3,TWB_PCBA_SM3_TOP_FP,TWB_PCBA_TOP_FP9,1020,TWB_SM3,TWB_PCBA_PASTE_INSPECTION_TOP,PN-337126,00F11AED,00F11AED,PN-337126,00F11AED,P16,,PROCESS,94474092,00F11AEDT-20180417195204,U4,1,E13,483,483,1.47,0.7,127,GOOD,GOOD,129.4066,165.4879,99.31022,0,0.9055,4/17/2018 23:54
4610,1020,FP9,TOP,4009189383,4/17/2018 20:27,1523996100,TWB_SM3,TWB_PCBA_SM3_TOP_FP,TWB_PCBA_TOP_FP9,1020,TWB_SM3,TWB_PCBA_PASTE_INSPECTION_TOP,PN-337126,00F11AED,00F11AED,PN-337126,00F11AED,P16,,PROCESS,94474092,00F11AEDT-20180417195204,U4,1,G7,483,483,2.19,-6.32,127,GOOD,GOOD,126.0662,158.4797,101.0249,0,0.9055,4/17/2018 23:54
4634,1020,FP9,TOP,4009189383,4/17/2018 20:27,1523996100,TWB_SM3,TWB_PCBA_SM3_TOP_FP,TWB_PCBA_TOP_FP9,1020,TWB_SM3,TWB_PCBA_PASTE_INSPECTION_TOP,PN-337126,00F11AED,00F11AED,PN-337126,00F11AED,P16,,PROCESS,94474092,00F11AEDT-20180417195204,U4,1,A6,483,483,-8.4,-8.14,127,GOOD,GOOD,113.0624,156.4605,91.77348,0,0.9055,4/17/2018 23:54
4635,1020,FP9,TOP,4009189383,4/17/2018 20:27,1523996100,TWB_SM3,TWB_PCBA_SM3_TOP_FP,TWB_PCBA_TOP_FP9,1020,TWB_SM3,TWB_PCBA_PASTE_INSPECTION_TOP,PN-337126,00F11AED,00F11AED,PN-337126,00F11AED,P16,,PROCESS,94474092,00F11AEDT-20180417195204,U4,1,L10,483,483,-10.71,-10.75,127,GOOD,GOOD,125.6959,167.8966,95.07863,0,0.9055,4/17/2018 23:54
4636,1020,FP9,TOP,4009189383,4/17/2018 20:27,1523996100,TWB_SM3,TWB_PCBA_SM3_TOP_FP,TWB_PCBA_TOP_FP9,1020,TWB_SM3,TWB_PCBA_PASTE_INSPECTION_TOP,PN-337126,00F11AED,00F11AED,PN-337126,00F11AED,P16,,PROCESS,94474092,00F11AEDT-20180417195204,U4,1,T15,483,483,-0.04,2.89,127,GOOD,GOOD,111.7128,150.2051,94.45435,0,0.9055,4/17/2018 23:54
4793,1020,FP9,TOP,4009189383,4/17/2018 20:27,1523996100,TWB_SM3,TWB_PCBA_SM3_TOP_FP,TWB_PCBA_TOP_FP9,1020,TWB_SM3,TWB_PCBA_PASTE_INSPECTION_TOP,PN-337126,00F11AED,00F11AED,PN-337126,00F11AED,P16,,PROCESS,94474092,00F11AEDT-20180417195204,U4,1,E8,483,483,-0.74,-10.85,127,GOOD,GOOD,127.3219,161.7617,99.9611,0,0.9055,4/17/2018 23:54
4876,1020,FP9,TOP,4009189383,4/17/2018 20:27,1523996100,TWB_SM3,TWB_PCBA_SM3_TOP_FP,TWB_PCBA_TOP_FP9,1020,TWB_SM3,TWB_PCBA_PASTE_INSPECTION_TOP,PN-337126,00F11AED,00F11AED,PN-337126,00F11AED,P16,,PROCESS,94474092,00F11AEDT-20180417195204,U4,1,F15,483,483,3.05,-1.27,127,GOOD,GOOD,122.5731,159.7217,97.46193000000001,0,0.9055,4/17/2018 23:54
5040,1020,FP9,TOP,4009189383,4/17/2018 20:27,1523996100,TWB_SM3,TWB_PCBA_SM3_TOP_FP,TWB_PCBA_TOP_FP9,1020,TWB_SM3,TWB_PCBA_PASTE_INSPECTION_TOP,PN-337126,00F11AED,00F11AED,PN-337126,00F11AED,P16,,PROCESS,94474092,00F11AEDT-20180417195204,U4,1,H16,483,483,7.88,-2.13,127,GOOD,GOOD,122.8399,163.6741,95.31546,0,0.9055,4/17/2018 23:54
5298,1020,FP9,TOP,4009189383,4/17/2018 20:27,1523996100,TWB_SM3,TWB_PCBA_SM3_TOP_FP,TWB_PCBA_TOP_FP9,1020,TWB_SM3,TWB_PCBA_PASTE_INSPECTION_TOP,PN-337126,00F11AED,00F11AED,PN-337126,00F11AED,P16,,PROCESS,94474092,00F11AEDT-20180417195204,U4,1,P9,483,483,-5.08,-7.8,127,GOOD,GOOD,119.39299999999999,167.4114,90.57276,0,0.9055,4/17/2018 23:54
5403,1020,FP9,TOP,4009189383,4/17/2018 20:27,1523996100,TWB_SM3,TWB_PCBA_SM3_TOP_FP,TWB_PCBA_TOP_FP9,1020,TWB_SM3,TWB_PCBA_PASTE_INSPECTION_TOP,PN-337126,00F11AED,00F11AED,PN-337126,00F11AED,P16,,PROCESS,94474092,00F11AEDT-20180417195204,U4,1,T3,483,483,-4.36,3.18,127,GOOD,GOOD,124.5625,161.7471,97.8035,0,0.9055,4/17/2018 23:54
5464,1020,FP9,TOP,4009189383,4/17/2018 20:27,1523996100,TWB_SM3,TWB_PCBA_SM3_TOP_FP,TWB_PCBA_TOP_FP9,1020,TWB_SM3,TWB_PCBA_PASTE_INSPECTION_TOP,PN-337126,00F11AED,00F11AED,PN-337126,00F11AED,P16,,PROCESS,94474092,00F11AEDT-20180417195204,U4,1,J14,483,483,8.68,1.66,127,GOOD,GOOD,117.4094,153.5009,97.13945,0,0.9055,4/17/2018 23:54
5465,1020,FP9,TOP,4009189383,4/17/2018 20:27,1523996100,TWB_SM3,TWB_PCBA_SM3_TOP_FP,TWB_PCBA_TOP_FP9,1020,TWB_SM3,TWB_PCBA_PASTE_INSPECTION_TOP,PN-337126,00F11AED,00F11AED,PN-337126,00F11AED,P16,,PROCESS,94474092,00F11AEDT-20180417195204,U4,1,J7,483,483,5.57,-6.51,127,GOOD,GOOD,126.0267,158.5178,100.9691,0,0.9055,4/17/2018 23:54
5471,1020,FP9,TOP,4009189383,4/17/2018 20:27,1523996100,TWB_SM3,TWB_PCBA_SM3_TOP_FP,TWB_PCBA_TOP_FP9,1020,TWB_SM3,TWB_PCBA_PASTE_INSPECTION_TOP,PN-337126,00F11AED,00F11AED,PN-337126,00F11AED,P16,,PROCESS,94474092,00F11AEDT-20180417195204,U4,1,M9,483,483,-8.46,-8.63,127,GOOD,GOOD,126.8654,162.75,98.9979,0,0.9055,4/17/2018 23:54
5485,1020,FP9,TOP,4009189383,4/17/2018 20:27,1523996100,TWB_SM3,TWB_PCBA_SM3_TOP_FP,TWB_PCBA_TOP_FP9,1020,TWB_SM3,TWB_PCBA_PASTE_INSPECTION_TOP,PN-337126,00F11AED,00F11AED,PN-337126,00F11AED,P16,,PROCESS,94474092,00F11AEDT-20180417195204,U4,1,G13,483,483,4.85,3.54,127,GOOD,GOOD,124.4346,169.8267,93.05481999999999,0,0.9055,4/17/2018 23:54
5716,1020,FP9,TOP,4009189383,4/17/2018 20:27,1523996100,TWB_SM3,TWB_PCBA_SM3_TOP_FP,TWB_PCBA_TOP_FP9,1020,TWB_SM3,TWB_PCBA_PASTE_INSPECTION_TOP,PN-337126,00F11AED,00F11AED,PN-337126,00F11AED,P16,,PROCESS,94474092,00F11AEDT-20180417195204,U4,1,H1,483,483,1.23,3.23,127,GOOD,GOOD,111.73200000000001,155.4505,91.28285,0,0.9055,4/17/2018 23:54
5721,1020,FP9,TOP,4009189383,4/17/2018 20:27,1523996100,TWB_SM3,TWB_PCBA_SM3_TOP_FP,TWB_PCBA_TOP_FP9,1020,TWB_SM3,TWB_PCBA_PASTE_INSPECTION_TOP,PN-337126,00F11AED,00F11AED,PN-337126,00F11AED,P16,,PROCESS,94474092,00F11AEDT-20180417195204,U4,1,G16,483,483,6.19,-1.54,127,GOOD,GOOD,120.3655,159.5095,95.83389,0,0.9055,4/17/2018 23:54
5885,1020,FP9,TOP,4009189383,4/17/2018 20:27,1523996100,TWB_SM3,TWB_PCBA_SM3_TOP_FP,TWB_PCBA_TOP_FP9,1020,TWB_SM3,TWB_PCBA_PASTE_INSPECTION_TOP,PN-337126,00F11AED,00F11AED,PN-337126,00F11AED,P16,,PROCESS,94474092,00F11AEDT-20180417195204,U4,1,A11,483,483,-6.17,3.41,127,GOOD,GOOD,122.8273,156.0027,99.99231,0,0.9055,4/17/2018 23:54
5965,1020,FP9,TOP,4009189383,4/17/2018 20:27,1523996100,TWB_SM3,TWB_PCBA_SM3_TOP_FP,TWB_PCBA_TOP_FP9,1020,TWB_SM3,TWB_PCBA_PASTE_INSPECTION_TOP,PN-337126,00F11AED,00F11AED,PN-337126,00F11AED,P16,,PROCESS,94474092,00F11AEDT-20180417195204,U4,1,B12,483,483,-4.03,2.14,127,GOOD,GOOD,122.617,159.2033,97.81427,0,0.9055,4/17/2018 23:54
5970,1020,FP9,TOP,4009189383,4/17/2018 20:27,1523996100,TWB_SM3,TWB_PCBA_SM3_TOP_FP,TWB_PCBA_TOP_FP9,1020,TWB_SM3,TWB_PCBA_PASTE_INSPECTION_TOP,PN-337126,00F11AED,00F11AED,PN-337126,00F11AED,P16,,PROCESS,94474092,00F11AEDT-20180417195204,U4,1,A8,483,483,-7.51,-11.52,127,GOOD,GOOD,112.4579,151.9939,93.96529,0,0.9055,4/17/2018 23:54
5971,1020,FP9,TOP,4009189383,4/17/2018 20:27,1523996100,TWB_SM3,TWB_PCBA_SM3_TOP_FP,TWB_PCBA_TOP_FP9,1020,TWB_SM3,TWB_PCBA_PASTE_INSPECTION_TOP,PN-337126,00F11AED,00F11AED,PN-337126,00F11AED,P16,,PROCESS,94474092,00F11AEDT-20180417195204,U4,1,L12,483,483,-8.81,5.87,127,GOOD,GOOD,118.9771,154.819,97.59845,0,0.9055,4/17/2018 23:54
5974,1020,FP9,TOP,4009189383,4/17/2018 20:27,1523996100,TWB_SM3,TWB_PCBA_SM3_TOP_FP,TWB_PCBA_TOP_FP9,1020,TWB_SM3,TWB_PCBA_PASTE_INSPECTION_TOP,PN-337126,00F11AED,00F11AED,PN-337126,00F11AED,P16,,PROCESS,94474092,00F11AEDT-20180417195204,U4,1,R9,483,483,-3.39,-7.39,127,GOOD,GOOD,122.2803,166.3556,93.35181,0,0.9055,4/17/2018 23:54
6407,1020,FP9,TOP,4009189383,4/17/2018 20:27,1523996100,TWB_SM3,TWB_PCBA_SM3_TOP_FP,TWB_PCBA_TOP_FP9,1020,TWB_SM3,TWB_PCBA_PASTE_INSPECTION_TOP,PN-337126,00F11AED,00F11AED,PN-337126,00F11AED,P16,,PROCESS,94474092,00F11AEDT-20180417195204,U4,1,B15,483,483,-3.71,-2.94,127,GOOD,GOOD,116.9411,153.9005,96.5008,0,0.9055,4/17/2018 23:54
6523,1020,FP9,TOP,4009189383,4/17/2018 20:27,1523996100,TWB_SM3,TWB_PCBA_SM3_TOP_FP,TWB_PCBA_TOP_FP9,1020,TWB_SM3,TWB_PCBA_PASTE_INSPECTION_TOP,PN-337126,00F11AED,00F11AED,PN-337126,00F11AED,P16,,PROCESS,94474092,00F11AEDT-20180417195204,U4,1,G14,483,483,5.3,1.84,127,GOOD,GOOD,120.4382,165.9006,92.19769000000001,0,0.9055,4/17/2018 23:54
6525,1020,FP9,TOP,4009189383,4/17/2018 20:27,1523996100,TWB_SM3,TWB_PCBA_SM3_TOP_FP,TWB_PCBA_TOP_FP9,1020,TWB_SM3,TWB_PCBA_PASTE_INSPECTION_TOP,PN-337126,00F11AED,00F11AED,PN-337126,00F11AED,P16,,PROCESS,94474092,00F11AEDT-20180417195204,U4,1,D10,483,483,-2.54,6.35,127,GOOD,GOOD,126.87200000000001,166.3941,96.83476,0,0.9055,4/17/2018 23:54
6526,1020,FP9,TOP,4009189383,4/17/2018 20:27,1523996100,TWB_SM3,TWB_PCBA_SM3_TOP_FP,TWB_PCBA_TOP_FP9,1020,TWB_SM3,TWB_PCBA_PASTE_INSPECTION_TOP,PN-337126,00F11AED,00F11AED,PN-337126,00F11AED,P16,,PROCESS,94474092,00F11AEDT-20180417195204,U4,1,L15,483,483,-8.5,0.8,127,GOOD,GOOD,110.5137,155.4584,90.28295,0,0.9055,4/17/2018 23:54
6560,1020,FP9,TOP,4009189383,4/17/2018 20:27,1523996100,TWB_SM3,TWB_PCBA_SM3_TOP_FP,TWB_PCBA_TOP_FP9,1020,TWB_SM3,TWB_PCBA_PASTE_INSPECTION_TOP,PN-337126,00F11AED,00F11AED,PN-337126,00F11AED,P16,,PROCESS,94474092,00F11AEDT-20180417195204,U4,1,C5,483,483,-6.44,-5.62,127,GOOD,GOOD,117.4706,155.5668,95.89944,0,0.9055,4/17/2018 23:54
6953,1020,FP9,TOP,4009189383,4/17/2018 20:27,1523996100,TWB_SM3,TWB_PCBA_SM3_TOP_FP,TWB_PCBA_TOP_FP9,1020,TWB_SM3,TWB_PCBA_PASTE_INSPECTION_TOP,PN-337126,00F11AED,00F11AED,PN-337126,00F11AED,P16,,PROCESS,94474092,00F11AEDT-20180417195204,U4,1,M4,483,483,-10.68,-0.18,127,GOOD,GOOD,122.5891,168.1273,92.60136999999999,0,0.9055,4/17/2018 23:54
7178,1020,FP9,TOP,4009189383,4/17/2018 20:27,1523996100,TWB_SM3,TWB_PCBA_SM3_TOP_FP,TWB_PCBA_TOP_FP9,1020,TWB_SM3,TWB_PCBA_PASTE_INSPECTION_TOP,PN-337126,00F11AED,00F11AED,PN-337126,00F11AED,P16,,PROCESS,94474092,00F11AEDT-20180417195204,U4,1,P4,483,483,-7.3,0.65,127,GOOD,GOOD,121.4575,164.7719,93.6149,0,0.9055,4/17/2018 23:54
7195,1020,FP9,TOP,4009189383,4/17/2018 20:27,1523996100,TWB_SM3,TWB_PCBA_SM3_TOP_FP,TWB_PCBA_TOP_FP9,1020,TWB_SM3,TWB_PCBA_PASTE_INSPECTION_TOP,PN-337126,00F11AED,00F11AED,PN-337126,00F11AED,P16,,PROCESS,94474092,00F11AEDT-20180417195204,U4,1,G8,483,483,2.64,-8.01,127,GOOD,GOOD,122.0807,155.2237,99.88325999999999,0,0.9055,4/17/2018 23:54
7283,1020,FP9,TOP,4009189383,4/17/2018 20:27,1523996100,TWB_SM3,TWB_PCBA_SM3_TOP_FP,TWB_PCBA_TOP_FP9,1020,TWB_SM3,TWB_PCBA_PASTE_INSPECTION_TOP,PN-337126,00F11AED,00F11AED,PN-337126,00F11AED,P16,,PROCESS,94474092,00F11AEDT-20180417195204,U4,1,E15,483,483,1.36,-2.69,127,GOOD,GOOD,127.2457,167.5734,96.43654000000001,0,0.9055,4/17/2018 23:54
7341,1020,FP9,TOP,4009189383,4/17/2018 20:27,1523996100,TWB_SM3,TWB_PCBA_SM3_TOP_FP,TWB_PCBA_TOP_FP9,1020,TWB_SM3,TWB_PCBA_PASTE_INSPECTION_TOP,PN-337126,00F11AED,00F11AED,PN-337126,00F11AED,P16,,PROCESS,94474092,00F11AEDT-20180417195204,U4,1,G6,483,483,1.75,-4.63,127,GOOD,GOOD,122.70700000000001,162.6022,95.83997,0,0.9055,4/17/2018 23:54
7397,1020,FP9,TOP,4009189383,4/17/2018 20:27,1523996100,TWB_SM3,TWB_PCBA_SM3_TOP_FP,TWB_PCBA_TOP_FP9,1020,TWB_SM3,TWB_PCBA_PASTE_INSPECTION_TOP,PN-337126,00F11AED,00F11AED,PN-337126,00F11AED,P16,,PROCESS,94474092,00F11AEDT-20180417195204,U4,1,T7,483,483,-2.59,-3.59,127,GOOD,GOOD,113.8159,159.2737,90.75336,0,0.9055,4/17/2018 23:54
7452,1020,FP9,TOP,4009189383,4/17/2018 20:27,1523996100,TWB_SM3,TWB_PCBA_SM3_TOP_FP,TWB_PCBA_TOP_FP9,1020,TWB_SM3,TWB_PCBA_PASTE_INSPECTION_TOP,PN-337126,00F11AED,00F11AED,PN-337126,00F11AED,P16,,PROCESS,94474092,00F11AEDT-20180417195204,U4,1,L1,483,483,6.3,4.47,127,GOOD,GOOD,118.3576,157.9036,95.19363,0,0.9055,4/17/2018 23:54
7463,1020,FP9,TOP,4009189383,4/17/2018 20:27,1523996100,TWB_SM3,TWB_PCBA_SM3_TOP_FP,TWB_PCBA_TOP_FP9,1020,TWB_SM3,TWB_PCBA_PASTE_INSPECTION_TOP,PN-337126,00F11AED,00F11AED,PN-337126,00F11AED,P16,,PROCESS,94474092,00F11AEDT-20180417195204,U4,1,H10,483,483,4.22,-11.99,127,GOOD,GOOD,127.0307,160.0966,100.7698,0,0.9055,4/17/2018 23:54
7464,1020,FP9,TOP,4009189383,4/17/2018 20:27,1523996100,TWB_SM3,TWB_PCBA_SM3_TOP_FP,TWB_PCBA_TOP_FP9,1020,TWB_SM3,TWB_PCBA_PASTE_INSPECTION_TOP,PN-337126,00F11AED,00F11AED,PN-337126,00F11AED,P16,,PROCESS,94474092,00F11AEDT-20180417195204,U4,1,P15,483,483,-3.42,2.06,127,GOOD,GOOD,112.9464,151.44,94.71863,0,0.9055,4/17/2018 23:54
7468,1020,FP9,TOP,4009189383,4/17/2018 20:27,1523996100,TWB_SM3,TWB_PCBA_SM3_TOP_FP,TWB_PCBA_TOP_FP9,1020,TWB_SM3,TWB_PCBA_PASTE_INSPECTION_TOP,PN-337126,00F11AED,00F11AED,PN-337126,00F11AED,P16,,PROCESS,94474092,00F11AEDT-20180417195204,U4,1,B14,483,483,-3.16,-1.24,127,GOOD,GOOD,117.3961,155.0692,96.14615,0,0.9055,4/17/2018 23:54
7564,1020,FP9,TOP,4009189383,4/17/2018 20:27,1523996100,TWB_SM3,TWB_PCBA_SM3_TOP_FP,TWB_PCBA_TOP_FP9,1020,TWB_SM3,TWB_PCBA_PASTE_INSPECTION_TOP,PN-337126,00F11AED,00F11AED,PN-337126,00F11AED,P16,,PROCESS,94474092,00F11AEDT-20180417195204,U4,1,E4,483,483,-2.51,-4.09,127,GOOD,GOOD,121.0597,158.2057,97.18098,0,0.9055,4/17/2018 23:54
7587,1020,FP9,TOP,4009189383,4/17/2018 20:27,1523996100,TWB_SM3,TWB_PCBA_SM3_TOP_FP,TWB_PCBA_TOP_FP9,1020,TWB_SM3,TWB_PCBA_PASTE_INSPECTION_TOP,PN-337126,00F11AED,00F11AED,PN-337126,00F11AED,P16,,PROCESS,94474092,00F11AEDT-20180417195204,U4,1,B1,483,483,-8.91,0.73,127,GOOD,GOOD,120.0869,160.626,94.94754,0,0.9055,4/17/2018 23:54
7742,1020,FP9,TOP,4009189383,4/17/2018 20:27,1523996100,TWB_SM3,TWB_PCBA_SM3_TOP_FP,TWB_PCBA_TOP_FP9,1020,TWB_SM3,TWB_PCBA_PASTE_INSPECTION_TOP,PN-337126,00F11AED,00F11AED,PN-337126,00F11AED,P16,,PROCESS,94474092,00F11AEDT-20180417195204,U4,1,C16,483,483,-0.58,-4.21,127,GOOD,GOOD,116.0414,155.4765,94.78769,0,0.9055,4/17/2018 23:54
7751,1020,FP9,TOP,4009189383,4/17/2018 20:27,1523996100,TWB_SM3,TWB_PCBA_SM3_TOP_FP,TWB_PCBA_TOP_FP9,1020,TWB_SM3,TWB_PCBA_PASTE_INSPECTION_TOP,PN-337126,00F11AED,00F11AED,PN-337126,00F11AED,P16,,PROCESS,94474092,00F11AEDT-20180417195204,U4,1,D15,483,483,-0.33,-2.1,127,GOOD,GOOD,119.0868,157.3967,96.08859,0,0.9055,4/17/2018 23:54
7757,1020,FP9,TOP,4009189383,4/17/2018 20:27,1523996100,TWB_SM3,TWB_PCBA_SM3_TOP_FP,TWB_PCBA_TOP_FP9,1020,TWB_SM3,TWB_PCBA_PASTE_INSPECTION_TOP,PN-337126,00F11AED,00F11AED,PN-337126,00F11AED,P16,,PROCESS,94474092,00F11AEDT-20180417195204,U4,1,F5,483,483,-1.37,-4.37,127,GOOD,GOOD,121.2338,157.9719,97.46471,0,0.9055,4/17/2018 23:54
8199,1020,FP9,TOP,4009189383,4/17/2018 20:27,1523996100,TWB_SM3,TWB_PCBA_SM3_TOP_FP,TWB_PCBA_TOP_FP9,1020,TWB_SM3,TWB_PCBA_PASTE_INSPECTION_TOP,PN-337126,00F11AED,00F11AED,PN-337126,00F11AED,P16,,PROCESS,94474092,00F11AEDT-20180417195204,U4,1,R2,483,483,-6.49,4.44,127,GOOD,GOOD,117.8268,163.3269,91.61997,0,0.9055,4/17/2018 23:54
8223,1020,FP9,TOP,4009189383,4/17/2018 20:27,1523996100,TWB_SM3,TWB_PCBA_SM3_TOP_FP,TWB_PCBA_TOP_FP9,1020,TWB_SM3,TWB_PCBA_PASTE_INSPECTION_TOP,PN-337126,00F11AED,00F11AED,PN-337126,00F11AED,P16,,PROCESS,94474092,00F11AEDT-20180417195204,U4,1,G4,483,483,0.87,-1.25,127,GOOD,GOOD,117.4801,154.381,96.64388000000001,0,0.9055,4/17/2018 23:54
8352,1020,FP9,TOP,4009189383,4/17/2018 20:27,1523996100,TWB_SM3,TWB_PCBA_SM3_TOP_FP,TWB_PCBA_TOP_FP9,1020,TWB_SM3,TWB_PCBA_PASTE_INSPECTION_TOP,PN-337126,00F11AED,00F11AED,PN-337126,00F11AED,P16,,PROCESS,94474092,00F11AEDT-20180417195204,U4,1,R10,483,483,-3.94,-9.09,127,GOOD,GOOD,117.4769,160.2242,93.11676999999999,0,0.9055,4/17/2018 23:54
9144,1020,FP9,TOP,4009189383,4/17/2018 20:27,1523996100,TWB_SM3,TWB_PCBA_SM3_TOP_FP,TWB_PCBA_TOP_FP9,1020,TWB_SM3,TWB_PCBA_PASTE_INSPECTION_TOP,PN-337126,00F11AED,00F11AED,PN-337126,00F11AED,P16,,PROCESS,94474092,00F11AEDT-20180417195204,U4,1,E11,483,483,0.6,4.08,127,GOOD,GOOD,119.1232,164.019,92.23714,0,0.9055,4/17/2018 23:54
9145,1020,FP9,TOP,4009189383,4/17/2018 20:27,1523996100,TWB_SM3,TWB_PCBA_SM3_TOP_FP,TWB_PCBA_TOP_FP9,1020,TWB_SM3,TWB_PCBA_PASTE_INSPECTION_TOP,PN-337126,00F11AED,00F11AED,PN-337126,00F11AED,P16,,PROCESS,94474092,00F11AEDT-20180417195204,U4,1,M16,483,483,-5.36,-0.46,127,GOOD,GOOD,119.3376,165.9221,91.34331,0,0.9055,4/17/2018 23:54
9330,1020,FP9,TOP,4009189383,4/17/2018 20:27,1523996100,TWB_SM3,TWB_PCBA_SM3_TOP_FP,TWB_PCBA_TOP_FP9,1020,TWB_SM3,TWB_PCBA_PASTE_INSPECTION_TOP,PN-337126,00F11AED,00F11AED,PN-337126,00F11AED,P16,,PROCESS,94474092,00F11AEDT-20180417195204,U4,1,F6,483,483,0.06,-6.06,127,GOOD,GOOD,119.3272,153.1181,98.97293,0,0.9055,4/17/2018 23:54
9388,1020,FP9,TOP,4009189383,4/17/2018 20:27,1523996100,TWB_SM3,TWB_PCBA_SM3_TOP_FP,TWB_PCBA_TOP_FP9,1020,TWB_SM3,TWB_PCBA_PASTE_INSPECTION_TOP,PN-337126,00F11AED,00F11AED,PN-337126,00F11AED,P16,,PROCESS,94474092,00F11AEDT-20180417195204,U4,1,N1,483,483,-10.32,5.3,127,GOOD,GOOD,116.5103,160.8253,92.00546,0,0.9055,4/17/2018 23:54
9400,1020,FP9,TOP,4009189383,4/17/2018 20:27,1523996100,TWB_SM3,TWB_PCBA_SM3_TOP_FP,TWB_PCBA_TOP_FP9,1020,TWB_SM3,TWB_PCBA_PASTE_INSPECTION_TOP,PN-337126,00F11AED,00F11AED,PN-337126,00F11AED,P16,,PROCESS,94474092,00F11AEDT-20180417195204,U4,1,E9,483,483,-0.29,-12.54,127,GOOD,GOOD,128.4789,158.1476,103.1746,0,0.9055,4/17/2018 23:54
9526,1020,FP9,TOP,4009189383,4/17/2018 20:27,1523996100,TWB_SM3,TWB_PCBA_SM3_TOP_FP,TWB_PCBA_TOP_FP9,1020,TWB_SM3,TWB_PCBA_PASTE_INSPECTION_TOP,PN-337126,00F11AED,00F11AED,PN-337126,00F11AED,P16,,PROCESS,94474092,00F11AEDT-20180417195204,U4,1,D4,483,483,-4.2,-3.51,127,GOOD,GOOD,115.8091,155.9639,94.3023,0,0.9055,4/17/2018 23:54
9536,1020,FP9,TOP,4009189383,4/17/2018 20:27,1523996100,TWB_SM3,TWB_PCBA_SM3_TOP_FP,TWB_PCBA_TOP_FP9,1020,TWB_SM3,TWB_PCBA_PASTE_INSPECTION_TOP,PN-337126,00F11AED,00F11AED,PN-337126,00F11AED,P16,,PROCESS,94474092,00F11AEDT-20180417195204,U4,1,E2,483,483,-3.4,-0.71,127,GOOD,GOOD,119.8276,160.6641,94.71996,0,0.9055,4/17/2018 23:54
9542,1020,FP9,TOP,4009189383,4/17/2018 20:27,1523996100,TWB_SM3,TWB_PCBA_SM3_TOP_FP,TWB_PCBA_TOP_FP9,1020,TWB_SM3,TWB_PCBA_PASTE_INSPECTION_TOP,PN-337126,00F11AED,00F11AED,PN-337126,00F11AED,P16,,PROCESS,94474092,00F11AEDT-20180417195204,U4,1,A16,483,483,-3.96,-5.04,127,GOOD,GOOD,117.6757,156.8237,95.29689,0,0.9055,4/17/2018 23:54
9676,1020,FP9,TOP,4009189383,4/17/2018 20:27,1523996100,TWB_SM3,TWB_PCBA_SM3_TOP_FP,TWB_PCBA_TOP_FP9,1020,TWB_SM3,TWB_PCBA_PASTE_INSPECTION_TOP,PN-337126,00F11AED,00F11AED,PN-337126,00F11AED,P16,,PROCESS,94474092,00F11AEDT-20180417195204,U4,1,F10,483,483,0.84,-12.82,127,GOOD,GOOD,127.3465,162.9163,99.27189,0,0.9055,4/17/2018 23:54
9677,1020,FP9,TOP,4009189383,4/17/2018 20:27,1523996100,TWB_SM3,TWB_PCBA_SM3_TOP_FP,TWB_PCBA_TOP_FP9,1020,TWB_SM3,TWB_PCBA_PASTE_INSPECTION_TOP,PN-337126,00F11AED,00F11AED,PN-337126,00F11AED,P16,,PROCESS,94474092,00F11AEDT-20180417195204,U4,1,N15,483,483,-5.12,1.63,127,GOOD,GOOD,111.2978,154.6875,91.37663,0,0.9055,4/17/2018 23:54
9971,1020,FP9,TOP,4009189383,4/17/2018 20:27,1523996100,TWB_SM3,TWB_PCBA_SM3_TOP_FP,TWB_PCBA_TOP_FP9,1020,TWB_SM3,TWB_PCBA_PASTE_INSPECTION_TOP,PN-337126,00F11AED,00F11AED,PN-337126,00F11AED,P16,,PROCESS,94474092,00F11AEDT-20180417195204,U4,1,N5,483,483,-9.54,-1.47,127,GOOD,GOOD,122.2684,159.8102,97.16581,0,0.9055,4/17/2018 23:54
10008,1020,FP9,TOP,4009189383,4/17/2018 20:27,1523996100,TWB_SM3,TWB_PCBA_SM3_TOP_FP,TWB_PCBA_TOP_FP9,1020,TWB_SM3,TWB_PCBA_PASTE_INSPECTION_TOP,PN-337126,00F11AED,00F11AED,PN-337126,00F11AED,P16,,PROCESS,94474092,00F11AEDT-20180417195204,U4,1,M14,483,483,-6.25,2.92,127,GOOD,GOOD,113.8322,153.0991,94.427,0,0.9055,4/17/2018 23:54
10027,1020,FP9,TOP,4009189383,4/17/2018 20:27,1523996100,TWB_SM3,TWB_PCBA_SM3_TOP_FP,TWB_PCBA_TOP_FP9,1020,TWB_SM3,TWB_PCBA_PASTE_INSPECTION_TOP,PN-337126,00F11AED,00F11AED,PN-337126,00F11AED,P16,,PROCESS,94474092,00F11AEDT-20180417195204,U4,1,H9,483,483,4.78,-10.3,127,GOOD,GOOD,122.4707,152.4843,102.0025,0,0.9055,4/17/2018 23:54
10059,1020,FP9,TOP,4009189383,4/17/2018 20:27,1523996100,TWB_SM3,TWB_PCBA_SM3_TOP_FP,TWB_PCBA_TOP_FP9,1020,TWB_SM3,TWB_PCBA_PASTE_INSPECTION_TOP,PN-337126,00F11AED,00F11AED,PN-337126,00F11AED,P16,,PROCESS,94474092,00F11AEDT-20180417195204,U4,1,A13,483,483,-5.29,0.03,127,GOOD,GOOD,116.6447,157.2476,94.20733,0,0.9055,4/17/2018 23:54
10159,1020,FP9,TOP,4009189383,4/17/2018 20:27,1523996100,TWB_SM3,TWB_PCBA_SM3_TOP_FP,TWB_PCBA_TOP_FP9,1020,TWB_SM3,TWB_PCBA_PASTE_INSPECTION_TOP,PN-337126,00F11AED,00F11AED,PN-337126,00F11AED,P16,,PROCESS,94474092,00F11AEDT-20180417195204,U4,1,E16,483,483,2.81,-4.38,127,GOOD,GOOD,120.0338,165.4552,92.13548,0,0.9055,4/17/2018 23:54
10334,1020,FP9,TOP,4009189383,4/17/2018 20:27,1523996100,TWB_SM3,TWB_PCBA_SM3_TOP_FP,TWB_PCBA_TOP_FP9,1020,TWB_SM3,TWB_PCBA_PASTE_INSPECTION_TOP,PN-337126,00F11AED,00F11AED,PN-337126,00F11AED,P16,,PROCESS,94474092,00F11AEDT-20180417195204,U4,1,R7,483,483,-4.28,-4.01,127,GOOD,GOOD,123.5789,172.7529,90.84954,0,0.9055,4/17/2018 23:54
10568,1020,FP9,TOP,4009189383,4/17/2018 20:27,1523996100,TWB_SM3,TWB_PCBA_SM3_TOP_FP,TWB_PCBA_TOP_FP9,1020,TWB_SM3,TWB_PCBA_PASTE_INSPECTION_TOP,PN-337126,00F11AED,00F11AED,PN-337126,00F11AED,P16,,PROCESS,94474092,00F11AEDT-20180417195204,U4,1,C1,483,483,-7.23,1.15,127,GOOD,GOOD,121.7764,164.8199,93.83334,0,0.9055,4/17/2018 23:54
10629,1020,FP9,TOP,4009189383,4/17/2018 20:27,1523996100,TWB_SM3,TWB_PCBA_SM3_TOP_FP,TWB_PCBA_TOP_FP9,1020,TWB_SM3,TWB_PCBA_PASTE_INSPECTION_TOP,PN-337126,00F11AED,00F11AED,PN-337126,00F11AED,P16,,PROCESS,94474092,00F11AEDT-20180417195204,U4,1,P3,483,483,-7.74,2.34,127,GOOD,GOOD,121.027,160.3276,95.86891999999999,0,0.9055,4/17/2018 23:54
10692,1020,FP9,TOP,4009189383,4/17/2018 20:27,1523996100,TWB_SM3,TWB_PCBA_SM3_TOP_FP,TWB_PCBA_TOP_FP9,1020,TWB_SM3,TWB_PCBA_PASTE_INSPECTION_TOP,PN-337126,00F11AED,00F11AED,PN-337126,00F11AED,P16,,PROCESS,94474092,00F11AEDT-20180417195204,U4,1,D11,483,483,-1.09,4.66,127,GOOD,GOOD,124.1009,163.8398,96.19643,0,0.9055,4/17/2018 23:54
10693,1020,FP9,TOP,4009189383,4/17/2018 20:27,1523996100,TWB_SM3,TWB_PCBA_SM3_TOP_FP,TWB_PCBA_TOP_FP9,1020,TWB_SM3,TWB_PCBA_PASTE_INSPECTION_TOP,PN-337126,00F11AED,00F11AED,PN-337126,00F11AED,P16,,PROCESS,94474092,00F11AEDT-20180417195204,U4,1,L16,483,483,-7.05,-0.89,127,GOOD,GOOD,116.5535,155.6357,95.10859,0,0.9055,4/17/2018 23:54
10805,1020,FP9,TOP,4009189383,4/17/2018 20:27,1523996100,TWB_SM3,TWB_PCBA_SM3_TOP_FP,TWB_PCBA_TOP_FP9,1020,TWB_SM3,TWB_PCBA_PASTE_INSPECTION_TOP,PN-337126,00F11AED,00F11AED,PN-337126,00F11AED,P16,,PROCESS,94474092,00F11AEDT-20180417195204,U4,1,B3,483,483,-8.03,-2.65,127,GOOD,GOOD,122.484,161.2035,96.49582,0,0.9055,4/17/2018 23:54
10869,1020,FP9,TOP,4009189383,4/17/2018 20:27,1523996100,TWB_SM3,TWB_PCBA_SM3_TOP_FP,TWB_PCBA_TOP_FP9,1020,TWB_SM3,TWB_PCBA_PASTE_INSPECTION_TOP,PN-337126,00F11AED,00F11AED,PN-337126,00F11AED,P16,,PROCESS,94474092,00F11AEDT-20180417195204,U4,1,D9,483,483,-1.99,-11.96,127,GOOD,GOOD,122.8735,162.7794,95.86551999999999,0,0.9055,4/17/2018 23:54
10898,1020,FP9,TOP,4009189383,4/17/2018 20:27,1523996100,TWB_SM3,TWB_PCBA_SM3_TOP_FP,TWB_PCBA_TOP_FP9,1020,TWB_SM3,TWB_PCBA_PASTE_INSPECTION_TOP,PN-337126,00F11AED,00F11AED,PN-337126,00F11AED,P16,,PROCESS,94474092,00F11AEDT-20180417195204,U4,1,C11,483,483,-2.78,4.24,127,GOOD,GOOD,124.2524,164.1633,96.12416,0,0.9055,4/17/2018 23:54
10899,1020,FP9,TOP,4009189383,4/17/2018 20:27,1523996100,TWB_SM3,TWB_PCBA_SM3_TOP_FP,TWB_PCBA_TOP_FP9,1020,TWB_SM3,TWB_PCBA_PASTE_INSPECTION_TOP,PN-337126,00F11AED,00F11AED,PN-337126,00F11AED,P16,,PROCESS,94474092,00F11AEDT-20180417195204,U4,1,K16,483,483,-8.74,-2.3,127,GOOD,GOOD,112.3936,154.7819,92.21999,0,0.9055,4/17/2018 23:54
11433,1020,FP9,TOP,4009189383,4/17/2018 20:27,1523996100,TWB_SM3,TWB_PCBA_SM3_TOP_FP,TWB_PCBA_TOP_FP9,1020,TWB_SM3,TWB_PCBA_PASTE_INSPECTION_TOP,PN-337126,00F11AED,00F11AED,PN-337126,00F11AED,P16,,PROCESS,94474092,00F11AEDT-20180417195204,U4,1,H12,483,483,6.11,4.63,127,GOOD,GOOD,115.3264,158.7311,92.27211,0,0.9055,4/17/2018 23:54
11448,1020,FP9,TOP,4009189383,4/17/2018 20:27,1523996100,TWB_SM3,TWB_PCBA_SM3_TOP_FP,TWB_PCBA_TOP_FP9,1020,TWB_SM3,TWB_PCBA_PASTE_INSPECTION_TOP,PN-337126,00F11AED,00F11AED,PN-337126,00F11AED,P16,,PROCESS,94474092,00F11AEDT-20180417195204,U4,1,A2,483,483,-10.16,-1.37,127,GOOD,GOOD,119.8067,160.5431,94.77486,0,0.9055,4/17/2018 23:54
11449,1020,FP9,TOP,4009189383,4/17/2018 20:27,1523996100,TWB_SM3,TWB_PCBA_SM3_TOP_FP,TWB_PCBA_TOP_FP9,1020,TWB_SM3,TWB_PCBA_PASTE_INSPECTION_TOP,PN-337126,00F11AED,00F11AED,PN-337126,00F11AED,P16,,PROCESS,94474092,00F11AEDT-20180417195204,U4,1,T11,483,483,-0.81,-10.35,127,GOOD,GOOD,116.4648,158.9202,93.07207,0,0.9055,4/17/2018 23:54
11615,1020,FP9,TOP,4009189383,4/17/2018 20:27,1523996100,TWB_SM3,TWB_PCBA_SM3_TOP_FP,TWB_PCBA_TOP_FP9,1020,TWB_SM3,TWB_PCBA_PASTE_INSPECTION_TOP,PN-337126,00F11AED,00F11AED,PN-337126,00F11AED,P16,,PROCESS,94474092,00F11AEDT-20180417195204,U4,1,P12,483,483,-3.74,7.13,127,GOOD,GOOD,117.4614,159.3118,93.63779,0,0.9055,4/17/2018 23:54
11661,1020,FP9,TOP,4009189383,4/17/2018 20:27,1523996100,TWB_SM3,TWB_PCBA_SM3_TOP_FP,TWB_PCBA_TOP_FP9,1020,TWB_SM3,TWB_PCBA_PASTE_INSPECTION_TOP,PN-337126,00F11AED,00F11AED,PN-337126,00F11AED,P16,,PROCESS,94474092,00F11AEDT-20180417195204,U4,1,F16,483,483,4.5,-2.96,127,GOOD,GOOD,118.1159,153.8846,97.48031,0,0.9055,4/17/2018 23:54
11744,1020,FP9,TOP,4009189383,4/17/2018 20:27,1523996100,TWB_SM3,TWB_PCBA_SM3_TOP_FP,TWB_PCBA_TOP_FP9,1020,TWB_SM3,TWB_PCBA_PASTE_INSPECTION_TOP,PN-337126,00F11AED,00F11AED,PN-337126,00F11AED,P16,,PROCESS,94474092,00F11AEDT-20180417195204,U4,1,H7,483,483,3.88,-6.92,127,GOOD,GOOD,127.6472,159.4778,101.6517,0,0.9055,4/17/2018 23:54
11803,1020,FP9,TOP,4009189383,4/17/2018 20:27,1523996100,TWB_SM3,TWB_PCBA_SM3_TOP_FP,TWB_PCBA_TOP_FP9,1020,TWB_SM3,TWB_PCBA_PASTE_INSPECTION_TOP,PN-337126,00F11AED,00F11AED,PN-337126,00F11AED,P16,,PROCESS,94474092,00F11AEDT-20180417195204,U4,1,N7,483,483,-7.66,-4.85,127,GOOD,GOOD,122.9351,160.6942,97.15821,0,0.9055,4/17/2018 23:54
11928,1020,FP9,TOP,4009189383,4/17/2018 20:27,1523996100,TWB_SM3,TWB_PCBA_SM3_TOP_FP,TWB_PCBA_TOP_FP9,1020,TWB_SM3,TWB_PCBA_PASTE_INSPECTION_TOP,PN-337126,00F11AED,00F11AED,PN-337126,00F11AED,P16,,PROCESS,94474092,00F11AEDT-20180417195204,U4,1,K13,483,483,9.92,2.77,127,GOOD,GOOD,120.1761,166.8811,91.45652,0,0.9055,4/17/2018 23:54
12017,1020,FP9,TOP,4009189383,4/17/2018 20:27,1523996100,TWB_SM3,TWB_PCBA_SM3_TOP_FP,TWB_PCBA_TOP_FP9,1020,TWB_SM3,TWB_PCBA_PASTE_INSPECTION_TOP,PN-337126,00F11AED,00F11AED,PN-337126,00F11AED,P16,,PROCESS,94474092,00F11AEDT-20180417195204,U4,1,A12,483,483,-5.72,1.72,127,GOOD,GOOD,115.6585,153.4125,95.74595,0,0.9055,4/17/2018 23:54
12309,1020,FP9,TOP,4009189383,4/17/2018 20:27,1523996100,TWB_SM3,TWB_PCBA_SM3_TOP_FP,TWB_PCBA_TOP_FP9,1020,TWB_SM3,TWB_PCBA_PASTE_INSPECTION_TOP,PN-337126,00F11AED,00F11AED,PN-337126,00F11AED,P16,,PROCESS,94474092,00F11AEDT-20180417195204,U4,1,P8,483,483,-5.53,-6.11,127,GOOD,GOOD,116.7846,171.1398,86.66391,0,0.9055,4/17/2018 23:54
12318,1020,FP9,TOP,4009189383,4/17/2018 20:27,1523996100,TWB_SM3,TWB_PCBA_SM3_TOP_FP,TWB_PCBA_TOP_FP9,1020,TWB_SM3,TWB_PCBA_PASTE_INSPECTION_TOP,PN-337126,00F11AED,00F11AED,PN-337126,00F11AED,P16,,PROCESS,94474092,00F11AEDT-20180417195204,U4,1,A14,483,483,-4.85,-1.66,127,GOOD,GOOD,120.7489,159.6247,96.06978000000001,0,0.9055,4/17/2018 23:54
12357,1020,FP9,TOP,4009189383,4/17/2018 20:27,1523996100,TWB_SM3,TWB_PCBA_SM3_TOP_FP,TWB_PCBA_TOP_FP9,1020,TWB_SM3,TWB_PCBA_PASTE_INSPECTION_TOP,PN-337126,00F11AED,00F11AED,PN-337126,00F11AED,P16,,PROCESS,94474092,00F11AEDT-20180417195204,U4,1,L9,483,483,9.85,-9.06,127,GOOD,GOOD,122.2379,155.9363,99.55484,0,0.9055,4/17/2018 23:54
12429,1020,FP9,TOP,4009189383,4/17/2018 20:27,1523996100,TWB_SM3,TWB_PCBA_SM3_TOP_FP,TWB_PCBA_TOP_FP9,1020,TWB_SM3,TWB_PCBA_PASTE_INSPECTION_TOP,PN-337126,00F11AED,00F11AED,PN-337126,00F11AED,P16,,PROCESS,94474092,00F11AEDT-20180417195204,U4,1,T6,483,483,-3.04,-1.89,127,GOOD,GOOD,116.1856,154.6592,95.40701,0,0.9055,4/17/2018 23:54
12494,1020,FP9,TOP,4009189383,4/17/2018 20:27,1523996100,TWB_SM3,TWB_PCBA_SM3_TOP_FP,TWB_PCBA_TOP_FP9,1020,TWB_SM3,TWB_PCBA_PASTE_INSPECTION_TOP,PN-337126,00F11AED,00F11AED,PN-337126,00F11AED,P16,,PROCESS,94474092,00F11AEDT-20180417195204,U4,1,N2,483,483,-9.87,3.61,127,GOOD,GOOD,114.7676,160.8464,90.6174,0,0.9055,4/17/2018 23:54
12567,1020,FP9,TOP,4009189383,4/17/2018 20:27,1523996100,TWB_SM3,TWB_PCBA_SM3_TOP_FP,TWB_PCBA_TOP_FP9,1020,TWB_SM3,TWB_PCBA_PASTE_INSPECTION_TOP,PN-337126,00F11AED,00F11AED,PN-337126,00F11AED,P16,,PROCESS,94474092,00F11AEDT-20180417195204,U4,1,G9,483,483,3.08,-9.7,127,GOOD,GOOD,122.8004,161.1398,96.78329000000001,0,0.9055,4/17/2018 23:54
12670,1020,FP9,TOP,4009189383,4/17/2018 20:27,1523996100,TWB_SM3,TWB_PCBA_SM3_TOP_FP,TWB_PCBA_TOP_FP9,1020,TWB_SM3,TWB_PCBA_PASTE_INSPECTION_TOP,PN-337126,00F11AED,00F11AED,PN-337126,00F11AED,P16,,PROCESS,94474092,00F11AEDT-20180417195204,U4,1,K1,483,483,4.61,3.06,127,GOOD,GOOD,111.167,155.3161,90.89988000000001,0,0.9055,4/17/2018 23:54
12810,1020,FP9,TOP,4009189383,4/17/2018 20:27,1523996100,TWB_SM3,TWB_PCBA_SM3_TOP_FP,TWB_PCBA_TOP_FP9,1020,TWB_SM3,TWB_PCBA_PASTE_INSPECTION_TOP,PN-337126,00F11AED,00F11AED,PN-337126,00F11AED,P16,,PROCESS,94474092,00F11AEDT-20180417195204,U4,1,C12,483,483,-2.34,2.55,127,GOOD,GOOD,122.6104,166.6834,93.41972,0,0.9055,4/17/2018 23:54
12826,1020,FP9,TOP,4009189383,4/17/2018 20:27,1523996100,TWB_SM3,TWB_PCBA_SM3_TOP_FP,TWB_PCBA_TOP_FP9,1020,TWB_SM3,TWB_PCBA_PASTE_INSPECTION_TOP,PN-337126,00F11AED,00F11AED,PN-337126,00F11AED,P16,,PROCESS,94474092,00F11AEDT-20180417195204,U4,1,G11,483,483,3.98,6.92,127,GOOD,GOOD,123.0674,169.9209,91.98136,0,0.9055,4/17/2018 23:54
12893,1020,FP9,TOP,4009189383,4/17/2018 20:27,1523996100,TWB_SM3,TWB_PCBA_SM3_TOP_FP,TWB_PCBA_TOP_FP9,1020,TWB_SM3,TWB_PCBA_PASTE_INSPECTION_TOP,PN-337126,00F11AED,00F11AED,PN-337126,00F11AED,P16,,PROCESS,94474092,00F11AEDT-20180417195204,U4,1,A9,483,483,-7.06,-13.21,127,GOOD,GOOD,116.4677,154.1711,95.94144,0,0.9055,4/17/2018 23:54
12894,1020,FP9,TOP,4009189383,4/17/2018 20:27,1523996100,TWB_SM3,TWB_PCBA_SM3_TOP_FP,TWB_PCBA_TOP_FP9,1020,TWB_SM3,TWB_PCBA_PASTE_INSPECTION_TOP,PN-337126,00F11AED,00F11AED,PN-337126,00F11AED,P16,,PROCESS,94474092,00F11AEDT-20180417195204,U4,1,L13,483,483,-8.39,4.18,127,GOOD,GOOD,117.4849,163.0112,91.53103,0,0.9055,4/17/2018 23:54
13039,1020,FP9,TOP,4009189383,4/17/2018 20:27,1523996100,TWB_SM3,TWB_PCBA_SM3_TOP_FP,TWB_PCBA_TOP_FP9,1020,TWB_SM3,TWB_PCBA_PASTE_INSPECTION_TOP,PN-337126,00F11AED,00F11AED,PN-337126,00F11AED,P16,,PROCESS,94474092,00F11AEDT-20180417195204,U4,1,L14,483,483,-7.94,2.49,127,GOOD,GOOD,117.9863,161.5557,92.74982,0,0.9055,4/17/2018 23:54
13060,1020,FP9,TOP,4009189383,4/17/2018 20:27,1523996100,TWB_SM3,TWB_PCBA_SM3_TOP_FP,TWB_PCBA_TOP_FP9,1020,TWB_SM3,TWB_PCBA_PASTE_INSPECTION_TOP,PN-337126,00F11AED,00F11AED,PN-337126,00F11AED,P16,,PROCESS,94474092,00F11AEDT-20180417195204,U4,1,F7,483,483,0.5,-7.75,127,GOOD,GOOD,122.4499,161.0062,96.58721,0,0.9055,4/17/2018 23:54
13069,1020,FP9,TOP,4009189383,4/17/2018 20:27,1523996100,TWB_SM3,TWB_PCBA_SM3_TOP_FP,TWB_PCBA_TOP_FP9,1020,TWB_SM3,TWB_PCBA_PASTE_INSPECTION_TOP,PN-337126,00F11AED,00F11AED,PN-337126,00F11AED,P16,,PROCESS,94474092,00F11AEDT-20180417195204,U4,1,M13,483,483,-6.7,4.61,127,GOOD,GOOD,119.7824,161.3338,94.29128,0,0.9055,4/17/2018 23:54
13151,1020,FP9,TOP,4009189383,4/17/2018 20:27,1523996100,TWB_SM3,TWB_PCBA_SM3_TOP_FP,TWB_PCBA_TOP_FP9,1020,TWB_SM3,TWB_PCBA_PASTE_INSPECTION_TOP,PN-337126,00F11AED,00F11AED,PN-337126,00F11AED,P16,,PROCESS,94474092,00F11AEDT-20180417195204,U4,1,P14,483,483,-2.87,3.75,127,GOOD,GOOD,119.295,162.1142,93.45554,0,0.9055,4/17/2018 23:54
13439,1020,FP9,TOP,4009189383,4/17/2018 20:27,1523996100,TWB_SM3,TWB_PCBA_SM3_TOP_FP,TWB_PCBA_TOP_FP9,1020,TWB_SM3,TWB_PCBA_PASTE_INSPECTION_TOP,PN-337126,00F11AED,00F11AED,PN-337126,00F11AED,P16,,PROCESS,94474092,00F11AEDT-20180417195204,U4,1,M10,483,483,-9.01,-10.32,127,GOOD,GOOD,122.8767,159.4093,97.89480999999999,0,0.9055,4/17/2018 23:54
13471,1020,FP9,TOP,4009189383,4/17/2018 20:27,1523996100,TWB_SM3,TWB_PCBA_SM3_TOP_FP,TWB_PCBA_TOP_FP9,1020,TWB_SM3,TWB_PCBA_PASTE_INSPECTION_TOP,PN-337126,00F11AED,00F11AED,PN-337126,00F11AED,P16,,PROCESS,94474092,00F11AEDT-20180417195204,U4,1,R6,483,483,-4.73,-2.32,127,GOOD,GOOD,116.5192,155.0935,95.41299000000001,0,0.9055,4/17/2018 23:54
13746,1020,FP9,TOP,4009189383,4/17/2018 20:27,1523996100,TWB_SM3,TWB_PCBA_SM3_TOP_FP,TWB_PCBA_TOP_FP9,1020,TWB_SM3,TWB_PCBA_PASTE_INSPECTION_TOP,PN-337126,00F11AED,00F11AED,PN-337126,00F11AED,P16,,PROCESS,94474092,00F11AEDT-20180417195204,U4,1,D2,483,483,-5.09,-0.12,127,GOOD,GOOD,123.6307,169.11900000000003,92.84052,0,0.9055,4/17/2018 23:54
13938,1020,FP9,TOP,4009189383,4/17/2018 20:27,1523996100,TWB_SM3,TWB_PCBA_SM3_TOP_FP,TWB_PCBA_TOP_FP9,1020,TWB_SM3,TWB_PCBA_PASTE_INSPECTION_TOP,PN-337126,00F11AED,00F11AED,PN-337126,00F11AED,P16,,PROCESS,94474092,00F11AEDT-20180417195204,U4,1,D5,483,483,-4.75,-5.2,127,GOOD,GOOD,118.7782,157.6842,95.66484,0,0.9055,4/17/2018 23:54
13964,1020,FP9,TOP,4009189383,4/17/2018 20:27,1523996100,TWB_SM3,TWB_PCBA_SM3_TOP_FP,TWB_PCBA_TOP_FP9,1020,TWB_SM3,TWB_PCBA_PASTE_INSPECTION_TOP,PN-337126,00F11AED,00F11AED,PN-337126,00F11AED,P16,,PROCESS,94474092,00F11AEDT-20180417195204,U4,1,D8,483,483,-2.43,-10.27,127,GOOD,GOOD,123.7655,159.3207,98.65776,0,0.9055,4/17/2018 23:54
14051,1020,FP9,TOP,4009189383,4/17/2018 20:27,1523996100,TWB_SM3,TWB_PCBA_SM3_TOP_FP,TWB_PCBA_TOP_FP9,1020,TWB_SM3,TWB_PCBA_PASTE_INSPECTION_TOP,PN-337126,00F11AED,00F11AED,PN-337126,00F11AED,P16,,PROCESS,94474092,00F11AEDT-20180417195204,U4,1,G12,483,483,4.42,5.23,127,GOOD,GOOD,117.7318,152.7035,97.91484,0,0.9055,4/17/2018 23:54
14656,1020,FP9,TOP,4009189383,4/17/2018 20:27,1523996100,TWB_SM3,TWB_PCBA_SM3_TOP_FP,TWB_PCBA_TOP_FP9,1020,TWB_SM3,TWB_PCBA_PASTE_INSPECTION_TOP,PN-337126,00F11AED,00F11AED,PN-337126,00F11AED,P16,,PROCESS,94474092,00F11AEDT-20180417195204,U4,1,H15,483,483,6.43,-0.44,127,GOOD,GOOD,123.42399999999999,163.2318,96.02816,0,0.9055,4/17/2018 23:54
15021,1020,FP9,TOP,4009189383,4/17/2018 20:27,1523996100,TWB_SM3,TWB_PCBA_SM3_TOP_FP,TWB_PCBA_TOP_FP9,1020,TWB_SM3,TWB_PCBA_PASTE_INSPECTION_TOP,PN-337126,00F11AED,00F11AED,PN-337126,00F11AED,P16,,PROCESS,94474092,00F11AEDT-20180417195204,U4,1,C13,483,483,-1.91,0.86,127,GOOD,GOOD,125.8159,163.9803,97.44228000000001,0,0.9055,4/17/2018 23:54
15412,1020,FP9,TOP,4009189383,4/17/2018 20:27,1523996100,TWB_SM3,TWB_PCBA_SM3_TOP_FP,TWB_PCBA_TOP_FP9,1020,TWB_SM3,TWB_PCBA_PASTE_INSPECTION_TOP,PN-337126,00F11AED,00F11AED,PN-337126,00F11AED,P16,,PROCESS,94474092,00F11AEDT-20180417195204,U4,1,B11,483,483,-4.48,3.83,127,GOOD,GOOD,123.3438,164.0352,95.49575,0,0.9055,4/17/2018 23:54
15413,1020,FP9,TOP,4009189383,4/17/2018 20:27,1523996100,TWB_SM3,TWB_PCBA_SM3_TOP_FP,TWB_PCBA_TOP_FP9,1020,TWB_SM3,TWB_PCBA_PASTE_INSPECTION_TOP,PN-337126,00F11AED,00F11AED,PN-337126,00F11AED,P16,,PROCESS,94474092,00F11AEDT-20180417195204,U4,1,J16,483,483,9.57,-1.72,127,GOOD,GOOD,111.8117,154.6383,91.82771,0,0.9055,4/17/2018 23:54
15414,1020,FP9,TOP,4009189383,4/17/2018 20:27,1523996100,TWB_SM3,TWB_PCBA_SM3_TOP_FP,TWB_PCBA_TOP_FP9,1020,TWB_SM3,TWB_PCBA_PASTE_INSPECTION_TOP,PN-337126,00F11AED,00F11AED,PN-337126,00F11AED,P16,,PROCESS,94474092,00F11AEDT-20180417195204,U4,1,J9,483,483,6.47,-9.89,127,GOOD,GOOD,127.6653,160.0885,101.2784,0,0.9055,4/17/2018 23:54
15614,1020,FP9,TOP,4009189383,4/17/2018 20:27,1523996100,TWB_SM3,TWB_PCBA_SM3_TOP_FP,TWB_PCBA_TOP_FP9,1020,TWB_SM3,TWB_PCBA_PASTE_INSPECTION_TOP,PN-337126,00F11AED,00F11AED,PN-337126,00F11AED,P16,,PROCESS,94474092,00F11AEDT-20180417195204,U4,1,C9,483,483,-3.68,-12.38,127,GOOD,GOOD,122.71600000000001,160.4018,97.16181,0,0.9055,4/17/2018 23:54
15985,1020,FP9,TOP,4009189383,4/17/2018 20:27,1523996100,TWB_SM3,TWB_PCBA_SM3_TOP_FP,TWB_PCBA_TOP_FP9,1020,TWB_SM3,TWB_PCBA_PASTE_INSPECTION_TOP,PN-337126,00F11AED,00F11AED,PN-337126,00F11AED,P16,,PROCESS,94474092,00F11AEDT-20180417195204,U4,1,K9,483,483,8.16,-10.47,127,GOOD,GOOD,133.0239,159.1253,106.1682,0,0.9055,4/17/2018 23:54
17321,1020,FP9,TOP,4009189383,4/17/2018 20:27,1523996100,TWB_SM3,TWB_PCBA_SM3_TOP_FP,TWB_PCBA_TOP_FP9,1020,TWB_SM3,TWB_PCBA_PASTE_INSPECTION_TOP,PN-337126,00F11AED,00F11AED,PN-337126,00F11AED,P16,,PROCESS,94474092,00F11AEDT-20180417195204,U4,1,T8,483,483,-2.14,-5.28,127,GOOD,GOOD,113.4779,152.7075,94.3745,0,0.9055,4/17/2018 23:54
17590,1020,FP9,TOP,4009189383,4/17/2018 20:27,1523996100,TWB_SM3,TWB_PCBA_SM3_TOP_FP,TWB_PCBA_TOP_FP9,1020,TWB_SM3,TWB_PCBA_PASTE_INSPECTION_TOP,PN-337126,00F11AED,00F11AED,PN-337126,00F11AED,P16,,PROCESS,94474092,00F11AEDT-20180417195204,U4,1,E14,483,483,1.92,-0.99,127,GOOD,GOOD,124.2983,166.4253,94.85271,0,0.9055,4/17/2018 23:54
17815,1020,FP9,TOP,4009189383,4/17/2018 20:27,1523996100,TWB_SM3,TWB_PCBA_SM3_TOP_FP,TWB_PCBA_TOP_FP9,1020,TWB_SM3,TWB_PCBA_PASTE_INSPECTION_TOP,PN-337126,00F11AED,00F11AED,PN-337126,00F11AED,P16,,PROCESS,94474092,00F11AEDT-20180417195204,U4,1,P7,483,483,-5.97,-4.42,127,GOOD,GOOD,125.6453,168.9984,94.42071,0,0.9055,4/17/2018 23:54
18131,1020,FP9,TOP,4009189383,4/17/2018 20:27,1523996100,TWB_SM3,TWB_PCBA_SM3_TOP_FP,TWB_PCBA_TOP_FP9,1020,TWB_SM3,TWB_PCBA_PASTE_INSPECTION_TOP,PN-337126,00F11AED,00F11AED,PN-337126,00F11AED,P16,,PROCESS,94474092,00F11AEDT-20180417195204,U4,1,P10,483,483,-5.63,-9.49,127,GOOD,GOOD,114.9207,160.3435,91.02284,0,0.9055,4/17/2018 23:54
18134,1020,FP9,TOP,4009189383,4/17/2018 20:27,1523996100,TWB_SM3,TWB_PCBA_SM3_TOP_FP,TWB_PCBA_TOP_FP9,1020,TWB_SM3,TWB_PCBA_PASTE_INSPECTION_TOP,PN-337126,00F11AED,00F11AED,PN-337126,00F11AED,P16,,PROCESS,94474092,00F11AEDT-20180417195204,U4,1,E1,483,483,-3.84,0.98,127,GOOD,GOOD,116.2409,158.3061,93.25350999999999,0,0.9055,4/17/2018 23:54
18209,1020,FP9,TOP,4009189383,4/17/2018 20:27,1523996100,TWB_SM3,TWB_PCBA_SM3_TOP_FP,TWB_PCBA_TOP_FP9,1020,TWB_SM3,TWB_PCBA_PASTE_INSPECTION_TOP,PN-337126,00F11AED,00F11AED,PN-337126,00F11AED,P16,,PROCESS,94474092,00F11AEDT-20180417195204,U4,1,C3,483,483,-6.34,-2.23,127,GOOD,GOOD,124.2235,155.9208,101.182,0,0.9055,4/17/2018 23:54
18267,1020,FP9,TOP,4009189383,4/17/2018 20:27,1523996100,TWB_SM3,TWB_PCBA_SM3_TOP_FP,TWB_PCBA_TOP_FP9,1020,TWB_SM3,TWB_PCBA_PASTE_INSPECTION_TOP,PN-337126,00F11AED,00F11AED,PN-337126,00F11AED,P16,,PROCESS,94474092,00F11AEDT-20180417195204,U4,1,N12,483,483,-5.43,6.7,127,GOOD,GOOD,121.0621,165.2935,93.01569,0,0.9055,4/17/2018 23:54
18578,1020,FP9,TOP,4009189383,4/17/2018 20:27,1523996100,TWB_SM3,TWB_PCBA_SM3_TOP_FP,TWB_PCBA_TOP_FP9,1020,TWB_SM3,TWB_PCBA_PASTE_INSPECTION_TOP,PN-337126,00F11AED,00F11AED,PN-337126,00F11AED,P16,,PROCESS,94474092,00F11AEDT-20180417195204,U4,1,B2,483,483,-8.47,-0.96,127,GOOD,GOOD,118.8639,152.9268,98.71206,0,0.9055,4/17/2018 23:54
19056,1020,FP9,TOP,4009189383,4/17/2018 20:27,1523996100,TWB_SM3,TWB_PCBA_SM3_TOP_FP,TWB_PCBA_TOP_FP9,1020,TWB_SM3,TWB_PCBA_PASTE_INSPECTION_TOP,PN-337126,00F11AED,00F11AED,PN-337126,00F11AED,P16,,PROCESS,94474092,00F11AEDT-20180417195204,U4,1,A3,483,483,-9.72,-3.06,127,GOOD,GOOD,117.9202,159.4798,93.90444000000001,0,0.9055,4/17/2018 23:54
19057,1020,FP9,TOP,4009189383,4/17/2018 20:27,1523996100,TWB_SM3,TWB_PCBA_SM3_TOP_FP,TWB_PCBA_TOP_FP9,1020,TWB_SM3,TWB_PCBA_PASTE_INSPECTION_TOP,PN-337126,00F11AED,00F11AED,PN-337126,00F11AED,P16,,PROCESS,94474092,00F11AEDT-20180417195204,U4,1,T12,483,483,-0.36,7.96,127,GOOD,GOOD,113.0546,150.3286,95.51035999999999,0,0.9055,4/17/2018 23:54
19064,1020,FP9,TOP,4009189383,4/17/2018 20:27,1523996100,TWB_SM3,TWB_PCBA_SM3_TOP_FP,TWB_PCBA_TOP_FP9,1020,TWB_SM3,TWB_PCBA_PASTE_INSPECTION_TOP,PN-337126,00F11AED,00F11AED,PN-337126,00F11AED,P16,,PROCESS,94474092,00F11AEDT-20180417195204,U4,1,M2,483,483,0.98,3.2,127,GOOD,GOOD,119.3312,158.2809,95.7479,0,0.9055,4/17/2018 23:54
19258,1020,FP9,TOP,4009189383,4/17/2018 20:27,1523996100,TWB_SM3,TWB_PCBA_SM3_TOP_FP,TWB_PCBA_TOP_FP9,1020,TWB_SM3,TWB_PCBA_PASTE_INSPECTION_TOP,PN-337126,00F11AED,00F11AED,PN-337126,00F11AED,P16,,PROCESS,94474092,00F11AEDT-20180417195204,U4,1,H5,483,483,2.01,-3.54,127,GOOD,GOOD,114.0704,149.6951,96.7763,0,0.9055,4/17/2018 23:54
19933,1020,FP9,TOP,4009189383,4/17/2018 20:27,1523996100,TWB_SM3,TWB_PCBA_SM3_TOP_FP,TWB_PCBA_TOP_FP9,1020,TWB_SM3,TWB_PCBA_PASTE_INSPECTION_TOP,PN-337126,00F11AED,00F11AED,PN-337126,00F11AED,P16,,PROCESS,94474092,00F11AEDT-20180417195204,U4,1,B16,483,483,-2.27,-4.63,127,GOOD,GOOD,116.7448,161.0163,92.0813,0,0.9055,4/17/2018 23:54
19973,1020,FP9,TOP,4009189383,4/17/2018 20:27,1523996100,TWB_SM3,TWB_PCBA_SM3_TOP_FP,TWB_PCBA_TOP_FP9,1020,TWB_SM3,TWB_PCBA_PASTE_INSPECTION_TOP,PN-337126,00F11AED,00F11AED,PN-337126,00F11AED,P16,,PROCESS,94474092,00F11AEDT-20180417195204,U4,1,G2,483,483,-0.02,2.13,127,GOOD,GOOD,117.1947,160.4988,92.73418000000001,0,0.9055,4/17/2018 23:54
20084,1020,FP9,TOP,4009189383,4/17/2018 20:27,1523996100,TWB_SM3,TWB_PCBA_SM3_TOP_FP,TWB_PCBA_TOP_FP9,1020,TWB_SM3,TWB_PCBA_PASTE_INSPECTION_TOP,PN-337126,00F11AED,00F11AED,PN-337126,00F11AED,P16,,PROCESS,94474092,00F11AEDT-20180417195204,U4,1,C7,483,483,-4.57,-9.0,127,GOOD,GOOD,120.4259,166.6985,91.74700000000001,0,0.9055,4/17/2018 23:54
20186,1020,FP9,TOP,4009189383,4/17/2018 20:27,1523996100,TWB_SM3,TWB_PCBA_SM3_TOP_FP,TWB_PCBA_TOP_FP9,1020,TWB_SM3,TWB_PCBA_PASTE_INSPECTION_TOP,PN-337126,00F11AED,00F11AED,PN-337126,00F11AED,P16,,PROCESS,94474092,00F11AEDT-20180417195204,U4,1,B7,483,483,-6.26,-9.41,127,GOOD,GOOD,123.6752,163.5046,96.06304,0,0.9055,4/17/2018 23:54
20323,1020,FP9,TOP,4009189383,4/17/2018 20:27,1523996100,TWB_SM3,TWB_PCBA_SM3_TOP_FP,TWB_PCBA_TOP_FP9,1020,TWB_SM3,TWB_PCBA_PASTE_INSPECTION_TOP,PN-337126,00F11AED,00F11AED,PN-337126,00F11AED,P16,,PROCESS,94474092,00F11AEDT-20180417195204,U4,1,P5,483,483,-7.85,-1.04,127,GOOD,GOOD,116.7157,165.6225,89.49803,0,0.9055,4/17/2018 23:54
20479,1020,FP9,TOP,4009189383,4/17/2018 20:27,1523996100,TWB_SM3,TWB_PCBA_SM3_TOP_FP,TWB_PCBA_TOP_FP9,1020,TWB_SM3,TWB_PCBA_PASTE_INSPECTION_TOP,PN-337126,00F11AED,00F11AED,PN-337126,00F11AED,P16,,PROCESS,94474092,00F11AEDT-20180417195204,U4,1,R5,483,483,-6.16,-0.63,127,GOOD,GOOD,122.0045,164.9928,93.91055,0,0.9055,4/17/2018 23:54
20542,1020,FP9,TOP,4009189383,4/17/2018 20:27,1523996100,TWB_SM3,TWB_PCBA_SM3_TOP_FP,TWB_PCBA_TOP_FP9,1020,TWB_SM3,TWB_PCBA_PASTE_INSPECTION_TOP,PN-337126,00F11AED,00F11AED,PN-337126,00F11AED,P16,,PROCESS,94474092,00F11AEDT-20180417195204,U4,1,C6,483,483,-5.02,-7.3,127,GOOD,GOOD,123.2454,161.6603,96.82133,0,0.9055,4/17/2018 23:54
20804,1020,FP9,TOP,4009189383,4/17/2018 20:27,1523996100,TWB_SM3,TWB_PCBA_SM3_TOP_FP,TWB_PCBA_TOP_FP9,1020,TWB_SM3,TWB_PCBA_PASTE_INSPECTION_TOP,PN-337126,00F11AED,00F11AED,PN-337126,00F11AED,P16,,PROCESS,94474092,00F11AEDT-20180417195204,U4,1,L5,483,483,7.08,-2.3,127,GOOD,GOOD,113.976,153.3971,94.36265,0,0.9055,4/17/2018 23:54
21050,1020,FP9,TOP,4009189383,4/17/2018 20:27,1523996100,TWB_SM3,TWB_PCBA_SM3_TOP_FP,TWB_PCBA_TOP_FP9,1020,TWB_SM3,TWB_PCBA_PASTE_INSPECTION_TOP,PN-337126,00F11AED,00F11AED,PN-337126,00F11AED,P16,,PROCESS,94474092,00F11AEDT-20180417195204,U4,1,N9,483,483,-6.77,-8.23,127,GOOD,GOOD,119.4724,164.5652,92.20049,0,0.9055,4/17/2018 23:54
21197,1020,FP9,TOP,4009189383,4/17/2018 20:27,1523996100,TWB_SM3,TWB_PCBA_SM3_TOP_FP,TWB_PCBA_TOP_FP9,1020,TWB_SM3,TWB_PCBA_PASTE_INSPECTION_TOP,PN-337126,00F11AED,00F11AED,PN-337126,00F11AED,P16,,PROCESS,94474092,00F11AEDT-20180417195204,U4,1,R8,483,483,-3.84,-5.7,127,GOOD,GOOD,123.8118,158.1478,99.42657,0,0.9055,4/17/2018 23:54
21513,1020,FP9,TOP,4009189383,4/17/2018 20:27,1523996100,TWB_SM3,TWB_PCBA_SM3_TOP_FP,TWB_PCBA_TOP_FP9,1020,TWB_SM3,TWB_PCBA_PASTE_INSPECTION_TOP,PN-337126,00F11AED,00F11AED,PN-337126,00F11AED,P16,,PROCESS,94474092,00F11AEDT-20180417195204,U4,1,T9,483,483,-1.7,-6.97,127,GOOD,GOOD,116.1019,155.1131,95.05927,0,0.9055,4/17/2018 23:54
21557,1020,FP9,TOP,4009189383,4/17/2018 20:27,1523996100,TWB_SM3,TWB_PCBA_SM3_TOP_FP,TWB_PCBA_TOP_FP9,1020,TWB_SM3,TWB_PCBA_PASTE_INSPECTION_TOP,PN-337126,00F11AED,00F11AED,PN-337126,00F11AED,P16,,PROCESS,94474092,00F11AEDT-20180417195204,U4,1,R11,483,483,-2.5,-10.78,127,GOOD,GOOD,118.9294,156.0372,96.79768,0,0.9055,4/17/2018 23:54
21640,1020,FP9,TOP,4009189383,4/17/2018 20:27,1523996100,TWB_SM3,TWB_PCBA_SM3_TOP_FP,TWB_PCBA_TOP_FP9,1020,TWB_SM3,TWB_PCBA_PASTE_INSPECTION_TOP,PN-337126,00F11AED,00F11AED,PN-337126,00F11AED,P16,,PROCESS,94474092,00F11AEDT-20180417195204,U4,1,M6,483,483,-9.8,-3.56,127,GOOD,GOOD,122.56200000000001,163.3492,95.28896999999999,0,0.9055,4/17/2018 23:54
21750,1020,FP9,TOP,4009189383,4/17/2018 20:27,1523996100,TWB_SM3,TWB_PCBA_SM3_TOP_FP,TWB_PCBA_TOP_FP9,1020,TWB_SM3,TWB_PCBA_PASTE_INSPECTION_TOP,PN-337126,00F11AED,00F11AED,PN-337126,00F11AED,P16,,PROCESS,94474092,00F11AEDT-20180417195204,U4,1,D13,483,483,-0.22,1.28,127,GOOD,GOOD,121.0834,160.1602,96.01379,0,0.9055,4/17/2018 23:54
21781,1020,FP9,TOP,4009189383,4/17/2018 20:27,1523996100,TWB_SM3,TWB_PCBA_SM3_TOP_FP,TWB_PCBA_TOP_FP9,1020,TWB_SM3,TWB_PCBA_PASTE_INSPECTION_TOP,PN-337126,00F11AED,00F11AED,PN-337126,00F11AED,P16,,PROCESS,94474092,00F11AEDT-20180417195204,U4,1,R4,483,483,-5.61,1.06,127,GOOD,GOOD,118.0505,158.2488,94.73947,0,0.9055,4/17/2018 23:54
21798,1020,FP9,TOP,4009189383,4/17/2018 20:27,1523996100,TWB_SM3,TWB_PCBA_SM3_TOP_FP,TWB_PCBA_TOP_FP9,1020,TWB_SM3,TWB_PCBA_PASTE_INSPECTION_TOP,PN-337126,00F11AED,00F11AED,PN-337126,00F11AED,P16,,PROCESS,94474092,00F11AEDT-20180417195204,U4,1,K11,483,483,9.05,6.16,127,GOOD,GOOD,127.2409,164.3704,98.31206,0,0.9055,4/17/2018 23:54
21894,1020,FP9,TOP,4009189383,4/17/2018 20:27,1523996100,TWB_SM3,TWB_PCBA_SM3_TOP_FP,TWB_PCBA_TOP_FP9,1020,TWB_SM3,TWB_PCBA_PASTE_INSPECTION_TOP,PN-337126,00F11AED,00F11AED,PN-337126,00F11AED,P16,,PROCESS,94474092,00F11AEDT-20180417195204,U4,1,B6,483,483,-6.71,-7.72,127,GOOD,GOOD,124.2107,165.8057,95.14005,0,0.9055,4/17/2018 23:54
21944,1020,FP9,TOP,4009189383,4/17/2018 20:27,1523996100,TWB_SM3,TWB_PCBA_SM3_TOP_FP,TWB_PCBA_TOP_FP9,1020,TWB_SM3,TWB_PCBA_PASTE_INSPECTION_TOP,PN-337126,00F11AED,00F11AED,PN-337126,00F11AED,P16,,PROCESS,94474092,00F11AEDT-20180417195204,U4,1,C4,483,483,-5.89,-3.92,127,GOOD,GOOD,123.7142,162.39600000000002,96.74931,0,0.9055,4/17/2018 23:54
22092,1020,FP9,TOP,4009189383,4/17/2018 20:27,1523996100,TWB_SM3,TWB_PCBA_SM3_TOP_FP,TWB_PCBA_TOP_FP9,1020,TWB_SM3,TWB_PCBA_PASTE_INSPECTION_TOP,PN-337126,00F11AED,00F11AED,PN-337126,00F11AED,P16,,PROCESS,94474092,00F11AEDT-20180417195204,U4,1,D1,483,483,-5.53,1.57,127,GOOD,GOOD,118.4295,161.9057,92.897,0,0.9055,4/17/2018 23:54
22190,1020,FP9,TOP,4009189383,4/17/2018 20:27,1523996100,TWB_SM3,TWB_PCBA_SM3_TOP_FP,TWB_PCBA_TOP_FP9,1020,TWB_SM3,TWB_PCBA_PASTE_INSPECTION_TOP,PN-337126,00F11AED,00F11AED,PN-337126,00F11AED,P16,,PROCESS,94474092,00F11AEDT-20180417195204,U4,1,F8,483,483,0.95,-9.44,127,GOOD,GOOD,114.2562,146.9335,98.75581,0,0.9055,4/17/2018 23:54
22194,1020,FP9,TOP,4009189383,4/17/2018 20:27,1523996100,TWB_SM3,TWB_PCBA_SM3_TOP_FP,TWB_PCBA_TOP_FP9,1020,TWB_SM3,TWB_PCBA_PASTE_INSPECTION_TOP,PN-337126,00F11AED,00F11AED,PN-337126,00F11AED,P16,,PROCESS,94474092,00F11AEDT-20180417195204,U4,1,R3,483,483,-6.05,2.75,127,GOOD,GOOD,121.3038,161.4611,95.41364,0,0.9055,4/17/2018 23:54
22297,1020,FP9,TOP,4009189383,4/17/2018 20:27,1523996100,TWB_SM3,TWB_PCBA_SM3_TOP_FP,TWB_PCBA_TOP_FP9,1020,TWB_SM3,TWB_PCBA_PASTE_INSPECTION_TOP,PN-337126,00F11AED,00F11AED,PN-337126,00F11AED,P16,,PROCESS,94474092,00F11AEDT-20180417195204,U4,1,H8,483,483,4.33,-8.61,127,GOOD,GOOD,122.2723,164.5621,94.36309,0,0.9055,4/17/2018 23:54
22303,1020,FP9,TOP,4009189383,4/17/2018 20:27,1523996100,TWB_SM3,TWB_PCBA_SM3_TOP_FP,TWB_PCBA_TOP_FP9,1020,TWB_SM3,TWB_PCBA_PASTE_INSPECTION_TOP,PN-337126,00F11AED,00F11AED,PN-337126,00F11AED,P16,,PROCESS,94474092,00F11AEDT-20180417195204,U4,1,T1,483,483,-5.25,6.56,127,GOOD,GOOD,116.7315,155.6258,95.25988000000001,0,0.9055,4/17/2018 23:54
22562,1020,FP9,TOP,4009189383,4/17/2018 20:27,1523996100,TWB_SM3,TWB_PCBA_SM3_TOP_FP,TWB_PCBA_TOP_FP9,1020,TWB_SM3,TWB_PCBA_PASTE_INSPECTION_TOP,PN-337126,00F11AED,00F11AED,PN-337126,00F11AED,P16,,PROCESS,94474092,00F11AEDT-20180417195204,U4,1,P1,483,483,-8.63,5.73,127,GOOD,GOOD,113.0292,157.2249,91.30054,0,0.9055,4/17/2018 23:54
22895,1020,FP9,TOP,4009189383,4/17/2018 20:27,1523996100,TWB_SM3,TWB_PCBA_SM3_TOP_FP,TWB_PCBA_TOP_FP9,1020,TWB_SM3,TWB_PCBA_PASTE_INSPECTION_TOP,PN-337126,00F11AED,00F11AED,PN-337126,00F11AED,P16,,PROCESS,94474092,00F11AEDT-20180417195204,U4,1,F2,483,483,-1.71,0.7,127,GOOD,GOOD,116.9942,164.451,90.35073,0,0.9055,4/17/2018 23:54
23279,1020,FP9,TOP,4009189383,4/17/2018 20:27,1523996100,TWB_SM3,TWB_PCBA_SM3_TOP_FP,TWB_PCBA_TOP_FP9,1020,TWB_SM3,TWB_PCBA_PASTE_INSPECTION_TOP,PN-337126,00F11AED,00F11AED,PN-337126,00F11AED,P16,,PROCESS,94474092,00F11AEDT-20180417195204,U4,1,H2,483,483,1.67,1.54,127,GOOD,GOOD,116.2048,157.3177,93.8102,0,0.9055,4/17/2018 23:54
23476,1020,FP9,TOP,4009189383,4/17/2018 20:27,1523996100,TWB_SM3,TWB_PCBA_SM3_TOP_FP,TWB_PCBA_TOP_FP9,1020,TWB_SM3,TWB_PCBA_PASTE_INSPECTION_TOP,PN-337126,00F11AED,00F11AED,PN-337126,00F11AED,P16,,PROCESS,94474092,00F11AEDT-20180417195204,U4,1,E12,483,483,1.05,2.39,127,GOOD,GOOD,114.587,147.1804,98.87557,0,0.9055,4/17/2018 23:54
23565,1020,FP9,TOP,4009189383,4/17/2018 20:27,1523996100,TWB_SM3,TWB_PCBA_SM3_TOP_FP,TWB_PCBA_TOP_FP9,1020,TWB_SM3,TWB_PCBA_PASTE_INSPECTION_TOP,PN-337126,00F11AED,00F11AED,PN-337126,00F11AED,P16,,PROCESS,94474092,00F11AEDT-20180417195204,U4,1,G3,483,483,0.42,0.44,127,GOOD,GOOD,116.1885,162.3883,90.8682,0,0.9055,4/17/2018 23:54
23580,1020,FP9,TOP,4009189383,4/17/2018 20:27,1523996100,TWB_SM3,TWB_PCBA_SM3_TOP_FP,TWB_PCBA_TOP_FP9,1020,TWB_SM3,TWB_PCBA_PASTE_INSPECTION_TOP,PN-337126,00F11AED,00F11AED,PN-337126,00F11AED,P16,,PROCESS,94474092,00F11AEDT-20180417195204,U4,1,J11,483,483,7.36,6.73,127,GOOD,GOOD,125.4664,159.6472,99.80901999999999,0,0.9055,4/17/2018 23:54
23581,1020,FP9,TOP,4009189383,4/17/2018 20:27,1523996100,TWB_SM3,TWB_PCBA_SM3_TOP_FP,TWB_PCBA_TOP_FP9,1020,TWB_SM3,TWB_PCBA_PASTE_INSPECTION_TOP,PN-337126,00F11AED,00F11AED,PN-337126,00F11AED,P16,,PROCESS,94474092,00F11AEDT-20180417195204,U4,1,J4,483,483,4.25,-1.44,127,GOOD,GOOD,116.3259,165.9467,89.02494,0,0.9055,4/17/2018 23:54
23582,1020,FP9,TOP,4009189383,4/17/2018 20:27,1523996100,TWB_SM3,TWB_PCBA_SM3_TOP_FP,TWB_PCBA_TOP_FP9,1020,TWB_SM3,TWB_PCBA_PASTE_INSPECTION_TOP,PN-337126,00F11AED,00F11AED,PN-337126,00F11AED,P16,,PROCESS,94474092,00F11AEDT-20180417195204,U4,1,R16,483,483,-0.29,0.77,127,GOOD,GOOD,110.2371,156.196,89.63168,0,0.9055,4/17/2018 23:54
24437,1020,FP9,TOP,4009189383,4/17/2018 20:27,1523996100,TWB_SM3,TWB_PCBA_SM3_TOP_FP,TWB_PCBA_TOP_FP9,1020,TWB_SM3,TWB_PCBA_PASTE_INSPECTION_TOP,PN-337126,00F11AED,00F11AED,PN-337126,00F11AED,P16,,PROCESS,94474092,00F11AEDT-20180417195204,U4,1,J13,483,483,8.23,3.35,127,GOOD,GOOD,122.4691,164.6927,94.44001999999999,0,0.9055,4/17/2018 23:54
24438,1020,FP9,TOP,4009189383,4/17/2018 20:27,1523996100,TWB_SM3,TWB_PCBA_SM3_TOP_FP,TWB_PCBA_TOP_FP9,1020,TWB_SM3,TWB_PCBA_PASTE_INSPECTION_TOP,PN-337126,00F11AED,00F11AED,PN-337126,00F11AED,P16,,PROCESS,94474092,00F11AEDT-20180417195204,U4,1,J6,483,483,5.13,-4.82,127,GOOD,GOOD,118.3591,150.2254,100.0603,0,0.9055,4/17/2018 23:54
24889,1020,FP9,TOP,4009189383,4/17/2018 20:27,1523996100,TWB_SM3,TWB_PCBA_SM3_TOP_FP,TWB_PCBA_TOP_FP9,1020,TWB_SM3,TWB_PCBA_PASTE_INSPECTION_TOP,PN-337126,00F11AED,00F11AED,PN-337126,00F11AED,P16,,PROCESS,94474092,00F11AEDT-20180417195204,U4,1,N3,483,483,-9.43,1.92,127,GOOD,GOOD,122.45,159.6459,97.41027,0,0.9055,4/17/2018 23:54
25294,1020,FP9,TOP,4009189383,4/17/2018 20:27,1523996100,TWB_SM3,TWB_PCBA_SM3_TOP_FP,TWB_PCBA_TOP_FP9,1020,TWB_SM3,TWB_PCBA_PASTE_INSPECTION_TOP,PN-337126,00F11AED,00F11AED,PN-337126,00F11AED,P16,,PROCESS,94474092,00F11AEDT-20180417195204,U4,1,M8,483,483,-8.91,-6.94,127,GOOD,GOOD,120.9126,156.6538,98.02443000000001,0,0.9055,4/17/2018 23:54
25400,1020,FP9,TOP,4009189383,4/17/2018 20:27,1523996100,TWB_SM3,TWB_PCBA_SM3_TOP_FP,TWB_PCBA_TOP_FP9,1020,TWB_SM3,TWB_PCBA_PASTE_INSPECTION_TOP,PN-337126,00F11AED,00F11AED,PN-337126,00F11AED,P16,,PROCESS,94474092,00F11AEDT-20180417195204,U4,1,H11,483,483,5.67,6.32,127,GOOD,GOOD,122.8626,152.3847,102.3958,0,0.9055,4/17/2018 23:54
25401,1020,FP9,TOP,4009189383,4/17/2018 20:27,1523996100,TWB_SM3,TWB_PCBA_SM3_TOP_FP,TWB_PCBA_TOP_FP9,1020,TWB_SM3,TWB_PCBA_PASTE_INSPECTION_TOP,PN-337126,00F11AED,00F11AED,PN-337126,00F11AED,P16,,PROCESS,94474092,00F11AEDT-20180417195204,U4,1,P16,483,483,-1.98,0.37,127,GOOD,GOOD,110.4009,154.8549,90.54224,0,0.9055,4/17/2018 23:54
26062,1020,FP9,TOP,4009189383,4/17/2018 20:27,1523996100,TWB_SM3,TWB_PCBA_SM3_TOP_FP,TWB_PCBA_TOP_FP9,1020,TWB_SM3,TWB_PCBA_PASTE_INSPECTION_TOP,PN-337126,00F11AED,00F11AED,PN-337126,00F11AED,P16,,PROCESS,94474092,00F11AEDT-20180417195204,U4,1,C15,483,483,-2.02,-2.52,127,GOOD,GOOD,120.8647,162.8437,94.26103,0,0.9055,4/17/2018 23:54
26214,1020,FP9,TOP,4009189383,4/17/2018 20:27,1523996100,TWB_SM3,TWB_PCBA_SM3_TOP_FP,TWB_PCBA_TOP_FP9,1020,TWB_SM3,TWB_PCBA_PASTE_INSPECTION_TOP,PN-337126,00F11AED,00F11AED,PN-337126,00F11AED,P16,,PROCESS,94474092,00F11AEDT-20180417195204,U4,1,H13,483,483,6.54,2.94,127,GOOD,GOOD,124.3008,163.4141,96.60246,0,0.9055,4/17/2018 23:54
26772,1020,FP9,TOP,4009189383,4/17/2018 20:27,1523996100,TWB_SM3,TWB_PCBA_SM3_TOP_FP,TWB_PCBA_TOP_FP9,1020,TWB_SM3,TWB_PCBA_PASTE_INSPECTION_TOP,PN-337126,00F11AED,00F11AED,PN-337126,00F11AED,P16,,PROCESS,94474092,00F11AEDT-20180417195204,U4,1,F4,483,483,-0.82,-2.68,127,GOOD,GOOD,121.6128,162.3821,95.11407,0,0.9055,4/17/2018 23:54
26929,1020,FP9,TOP,4009189383,4/17/2018 20:27,1523996100,TWB_SM3,TWB_PCBA_SM3_TOP_FP,TWB_PCBA_TOP_FP9,1020,TWB_SM3,TWB_PCBA_PASTE_INSPECTION_TOP,PN-337126,00F11AED,00F11AED,PN-337126,00F11AED,P16,,PROCESS,94474092,00F11AEDT-20180417195204,U4,1,P2,483,483,-8.18,4.04,127,GOOD,GOOD,116.075,157.1684,93.79444000000001,0,0.9055,4/17/2018 23:54
26938,1020,FP9,TOP,4009189383,4/17/2018 20:27,1523996100,TWB_SM3,TWB_PCBA_SM3_TOP_FP,TWB_PCBA_TOP_FP9,1020,TWB_SM3,TWB_PCBA_PASTE_INSPECTION_TOP,PN-337126,00F11AED,00F11AED,PN-337126,00F11AED,P16,,PROCESS,94474092,00F11AEDT-20180417195204,U4,1,A1,483,483,-10.61,0.32,127,GOOD,GOOD,117.6643,161.0491,92.78766,0,0.9055,4/17/2018 23:54
26939,1020,FP9,TOP,4009189383,4/17/2018 20:27,1523996100,TWB_SM3,TWB_PCBA_SM3_TOP_FP,TWB_PCBA_TOP_FP9,1020,TWB_SM3,TWB_PCBA_PASTE_INSPECTION_TOP,PN-337126,00F11AED,00F11AED,PN-337126,00F11AED,P16,,PROCESS,94474092,00F11AEDT-20180417195204,U4,1,T10,483,483,-2.25,-8.66,127,GOOD,GOOD,111.8326,147.8918,96.03466,0,0.9055,4/17/2018 23:54
26966,1020,FP9,TOP,4009189383,4/17/2018 20:27,1523996100,TWB_SM3,TWB_PCBA_SM3_TOP_FP,TWB_PCBA_TOP_FP9,1020,TWB_SM3,TWB_PCBA_PASTE_INSPECTION_TOP,PN-337126,00F11AED,00F11AED,PN-337126,00F11AED,P16,,PROCESS,94474092,00F11AEDT-20180417195204,U4,1,P6,483,483,-6.42,-2.73,127,GOOD,GOOD,122.4827,157.536,98.74128,0,0.9055,4/17/2018 23:54
27119,1020,FP9,TOP,4009189383,4/17/2018 20:27,1523996100,TWB_SM3,TWB_PCBA_SM3_TOP_FP,TWB_PCBA_TOP_FP9,1020,TWB_SM3,TWB_PCBA_PASTE_INSPECTION_TOP,PN-337126,00F11AED,00F11AED,PN-337126,00F11AED,P16,,PROCESS,94474092,00F11AEDT-20180417195204,U4,1,R1,483,483,-6.94,6.13,127,GOOD,GOOD,115.5752,161.5501,90.85757,0,0.9055,4/17/2018 23:54
27283,1020,FP9,TOP,4009189383,4/17/2018 20:27,1523996100,TWB_SM3,TWB_PCBA_SM3_TOP_FP,TWB_PCBA_TOP_FP9,1020,TWB_SM3,TWB_PCBA_PASTE_INSPECTION_TOP,PN-337126,00F11AED,00F11AED,PN-337126,00F11AED,P16,,PROCESS,94474092,00F11AEDT-20180417195204,U4,1,F14,483,483,3.61,0.42,127,GOOD,GOOD,121.8897,164.5912,94.05112,0,0.9055,4/17/2018 23:54
27304,1020,FP9,TOP,4009189383,4/17/2018 20:27,1523996100,TWB_SM3,TWB_PCBA_SM3_TOP_FP,TWB_PCBA_TOP_FP9,1020,TWB_SM3,TWB_PCBA_PASTE_INSPECTION_TOP,PN-337126,00F11AED,00F11AED,PN-337126,00F11AED,P16,,PROCESS,94474092,00F11AEDT-20180417195204,U4,1,B10,483,483,-5.92,5.52,127,GOOD,GOOD,120.6689,161.5391,94.86838,0,0.9055,4/17/2018 23:54
27305,1020,FP9,TOP,4009189383,4/17/2018 20:27,1523996100,TWB_SM3,TWB_PCBA_SM3_TOP_FP,TWB_PCBA_TOP_FP9,1020,TWB_SM3,TWB_PCBA_PASTE_INSPECTION_TOP,PN-337126,00F11AED,00F11AED,PN-337126,00F11AED,P16,,PROCESS,94474092,00F11AEDT-20180417195204,U4,1,J15,483,483,8.13,-0.04,127,GOOD,GOOD,118.1524,158.6529,94.5798,0,0.9055,4/17/2018 23:54
27306,1020,FP9,TOP,4009189383,4/17/2018 20:27,1523996100,TWB_SM3,TWB_PCBA_SM3_TOP_FP,TWB_PCBA_TOP_FP9,1020,TWB_SM3,TWB_PCBA_PASTE_INSPECTION_TOP,PN-337126,00F11AED,00F11AED,PN-337126,00F11AED,P16,,PROCESS,94474092,00F11AEDT-20180417195204,U4,1,J8,483,483,6.02,-8.2,127,GOOD,GOOD,128.32,160.7275,101.39299999999999,0,0.9055,4/17/2018 23:54
27546,1020,FP9,TOP,4009189383,4/17/2018 20:27,1523996100,TWB_SM3,TWB_PCBA_SM3_TOP_FP,TWB_PCBA_TOP_FP9,1020,TWB_SM3,TWB_PCBA_PASTE_INSPECTION_TOP,PN-337126,00F11AED,00F11AED,PN-337126,00F11AED,P16,,PROCESS,94474092,00F11AEDT-20180417195204,U4,1,F9,483,483,1.39,-11.13,127,GOOD,GOOD,126.8284,159.5719,100.9401,0,0.9055,4/17/2018 23:54
27634,1020,FP9,TOP,4009189383,4/17/2018 20:27,1523996100,TWB_SM3,TWB_PCBA_SM3_TOP_FP,TWB_PCBA_TOP_FP9,1020,TWB_SM3,TWB_PCBA_PASTE_INSPECTION_TOP,PN-337126,00F11AED,00F11AED,PN-337126,00F11AED,P16,,PROCESS,94474092,00F11AEDT-20180417195204,U4,1,B4,483,483,-7.59,-4.34,127,GOOD,GOOD,119.8166,166.68200000000002,91.29184000000001,0,0.9055,4/17/2018 23:54
27671,1020,FP9,TOP,4009189383,4/17/2018 20:27,1523996100,TWB_SM3,TWB_PCBA_SM3_TOP_FP,TWB_PCBA_TOP_FP9,1020,TWB_SM3,TWB_PCBA_PASTE_INSPECTION_TOP,PN-337126,00F11AED,00F11AED,PN-337126,00F11AED,P16,,PROCESS,94474092,00F11AEDT-20180417195204,U4,1,N11,483,483,-5.88,-11.61,127,GOOD,GOOD,123.6091,165.1686,95.04445,0,0.9055,4/17/2018 23:54
27698,1020,FP9,TOP,4009189383,4/17/2018 20:27,1523996100,TWB_SM3,TWB_PCBA_SM3_TOP_FP,TWB_PCBA_TOP_FP9,1020,TWB_SM3,TWB_PCBA_PASTE_INSPECTION_TOP,PN-337126,00F11AED,00F11AED,PN-337126,00F11AED,P16,,PROCESS,94474092,00F11AEDT-20180417195204,U4,1,L8,483,483,7.75,-7.37,127,GOOD,GOOD,120.0466,153.9206,99.05056,0,0.9055,4/17/2018 23:54
27712,1020,FP9,TOP,4009189383,4/17/2018 20:27,1523996100,TWB_SM3,TWB_PCBA_SM3_TOP_FP,TWB_PCBA_TOP_FP9,1020,TWB_SM3,TWB_PCBA_PASTE_INSPECTION_TOP,PN-337126,00F11AED,00F11AED,PN-337126,00F11AED,P16,,PROCESS,94474092,00F11AEDT-20180417195204,U4,1,L2,483,483,6.75,2.78,127,GOOD,GOOD,115.9534,155.6464,94.6124,0,0.9055,4/17/2018 23:54
27736,1020,FP9,TOP,4009189383,4/17/2018 20:27,1523996100,TWB_SM3,TWB_PCBA_SM3_TOP_FP,TWB_PCBA_TOP_FP9,1020,TWB_SM3,TWB_PCBA_PASTE_INSPECTION_TOP,PN-337126,00F11AED,00F11AED,PN-337126,00F11AED,P16,,PROCESS,94474092,00F11AEDT-20180417195204,U4,1,L3,483,483,7.19,1.08,127,GOOD,GOOD,121.3996,167.0135,92.31435,0,0.9055,4/17/2018 23:54
27742,1020,FP9,TOP,4009189383,4/17/2018 20:27,1523996100,TWB_SM3,TWB_PCBA_SM3_TOP_FP,TWB_PCBA_TOP_FP9,1020,TWB_SM3,TWB_PCBA_PASTE_INSPECTION_TOP,PN-337126,00F11AED,00F11AED,PN-337126,00F11AED,P16,,PROCESS,94474092,00F11AEDT-20180417195204,U4,1,H3,483,483,2.12,-0.15,127,GOOD,GOOD,113.9924,162.4491,89.11735,0,0.9055,4/17/2018 23:54
27800,1020,FP9,TOP,4009189383,4/17/2018 20:27,1523996100,TWB_SM3,TWB_PCBA_SM3_TOP_FP,TWB_PCBA_TOP_FP9,1020,TWB_SM3,TWB_PCBA_PASTE_INSPECTION_TOP,PN-337126,00F11AED,00F11AED,PN-337126,00F11AED,P16,,PROCESS,94474092,00F11AEDT-20180417195204,U4,1,D6,483,483,-3.33,-6.89,127,GOOD,GOOD,125.1264,166.4892,95.4479,0,0.9055,4/17/2018 23:54
27810,1020,FP9,TOP,4009189383,4/17/2018 20:27,1523996100,TWB_SM3,TWB_PCBA_SM3_TOP_FP,TWB_PCBA_TOP_FP9,1020,TWB_SM3,TWB_PCBA_PASTE_INSPECTION_TOP,PN-337126,00F11AED,00F11AED,PN-337126,00F11AED,P16,,PROCESS,94474092,00F11AEDT-20180417195204,U4,1,N4,483,483,-8.99,0.22,127,GOOD,GOOD,125.3145,165.9948,95.87614,0,0.9055,4/17/2018 23:54
27819,1020,FP9,TOP,4009189383,4/17/2018 20:27,1523996100,TWB_SM3,TWB_PCBA_SM3_TOP_FP,TWB_PCBA_TOP_FP9,1020,TWB_SM3,TWB_PCBA_PASTE_INSPECTION_TOP,PN-337126,00F11AED,00F11AED,PN-337126,00F11AED,P16,,PROCESS,94474092,00F11AEDT-20180417195204,U4,1,T4,483,483,-3.92,1.49,127,GOOD,GOOD,113.3153,154.8736,92.92126,0,0.9055,4/17/2018 23:54
27875,1020,FP9,TOP,4009189383,4/17/2018 20:27,1523996100,TWB_SM3,TWB_PCBA_SM3_TOP_FP,TWB_PCBA_TOP_FP9,1020,TWB_SM3,TWB_PCBA_PASTE_INSPECTION_TOP,PN-337126,00F11AED,00F11AED,PN-337126,00F11AED,P16,,PROCESS,94474092,00F11AEDT-20180417195204,U4,1,L4,483,483,4.32,-0.61,127,GOOD,GOOD,120.8248,153.4152,100.0211,0,0.9055,4/17/2018 23:54
27922,1020,FP9,TOP,4009189383,4/17/2018 20:27,1523996100,TWB_SM3,TWB_PCBA_SM3_TOP_FP,TWB_PCBA_TOP_FP9,1020,TWB_SM3,TWB_PCBA_PASTE_INSPECTION_TOP,PN-337126,00F11AED,00F11AED,PN-337126,00F11AED,P16,,PROCESS,94474092,00F11AEDT-20180417195204,U4,1,E7,483,483,-1.19,-9.16,127,GOOD,GOOD,121.3873,155.2666,99.28849,0,0.9055,4/17/2018 23:54
27930,1020,FP9,TOP,4009189383,4/17/2018 20:27,1523996100,TWB_SM3,TWB_PCBA_SM3_TOP_FP,TWB_PCBA_TOP_FP9,1020,TWB_SM3,TWB_PCBA_PASTE_INSPECTION_TOP,PN-337126,00F11AED,00F11AED,PN-337126,00F11AED,P16,,PROCESS,94474092,00F11AEDT-20180417195204,U4,1,D7,483,483,-2.88,-8.58,127,GOOD,GOOD,125.9322,169.8497,94.16201,0,0.9055,4/17/2018 23:54
27931,1020,FP9,TOP,4009189383,4/17/2018 20:27,1523996100,TWB_SM3,TWB_PCBA_SM3_TOP_FP,TWB_PCBA_TOP_FP9,1020,TWB_SM3,TWB_PCBA_PASTE_INSPECTION_TOP,PN-337126,00F11AED,00F11AED,PN-337126,00F11AED,P16,,PROCESS,94474092,00F11AEDT-20180417195204,U4,1,E6,483,483,-1.63,-7.47,127,GOOD,GOOD,121.4662,151.1589,102.0529,0,0.9055,4/17/2018 23:54
28204,1020,FP9,TOP,4009189383,4/17/2018 20:27,1523996100,TWB_SM3,TWB_PCBA_SM3_TOP_FP,TWB_PCBA_TOP_FP9,1020,TWB_SM3,TWB_PCBA_PASTE_INSPECTION_TOP,PN-337126,00F11AED,00F11AED,PN-337126,00F11AED,P16,,PROCESS,94474092,00F11AEDT-20180417195204,U4,1,M3,483,483,8.88,1.51,127,GOOD,GOOD,130.4568,172.6191,95.98016,0,0.9055,4/17/2018 23:54
28211,1020,FP9,TOP,4009189383,4/17/2018 20:27,1523996100,TWB_SM3,TWB_PCBA_SM3_TOP_FP,TWB_PCBA_TOP_FP9,1020,TWB_SM3,TWB_PCBA_PASTE_INSPECTION_TOP,PN-337126,00F11AED,00F11AED,PN-337126,00F11AED,P16,,PROCESS,94474092,00F11AEDT-20180417195204,U4,1,C14,483,483,-1.47,-0.83,127,GOOD,GOOD,121.7942,160.3752,96.44798,0,0.9055,4/17/2018 23:54
28242,1020,FP9,TOP,4009189383,4/17/2018 20:27,1523996100,TWB_SM3,TWB_PCBA_SM3_TOP_FP,TWB_PCBA_TOP_FP9,1020,TWB_SM3,TWB_PCBA_PASTE_INSPECTION_TOP,PN-337126,00F11AED,00F11AED,PN-337126,00F11AED,P16,,PROCESS,94474092,00F11AEDT-20180417195204,U4,1,P13,483,483,-3.32,5.44,127,GOOD,GOOD,118.7702,157.2788,95.90491,0,0.9055,4/17/2018 23:54
28266,1020,FP9,TOP,4009189383,4/17/2018 20:27,1523996100,TWB_SM3,TWB_PCBA_SM3_TOP_FP,TWB_PCBA_TOP_FP9,1020,TWB_SM3,TWB_PCBA_PASTE_INSPECTION_TOP,PN-337126,00F11AED,00F11AED,PN-337126,00F11AED,P16,,PROCESS,94474092,00F11AEDT-20180417195204,U4,1,F12,483,483,2.73,3.8,127,GOOD,GOOD,117.8817,155.6727,96.16958000000001,0,0.9055,4/17/2018 23:54
28347,1020,FP9,TOP,4009189383,4/17/2018 20:27,1523996100,TWB_SM3,TWB_PCBA_SM3_TOP_FP,TWB_PCBA_TOP_FP9,1020,TWB_SM3,TWB_PCBA_PASTE_INSPECTION_TOP,PN-337126,00F11AED,00F11AED,PN-337126,00F11AED,P16,,PROCESS,94474092,00F11AEDT-20180417195204,U4,1,A10,483,483,-7.61,5.1,127,GOOD,GOOD,117.0857,156.3174,95.12626999999999,0,0.9055,4/17/2018 23:54
28361,1020,FP9,TOP,4009189383,4/17/2018 20:27,1523996100,TWB_SM3,TWB_PCBA_SM3_TOP_FP,TWB_PCBA_TOP_FP9,1020,TWB_SM3,TWB_PCBA_PASTE_INSPECTION_TOP,PN-337126,00F11AED,00F11AED,PN-337126,00F11AED,P16,,PROCESS,94474092,00F11AEDT-20180417195204,U4,1,J12,483,483,7.81,5.04,127,GOOD,GOOD,128.6078,164.5853,99.23844,0,0.9055,4/17/2018 23:54
28362,1020,FP9,TOP,4009189383,4/17/2018 20:27,1523996100,TWB_SM3,TWB_PCBA_SM3_TOP_FP,TWB_PCBA_TOP_FP9,1020,TWB_SM3,TWB_PCBA_PASTE_INSPECTION_TOP,PN-337126,00F11AED,00F11AED,PN-337126,00F11AED,P16,,PROCESS,94474092,00F11AEDT-20180417195204,U4,1,J5,483,483,3.7,-3.13,127,GOOD,GOOD,113.3093,147.4714,97.58009,0,0.9055,4/17/2018 23:54
28387,1020,FP9,TOP,4009189383,4/17/2018 20:27,1523996100,TWB_SM3,TWB_PCBA_SM3_TOP_FP,TWB_PCBA_TOP_FP9,1020,TWB_SM3,TWB_PCBA_PASTE_INSPECTION_TOP,PN-337126,00F11AED,00F11AED,PN-337126,00F11AED,P16,,PROCESS,94474092,00F11AEDT-20180417195204,U4,1,K3,483,483,5.5,-0.32,127,GOOD,GOOD,114.3715,159.149,91.2678,0,0.9055,4/17/2018 23:54
28506,1020,FP9,TOP,4009189383,4/17/2018 20:27,1523996100,TWB_SM3,TWB_PCBA_SM3_TOP_FP,TWB_PCBA_TOP_FP9,1020,TWB_SM3,TWB_PCBA_PASTE_INSPECTION_TOP,PN-337126,00F11AED,00F11AED,PN-337126,00F11AED,P16,,PROCESS,94474092,00F11AEDT-20180417195204,U4,1,T2,483,483,-4.8,4.87,127,GOOD,GOOD,120.3519,171.6905,89.02468,0,0.9055,4/17/2018 23:54
28530,1020,FP9,TOP,4009189383,4/17/2018 20:27,1523996100,TWB_SM3,TWB_PCBA_SM3_TOP_FP,TWB_PCBA_TOP_FP9,1020,TWB_SM3,TWB_PCBA_PASTE_INSPECTION_TOP,PN-337126,00F11AED,00F11AED,PN-337126,00F11AED,P16,,PROCESS,94474092,00F11AEDT-20180417195204,U4,1,K4,483,483,5.94,-2.01,127,GOOD,GOOD,121.1829,158.9373,96.83211999999999,0,0.9055,4/17/2018 23:54
28945,1020,FP9,TOP,4009189383,4/17/2018 20:27,1523996100,TWB_SM3,TWB_PCBA_SM3_TOP_FP,TWB_PCBA_TOP_FP9,1020,TWB_SM3,TWB_PCBA_PASTE_INSPECTION_TOP,PN-337126,00F11AED,00F11AED,PN-337126,00F11AED,P16,,PROCESS,94474092,00F11AEDT-20180417195204,U4,1,G5,483,483,0.32,-2.94,127,GOOD,GOOD,122.1932,156.4691,99.17957,0,0.9055,4/17/2018 23:54
28953,1020,FP9,TOP,4009189383,4/17/2018 20:27,1523996100,TWB_SM3,TWB_PCBA_SM3_TOP_FP,TWB_PCBA_TOP_FP9,1020,TWB_SM3,TWB_PCBA_PASTE_INSPECTION_TOP,PN-337126,00F11AED,00F11AED,PN-337126,00F11AED,P16,,PROCESS,94474092,00F11AEDT-20180417195204,U4,1,E3,483,483,-2.95,-2.4,127,GOOD,GOOD,121.3113,158.6983,97.08067,0,0.9055,4/17/2018 23:54
29248,1020,FP9,TOP,4009189383,4/17/2018 20:27,1523996100,TWB_SM3,TWB_PCBA_SM3_TOP_FP,TWB_PCBA_TOP_FP9,1020,TWB_SM3,TWB_PCBA_PASTE_INSPECTION_TOP,PN-337126,00F11AED,00F11AED,PN-337126,00F11AED,P16,,PROCESS,94474092,00F11AEDT-20180417195204,U4,1,J2,483,483,3.36,1.94,127,GOOD,GOOD,113.8017,158.5064,91.18125,0,0.9055,4/17/2018 23:54
29249,1020,FP9,TOP,4009189383,4/17/2018 20:27,1523996100,TWB_SM3,TWB_PCBA_SM3_TOP_FP,TWB_PCBA_TOP_FP9,1020,TWB_SM3,TWB_PCBA_PASTE_INSPECTION_TOP,PN-337126,00F11AED,00F11AED,PN-337126,00F11AED,P16,,PROCESS,94474092,00F11AEDT-20180417195204,U4,1,R14,483,483,-1.18,4.16,127,GOOD,GOOD,117.5096,161.834,92.21627,0,0.9055,4/17/2018 23:54
29482,1020,FP9,TOP,4009189383,4/17/2018 20:27,1523996100,TWB_SM3,TWB_PCBA_SM3_TOP_FP,TWB_PCBA_TOP_FP9,1020,TWB_SM3,TWB_PCBA_PASTE_INSPECTION_TOP,PN-337126,00F11AED,00F11AED,PN-337126,00F11AED,P16,,PROCESS,94474092,00F11AEDT-20180417195204,U4,1,M5,483,483,-11.23,-1.87,127,GOOD,GOOD,116.1796,154.0069,95.80618,0,0.9055,4/17/2018 23:54
29613,1020,FP9,TOP,4009189383,4/17/2018 20:27,1523996100,TWB_SM3,TWB_PCBA_SM3_TOP_FP,TWB_PCBA_TOP_FP9,1020,TWB_SM3,TWB_PCBA_PASTE_INSPECTION_TOP,PN-337126,00F11AED,00F11AED,PN-337126,00F11AED,P16,,PROCESS,94474092,00F11AEDT-20180417195204,U4,1,G10,483,483,2.53,-11.4,127,GOOD,GOOD,125.6393,162.8057,98.00752,0,0.9055,4/17/2018 23:54
29630,1020,FP9,TOP,4009189383,4/17/2018 20:27,1523996100,TWB_SM3,TWB_PCBA_SM3_TOP_FP,TWB_PCBA_TOP_FP9,1020,TWB_SM3,TWB_PCBA_PASTE_INSPECTION_TOP,PN-337126,00F11AED,00F11AED,PN-337126,00F11AED,P16,,PROCESS,94474092,00F11AEDT-20180417195204,U4,1,N10,483,483,-7.33,-9.92,127,GOOD,GOOD,123.3073,159.907,97.93204,0,0.9055,4/17/2018 23:54
29972,1020,FP9,TOP,4009189383,4/17/2018 20:27,1523996100,TWB_SM3,TWB_PCBA_SM3_TOP_FP,TWB_PCBA_TOP_FP9,1020,TWB_SM3,TWB_PCBA_PASTE_INSPECTION_TOP,PN-337126,00F11AED,00F11AED,PN-337126,00F11AED,P16,,PROCESS,94474092,00F11AEDT-20180417195204,U4,1,D12,483,483,-0.65,2.97,127,GOOD,GOOD,126.824,163.3973,98.57352,0,0.9055,4/17/2018 23:54
29981,1020,FP9,TOP,4009189383,4/17/2018 20:27,1523996100,TWB_SM3,TWB_PCBA_SM3_TOP_FP,TWB_PCBA_TOP_FP9,1020,TWB_SM3,TWB_PCBA_PASTE_INSPECTION_TOP,PN-337126,00F11AED,00F11AED,PN-337126,00F11AED,P16,,PROCESS,94474092,00F11AEDT-20180417195204,U4,1,F3,483,483,-1.26,-0.99,127,GOOD,GOOD,122.094,163.219,95.00085,0,0.9055,4/17/2018 23:54
30009,1020,FP9,TOP,4009189383,4/17/2018 20:27,1523996100,TWB_SM3,TWB_PCBA_SM3_TOP_FP,TWB_PCBA_TOP_FP9,1020,TWB_SM3,TWB_PCBA_PASTE_INSPECTION_TOP,PN-337126,00F11AED,00F11AED,PN-337126,00F11AED,P16,,PROCESS,94474092,00F11AEDT-20180417195204,U4,1,C10,483,483,-4.23,5.93,127,GOOD,GOOD,122.6188,160.4244,97.07121,0,0.9055,4/17/2018 23:54
30010,1020,FP9,TOP,4009189383,4/17/2018 20:27,1523996100,TWB_SM3,TWB_PCBA_SM3_TOP_FP,TWB_PCBA_TOP_FP9,1020,TWB_SM3,TWB_PCBA_PASTE_INSPECTION_TOP,PN-337126,00F11AED,00F11AED,PN-337126,00F11AED,P16,,PROCESS,94474092,00F11AEDT-20180417195204,U4,1,K15,483,483,-10.19,-0.61,127,GOOD,GOOD,116.4893,161.0135,91.88136,0,0.9055,4/17/2018 23:54
30024,1020,FP9,TOP,4009189383,4/17/2018 20:27,1523996100,TWB_SM3,TWB_PCBA_SM3_TOP_FP,TWB_PCBA_TOP_FP9,1020,TWB_SM3,TWB_PCBA_PASTE_INSPECTION_TOP,PN-337126,00F11AED,00F11AED,PN-337126,00F11AED,P16,,PROCESS,94474092,00F11AEDT-20180417195204,U4,1,M7,483,483,-9.36,-5.25,127,GOOD,GOOD,120.6726,159.5679,96.04321,0,0.9055,4/17/2018 23:54
30434,1020,FP9,TOP,4009189383,4/17/2018 20:27,1523996100,TWB_SM3,TWB_PCBA_SM3_TOP_FP,TWB_PCBA_TOP_FP9,1020,TWB_SM3,TWB_PCBA_PASTE_INSPECTION_TOP,PN-337126,00F11AED,00F11AED,PN-337126,00F11AED,P16,,PROCESS,94474092,00F11AEDT-20180417195204,U4,1,L7,483,483,8.96,-5.68,127,GOOD,GOOD,122.8429,167.9843,92.87206,0,0.9055,4/17/2018 23:54
30465,1020,FP9,TOP,4009189383,4/17/2018 20:27,1523996100,TWB_SM3,TWB_PCBA_SM3_TOP_FP,TWB_PCBA_TOP_FP9,1020,TWB_SM3,TWB_PCBA_PASTE_INSPECTION_TOP,PN-337126,00F11AED,00F11AED,PN-337126,00F11AED,P16,,PROCESS,94474092,00F11AEDT-20180417195204,U4,1,H4,483,483,2.56,-1.85,127,GOOD,GOOD,117.9798,156.1047,95.98325,0,0.9055,4/17/2018 23:54
31008,1020,FP9,TOP,4009189383,4/17/2018 20:27,1523996100,TWB_SM3,TWB_PCBA_SM3_TOP_FP,TWB_PCBA_TOP_FP9,1020,TWB_SM3,TWB_PCBA_PASTE_INSPECTION_TOP,PN-337126,00F11AED,00F11AED,PN-337126,00F11AED,P16,,PROCESS,94474092,00F11AEDT-20180417195204,U4,1,K10,483,483,7.61,-12.16,127,GOOD,GOOD,125.68,171.0776,93.29898,0,0.9055,4/17/2018 23:54
31022,1020,FP9,TOP,4009189383,4/17/2018 20:27,1523996100,TWB_SM3,TWB_PCBA_SM3_TOP_FP,TWB_PCBA_TOP_FP9,1020,TWB_SM3,TWB_PCBA_PASTE_INSPECTION_TOP,PN-337126,00F11AED,00F11AED,PN-337126,00F11AED,P16,,PROCESS,94474092,00F11AEDT-20180417195204,U4,1,D3,483,483,-4.65,-1.82,127,GOOD,GOOD,122.8838,168.3104,92.72303000000001,0,0.9055,4/17/2018 23:54
31111,1020,FP9,TOP,4009189383,4/17/2018 20:27,1523996100,TWB_SM3,TWB_PCBA_SM3_TOP_FP,TWB_PCBA_TOP_FP9,1020,TWB_SM3,TWB_PCBA_PASTE_INSPECTION_TOP,PN-337126,00F11AED,00F11AED,PN-337126,00F11AED,P16,,PROCESS,94474092,00F11AEDT-20180417195204,U4,1,T5,483,483,-4.46,-0.21,127,GOOD,GOOD,116.0854,158.5268,92.99911,0,0.9055,4/17/2018 23:54
31673,1020,FP9,TOP,4009189383,4/17/2018 20:27,1523996100,TWB_SM3,TWB_PCBA_SM3_TOP_FP,TWB_PCBA_TOP_FP9,1020,TWB_SM3,TWB_PCBA_PASTE_INSPECTION_TOP,PN-337126,00F11AED,00F11AED,PN-337126,00F11AED,P16,,PROCESS,94474092,00F11AEDT-20180417195204,U4,1,M12,483,483,-7.12,6.3,127,GOOD,GOOD,111.8385,152.1403,93.35786,0,0.9055,4/17/2018 23:54
31802,1020,FP9,TOP,4009189383,4/17/2018 20:27,1523996100,TWB_SM3,TWB_PCBA_SM3_TOP_FP,TWB_PCBA_TOP_FP9,1020,TWB_SM3,TWB_PCBA_PASTE_INSPECTION_TOP,PN-337126,00F11AED,00F11AED,PN-337126,00F11AED,P16,,PROCESS,94474092,00F11AEDT-20180417195204,U4,1,K7,483,483,7.27,-7.08,127,GOOD,GOOD,123.1011,156.5741,99.84943,0,0.9055,4/17/2018 23:54
31820,1020,FP9,TOP,4009189383,4/17/2018 20:27,1523996100,TWB_SM3,TWB_PCBA_SM3_TOP_FP,TWB_PCBA_TOP_FP9,1020,TWB_SM3,TWB_PCBA_PASTE_INSPECTION_TOP,PN-337126,00F11AED,00F11AED,PN-337126,00F11AED,P16,,PROCESS,94474092,00F11AEDT-20180417195204,U4,1,H6,483,483,3.44,-5.23,127,GOOD,GOOD,121.5252,154.7909,99.70673000000001,0,0.9055,4/17/2018 23:54
31897,1020,FP9,TOP,4009189383,4/17/2018 20:27,1523996100,TWB_SM3,TWB_PCBA_SM3_TOP_FP,TWB_PCBA_TOP_FP9,1020,TWB_SM3,TWB_PCBA_PASTE_INSPECTION_TOP,PN-337126,00F11AED,00F11AED,PN-337126,00F11AED,P16,,PROCESS,94474092,00F11AEDT-20180417195204,U4,1,C2,483,483,-6.78,-0.54,127,GOOD,GOOD,123.0059,164.143,95.17155,0,0.9055,4/17/2018 23:54
32173,1020,FP9,TOP,4009189383,4/17/2018 20:27,1523996100,TWB_SM3,TWB_PCBA_SM3_TOP_FP,TWB_PCBA_TOP_FP9,1020,TWB_SM3,TWB_PCBA_PASTE_INSPECTION_TOP,PN-337126,00F11AED,00F11AED,PN-337126,00F11AED,P16,,PROCESS,94474092,00F11AEDT-20180417195204,U4,1,D16,483,483,1.12,-3.79,127,GOOD,GOOD,120.2235,161.7855,94.37428,0,0.9055,4/17/2018 23:54
32206,1020,FP9,TOP,4009189383,4/17/2018 20:27,1523996100,TWB_SM3,TWB_PCBA_SM3_TOP_FP,TWB_PCBA_TOP_FP9,1020,TWB_SM3,TWB_PCBA_PASTE_INSPECTION_TOP,PN-337126,00F11AED,00F11AED,PN-337126,00F11AED,P16,,PROCESS,94474092,00F11AEDT-20180417195204,U4,1,B5,483,483,-8.13,-6.03,127,GOOD,GOOD,119.1615,161.4102,93.75803,0,0.9055,4/17/2018 23:54
32354,1020,FP9,TOP,4009189383,4/17/2018 20:27,1523996100,TWB_SM3,TWB_PCBA_SM3_TOP_FP,TWB_PCBA_TOP_FP9,1020,TWB_SM3,TWB_PCBA_PASTE_INSPECTION_TOP,PN-337126,00F11AED,00F11AED,PN-337126,00F11AED,P16,,PROCESS,94474092,00F11AEDT-20180417195204,U4,1,N14,483,483,-4.56,3.32,127,GOOD,GOOD,119.7225,159.2125,95.49981,0,0.9055,4/17/2018 23:54
32382,1020,FP9,TOP,4009189383,4/17/2018 20:27,1523996100,TWB_SM3,TWB_PCBA_SM3_TOP_FP,TWB_PCBA_TOP_FP9,1020,TWB_SM3,TWB_PCBA_PASTE_INSPECTION_TOP,PN-337126,00F11AED,00F11AED,PN-337126,00F11AED,P16,,PROCESS,94474092,00F11AEDT-20180417195204,U4,1,N8,483,483,-7.22,-6.54,127,GOOD,GOOD,121.948,159.5681,97.05821,0,0.9055,4/17/2018 23:54
32406,1020,FP9,TOP,4009189383,4/17/2018 20:27,1523996100,TWB_SM3,TWB_PCBA_SM3_TOP_FP,TWB_PCBA_TOP_FP9,1020,TWB_SM3,TWB_PCBA_PASTE_INSPECTION_TOP,PN-337126,00F11AED,00F11AED,PN-337126,00F11AED,P16,,PROCESS,94474092,00F11AEDT-20180417195204,U4,1,F11,483,483,2.29,5.49,127,GOOD,GOOD,130.4702,161.0248,102.9016,0,0.9055,4/17/2018 23:54
32407,1020,FP9,TOP,4009189383,4/17/2018 20:27,1523996100,TWB_SM3,TWB_PCBA_SM3_TOP_FP,TWB_PCBA_TOP_FP9,1020,TWB_SM3,TWB_PCBA_PASTE_INSPECTION_TOP,PN-337126,00F11AED,00F11AED,PN-337126,00F11AED,P16,,PROCESS,94474092,00F11AEDT-20180417195204,U4,1,N16,483,483,-3.67,-0.06,127,GOOD,GOOD,114.6778,154.2394,94.42518000000001,0,0.9055,4/17/2018 23:54
32572,1020,FP9,TOP,4009189383,4/17/2018 20:27,1523996100,TWB_SM3,TWB_PCBA_SM3_TOP_FP,TWB_PCBA_TOP_FP9,1020,TWB_SM3,TWB_PCBA_PASTE_INSPECTION_TOP,PN-337126,00F11AED,00F11AED,PN-337126,00F11AED,P16,,PROCESS,94474092,00F11AEDT-20180417195204,U4,1,C8,483,483,-4.12,-10.69,127,GOOD,GOOD,125.4258,159.5,99.86883,0,0.9055,4/17/2018 23:54
32802,1020,FP9,TOP,4009189383,4/17/2018 20:27,1523996100,TWB_SM3,TWB_PCBA_SM3_TOP_FP,TWB_PCBA_TOP_FP9,1020,TWB_SM3,TWB_PCBA_PASTE_INSPECTION_TOP,PN-337126,00F11AED,00F11AED,PN-337126,00F11AED,P16,,PROCESS,94474092,00F11AEDT-20180417195204,U4,1,G15,483,483,4.74,0.15,127,GOOD,GOOD,125.4565,158.5875,100.46799999999999,0,0.9055,4/17/2018 23:54
32817,1020,FP9,TOP,4009189383,4/17/2018 20:27,1523996100,TWB_SM3,TWB_PCBA_SM3_TOP_FP,TWB_PCBA_TOP_FP9,1020,TWB_SM3,TWB_PCBA_PASTE_INSPECTION_TOP,PN-337126,00F11AED,00F11AED,PN-337126,00F11AED,P16,,PROCESS,94474092,00F11AEDT-20180417195204,U4,1,A15,483,483,-5.4,-3.35,127,GOOD,GOOD,116.4826,151.845,97.42357,0,0.9055,4/17/2018 23:54
32901,1020,FP9,TOP,4009189383,4/17/2018 20:27,1523996100,TWB_SM3,TWB_PCBA_SM3_TOP_FP,TWB_PCBA_TOP_FP9,1020,TWB_SM3,TWB_PCBA_PASTE_INSPECTION_TOP,PN-337126,00F11AED,00F11AED,PN-337126,00F11AED,P16,,PROCESS,94474092,00F11AEDT-20180417195204,U4,1,F13,483,483,3.16,2.11,127,GOOD,GOOD,136.5119,165.4378,104.7948,0,0.9055,4/17/2018 23:54
33012,1020,FP9,TOP,4009189383,4/17/2018 20:27,1523996100,TWB_SM3,TWB_PCBA_SM3_TOP_FP,TWB_PCBA_TOP_FP9,1020,TWB_SM3,TWB_PCBA_PASTE_INSPECTION_TOP,PN-337126,00F11AED,00F11AED,PN-337126,00F11AED,P16,,PROCESS,94474092,00F11AEDT-20180417195204,U4,1,J10,483,483,5.91,-11.58,127,GOOD,GOOD,126.0619,160.1823,99.94776999999999,0,0.9055,4/17/2018 23:54
33013,1020,FP9,TOP,4009189383,4/17/2018 20:27,1523996100,TWB_SM3,TWB_PCBA_SM3_TOP_FP,TWB_PCBA_TOP_FP9,1020,TWB_SM3,TWB_PCBA_PASTE_INSPECTION_TOP,PN-337126,00F11AED,00F11AED,PN-337126,00F11AED,P16,,PROCESS,94474092,00F11AEDT-20180417195204,U4,1,J3,483,483,3.81,0.25,127,GOOD,GOOD,118.5311,161.0642,93.4624,0,0.9055,4/17/2018 23:54
33014,1020,FP9,TOP,4009189383,4/17/2018 20:27,1523996100,TWB_SM3,TWB_PCBA_SM3_TOP_FP,TWB_PCBA_TOP_FP9,1020,TWB_SM3,TWB_PCBA_PASTE_INSPECTION_TOP,PN-337126,00F11AED,00F11AED,PN-337126,00F11AED,P16,,PROCESS,94474092,00F11AEDT-20180417195204,U4,1,R15,483,483,-1.73,2.46,127,GOOD,GOOD,113.6683,150.537,95.89588,0,0.9055,4/17/2018 23:54
33019,1020,FP9,TOP,4009189383,4/17/2018 20:27,1523996100,TWB_SM3,TWB_PCBA_SM3_TOP_FP,TWB_PCBA_TOP_FP9,1020,TWB_SM3,TWB_PCBA_PASTE_INSPECTION_TOP,PN-337126,00F11AED,00F11AED,PN-337126,00F11AED,P16,,PROCESS,94474092,00F11AEDT-20180417195204,U4,1,M1,483,483,7.99,4.89,127,GOOD,GOOD,113.1412,153.2658,93.75173000000001,0,0.9055,4/17/2018 23:54
33021,1020,FP9,TOP,4009189383,4/17/2018 20:27,1523996100,TWB_SM3,TWB_PCBA_SM3_TOP_FP,TWB_PCBA_TOP_FP9,1020,TWB_SM3,TWB_PCBA_PASTE_INSPECTION_TOP,PN-337126,00F11AED,00F11AED,PN-337126,00F11AED,P16,,PROCESS,94474092,00F11AEDT-20180417195204,U4,1,A7,483,483,-7.95,-9.83,127,GOOD,GOOD,122.1547,158.6656,97.77571999999999,0,0.9055,4/17/2018 23:54
33022,1020,FP9,TOP,4009189383,4/17/2018 20:27,1523996100,TWB_SM3,TWB_PCBA_SM3_TOP_FP,TWB_PCBA_TOP_FP9,1020,TWB_SM3,TWB_PCBA_PASTE_INSPECTION_TOP,PN-337126,00F11AED,00F11AED,PN-337126,00F11AED,P16,,PROCESS,94474092,00F11AEDT-20180417195204,U4,1,L11,483,483,-9.26,-12.44,127,GOOD,GOOD,121.1523,158.8231,96.87719,0,0.9055,4/17/2018 23:54
33023,1020,FP9,TOP,4009189383,4/17/2018 20:27,1523996100,TWB_SM3,TWB_PCBA_SM3_TOP_FP,TWB_PCBA_TOP_FP9,1020,TWB_SM3,TWB_PCBA_PASTE_INSPECTION_TOP,PN-337126,00F11AED,00F11AED,PN-337126,00F11AED,P16,,PROCESS,94474092,00F11AEDT-20180417195204,U4,1,T16,483,483,1.4,1.2,127,GOOD,GOOD,111.8462,154.0206,92.22444,0,0.9055,4/17/2018 23:54
