,plcng_plant_cd,mach_id,pcb_side_inspd,wo_num,defct_dttm,intrvl_key,plcng_area_cd,plcng_prcs_cd,plcng_wrk_ctr_cd,fndng_plant_cd,fndng_area_cd,fndng_prcs_cd,bld_part_no,bld_serial_no,barcd,assy_part_no,assy_serial_no,defct_cd,failed_test_code,fail_type,cmpnt_part_no,spi_test_id,ref_id,silkscrn_nbr,cmpntpin_nbr,cmpntpin_size_x_axis,cmpntpin_size_y_axis,solder_paste_offst_x_axis,solder_paste_offst_y_axis,pad_stncl_hgt,pad_spi_result,pad_spi_defct_type,solder_paste_vol_pct,solder_paste_hgt,solder_paste_area_pct,pkg_type,stncl_surf_area_ratio,extract_dttm
1078,1020,FP9,TOP,4009211043,4/27/2018 3:47,1524800700,TWB_SM3,TWB_PCBA_SM3_TOP_FP,TWB_PCBA_TOP_FP9,1020,TWB_SM3,TWB_PCBA_PASTE_INSPECTION_TOP,PN-337126,00F15277,00F15277,PN-337126,00F15277,T27,,PROCESS,94474092,00F15277T-20180427033210,U4,1,R2,483,483,-5.41,4.84,127,GOOD,GOOD,110.8667,153.2068,91.90239,0,0.9055,4/27/2018 7:35
1099,1020,FP9,TOP,4009211043,4/27/2018 3:47,1524800700,TWB_SM3,TWB_PCBA_SM3_TOP_FP,TWB_PCBA_TOP_FP9,1020,TWB_SM3,TWB_PCBA_PASTE_INSPECTION_TOP,PN-337126,00F15277,00F15277,PN-337126,00F15277,T27,,PROCESS,94474092,00F15277T-20180427033210,U4,1,E15,483,483,1.39,-4.04,127,GOOD,GOOD,138.3484,198.4066,88.55676,0,0.9055,4/27/2018 7:35
1204,1020,FP9,TOP,4009211043,4/27/2018 3:47,1524800700,TWB_SM3,TWB_PCBA_SM3_TOP_FP,TWB_PCBA_TOP_FP9,1020,TWB_SM3,TWB_PCBA_PASTE_INSPECTION_TOP,PN-337126,00F15277,00F15277,PN-337126,00F15277,T27,,PROCESS,94474092,00F15277T-20180427033210,U4,1,A14,483,483,-5.33,-2.94,127,GOOD,GOOD,134.0888,185.77900000000002,91.66418,0,0.9055,4/27/2018 7:35
1742,1020,FP9,TOP,4009211043,4/27/2018 3:47,1524800700,TWB_SM3,TWB_PCBA_SM3_TOP_FP,TWB_PCBA_TOP_FP9,1020,TWB_SM3,TWB_PCBA_PASTE_INSPECTION_TOP,PN-337126,00F15277,00F15277,PN-337126,00F15277,T27,,PROCESS,94474092,00F15277T-20180427033210,U4,1,D7,483,483,-6.4,-8.95,127,GOOD,GOOD,124.9089,165.3602,95.93261,0,0.9055,4/27/2018 7:35
1958,1020,FP9,TOP,4009211043,4/27/2018 3:47,1524800700,TWB_SM3,TWB_PCBA_SM3_TOP_FP,TWB_PCBA_TOP_FP9,1020,TWB_SM3,TWB_PCBA_PASTE_INSPECTION_TOP,PN-337126,00F15277,00F15277,PN-337126,00F15277,T27,,PROCESS,94474092,00F15277T-20180427033210,U4,1,M11,483,483,-6.73,7.23,127,GOOD,GOOD,116.8596,163.9772,90.50755,0,0.9055,4/27/2018 7:35
2214,1020,FP9,TOP,4009211043,4/27/2018 3:47,1524800700,TWB_SM3,TWB_PCBA_SM3_TOP_FP,TWB_PCBA_TOP_FP9,1020,TWB_SM3,TWB_PCBA_PASTE_INSPECTION_TOP,PN-337126,00F15277,00F15277,PN-337126,00F15277,T27,,PROCESS,94474092,00F15277T-20180427033210,U4,1,M7,483,483,-8.57,-5.51,127,GOOD,GOOD,114.7307,149.6303,97.37867,0,0.9055,4/27/2018 7:35
2236,1020,FP9,TOP,4009211043,4/27/2018 3:47,1524800700,TWB_SM3,TWB_PCBA_SM3_TOP_FP,TWB_PCBA_TOP_FP9,1020,TWB_SM3,TWB_PCBA_PASTE_INSPECTION_TOP,PN-337126,00F15277,00F15277,PN-337126,00F15277,T27,,PROCESS,94474092,00F15277T-20180427033210,U4,1,A13,483,483,-5.79,-1.13,127,GOOD,GOOD,134.6889,182.7982,93.57578000000001,0,0.9055,4/27/2018 7:35
2671,1020,FP9,TOP,4009211043,4/27/2018 3:47,1524800700,TWB_SM3,TWB_PCBA_SM3_TOP_FP,TWB_PCBA_TOP_FP9,1020,TWB_SM3,TWB_PCBA_PASTE_INSPECTION_TOP,PN-337126,00F15277,00F15277,PN-337126,00F15277,T27,,PROCESS,94474092,00F15277T-20180427033210,U4,1,F6,483,483,0.08,-6.28,127,GOOD,GOOD,115.91799999999999,149.0964,98.73874,0,0.9055,4/27/2018 7:35
2809,1020,FP9,TOP,4009211043,4/27/2018 3:47,1524800700,TWB_SM3,TWB_PCBA_SM3_TOP_FP,TWB_PCBA_TOP_FP9,1020,TWB_SM3,TWB_PCBA_PASTE_INSPECTION_TOP,PN-337126,00F15277,00F15277,PN-337126,00F15277,T27,,PROCESS,94474092,00F15277T-20180427033210,U4,1,R12,483,483,-0.83,6.7,127,GOOD,GOOD,127.1462,164.845,97.95605,0,0.9055,4/27/2018 7:35
2832,1020,FP9,TOP,4009211043,4/27/2018 3:47,1524800700,TWB_SM3,TWB_PCBA_SM3_TOP_FP,TWB_PCBA_TOP_FP9,1020,TWB_SM3,TWB_PCBA_PASTE_INSPECTION_TOP,PN-337126,00F15277,00F15277,PN-337126,00F15277,T27,,PROCESS,94474092,00F15277T-20180427033210,U4,1,P5,483,483,-6.84,-1.03,127,GOOD,GOOD,111.9299,152.5152,93.20441,0,0.9055,4/27/2018 7:35
2857,1020,FP9,TOP,4009211043,4/27/2018 3:47,1524800700,TWB_SM3,TWB_PCBA_SM3_TOP_FP,TWB_PCBA_TOP_FP9,1020,TWB_SM3,TWB_PCBA_PASTE_INSPECTION_TOP,PN-337126,00F15277,00F15277,PN-337126,00F15277,T27,,PROCESS,94474092,00F15277T-20180427033210,U4,1,B6,483,483,-7.17,-8.0,127,GOOD,GOOD,121.6649,166.1917,92.97355999999999,0,0.9055,4/27/2018 7:35
3364,1020,FP9,TOP,4009211043,4/27/2018 3:47,1524800700,TWB_SM3,TWB_PCBA_SM3_TOP_FP,TWB_PCBA_TOP_FP9,1020,TWB_SM3,TWB_PCBA_PASTE_INSPECTION_TOP,PN-337126,00F15277,00F15277,PN-337126,00F15277,T27,,PROCESS,94474092,00F15277T-20180427033210,U4,1,R4,483,483,-4.5,1.21,127,GOOD,GOOD,112.0639,157.6543,90.27422,0,0.9055,4/27/2018 7:35
3371,1020,FP9,TOP,4009211043,4/27/2018 3:47,1524800700,TWB_SM3,TWB_PCBA_SM3_TOP_FP,TWB_PCBA_TOP_FP9,1020,TWB_SM3,TWB_PCBA_PASTE_INSPECTION_TOP,PN-337126,00F15277,00F15277,PN-337126,00F15277,T27,,PROCESS,94474092,00F15277T-20180427033210,U4,1,D15,483,483,-0.42,-3.47,127,GOOD,GOOD,127.2357,182.3762,88.60218,0,0.9055,4/27/2018 7:35
3936,1020,FP9,TOP,4009211043,4/27/2018 3:47,1524800700,TWB_SM3,TWB_PCBA_SM3_TOP_FP,TWB_PCBA_TOP_FP9,1020,TWB_SM3,TWB_PCBA_PASTE_INSPECTION_TOP,PN-337126,00F15277,00F15277,PN-337126,00F15277,T27,,PROCESS,94474092,00F15277T-20180427033210,U4,1,B12,483,483,-4.41,1.12,127,GOOD,GOOD,125.2884,170.9953,93.05301999999999,0,0.9055,4/27/2018 7:35
4021,1020,FP9,TOP,4009211043,4/27/2018 3:47,1524800700,TWB_SM3,TWB_PCBA_SM3_TOP_FP,TWB_PCBA_TOP_FP9,1020,TWB_SM3,TWB_PCBA_PASTE_INSPECTION_TOP,PN-337126,00F15277,00F15277,PN-337126,00F15277,T27,,PROCESS,94474092,00F15277T-20180427033210,U4,1,D16,483,483,1.04,-5.28,127,GOOD,GOOD,133.4827,191.1971,88.664,0,0.9055,4/27/2018 7:35
4237,1020,FP9,TOP,4009211043,4/27/2018 3:47,1524800700,TWB_SM3,TWB_PCBA_SM3_TOP_FP,TWB_PCBA_TOP_FP9,1020,TWB_SM3,TWB_PCBA_PASTE_INSPECTION_TOP,PN-337126,00F15277,00F15277,PN-337126,00F15277,T27,,PROCESS,94474092,00F15277T-20180427033210,U4,1,G12,483,483,4.66,4.27,127,GOOD,GOOD,121.3137,171.8454,89.65527,0,0.9055,4/27/2018 7:35
4459,1020,FP9,TOP,4009211043,4/27/2018 3:47,1524800700,TWB_SM3,TWB_PCBA_SM3_TOP_FP,TWB_PCBA_TOP_FP9,1020,TWB_SM3,TWB_PCBA_PASTE_INSPECTION_TOP,PN-337126,00F15277,00F15277,PN-337126,00F15277,T27,,PROCESS,94474092,00F15277T-20180427033210,U4,1,J11,483,483,7.83,5.93,127,GOOD,GOOD,128.2247,171.6205,94.88691,0,0.9055,4/27/2018 7:35
4460,1020,FP9,TOP,4009211043,4/27/2018 3:47,1524800700,TWB_SM3,TWB_PCBA_SM3_TOP_FP,TWB_PCBA_TOP_FP9,1020,TWB_SM3,TWB_PCBA_PASTE_INSPECTION_TOP,PN-337126,00F15277,00F15277,PN-337126,00F15277,T27,,PROCESS,94474092,00F15277T-20180427033210,U4,1,J4,483,483,4.62,-1.37,127,GOOD,GOOD,119.1263,153.0172,98.87148,0,0.9055,4/27/2018 7:35
4461,1020,FP9,TOP,4009211043,4/27/2018 3:47,1524800700,TWB_SM3,TWB_PCBA_SM3_TOP_FP,TWB_PCBA_TOP_FP9,1020,TWB_SM3,TWB_PCBA_PASTE_INSPECTION_TOP,PN-337126,00F15277,00F15277,PN-337126,00F15277,T27,,PROCESS,94474092,00F15277T-20180427033210,U4,1,R16,483,483,0.99,-0.56,127,GOOD,GOOD,134.7629,182.6026,93.72748,0,0.9055,4/27/2018 7:35
4605,1020,FP9,TOP,4009211043,4/27/2018 3:47,1524800700,TWB_SM3,TWB_PCBA_SM3_TOP_FP,TWB_PCBA_TOP_FP9,1020,TWB_SM3,TWB_PCBA_PASTE_INSPECTION_TOP,PN-337126,00F15277,00F15277,PN-337126,00F15277,T27,,PROCESS,94474092,00F15277T-20180427033210,U4,1,H7,483,483,4.17,-7.24,127,GOOD,GOOD,118.9401,153.8772,98.16521,0,0.9055,4/27/2018 7:35
4615,1020,FP9,TOP,4009211043,4/27/2018 3:47,1524800700,TWB_SM3,TWB_PCBA_SM3_TOP_FP,TWB_PCBA_TOP_FP9,1020,TWB_SM3,TWB_PCBA_PASTE_INSPECTION_TOP,PN-337126,00F15277,00F15277,PN-337126,00F15277,T27,,PROCESS,94474092,00F15277T-20180427033210,U4,1,N11,483,483,-4.92,7.65,127,GOOD,GOOD,132.7608,171.5466,98.28595,0,0.9055,4/27/2018 7:35
4618,1020,FP9,TOP,4009211043,4/27/2018 3:47,1524800700,TWB_SM3,TWB_PCBA_SM3_TOP_FP,TWB_PCBA_TOP_FP9,1020,TWB_SM3,TWB_PCBA_PASTE_INSPECTION_TOP,PN-337126,00F15277,00F15277,PN-337126,00F15277,T27,,PROCESS,94474092,00F15277T-20180427033210,U4,1,G9,483,483,3.28,-10.28,127,GOOD,GOOD,125.1759,173.1,91.83906999999999,0,0.9055,4/27/2018 7:35
4669,1020,FP9,TOP,4009211043,4/27/2018 3:47,1524800700,TWB_SM3,TWB_PCBA_SM3_TOP_FP,TWB_PCBA_TOP_FP9,1020,TWB_SM3,TWB_PCBA_PASTE_INSPECTION_TOP,PN-337126,00F15277,00F15277,PN-337126,00F15277,T27,,PROCESS,94474092,00F15277T-20180427033210,U4,1,H4,483,483,-2.99,-1.79,127,GOOD,GOOD,118.1383,154.3298,97.21748000000001,0,0.9055,4/27/2018 7:35
4839,1020,FP9,TOP,4009211043,4/27/2018 3:47,1524800700,TWB_SM3,TWB_PCBA_SM3_TOP_FP,TWB_PCBA_TOP_FP9,1020,TWB_SM3,TWB_PCBA_PASTE_INSPECTION_TOP,PN-337126,00F15277,00F15277,PN-337126,00F15277,T27,,PROCESS,94474092,00F15277T-20180427033210,U4,1,G8,483,483,2.82,-8.47,127,GOOD,GOOD,110.602,155.6815,90.22559,0,0.9055,4/27/2018 7:35
4880,1020,FP9,TOP,4009211043,4/27/2018 3:47,1524800700,TWB_SM3,TWB_PCBA_SM3_TOP_FP,TWB_PCBA_TOP_FP9,1020,TWB_SM3,TWB_PCBA_PASTE_INSPECTION_TOP,PN-337126,00F15277,00F15277,PN-337126,00F15277,T27,,PROCESS,94474092,00F15277T-20180427033210,U4,1,M5,483,483,-10.47,-1.89,127,GOOD,GOOD,111.4732,157.322,89.98804,0,0.9055,4/27/2018 7:35
5037,1020,FP9,TOP,4009211043,4/27/2018 3:47,1524800700,TWB_SM3,TWB_PCBA_SM3_TOP_FP,TWB_PCBA_TOP_FP9,1020,TWB_SM3,TWB_PCBA_PASTE_INSPECTION_TOP,PN-337126,00F15277,00F15277,PN-337126,00F15277,T27,,PROCESS,94474092,00F15277T-20180427033210,U4,1,H14,483,483,7.37,0.06,127,GOOD,GOOD,142.2394,189.6877,95.23235,0,0.9055,4/27/2018 7:35
5043,1020,FP9,TOP,4009211043,4/27/2018 3:47,1524800700,TWB_SM3,TWB_PCBA_SM3_TOP_FP,TWB_PCBA_TOP_FP9,1020,TWB_SM3,TWB_PCBA_PASTE_INSPECTION_TOP,PN-337126,00F15277,00F15277,PN-337126,00F15277,T27,,PROCESS,94474092,00F15277T-20180427033210,U4,1,D9,483,483,-2.17,-12.58,127,GOOD,GOOD,121.9369,170.7482,90.69491,0,0.9055,4/27/2018 7:35
5073,1020,FP9,TOP,4009211043,4/27/2018 3:47,1524800700,TWB_SM3,TWB_PCBA_SM3_TOP_FP,TWB_PCBA_TOP_FP9,1020,TWB_SM3,TWB_PCBA_PASTE_INSPECTION_TOP,PN-337126,00F15277,00F15277,PN-337126,00F15277,T27,,PROCESS,94474092,00F15277T-20180427033210,U4,1,A16,483,483,-4.41,-6.57,127,GOOD,GOOD,136.292,189.929,91.13448000000001,0,0.9055,4/27/2018 7:35
5105,1020,FP9,TOP,4009211043,4/27/2018 3:47,1524800700,TWB_SM3,TWB_PCBA_SM3_TOP_FP,TWB_PCBA_TOP_FP9,1020,TWB_SM3,TWB_PCBA_PASTE_INSPECTION_TOP,PN-337126,00F15277,00F15277,PN-337126,00F15277,T27,,PROCESS,94474092,00F15277T-20180427033210,U4,1,K1,483,483,5.07,3.51,127,GOOD,GOOD,109.9443,147.1358,94.89828,0,0.9055,4/27/2018 7:35
5303,1020,FP9,TOP,4009211043,4/27/2018 3:47,1524800700,TWB_SM3,TWB_PCBA_SM3_TOP_FP,TWB_PCBA_TOP_FP9,1020,TWB_SM3,TWB_PCBA_PASTE_INSPECTION_TOP,PN-337126,00F15277,00F15277,PN-337126,00F15277,T27,,PROCESS,94474092,00F15277T-20180427033210,U4,1,D11,483,483,-1.25,3.79,127,GOOD,GOOD,128.7646,170.02599999999998,96.18005,0,0.9055,4/27/2018 7:35
5304,1020,FP9,TOP,4009211043,4/27/2018 3:47,1524800700,TWB_SM3,TWB_PCBA_SM3_TOP_FP,TWB_PCBA_TOP_FP9,1020,TWB_SM3,TWB_PCBA_PASTE_INSPECTION_TOP,PN-337126,00F15277,00F15277,PN-337126,00F15277,T27,,PROCESS,94474092,00F15277T-20180427033210,U4,1,L16,483,483,-6.27,-2.29,127,GOOD,GOOD,142.3207,192.5088,93.89043000000001,0,0.9055,4/27/2018 7:35
5408,1020,FP9,TOP,4009211043,4/27/2018 3:47,1524800700,TWB_SM3,TWB_PCBA_SM3_TOP_FP,TWB_PCBA_TOP_FP9,1020,TWB_SM3,TWB_PCBA_PASTE_INSPECTION_TOP,PN-337126,00F15277,00F15277,PN-337126,00F15277,T27,,PROCESS,94474092,00F15277T-20180427033210,U4,1,E6,483,483,-1.73,-7.71,127,GOOD,GOOD,109.2604,156.248,88.80797,0,0.9055,4/27/2018 7:35
5496,1020,FP9,TOP,4009211043,4/27/2018 3:47,1524800700,TWB_SM3,TWB_PCBA_SM3_TOP_FP,TWB_PCBA_TOP_FP9,1020,TWB_SM3,TWB_PCBA_PASTE_INSPECTION_TOP,PN-337126,00F15277,00F15277,PN-337126,00F15277,T27,,PROCESS,94474092,00F15277T-20180427033210,U4,1,F16,483,483,4.66,-4.42,127,GOOD,GOOD,136.29,181.4312,95.4016,0,0.9055,4/27/2018 7:35
5516,1020,FP9,TOP,4009211043,4/27/2018 3:47,1524800700,TWB_SM3,TWB_PCBA_SM3_TOP_FP,TWB_PCBA_TOP_FP9,1020,TWB_SM3,TWB_PCBA_PASTE_INSPECTION_TOP,PN-337126,00F15277,00F15277,PN-337126,00F15277,T27,,PROCESS,94474092,00F15277T-20180427033210,U4,1,J14,483,483,9.19,0.48,127,GOOD,GOOD,134.9241,174.8928,97.97634000000001,0,0.9055,4/27/2018 7:35
5517,1020,FP9,TOP,4009211043,4/27/2018 3:47,1524800700,TWB_SM3,TWB_PCBA_SM3_TOP_FP,TWB_PCBA_TOP_FP9,1020,TWB_SM3,TWB_PCBA_PASTE_INSPECTION_TOP,PN-337126,00F15277,00F15277,PN-337126,00F15277,T27,,PROCESS,94474092,00F15277T-20180427033210,U4,1,J7,483,483,5.99,-6.82,127,GOOD,GOOD,119.6035,160.1518,94.84532,0,0.9055,4/27/2018 7:35
5842,1020,FP9,TOP,4009211043,4/27/2018 3:47,1524800700,TWB_SM3,TWB_PCBA_SM3_TOP_FP,TWB_PCBA_TOP_FP9,1020,TWB_SM3,TWB_PCBA_PASTE_INSPECTION_TOP,PN-337126,00F15277,00F15277,PN-337126,00F15277,T27,,PROCESS,94474092,00F15277T-20180427033210,U4,1,L9,483,483,-9.47,-9.59,127,GOOD,GOOD,120.3692,168.9344,90.4901,0,0.9055,4/27/2018 7:35
5933,1020,FP9,TOP,4009211043,4/27/2018 3:47,1524800700,TWB_SM3,TWB_PCBA_SM3_TOP_FP,TWB_PCBA_TOP_FP9,1020,TWB_SM3,TWB_PCBA_PASTE_INSPECTION_TOP,PN-337126,00F15277,00F15277,PN-337126,00F15277,T27,,PROCESS,94474092,00F15277T-20180427033210,U4,1,M14,483,483,-5.37,1.79,127,GOOD,GOOD,140.0066,180.7558,98.36938,0,0.9055,4/27/2018 7:35
5938,1020,FP9,TOP,4009211043,4/27/2018 3:47,1524800700,TWB_SM3,TWB_PCBA_SM3_TOP_FP,TWB_PCBA_TOP_FP9,1020,TWB_SM3,TWB_PCBA_PASTE_INSPECTION_TOP,PN-337126,00F15277,00F15277,PN-337126,00F15277,T27,,PROCESS,94474092,00F15277T-20180427033210,U4,1,G3,483,483,0.53,0.6,127,GOOD,GOOD,115.0775,156.05100000000002,93.65428,0,0.9055,4/27/2018 7:35
6500,1020,FP9,TOP,4009211043,4/27/2018 3:47,1524800700,TWB_SM3,TWB_PCBA_SM3_TOP_FP,TWB_PCBA_TOP_FP9,1020,TWB_SM3,TWB_PCBA_PASTE_INSPECTION_TOP,PN-337126,00F15277,00F15277,PN-337126,00F15277,T27,,PROCESS,94474092,00F15277T-20180427033210,U4,1,H13,483,483,6.91,1.88,127,GOOD,GOOD,132.7435,175.7956,95.89791,0,0.9055,4/27/2018 7:35
6857,1020,FP9,TOP,4009211043,4/27/2018 3:47,1524800700,TWB_SM3,TWB_PCBA_SM3_TOP_FP,TWB_PCBA_TOP_FP9,1020,TWB_SM3,TWB_PCBA_PASTE_INSPECTION_TOP,PN-337126,00F15277,00F15277,PN-337126,00F15277,T27,,PROCESS,94474092,00F15277T-20180427033210,U4,1,C2,483,483,-7.18,-0.31,127,GOOD,GOOD,118.5231,151.878,99.10873000000001,0,0.9055,4/27/2018 7:35
7179,1020,FP9,TOP,4009211043,4/27/2018 3:47,1524800700,TWB_SM3,TWB_PCBA_SM3_TOP_FP,TWB_PCBA_TOP_FP9,1020,TWB_SM3,TWB_PCBA_PASTE_INSPECTION_TOP,PN-337126,00F15277,00F15277,PN-337126,00F15277,T27,,PROCESS,94474092,00F15277T-20180427033210,U4,1,A7,483,483,-9.36,-10.24,127,GOOD,GOOD,124.9016,154.2074,102.8647,0,0.9055,4/27/2018 7:35
7180,1020,FP9,TOP,4009211043,4/27/2018 3:47,1524800700,TWB_SM3,TWB_PCBA_SM3_TOP_FP,TWB_PCBA_TOP_FP9,1020,TWB_SM3,TWB_PCBA_PASTE_INSPECTION_TOP,PN-337126,00F15277,00F15277,PN-337126,00F15277,T27,,PROCESS,94474092,00F15277T-20180427033210,U4,1,L11,483,483,-8.55,6.79,127,GOOD,GOOD,125.9783,161.9593,98.78556,0,0.9055,4/27/2018 7:35
7181,1020,FP9,TOP,4009211043,4/27/2018 3:47,1524800700,TWB_SM3,TWB_PCBA_SM3_TOP_FP,TWB_PCBA_TOP_FP9,1020,TWB_SM3,TWB_PCBA_PASTE_INSPECTION_TOP,PN-337126,00F15277,00F15277,PN-337126,00F15277,T27,,PROCESS,94474092,00F15277T-20180427033210,U4,1,T16,483,483,2.81,-0.12,127,GOOD,GOOD,137.0295,178.5264,97.47995,0,0.9055,4/27/2018 7:35
7200,1020,FP9,TOP,4009211043,4/27/2018 3:47,1524800700,TWB_SM3,TWB_PCBA_SM3_TOP_FP,TWB_PCBA_TOP_FP9,1020,TWB_SM3,TWB_PCBA_PASTE_INSPECTION_TOP,PN-337126,00F15277,00F15277,PN-337126,00F15277,T27,,PROCESS,94474092,00F15277T-20180427033210,U4,1,N12,483,483,-4.46,5.84,127,GOOD,GOOD,130.8523,180.4067,92.11542,0,0.9055,4/27/2018 7:35
7260,1020,FP9,TOP,4009211043,4/27/2018 3:47,1524800700,TWB_SM3,TWB_PCBA_SM3_TOP_FP,TWB_PCBA_TOP_FP9,1020,TWB_SM3,TWB_PCBA_PASTE_INSPECTION_TOP,PN-337126,00F15277,00F15277,PN-337126,00F15277,T27,,PROCESS,94474092,00F15277T-20180427033210,U4,1,N9,483,483,-5.84,-8.72,127,GOOD,GOOD,125.616,171.56099999999998,92.98866,0,0.9055,4/27/2018 7:35
7346,1020,FP9,TOP,4009211043,4/27/2018 3:47,1524800700,TWB_SM3,TWB_PCBA_SM3_TOP_FP,TWB_PCBA_TOP_FP9,1020,TWB_SM3,TWB_PCBA_PASTE_INSPECTION_TOP,PN-337126,00F15277,00F15277,PN-337126,00F15277,T27,,PROCESS,94474092,00F15277T-20180427033210,U4,1,N10,483,483,-6.38,-10.54,127,GOOD,GOOD,122.3596,169.4065,91.73006,0,0.9055,4/27/2018 7:35
7385,1020,FP9,TOP,4009211043,4/27/2018 3:47,1524800700,TWB_SM3,TWB_PCBA_SM3_TOP_FP,TWB_PCBA_TOP_FP9,1020,TWB_SM3,TWB_PCBA_PASTE_INSPECTION_TOP,PN-337126,00F15277,00F15277,PN-337126,00F15277,T27,,PROCESS,94474092,00F15277T-20180427033210,U4,1,P8,483,483,-4.48,-6.47,127,GOOD,GOOD,114.5674,170.1679,85.50415,0,0.9055,4/27/2018 7:35
7392,1020,FP9,TOP,4009211043,4/27/2018 3:47,1524800700,TWB_SM3,TWB_PCBA_SM3_TOP_FP,TWB_PCBA_TOP_FP9,1020,TWB_SM3,TWB_PCBA_PASTE_INSPECTION_TOP,PN-337126,00F15277,00F15277,PN-337126,00F15277,T27,,PROCESS,94474092,00F15277T-20180427033210,U4,1,B9,483,483,-5.79,6.56,127,GOOD,GOOD,131.3326,169.5893,98.35075,0,0.9055,4/27/2018 7:35
7428,1020,FP9,TOP,4009211043,4/27/2018 3:47,1524800700,TWB_SM3,TWB_PCBA_SM3_TOP_FP,TWB_PCBA_TOP_FP9,1020,TWB_SM3,TWB_PCBA_PASTE_INSPECTION_TOP,PN-337126,00F15277,00F15277,PN-337126,00F15277,T27,,PROCESS,94474092,00F15277T-20180427033210,U4,1,E11,483,483,0.57,3.22,127,GOOD,GOOD,125.2758,163.8498,97.10126,0,0.9055,4/27/2018 7:35
7429,1020,FP9,TOP,4009211043,4/27/2018 3:47,1524800700,TWB_SM3,TWB_PCBA_SM3_TOP_FP,TWB_PCBA_TOP_FP9,1020,TWB_SM3,TWB_PCBA_PASTE_INSPECTION_TOP,PN-337126,00F15277,00F15277,PN-337126,00F15277,T27,,PROCESS,94474092,00F15277T-20180427033210,U4,1,M16,483,483,-4.45,-1.84,127,GOOD,GOOD,142.9799,191.9209,94.61418,0,0.9055,4/27/2018 7:35
7467,1020,FP9,TOP,4009211043,4/27/2018 3:47,1524800700,TWB_SM3,TWB_PCBA_SM3_TOP_FP,TWB_PCBA_TOP_FP9,1020,TWB_SM3,TWB_PCBA_PASTE_INSPECTION_TOP,PN-337126,00F15277,00F15277,PN-337126,00F15277,T27,,PROCESS,94474092,00F15277T-20180427033210,U4,1,D3,483,483,-4.91,-1.7,127,GOOD,GOOD,113.1463,152.4843,94.23648,0,0.9055,4/27/2018 7:35
7558,1020,FP9,TOP,4009211043,4/27/2018 3:47,1524800700,TWB_SM3,TWB_PCBA_SM3_TOP_FP,TWB_PCBA_TOP_FP9,1020,TWB_SM3,TWB_PCBA_PASTE_INSPECTION_TOP,PN-337126,00F15277,00F15277,PN-337126,00F15277,T27,,PROCESS,94474092,00F15277T-20180427033210,U4,1,B1,483,483,-9.45,1.07,127,GOOD,GOOD,112.8382,154.8789,92.52682,0,0.9055,4/27/2018 7:35
7763,1020,FP9,TOP,4009211043,4/27/2018 3:47,1524800700,TWB_SM3,TWB_PCBA_SM3_TOP_FP,TWB_PCBA_TOP_FP9,1020,TWB_SM3,TWB_PCBA_PASTE_INSPECTION_TOP,PN-337126,00F15277,00F15277,PN-337126,00F15277,T27,,PROCESS,94474092,00F15277T-20180427033210,U4,1,G4,483,483,0.99,-1.21,127,GOOD,GOOD,113.6813,149.9485,96.2832,0,0.9055,4/27/2018 7:35
7829,1020,FP9,TOP,4009211043,4/27/2018 3:47,1524800700,TWB_SM3,TWB_PCBA_SM3_TOP_FP,TWB_PCBA_TOP_FP9,1020,TWB_SM3,TWB_PCBA_PASTE_INSPECTION_TOP,PN-337126,00F15277,00F15277,PN-337126,00F15277,T27,,PROCESS,94474092,00F15277T-20180427033210,U4,1,H8,483,483,4.63,-9.05,127,GOOD,GOOD,121.3011,158.7641,97.03226,0,0.9055,4/27/2018 7:35
7835,1020,FP9,TOP,4009211043,4/27/2018 3:47,1524800700,TWB_SM3,TWB_PCBA_SM3_TOP_FP,TWB_PCBA_TOP_FP9,1020,TWB_SM3,TWB_PCBA_PASTE_INSPECTION_TOP,PN-337126,00F15277,00F15277,PN-337126,00F15277,T27,,PROCESS,94474092,00F15277T-20180427033210,U4,1,A12,483,483,-6.23,0.69,127,GOOD,GOOD,124.2266,165.6215,95.25802,0,0.9055,4/27/2018 7:35
7950,1020,FP9,TOP,4009211043,4/27/2018 3:47,1524800700,TWB_SM3,TWB_PCBA_SM3_TOP_FP,TWB_PCBA_TOP_FP9,1020,TWB_SM3,TWB_PCBA_PASTE_INSPECTION_TOP,PN-337126,00F15277,00F15277,PN-337126,00F15277,T27,,PROCESS,94474092,00F15277T-20180427033210,U4,1,M8,483,483,-8.11,-7.33,127,GOOD,GOOD,117.2766,162.0876,91.88939,0,0.9055,4/27/2018 7:35
8202,1020,FP9,TOP,4009211043,4/27/2018 3:47,1524800700,TWB_SM3,TWB_PCBA_SM3_TOP_FP,TWB_PCBA_TOP_FP9,1020,TWB_SM3,TWB_PCBA_PASTE_INSPECTION_TOP,PN-337126,00F15277,00F15277,PN-337126,00F15277,T27,,PROCESS,94474092,00F15277T-20180427033210,U4,1,C5,483,483,-7.63,-5.76,127,GOOD,GOOD,125.4986,162.2683,98.22198,0,0.9055,4/27/2018 7:35
8390,1020,FP9,TOP,4009211043,4/27/2018 3:47,1524800700,TWB_SM3,TWB_PCBA_SM3_TOP_FP,TWB_PCBA_TOP_FP9,1020,TWB_SM3,TWB_PCBA_PASTE_INSPECTION_TOP,PN-337126,00F15277,00F15277,PN-337126,00F15277,T27,,PROCESS,94474092,00F15277T-20180427033210,U4,1,L6,483,483,8.33,-4.14,127,GOOD,GOOD,118.9846,158.2282,95.50158,0,0.9055,4/27/2018 7:35
8560,1020,FP9,TOP,4009211043,4/27/2018 3:47,1524800700,TWB_SM3,TWB_PCBA_SM3_TOP_FP,TWB_PCBA_TOP_FP9,1020,TWB_SM3,TWB_PCBA_PASTE_INSPECTION_TOP,PN-337126,00F15277,00F15277,PN-337126,00F15277,T27,,PROCESS,94474092,00F15277T-20180427033210,U4,1,P14,483,483,-1.74,2.65,127,GOOD,GOOD,136.9805,184.4611,94.30996999999999,0,0.9055,4/27/2018 7:35
8989,1020,FP9,TOP,4009211043,4/27/2018 3:47,1524800700,TWB_SM3,TWB_PCBA_SM3_TOP_FP,TWB_PCBA_TOP_FP9,1020,TWB_SM3,TWB_PCBA_PASTE_INSPECTION_TOP,PN-337126,00F15277,00F15277,PN-337126,00F15277,T27,,PROCESS,94474092,00F15277T-20180427033210,U4,1,N1,483,483,-9.5,5.79,127,GOOD,GOOD,112.4207,157.1839,90.83267,0,0.9055,4/27/2018 7:35
9065,1020,FP9,TOP,4009211043,4/27/2018 3:47,1524800700,TWB_SM3,TWB_PCBA_SM3_TOP_FP,TWB_PCBA_TOP_FP9,1020,TWB_SM3,TWB_PCBA_PASTE_INSPECTION_TOP,PN-337126,00F15277,00F15277,PN-337126,00F15277,T27,,PROCESS,94474092,00F15277T-20180427033210,U4,1,P3,483,483,-6.76,2.6,127,GOOD,GOOD,115.9477,160.1083,91.97125,0,0.9055,4/27/2018 7:35
9087,1020,FP9,TOP,4009211043,4/27/2018 3:47,1524800700,TWB_SM3,TWB_PCBA_SM3_TOP_FP,TWB_PCBA_TOP_FP9,1020,TWB_SM3,TWB_PCBA_PASTE_INSPECTION_TOP,PN-337126,00F15277,00F15277,PN-337126,00F15277,T27,,PROCESS,94474092,00F15277T-20180427033210,U4,1,R9,483,483,-2.21,-7.86,127,GOOD,GOOD,126.7168,175.1692,91.87138,0,0.9055,4/27/2018 7:35
9120,1020,FP9,TOP,4009211043,4/27/2018 3:47,1524800700,TWB_SM3,TWB_PCBA_SM3_TOP_FP,TWB_PCBA_TOP_FP9,1020,TWB_SM3,TWB_PCBA_PASTE_INSPECTION_TOP,PN-337126,00F15277,00F15277,PN-337126,00F15277,T27,,PROCESS,94474092,00F15277T-20180427033210,U4,1,F5,483,483,-1.36,-4.47,127,GOOD,GOOD,111.3374,154.8055,91.33939000000001,0,0.9055,4/27/2018 7:35
9364,1020,FP9,TOP,4009211043,4/27/2018 3:47,1524800700,TWB_SM3,TWB_PCBA_SM3_TOP_FP,TWB_PCBA_TOP_FP9,1020,TWB_SM3,TWB_PCBA_PASTE_INSPECTION_TOP,PN-337126,00F15277,00F15277,PN-337126,00F15277,T27,,PROCESS,94474092,00F15277T-20180427033210,U4,1,K11,483,483,9.64,5.37,127,GOOD,GOOD,128.1253,174.6615,93.16259000000001,0,0.9055,4/27/2018 7:35
9728,1020,FP9,TOP,4009211043,4/27/2018 3:47,1524800700,TWB_SM3,TWB_PCBA_SM3_TOP_FP,TWB_PCBA_TOP_FP9,1020,TWB_SM3,TWB_PCBA_PASTE_INSPECTION_TOP,PN-337126,00F15277,00F15277,PN-337126,00F15277,T27,,PROCESS,94474092,00F15277T-20180427033210,U4,1,B10,483,483,-6.33,4.74,127,GOOD,GOOD,126.7812,166.99599999999998,96.41679,0,0.9055,4/27/2018 7:35
9729,1020,FP9,TOP,4009211043,4/27/2018 3:47,1524800700,TWB_SM3,TWB_PCBA_SM3_TOP_FP,TWB_PCBA_TOP_FP9,1020,TWB_SM3,TWB_PCBA_PASTE_INSPECTION_TOP,PN-337126,00F15277,00F15277,PN-337126,00F15277,T27,,PROCESS,94474092,00F15277T-20180427033210,U4,1,J15,483,483,8.65,-1.33,127,GOOD,GOOD,134.0519,182.8333,93.11537,0,0.9055,4/27/2018 7:35
9730,1020,FP9,TOP,4009211043,4/27/2018 3:47,1524800700,TWB_SM3,TWB_PCBA_SM3_TOP_FP,TWB_PCBA_TOP_FP9,1020,TWB_SM3,TWB_PCBA_PASTE_INSPECTION_TOP,PN-337126,00F15277,00F15277,PN-337126,00F15277,T27,,PROCESS,94474092,00F15277T-20180427033210,U4,1,J8,483,483,6.45,-8.63,127,GOOD,GOOD,123.7582,163.9831,95.84702,0,0.9055,4/27/2018 7:35
9756,1020,FP9,TOP,4009211043,4/27/2018 3:47,1524800700,TWB_SM3,TWB_PCBA_SM3_TOP_FP,TWB_PCBA_TOP_FP9,1020,TWB_SM3,TWB_PCBA_PASTE_INSPECTION_TOP,PN-337126,00F15277,00F15277,PN-337126,00F15277,T27,,PROCESS,94474092,00F15277T-20180427033210,U4,1,L8,483,483,-9.93,-7.77,127,GOOD,GOOD,113.9109,153.59,94.19028,0,0.9055,4/27/2018 7:35
9831,1020,FP9,TOP,4009211043,4/27/2018 3:47,1524800700,TWB_SM3,TWB_PCBA_SM3_TOP_FP,TWB_PCBA_TOP_FP9,1020,TWB_SM3,TWB_PCBA_PASTE_INSPECTION_TOP,PN-337126,00F15277,00F15277,PN-337126,00F15277,T27,,PROCESS,94474092,00F15277T-20180427033210,U4,1,C3,483,483,-6.72,-2.13,127,GOOD,GOOD,116.5133,154.3403,95.8738,0,0.9055,4/27/2018 7:35
9861,1020,FP9,TOP,4009211043,4/27/2018 3:47,1524800700,TWB_SM3,TWB_PCBA_SM3_TOP_FP,TWB_PCBA_TOP_FP9,1020,TWB_SM3,TWB_PCBA_PASTE_INSPECTION_TOP,PN-337126,00F15277,00F15277,PN-337126,00F15277,T27,,PROCESS,94474092,00F15277T-20180427033210,U4,1,D13,483,483,-2.0,0.16,127,GOOD,GOOD,134.7283,169.8725,100.7255,0,0.9055,4/27/2018 7:35
9987,1020,FP9,TOP,4009211043,4/27/2018 3:47,1524800700,TWB_SM3,TWB_PCBA_SM3_TOP_FP,TWB_PCBA_TOP_FP9,1020,TWB_SM3,TWB_PCBA_PASTE_INSPECTION_TOP,PN-337126,00F15277,00F15277,PN-337126,00F15277,T27,,PROCESS,94474092,00F15277T-20180427033210,U4,1,C1,483,483,-7.64,1.5,127,GOOD,GOOD,113.3239,152.6454,94.28474,0,0.9055,4/27/2018 7:35
10039,1020,FP9,TOP,4009211043,4/27/2018 3:47,1524800700,TWB_SM3,TWB_PCBA_SM3_TOP_FP,TWB_PCBA_TOP_FP9,1020,TWB_SM3,TWB_PCBA_PASTE_INSPECTION_TOP,PN-337126,00F15277,00F15277,PN-337126,00F15277,T27,,PROCESS,94474092,00F15277T-20180427033210,U4,1,G13,483,483,0.12,2.46,127,GOOD,GOOD,137.5277,177.22799999999998,98.5511,0,0.9055,4/27/2018 7:35
10179,1020,FP9,TOP,4009211043,4/27/2018 3:47,1524800700,TWB_SM3,TWB_PCBA_SM3_TOP_FP,TWB_PCBA_TOP_FP9,1020,TWB_SM3,TWB_PCBA_PASTE_INSPECTION_TOP,PN-337126,00F15277,00F15277,PN-337126,00F15277,T27,,PROCESS,94474092,00F15277T-20180427033210,U4,1,F8,483,483,1.0,-9.91,127,GOOD,GOOD,106.7638,144.3495,93.93173,0,0.9055,4/27/2018 7:35
10182,1020,FP9,TOP,4009211043,4/27/2018 3:47,1524800700,TWB_SM3,TWB_PCBA_SM3_TOP_FP,TWB_PCBA_TOP_FP9,1020,TWB_SM3,TWB_PCBA_PASTE_INSPECTION_TOP,PN-337126,00F15277,00F15277,PN-337126,00F15277,T27,,PROCESS,94474092,00F15277T-20180427033210,U4,1,G6,483,483,1.89,-4.84,127,GOOD,GOOD,113.2097,148.0921,97.08575,0,0.9055,4/27/2018 7:35
10367,1020,FP9,TOP,4009211043,4/27/2018 3:47,1524800700,TWB_SM3,TWB_PCBA_SM3_TOP_FP,TWB_PCBA_TOP_FP9,1020,TWB_SM3,TWB_PCBA_PASTE_INSPECTION_TOP,PN-337126,00F15277,00F15277,PN-337126,00F15277,T27,,PROCESS,94474092,00F15277T-20180427033210,U4,1,E3,483,483,-3.09,-2.27,127,GOOD,GOOD,112.5527,148.8095,96.05702,0,0.9055,4/27/2018 7:35
10372,1020,FP9,TOP,4009211043,4/27/2018 3:47,1524800700,TWB_SM3,TWB_PCBA_SM3_TOP_FP,TWB_PCBA_TOP_FP9,1020,TWB_SM3,TWB_PCBA_PASTE_INSPECTION_TOP,PN-337126,00F15277,00F15277,PN-337126,00F15277,T27,,PROCESS,94474092,00F15277T-20180427033210,U4,1,P2,483,483,-7.22,4.42,127,GOOD,GOOD,107.3108,148.4412,91.81054,0,0.9055,4/27/2018 7:35
10429,1020,FP9,TOP,4009211043,4/27/2018 3:47,1524800700,TWB_SM3,TWB_PCBA_SM3_TOP_FP,TWB_PCBA_TOP_FP9,1020,TWB_SM3,TWB_PCBA_PASTE_INSPECTION_TOP,PN-337126,00F15277,00F15277,PN-337126,00F15277,T27,,PROCESS,94474092,00F15277T-20180427033210,U4,1,K12,483,483,10.1,3.56,127,GOOD,GOOD,128.237,173.2448,94.00624,0,0.9055,4/27/2018 7:35
10478,1020,FP9,TOP,4009211043,4/27/2018 3:47,1524800700,TWB_SM3,TWB_PCBA_SM3_TOP_FP,TWB_PCBA_TOP_FP9,1020,TWB_SM3,TWB_PCBA_PASTE_INSPECTION_TOP,PN-337126,00F15277,00F15277,PN-337126,00F15277,T27,,PROCESS,94474092,00F15277T-20180427033210,U4,1,J1,483,483,3.25,4.07,127,GOOD,GOOD,103.7885,140.9008,93.54907,0,0.9055,4/27/2018 7:35
10479,1020,FP9,TOP,4009211043,4/27/2018 3:47,1524800700,TWB_SM3,TWB_PCBA_SM3_TOP_FP,TWB_PCBA_TOP_FP9,1020,TWB_SM3,TWB_PCBA_PASTE_INSPECTION_TOP,PN-337126,00F15277,00F15277,PN-337126,00F15277,T27,,PROCESS,94474092,00F15277T-20180427033210,U4,1,R13,483,483,-0.39,4.88,127,GOOD,GOOD,135.3429,177.9178,96.60951,0,0.9055,4/27/2018 7:35
10565,1020,FP9,TOP,4009211043,4/27/2018 3:47,1524800700,TWB_SM3,TWB_PCBA_SM3_TOP_FP,TWB_PCBA_TOP_FP9,1020,TWB_SM3,TWB_PCBA_PASTE_INSPECTION_TOP,PN-337126,00F15277,00F15277,PN-337126,00F15277,T27,,PROCESS,94474092,00F15277T-20180427033210,U4,1,N14,483,483,-3.56,2.2,127,GOOD,GOOD,145.2564,190.2869,96.94605,0,0.9055,4/27/2018 7:35
10574,1020,FP9,TOP,4009211043,4/27/2018 3:47,1524800700,TWB_SM3,TWB_PCBA_SM3_TOP_FP,TWB_PCBA_TOP_FP9,1020,TWB_SM3,TWB_PCBA_PASTE_INSPECTION_TOP,PN-337126,00F15277,00F15277,PN-337126,00F15277,T27,,PROCESS,94474092,00F15277T-20180427033210,U4,1,G14,483,483,5.56,0.64,127,GOOD,GOOD,136.3865,188.1886,92.04115,0,0.9055,4/27/2018 7:35
10631,1020,FP9,TOP,4009211043,4/27/2018 3:47,1524800700,TWB_SM3,TWB_PCBA_SM3_TOP_FP,TWB_PCBA_TOP_FP9,1020,TWB_SM3,TWB_PCBA_PASTE_INSPECTION_TOP,PN-337126,00F15277,00F15277,PN-337126,00F15277,T27,,PROCESS,94474092,00F15277T-20180427033210,U4,1,A6,483,483,-8.99,-8.43,127,GOOD,GOOD,119.3369,161.2568,93.98544,0,0.9055,4/27/2018 7:35
10632,1020,FP9,TOP,4009211043,4/27/2018 3:47,1524800700,TWB_SM3,TWB_PCBA_SM3_TOP_FP,TWB_PCBA_TOP_FP9,1020,TWB_SM3,TWB_PCBA_PASTE_INSPECTION_TOP,PN-337126,00F15277,00F15277,PN-337126,00F15277,T27,,PROCESS,94474092,00F15277T-20180427033210,U4,1,L10,483,483,-10.0,-11.4,127,GOOD,GOOD,126.0791,161.4207,99.19451,0,0.9055,4/27/2018 7:35
10633,1020,FP9,TOP,4009211043,4/27/2018 3:47,1524800700,TWB_SM3,TWB_PCBA_SM3_TOP_FP,TWB_PCBA_TOP_FP9,1020,TWB_SM3,TWB_PCBA_PASTE_INSPECTION_TOP,PN-337126,00F15277,00F15277,PN-337126,00F15277,T27,,PROCESS,94474092,00F15277T-20180427033210,U4,1,T15,483,483,1.35,1.69,127,GOOD,GOOD,133.10299999999998,181.7333,93.01590999999999,0,0.9055,4/27/2018 7:35
10701,1020,FP9,TOP,4009211043,4/27/2018 3:47,1524800700,TWB_SM3,TWB_PCBA_SM3_TOP_FP,TWB_PCBA_TOP_FP9,1020,TWB_SM3,TWB_PCBA_PASTE_INSPECTION_TOP,PN-337126,00F15277,00F15277,PN-337126,00F15277,T27,,PROCESS,94474092,00F15277T-20180427033210,U4,1,N6,483,483,-10.53,-3.28,127,GOOD,GOOD,127.4697,164.4148,98.46228,0,0.9055,4/27/2018 7:35
10711,1020,FP9,TOP,4009211043,4/27/2018 3:47,1524800700,TWB_SM3,TWB_PCBA_SM3_TOP_FP,TWB_PCBA_TOP_FP9,1020,TWB_SM3,TWB_PCBA_PASTE_INSPECTION_TOP,PN-337126,00F15277,00F15277,PN-337126,00F15277,T27,,PROCESS,94474092,00F15277T-20180427033210,U4,1,K4,483,483,3.12,-1.93,127,GOOD,GOOD,119.5135,155.1587,97.82387,0,0.9055,4/27/2018 7:35
10911,1020,FP9,TOP,4009211043,4/27/2018 3:47,1524800700,TWB_SM3,TWB_PCBA_SM3_TOP_FP,TWB_PCBA_TOP_FP9,1020,TWB_SM3,TWB_PCBA_PASTE_INSPECTION_TOP,PN-337126,00F15277,00F15277,PN-337126,00F15277,T27,,PROCESS,94474092,00F15277T-20180427033210,U4,1,H9,483,483,1.78,-10.87,127,GOOD,GOOD,127.7417,162.1077,100.0767,0,0.9055,4/27/2018 7:35
11204,1020,FP9,TOP,4009211043,4/27/2018 3:47,1524800700,TWB_SM3,TWB_PCBA_SM3_TOP_FP,TWB_PCBA_TOP_FP9,1020,TWB_SM3,TWB_PCBA_PASTE_INSPECTION_TOP,PN-337126,00F15277,00F15277,PN-337126,00F15277,T27,,PROCESS,94474092,00F15277T-20180427033210,U4,1,L3,483,483,7.79,1.3,127,GOOD,GOOD,115.9936,153.8498,95.75043000000001,0,0.9055,4/27/2018 7:35
11210,1020,FP9,TOP,4009211043,4/27/2018 3:47,1524800700,TWB_SM3,TWB_PCBA_SM3_TOP_FP,TWB_PCBA_TOP_FP9,1020,TWB_SM3,TWB_PCBA_PASTE_INSPECTION_TOP,PN-337126,00F15277,00F15277,PN-337126,00F15277,T27,,PROCESS,94474092,00F15277T-20180427033210,U4,1,J13,483,483,8.73,2.3,127,GOOD,GOOD,151.4482,206.1489,93.30109,0,0.9055,4/27/2018 7:35
11211,1020,FP9,TOP,4009211043,4/27/2018 3:47,1524800700,TWB_SM3,TWB_PCBA_SM3_TOP_FP,TWB_PCBA_TOP_FP9,1020,TWB_SM3,TWB_PCBA_PASTE_INSPECTION_TOP,PN-337126,00F15277,00F15277,PN-337126,00F15277,T27,,PROCESS,94474092,00F15277T-20180427033210,U4,1,J6,483,483,-2.75,-5.0,127,GOOD,GOOD,121.1568,152.1072,101.1583,0,0.9055,4/27/2018 7:35
11434,1020,FP9,TOP,4009211043,4/27/2018 3:47,1524800700,TWB_SM3,TWB_PCBA_SM3_TOP_FP,TWB_PCBA_TOP_FP9,1020,TWB_SM3,TWB_PCBA_PASTE_INSPECTION_TOP,PN-337126,00F15277,00F15277,PN-337126,00F15277,T27,,PROCESS,94474092,00F15277T-20180427033210,U4,1,D5,483,483,-4.99,-5.33,127,GOOD,GOOD,112.3868,145.6116,98.02193,0,0.9055,4/27/2018 7:35
11535,1020,FP9,TOP,4009211043,4/27/2018 3:47,1524800700,TWB_SM3,TWB_PCBA_SM3_TOP_FP,TWB_PCBA_TOP_FP9,1020,TWB_SM3,TWB_PCBA_PASTE_INSPECTION_TOP,PN-337126,00F15277,00F15277,PN-337126,00F15277,T27,,PROCESS,94474092,00F15277T-20180427033210,U4,1,L2,483,483,7.34,3.12,127,GOOD,GOOD,107.9514,147.9478,92.66666,0,0.9055,4/27/2018 7:35
11633,1020,FP9,TOP,4009211043,4/27/2018 3:47,1524800700,TWB_SM3,TWB_PCBA_SM3_TOP_FP,TWB_PCBA_TOP_FP9,1020,TWB_SM3,TWB_PCBA_PASTE_INSPECTION_TOP,PN-337126,00F15277,00F15277,PN-337126,00F15277,T27,,PROCESS,94474092,00F15277T-20180427033210,U4,1,F12,483,483,2.84,2.83,127,GOOD,GOOD,120.3011,161.3127,94.71193000000001,0,0.9055,4/27/2018 7:35
11658,1020,FP9,TOP,4009211043,4/27/2018 3:47,1524800700,TWB_SM3,TWB_PCBA_SM3_TOP_FP,TWB_PCBA_TOP_FP9,1020,TWB_SM3,TWB_PCBA_PASTE_INSPECTION_TOP,PN-337126,00F15277,00F15277,PN-337126,00F15277,T27,,PROCESS,94474092,00F15277T-20180427033210,U4,1,M12,483,483,-6.27,5.42,127,GOOD,GOOD,124.9489,159.6598,99.38953000000001,0,0.9055,4/27/2018 7:35
11665,1020,FP9,TOP,4009211043,4/27/2018 3:47,1524800700,TWB_SM3,TWB_PCBA_SM3_TOP_FP,TWB_PCBA_TOP_FP9,1020,TWB_SM3,TWB_PCBA_PASTE_INSPECTION_TOP,PN-337126,00F15277,00F15277,PN-337126,00F15277,T27,,PROCESS,94474092,00F15277T-20180427033210,U4,1,M6,483,483,-9.03,-3.7,127,GOOD,GOOD,122.6689,154.9663,100.5312,0,0.9055,4/27/2018 7:35
12176,1020,FP9,TOP,4009211043,4/27/2018 3:47,1524800700,TWB_SM3,TWB_PCBA_SM3_TOP_FP,TWB_PCBA_TOP_FP9,1020,TWB_SM3,TWB_PCBA_PASTE_INSPECTION_TOP,PN-337126,00F15277,00F15277,PN-337126,00F15277,T27,,PROCESS,94474092,00F15277T-20180427033210,U4,1,E16,483,483,2.85,-5.85,127,GOOD,GOOD,154.4568,205.4089,95.49738,0,0.9055,4/27/2018 7:35
12314,1020,FP9,TOP,4009211043,4/27/2018 3:47,1524800700,TWB_SM3,TWB_PCBA_SM3_TOP_FP,TWB_PCBA_TOP_FP9,1020,TWB_SM3,TWB_PCBA_PASTE_INSPECTION_TOP,PN-337126,00F15277,00F15277,PN-337126,00F15277,T27,,PROCESS,94474092,00F15277T-20180427033210,U4,1,D10,483,483,-2.71,5.6,127,GOOD,GOOD,124.3819,167.2819,94.43043,0,0.9055,4/27/2018 7:35
12315,1020,FP9,TOP,4009211043,4/27/2018 3:47,1524800700,TWB_SM3,TWB_PCBA_SM3_TOP_FP,TWB_PCBA_TOP_FP9,1020,TWB_SM3,TWB_PCBA_PASTE_INSPECTION_TOP,PN-337126,00F15277,00F15277,PN-337126,00F15277,T27,,PROCESS,94474092,00F15277T-20180427033210,U4,1,L15,483,483,-7.73,-0.47,127,GOOD,GOOD,142.0623,196.49,91.82104,0,0.9055,4/27/2018 7:35
12332,1020,FP9,TOP,4009211043,4/27/2018 3:47,1524800700,TWB_SM3,TWB_PCBA_SM3_TOP_FP,TWB_PCBA_TOP_FP9,1020,TWB_SM3,TWB_PCBA_PASTE_INSPECTION_TOP,PN-337126,00F15277,00F15277,PN-337126,00F15277,T27,,PROCESS,94474092,00F15277T-20180427033210,U4,1,R10,483,483,-2.75,-9.68,127,GOOD,GOOD,119.0074,166.0856,91.00092,0,0.9055,4/27/2018 7:35
12435,1020,FP9,TOP,4009211043,4/27/2018 3:47,1524800700,TWB_SM3,TWB_PCBA_SM3_TOP_FP,TWB_PCBA_TOP_FP9,1020,TWB_SM3,TWB_PCBA_PASTE_INSPECTION_TOP,PN-337126,00F15277,00F15277,PN-337126,00F15277,T27,,PROCESS,94474092,00F15277T-20180427033210,U4,1,E9,483,483,-0.35,-13.15,127,GOOD,GOOD,121.1352,171.1293,89.89796,0,0.9055,4/27/2018 7:35
12538,1020,FP9,TOP,4009211043,4/27/2018 3:47,1524800700,TWB_SM3,TWB_PCBA_SM3_TOP_FP,TWB_PCBA_TOP_FP9,1020,TWB_SM3,TWB_PCBA_PASTE_INSPECTION_TOP,PN-337126,00F15277,00F15277,PN-337126,00F15277,T27,,PROCESS,94474092,00F15277T-20180427033210,U4,1,H11,483,483,6.01,5.51,127,GOOD,GOOD,123.7053,169.3551,92.76700000000001,0,0.9055,4/27/2018 7:35
12539,1020,FP9,TOP,4009211043,4/27/2018 3:47,1524800700,TWB_SM3,TWB_PCBA_SM3_TOP_FP,TWB_PCBA_TOP_FP9,1020,TWB_SM3,TWB_PCBA_PASTE_INSPECTION_TOP,PN-337126,00F15277,00F15277,PN-337126,00F15277,T27,,PROCESS,94474092,00F15277T-20180427033210,U4,1,P16,483,483,-0.82,-0.98,127,GOOD,GOOD,133.9892,190.9293,89.12525,0,0.9055,4/27/2018 7:35
12572,1020,FP9,TOP,4009211043,4/27/2018 3:47,1524800700,TWB_SM3,TWB_PCBA_SM3_TOP_FP,TWB_PCBA_TOP_FP9,1020,TWB_SM3,TWB_PCBA_PASTE_INSPECTION_TOP,PN-337126,00F15277,00F15277,PN-337126,00F15277,T27,,PROCESS,94474092,00F15277T-20180427033210,U4,1,N13,483,483,-4.02,4.02,127,GOOD,GOOD,135.8827,192.7018,89.55343,0,0.9055,4/27/2018 7:35
12658,1020,FP9,TOP,4009211043,4/27/2018 3:47,1524800700,TWB_SM3,TWB_PCBA_SM3_TOP_FP,TWB_PCBA_TOP_FP9,1020,TWB_SM3,TWB_PCBA_PASTE_INSPECTION_TOP,PN-337126,00F15277,00F15277,PN-337126,00F15277,T27,,PROCESS,94474092,00F15277T-20180427033210,U4,1,E10,483,483,-0.89,5.03,127,GOOD,GOOD,115.4852,159.8343,91.76141,0,0.9055,4/27/2018 7:35
12659,1020,FP9,TOP,4009211043,4/27/2018 3:47,1524800700,TWB_SM3,TWB_PCBA_SM3_TOP_FP,TWB_PCBA_TOP_FP9,1020,TWB_SM3,TWB_PCBA_PASTE_INSPECTION_TOP,PN-337126,00F15277,00F15277,PN-337126,00F15277,T27,,PROCESS,94474092,00F15277T-20180427033210,U4,1,M15,483,483,-5.91,-0.03,127,GOOD,GOOD,143.1126,180.7792,100.5386,0,0.9055,4/27/2018 7:35
12849,1020,FP9,TOP,4009211043,4/27/2018 3:47,1524800700,TWB_SM3,TWB_PCBA_SM3_TOP_FP,TWB_PCBA_TOP_FP9,1020,TWB_SM3,TWB_PCBA_PASTE_INSPECTION_TOP,PN-337126,00F15277,00F15277,PN-337126,00F15277,T27,,PROCESS,94474092,00F15277T-20180427033210,U4,1,A10,483,483,-8.15,4.31,127,GOOD,GOOD,127.8715,166.3669,97.61364,0,0.9055,4/27/2018 7:35
12884,1020,FP9,TOP,4009211043,4/27/2018 3:47,1524800700,TWB_SM3,TWB_PCBA_SM3_TOP_FP,TWB_PCBA_TOP_FP9,1020,TWB_SM3,TWB_PCBA_PASTE_INSPECTION_TOP,PN-337126,00F15277,00F15277,PN-337126,00F15277,T27,,PROCESS,94474092,00F15277T-20180427033210,U4,1,F10,483,483,0.93,6.46,127,GOOD,GOOD,116.7252,156.9319,94.46191999999999,0,0.9055,4/27/2018 7:35
12885,1020,FP9,TOP,4009211043,4/27/2018 3:47,1524800700,TWB_SM3,TWB_PCBA_SM3_TOP_FP,TWB_PCBA_TOP_FP9,1020,TWB_SM3,TWB_PCBA_PASTE_INSPECTION_TOP,PN-337126,00F15277,00F15277,PN-337126,00F15277,T27,,PROCESS,94474092,00F15277T-20180427033210,U4,1,N15,483,483,-4.1,0.39,127,GOOD,GOOD,133.2994,175.4052,96.5138,0,0.9055,4/27/2018 7:35
13028,1020,FP9,TOP,4009211043,4/27/2018 3:47,1524800700,TWB_SM3,TWB_PCBA_SM3_TOP_FP,TWB_PCBA_TOP_FP9,1020,TWB_SM3,TWB_PCBA_PASTE_INSPECTION_TOP,PN-337126,00F15277,00F15277,PN-337126,00F15277,T27,,PROCESS,94474092,00F15277T-20180427033210,U4,1,N4,483,483,-8.12,0.35,127,GOOD,GOOD,114.8074,153.8899,94.74659,0,0.9055,4/27/2018 7:35
13101,1020,FP9,TOP,4009211043,4/27/2018 3:47,1524800700,TWB_SM3,TWB_PCBA_SM3_TOP_FP,TWB_PCBA_TOP_FP9,1020,TWB_SM3,TWB_PCBA_PASTE_INSPECTION_TOP,PN-337126,00F15277,00F15277,PN-337126,00F15277,T27,,PROCESS,94474092,00F15277T-20180427033210,U4,1,B8,483,483,-6.25,-11.63,127,GOOD,GOOD,120.0414,175.7204,86.7586,0,0.9055,4/27/2018 7:35
13154,1020,FP9,TOP,4009211043,4/27/2018 3:47,1524800700,TWB_SM3,TWB_PCBA_SM3_TOP_FP,TWB_PCBA_TOP_FP9,1020,TWB_SM3,TWB_PCBA_PASTE_INSPECTION_TOP,PN-337126,00F15277,00F15277,PN-337126,00F15277,T27,,PROCESS,94474092,00F15277T-20180427033210,U4,1,D2,483,483,-5.37,0.12,127,GOOD,GOOD,123.1453,156.1561,100.1527,0,0.9055,4/27/2018 7:35
13297,1020,FP9,TOP,4009211043,4/27/2018 3:47,1524800700,TWB_SM3,TWB_PCBA_SM3_TOP_FP,TWB_PCBA_TOP_FP9,1020,TWB_SM3,TWB_PCBA_PASTE_INSPECTION_TOP,PN-337126,00F15277,00F15277,PN-337126,00F15277,T27,,PROCESS,94474092,00F15277T-20180427033210,U4,1,F11,483,483,2.39,4.65,127,GOOD,GOOD,132.7738,174.9388,96.38959,0,0.9055,4/27/2018 7:35
13298,1020,FP9,TOP,4009211043,4/27/2018 3:47,1524800700,TWB_SM3,TWB_PCBA_SM3_TOP_FP,TWB_PCBA_TOP_FP9,1020,TWB_SM3,TWB_PCBA_PASTE_INSPECTION_TOP,PN-337126,00F15277,00F15277,PN-337126,00F15277,T27,,PROCESS,94474092,00F15277T-20180427033210,U4,1,N16,483,483,-2.64,-1.42,127,GOOD,GOOD,139.0098,188.5649,93.62425999999999,0,0.9055,4/27/2018 7:35
13475,1020,FP9,TOP,4009211043,4/27/2018 3:47,1524800700,TWB_SM3,TWB_PCBA_SM3_TOP_FP,TWB_PCBA_TOP_FP9,1020,TWB_SM3,TWB_PCBA_PASTE_INSPECTION_TOP,PN-337126,00F15277,00F15277,PN-337126,00F15277,T27,,PROCESS,94474092,00F15277T-20180427033210,U4,1,C9,483,483,-3.98,-13.01,127,GOOD,GOOD,120.98700000000001,171.9306,89.36950999999999,0,0.9055,4/27/2018 7:35
13539,1020,FP9,TOP,4009211043,4/27/2018 3:47,1524800700,TWB_SM3,TWB_PCBA_SM3_TOP_FP,TWB_PCBA_TOP_FP9,1020,TWB_SM3,TWB_PCBA_PASTE_INSPECTION_TOP,PN-337126,00F15277,00F15277,PN-337126,00F15277,T27,,PROCESS,94474092,00F15277T-20180427033210,U4,1,F7,483,483,0.54,-8.1,127,GOOD,GOOD,115.5984,156.0565,94.07488000000001,0,0.9055,4/27/2018 7:35
13616,1020,FP9,TOP,4009211043,4/27/2018 3:47,1524800700,TWB_SM3,TWB_PCBA_SM3_TOP_FP,TWB_PCBA_TOP_FP9,1020,TWB_SM3,TWB_PCBA_PASTE_INSPECTION_TOP,PN-337126,00F15277,00F15277,PN-337126,00F15277,T27,,PROCESS,94474092,00F15277T-20180427033210,U4,1,C14,483,483,-1.7,-2.08,127,GOOD,GOOD,143.5715,186.6753,97.67538,0,0.9055,4/27/2018 7:35
13641,1020,FP9,TOP,4009211043,4/27/2018 3:47,1524800700,TWB_SM3,TWB_PCBA_SM3_TOP_FP,TWB_PCBA_TOP_FP9,1020,TWB_SM3,TWB_PCBA_PASTE_INSPECTION_TOP,PN-337126,00F15277,00F15277,PN-337126,00F15277,T27,,PROCESS,94474092,00F15277T-20180427033210,U4,1,K5,483,483,5.9,-3.75,127,GOOD,GOOD,110.7139,148.1745,94.89258000000001,0,0.9055,4/27/2018 7:35
13733,1020,FP9,TOP,4009211043,4/27/2018 3:47,1524800700,TWB_SM3,TWB_PCBA_SM3_TOP_FP,TWB_PCBA_TOP_FP9,1020,TWB_SM3,TWB_PCBA_PASTE_INSPECTION_TOP,PN-337126,00F15277,00F15277,PN-337126,00F15277,T27,,PROCESS,94474092,00F15277T-20180427033210,U4,1,C11,483,483,-3.06,1.7,127,GOOD,GOOD,136.1369,175.2848,98.63596,0,0.9055,4/27/2018 7:35
13734,1020,FP9,TOP,4009211043,4/27/2018 3:47,1524800700,TWB_SM3,TWB_PCBA_SM3_TOP_FP,TWB_PCBA_TOP_FP9,1020,TWB_SM3,TWB_PCBA_PASTE_INSPECTION_TOP,PN-337126,00F15277,00F15277,PN-337126,00F15277,T27,,PROCESS,94474092,00F15277T-20180427033210,U4,1,K16,483,483,-8.08,-3.7,127,GOOD,GOOD,131.8034,185.4545,90.25950999999999,0,0.9055,4/27/2018 7:35
13745,1020,FP9,TOP,4009211043,4/27/2018 3:47,1524800700,TWB_SM3,TWB_PCBA_SM3_TOP_FP,TWB_PCBA_TOP_FP9,1020,TWB_SM3,TWB_PCBA_PASTE_INSPECTION_TOP,PN-337126,00F15277,00F15277,PN-337126,00F15277,T27,,PROCESS,94474092,00F15277T-20180427033210,U4,1,T1,483,483,-4.05,7.09,127,GOOD,GOOD,115.0091,153.7102,95.02402,0,0.9055,4/27/2018 7:35
13778,1020,FP9,TOP,4009211043,4/27/2018 3:47,1524800700,TWB_SM3,TWB_PCBA_SM3_TOP_FP,TWB_PCBA_TOP_FP9,1020,TWB_SM3,TWB_PCBA_PASTE_INSPECTION_TOP,PN-337126,00F15277,00F15277,PN-337126,00F15277,T27,,PROCESS,94474092,00F15277T-20180427033210,U4,1,K14,483,483,-9.0,-0.07,127,GOOD,GOOD,134.5281,183.4516,93.13118,0,0.9055,4/27/2018 7:35
13791,1020,FP9,TOP,4009211043,4/27/2018 3:47,1524800700,TWB_SM3,TWB_PCBA_SM3_TOP_FP,TWB_PCBA_TOP_FP9,1020,TWB_SM3,TWB_PCBA_PASTE_INSPECTION_TOP,PN-337126,00F15277,00F15277,PN-337126,00F15277,T27,,PROCESS,94474092,00F15277T-20180427033210,U4,1,F2,483,483,-1.74,0.98,127,GOOD,GOOD,115.0099,147.4252,99.07565,0,0.9055,4/27/2018 7:35
13981,1020,FP9,TOP,4009211043,4/27/2018 3:47,1524800700,TWB_SM3,TWB_PCBA_SM3_TOP_FP,TWB_PCBA_TOP_FP9,1020,TWB_SM3,TWB_PCBA_PASTE_INSPECTION_TOP,PN-337126,00F15277,00F15277,PN-337126,00F15277,T27,,PROCESS,94474092,00F15277T-20180427033210,U4,1,C13,483,483,-2.16,-0.27,127,GOOD,GOOD,142.1116,187.3311,96.34374,0,0.9055,4/27/2018 7:35
14014,1020,FP9,TOP,4009211043,4/27/2018 3:47,1524800700,TWB_SM3,TWB_PCBA_SM3_TOP_FP,TWB_PCBA_TOP_FP9,1020,TWB_SM3,TWB_PCBA_PASTE_INSPECTION_TOP,PN-337126,00F15277,00F15277,PN-337126,00F15277,T27,,PROCESS,94474092,00F15277T-20180427033210,U4,1,K10,483,483,8.18,-12.82,127,GOOD,GOOD,121.6343,164.9121,93.67146,0,0.9055,4/27/2018 7:35
14113,1020,FP9,TOP,4009211043,4/27/2018 3:47,1524800700,TWB_SM3,TWB_PCBA_SM3_TOP_FP,TWB_PCBA_TOP_FP9,1020,TWB_SM3,TWB_PCBA_PASTE_INSPECTION_TOP,PN-337126,00F15277,00F15277,PN-337126,00F15277,T27,,PROCESS,94474092,00F15277T-20180427033210,U4,1,K3,483,483,5.98,-0.12,127,GOOD,GOOD,115.3076,153.2433,95.56087,0,0.9055,4/27/2018 7:35
14126,1020,FP9,TOP,4009211043,4/27/2018 3:47,1524800700,TWB_SM3,TWB_PCBA_SM3_TOP_FP,TWB_PCBA_TOP_FP9,1020,TWB_SM3,TWB_PCBA_PASTE_INSPECTION_TOP,PN-337126,00F15277,00F15277,PN-337126,00F15277,T27,,PROCESS,94474092,00F15277T-20180427033210,U4,1,G7,483,483,-0.13,-6.66,127,GOOD,GOOD,120.5665,159.9864,95.70782,0,0.9055,4/27/2018 7:35
14659,1020,FP9,TOP,4009211043,4/27/2018 3:47,1524800700,TWB_SM3,TWB_PCBA_SM3_TOP_FP,TWB_PCBA_TOP_FP9,1020,TWB_SM3,TWB_PCBA_PASTE_INSPECTION_TOP,PN-337126,00F15277,00F15277,PN-337126,00F15277,T27,,PROCESS,94474092,00F15277T-20180427033210,U4,1,D8,483,483,-2.62,-10.77,127,GOOD,GOOD,116.2364,163.2626,90.41895,0,0.9055,4/27/2018 7:35
14905,1020,FP9,TOP,4009211043,4/27/2018 3:47,1524800700,TWB_SM3,TWB_PCBA_SM3_TOP_FP,TWB_PCBA_TOP_FP9,1020,TWB_SM3,TWB_PCBA_PASTE_INSPECTION_TOP,PN-337126,00F15277,00F15277,PN-337126,00F15277,T27,,PROCESS,94474092,00F15277T-20180427033210,U4,1,H12,483,483,6.47,3.69,127,GOOD,GOOD,119.4445,169.3804,89.55851,0,0.9055,4/27/2018 7:35
15045,1020,FP9,TOP,4009211043,4/27/2018 3:47,1524800700,TWB_SM3,TWB_PCBA_SM3_TOP_FP,TWB_PCBA_TOP_FP9,1020,TWB_SM3,TWB_PCBA_PASTE_INSPECTION_TOP,PN-337126,00F15277,00F15277,PN-337126,00F15277,T27,,PROCESS,94474092,00F15277T-20180427033210,U4,1,B13,483,483,-3.98,-0.7,127,GOOD,GOOD,135.976,186.6219,92.53442,0,0.9055,4/27/2018 7:35
15176,1020,FP9,TOP,4009211043,4/27/2018 3:47,1524800700,TWB_SM3,TWB_PCBA_SM3_TOP_FP,TWB_PCBA_TOP_FP9,1020,TWB_SM3,TWB_PCBA_PASTE_INSPECTION_TOP,PN-337126,00F15277,00F15277,PN-337126,00F15277,T27,,PROCESS,94474092,00F15277T-20180427033210,U4,1,T5,483,483,-3.21,-0.17,127,GOOD,GOOD,117.5399,165.7422,90.06503000000001,0,0.9055,4/27/2018 7:35
15405,1020,FP9,TOP,4009211043,4/27/2018 3:47,1524800700,TWB_SM3,TWB_PCBA_SM3_TOP_FP,TWB_PCBA_TOP_FP9,1020,TWB_SM3,TWB_PCBA_PASTE_INSPECTION_TOP,PN-337126,00F15277,00F15277,PN-337126,00F15277,T27,,PROCESS,94474092,00F15277T-20180427033210,U4,1,R11,483,483,-1.29,-11.49,127,GOOD,GOOD,126.0677,169.072,94.69691,0,0.9055,4/27/2018 7:35
17164,1020,FP9,TOP,4009211043,4/27/2018 3:47,1524800700,TWB_SM3,TWB_PCBA_SM3_TOP_FP,TWB_PCBA_TOP_FP9,1020,TWB_SM3,TWB_PCBA_PASTE_INSPECTION_TOP,PN-337126,00F15277,00F15277,PN-337126,00F15277,T27,,PROCESS,94474092,00F15277T-20180427033210,U4,1,T6,483,483,-1.77,-1.98,127,GOOD,GOOD,113.68700000000001,154.6105,93.38471,0,0.9055,4/27/2018 7:35
17395,1020,FP9,TOP,4009211043,4/27/2018 3:47,1524800700,TWB_SM3,TWB_PCBA_SM3_TOP_FP,TWB_PCBA_TOP_FP9,1020,TWB_SM3,TWB_PCBA_PASTE_INSPECTION_TOP,PN-337126,00F15277,00F15277,PN-337126,00F15277,T27,,PROCESS,94474092,00F15277T-20180427033210,U4,1,P12,483,483,-2.64,5.45,127,GOOD,GOOD,132.2072,175.4246,95.71245,0,0.9055,4/27/2018 7:35
17515,1020,FP9,TOP,4009211043,4/27/2018 3:47,1524800700,TWB_SM3,TWB_PCBA_SM3_TOP_FP,TWB_PCBA_TOP_FP9,1020,TWB_SM3,TWB_PCBA_PASTE_INSPECTION_TOP,PN-337126,00F15277,00F15277,PN-337126,00F15277,T27,,PROCESS,94474092,00F15277T-20180427033210,U4,1,N3,483,483,-8.58,2.16,127,GOOD,GOOD,113.1211,148.628,96.65997,0,0.9055,4/27/2018 7:35
17518,1020,FP9,TOP,4009211043,4/27/2018 3:47,1524800700,TWB_SM3,TWB_PCBA_SM3_TOP_FP,TWB_PCBA_TOP_FP9,1020,TWB_SM3,TWB_PCBA_PASTE_INSPECTION_TOP,PN-337126,00F15277,00F15277,PN-337126,00F15277,T27,,PROCESS,94474092,00F15277T-20180427033210,U4,1,F9,483,483,1.47,-11.72,127,GOOD,GOOD,116.5646,162.6989,90.98832,0,0.9055,4/27/2018 7:35
17722,1020,FP9,TOP,4009211043,4/27/2018 3:47,1524800700,TWB_SM3,TWB_PCBA_SM3_TOP_FP,TWB_PCBA_TOP_FP9,1020,TWB_SM3,TWB_PCBA_PASTE_INSPECTION_TOP,PN-337126,00F15277,00F15277,PN-337126,00F15277,T27,,PROCESS,94474092,00F15277T-20180427033210,U4,1,N2,483,483,-9.04,3.98,127,GOOD,GOOD,112.2407,149.0509,95.63558,0,0.9055,4/27/2018 7:35
17818,1020,FP9,TOP,4009211043,4/27/2018 3:47,1524800700,TWB_SM3,TWB_PCBA_SM3_TOP_FP,TWB_PCBA_TOP_FP9,1020,TWB_SM3,TWB_PCBA_PASTE_INSPECTION_TOP,PN-337126,00F15277,00F15277,PN-337126,00F15277,T27,,PROCESS,94474092,00F15277T-20180427033210,U4,1,L14,483,483,-7.18,1.35,127,GOOD,GOOD,135.2094,182.703,93.98643,0,0.9055,4/27/2018 7:35
17848,1020,FP9,TOP,4009211043,4/27/2018 3:47,1524800700,TWB_SM3,TWB_PCBA_SM3_TOP_FP,TWB_PCBA_TOP_FP9,1020,TWB_SM3,TWB_PCBA_PASTE_INSPECTION_TOP,PN-337126,00F15277,00F15277,PN-337126,00F15277,T27,,PROCESS,94474092,00F15277T-20180427033210,U4,1,K8,483,483,8.27,-9.19,127,GOOD,GOOD,118.7647,167.0845,90.27235999999999,0,0.9055,4/27/2018 7:35
17977,1020,FP9,TOP,4009211043,4/27/2018 3:47,1524800700,TWB_SM3,TWB_PCBA_SM3_TOP_FP,TWB_PCBA_TOP_FP9,1020,TWB_SM3,TWB_PCBA_PASTE_INSPECTION_TOP,PN-337126,00F15277,00F15277,PN-337126,00F15277,T27,,PROCESS,94474092,00F15277T-20180427033210,U4,1,T8,483,483,-2.51,-5.61,127,GOOD,GOOD,120.3875,156.6582,97.59591999999999,0,0.9055,4/27/2018 7:35
18217,1020,FP9,TOP,4009211043,4/27/2018 3:47,1524800700,TWB_SM3,TWB_PCBA_SM3_TOP_FP,TWB_PCBA_TOP_FP9,1020,TWB_SM3,TWB_PCBA_PASTE_INSPECTION_TOP,PN-337126,00F15277,00F15277,PN-337126,00F15277,T27,,PROCESS,94474092,00F15277T-20180427033210,U4,1,G16,483,483,6.48,-2.98,127,GOOD,GOOD,145.3002,190.048,97.09721,0,0.9055,4/27/2018 7:35
18227,1020,FP9,TOP,4009211043,4/27/2018 3:47,1524800700,TWB_SM3,TWB_PCBA_SM3_TOP_FP,TWB_PCBA_TOP_FP9,1020,TWB_SM3,TWB_PCBA_PASTE_INSPECTION_TOP,PN-337126,00F15277,00F15277,PN-337126,00F15277,T27,,PROCESS,94474092,00F15277T-20180427033210,U4,1,K2,483,483,5.52,1.7,127,GOOD,GOOD,107.7725,141.7309,96.57111,0,0.9055,4/27/2018 7:35
18536,1020,FP9,TOP,4009211043,4/27/2018 3:47,1524800700,TWB_SM3,TWB_PCBA_SM3_TOP_FP,TWB_PCBA_TOP_FP9,1020,TWB_SM3,TWB_PCBA_PASTE_INSPECTION_TOP,PN-337126,00F15277,00F15277,PN-337126,00F15277,T27,,PROCESS,94474092,00F15277T-20180427033210,U4,1,A1,483,483,4.59,0.64,127,GOOD,GOOD,109.8491,150.1219,92.93007,0,0.9055,4/27/2018 7:35
18537,1020,FP9,TOP,4009211043,4/27/2018 3:47,1524800700,TWB_SM3,TWB_PCBA_SM3_TOP_FP,TWB_PCBA_TOP_FP9,1020,TWB_SM3,TWB_PCBA_PASTE_INSPECTION_TOP,PN-337126,00F15277,00F15277,PN-337126,00F15277,T27,,PROCESS,94474092,00F15277T-20180427033210,U4,1,T10,483,483,-0.93,-9.24,127,GOOD,GOOD,124.5826,175.8968,89.95043000000001,0,0.9055,4/27/2018 7:35
18904,1020,FP9,TOP,4009211043,4/27/2018 3:47,1524800700,TWB_SM3,TWB_PCBA_SM3_TOP_FP,TWB_PCBA_TOP_FP9,1020,TWB_SM3,TWB_PCBA_PASTE_INSPECTION_TOP,PN-337126,00F15277,00F15277,PN-337126,00F15277,T27,,PROCESS,94474092,00F15277T-20180427033210,U4,1,F3,483,483,-1.28,-0.84,127,GOOD,GOOD,120.429,159.398,95.95155,0,0.9055,4/27/2018 7:35
19922,1020,FP9,TOP,4009211043,4/27/2018 3:47,1524800700,TWB_SM3,TWB_PCBA_SM3_TOP_FP,TWB_PCBA_TOP_FP9,1020,TWB_SM3,TWB_PCBA_PASTE_INSPECTION_TOP,PN-337126,00F15277,00F15277,PN-337126,00F15277,T27,,PROCESS,94474092,00F15277T-20180427033210,U4,1,N7,483,483,-6.76,-5.1,127,GOOD,GOOD,119.1992,152.4225,99.31801,0,0.9055,4/27/2018 7:35
19932,1020,FP9,TOP,4009211043,4/27/2018 3:47,1524800700,TWB_SM3,TWB_PCBA_SM3_TOP_FP,TWB_PCBA_TOP_FP9,1020,TWB_SM3,TWB_PCBA_PASTE_INSPECTION_TOP,PN-337126,00F15277,00F15277,PN-337126,00F15277,T27,,PROCESS,94474092,00F15277T-20180427033210,U4,1,T3,483,483,-3.14,3.46,127,GOOD,GOOD,119.1121,158.1738,95.63681,0,0.9055,4/27/2018 7:35
20194,1020,FP9,TOP,4009211043,4/27/2018 3:47,1524800700,TWB_SM3,TWB_PCBA_SM3_TOP_FP,TWB_PCBA_TOP_FP9,1020,TWB_SM3,TWB_PCBA_PASTE_INSPECTION_TOP,PN-337126,00F15277,00F15277,PN-337126,00F15277,T27,,PROCESS,94474092,00F15277T-20180427033210,U4,1,P1,483,483,-7.68,6.23,127,GOOD,GOOD,109.2473,145.9741,95.04700000000001,0,0.9055,4/27/2018 7:35
20199,1020,FP9,TOP,4009211043,4/27/2018 3:47,1524800700,TWB_SM3,TWB_PCBA_SM3_TOP_FP,TWB_PCBA_TOP_FP9,1020,TWB_SM3,TWB_PCBA_PASTE_INSPECTION_TOP,PN-337126,00F15277,00F15277,PN-337126,00F15277,T27,,PROCESS,94474092,00F15277T-20180427033210,U4,1,H1,483,483,1.43,3.65,127,GOOD,GOOD,107.3898,142.4475,95.74407,0,0.9055,4/27/2018 7:35
20325,1020,FP9,TOP,4009211043,4/27/2018 3:47,1524800700,TWB_SM3,TWB_PCBA_SM3_TOP_FP,TWB_PCBA_TOP_FP9,1020,TWB_SM3,TWB_PCBA_PASTE_INSPECTION_TOP,PN-337126,00F15277,00F15277,PN-337126,00F15277,T27,,PROCESS,94474092,00F15277T-20180427033210,U4,1,A8,483,483,-8.07,-12.06,127,GOOD,GOOD,119.8224,161.2656,94.36265999999999,0,0.9055,4/27/2018 7:35
20326,1020,FP9,TOP,4009211043,4/27/2018 3:47,1524800700,TWB_SM3,TWB_PCBA_SM3_TOP_FP,TWB_PCBA_TOP_FP9,1020,TWB_SM3,TWB_PCBA_PASTE_INSPECTION_TOP,PN-337126,00F15277,00F15277,PN-337126,00F15277,T27,,PROCESS,94474092,00F15277T-20180427033210,U4,1,L12,483,483,-8.08,4.97,127,GOOD,GOOD,128.2198,170.4902,95.51234000000001,0,0.9055,4/27/2018 7:35
20485,1020,FP9,TOP,4009211043,4/27/2018 3:47,1524800700,TWB_SM3,TWB_PCBA_SM3_TOP_FP,TWB_PCBA_TOP_FP9,1020,TWB_SM3,TWB_PCBA_PASTE_INSPECTION_TOP,PN-337126,00F15277,00F15277,PN-337126,00F15277,T27,,PROCESS,94474092,00F15277T-20180427033210,U4,1,C8,483,483,-4.44,-11.2,127,GOOD,GOOD,127.2502,168.6179,95.84262,0,0.9055,4/27/2018 7:35
20493,1020,FP9,TOP,4009211043,4/27/2018 3:47,1524800700,TWB_SM3,TWB_PCBA_SM3_TOP_FP,TWB_PCBA_TOP_FP9,1020,TWB_SM3,TWB_PCBA_PASTE_INSPECTION_TOP,PN-337126,00F15277,00F15277,PN-337126,00F15277,T27,,PROCESS,94474092,00F15277T-20180427033210,U4,1,T9,483,483,-0.39,-7.42,127,GOOD,GOOD,117.2574,168.5232,88.36578,0,0.9055,4/27/2018 7:35
20499,1020,FP9,TOP,4009211043,4/27/2018 3:47,1524800700,TWB_SM3,TWB_PCBA_SM3_TOP_FP,TWB_PCBA_TOP_FP9,1020,TWB_SM3,TWB_PCBA_PASTE_INSPECTION_TOP,PN-337126,00F15277,00F15277,PN-337126,00F15277,T27,,PROCESS,94474092,00F15277T-20180427033210,U4,1,T7,483,483,-1.31,-3.79,127,GOOD,GOOD,122.5892,160.5806,96.95338000000001,0,0.9055,4/27/2018 7:35
20785,1020,FP9,TOP,4009211043,4/27/2018 3:47,1524800700,TWB_SM3,TWB_PCBA_SM3_TOP_FP,TWB_PCBA_TOP_FP9,1020,TWB_SM3,TWB_PCBA_PASTE_INSPECTION_TOP,PN-337126,00F15277,00F15277,PN-337126,00F15277,T27,,PROCESS,94474092,00F15277T-20180427033210,U4,1,H6,483,483,3.71,-5.42,127,GOOD,GOOD,117.469,156.3879,95.39461999999999,0,0.9055,4/27/2018 7:35
21038,1020,FP9,TOP,4009211043,4/27/2018 3:47,1524800700,TWB_SM3,TWB_PCBA_SM3_TOP_FP,TWB_PCBA_TOP_FP9,1020,TWB_SM3,TWB_PCBA_PASTE_INSPECTION_TOP,PN-337126,00F15277,00F15277,PN-337126,00F15277,T27,,PROCESS,94474092,00F15277T-20180427033210,U4,1,C16,483,483,-0.78,-5.71,127,GOOD,GOOD,147.2729,209.9112,89.10268,0,0.9055,4/27/2018 7:35
21092,1020,FP9,TOP,4009211043,4/27/2018 3:47,1524800700,TWB_SM3,TWB_PCBA_SM3_TOP_FP,TWB_PCBA_TOP_FP9,1020,TWB_SM3,TWB_PCBA_PASTE_INSPECTION_TOP,PN-337126,00F15277,00F15277,PN-337126,00F15277,T27,,PROCESS,94474092,00F15277T-20180427033210,U4,1,J10,483,483,1.4,-12.26,127,GOOD,GOOD,130.9231,173.7301,95.70729,0,0.9055,4/27/2018 7:35
21093,1020,FP9,TOP,4009211043,4/27/2018 3:47,1524800700,TWB_SM3,TWB_PCBA_SM3_TOP_FP,TWB_PCBA_TOP_FP9,1020,TWB_SM3,TWB_PCBA_PASTE_INSPECTION_TOP,PN-337126,00F15277,00F15277,PN-337126,00F15277,T27,,PROCESS,94474092,00F15277T-20180427033210,U4,1,J3,483,483,0.85,0.44,127,GOOD,GOOD,116.1445,149.7695,98.48705,0,0.9055,4/27/2018 7:35
21094,1020,FP9,TOP,4009211043,4/27/2018 3:47,1524800700,TWB_SM3,TWB_PCBA_SM3_TOP_FP,TWB_PCBA_TOP_FP9,1020,TWB_SM3,TWB_PCBA_PASTE_INSPECTION_TOP,PN-337126,00F15277,00F15277,PN-337126,00F15277,T27,,PROCESS,94474092,00F15277T-20180427033210,U4,1,R15,483,483,-0.47,1.25,127,GOOD,GOOD,138.4565,183.9677,95.58185,0,0.9055,4/27/2018 7:35
21098,1020,FP9,TOP,4009211043,4/27/2018 3:47,1524800700,TWB_SM3,TWB_PCBA_SM3_TOP_FP,TWB_PCBA_TOP_FP9,1020,TWB_SM3,TWB_PCBA_PASTE_INSPECTION_TOP,PN-337126,00F15277,00F15277,PN-337126,00F15277,T27,,PROCESS,94474092,00F15277T-20180427033210,U4,1,B5,483,483,-8.61,-6.19,127,GOOD,GOOD,123.8812,162.7149,96.69004,0,0.9055,4/27/2018 7:35
21124,1020,FP9,TOP,4009211043,4/27/2018 3:47,1524800700,TWB_SM3,TWB_PCBA_SM3_TOP_FP,TWB_PCBA_TOP_FP9,1020,TWB_SM3,TWB_PCBA_PASTE_INSPECTION_TOP,PN-337126,00F15277,00F15277,PN-337126,00F15277,T27,,PROCESS,94474092,00F15277T-20180427033210,U4,1,K6,483,483,6.51,-5.56,127,GOOD,GOOD,116.9327,152.1432,97.60838000000001,0,0.9055,4/27/2018 7:35
21249,1020,FP9,TOP,4009211043,4/27/2018 3:47,1524800700,TWB_SM3,TWB_PCBA_SM3_TOP_FP,TWB_PCBA_TOP_FP9,1020,TWB_SM3,TWB_PCBA_PASTE_INSPECTION_TOP,PN-337126,00F15277,00F15277,PN-337126,00F15277,T27,,PROCESS,94474092,00F15277T-20180427033210,U4,1,H3,483,483,-2.62,0.02,127,GOOD,GOOD,119.4622,154.4826,98.2098,0,0.9055,4/27/2018 7:35
21786,1020,FP9,TOP,4009211043,4/27/2018 3:47,1524800700,TWB_SM3,TWB_PCBA_SM3_TOP_FP,TWB_PCBA_TOP_FP9,1020,TWB_SM3,TWB_PCBA_PASTE_INSPECTION_TOP,PN-337126,00F15277,00F15277,PN-337126,00F15277,T27,,PROCESS,94474092,00F15277T-20180427033210,U4,1,C7,483,483,-4.9,-9.38,127,GOOD,GOOD,123.7799,178.4275,88.10328,0,0.9055,4/27/2018 7:35
21796,1020,FP9,TOP,4009211043,4/27/2018 3:47,1524800700,TWB_SM3,TWB_PCBA_SM3_TOP_FP,TWB_PCBA_TOP_FP9,1020,TWB_SM3,TWB_PCBA_PASTE_INSPECTION_TOP,PN-337126,00F15277,00F15277,PN-337126,00F15277,T27,,PROCESS,94474092,00F15277T-20180427033210,U4,1,F4,483,483,-0.82,-2.65,127,GOOD,GOOD,110.8737,147.8464,95.24046,0,0.9055,4/27/2018 7:35
21850,1020,FP9,TOP,4009211043,4/27/2018 3:47,1524800700,TWB_SM3,TWB_PCBA_SM3_TOP_FP,TWB_PCBA_TOP_FP9,1020,TWB_SM3,TWB_PCBA_PASTE_INSPECTION_TOP,PN-337126,00F15277,00F15277,PN-337126,00F15277,T27,,PROCESS,94474092,00F15277T-20180427033210,U4,1,B11,483,483,-4.87,2.93,127,GOOD,GOOD,130.7053,175.2272,94.73168000000001,0,0.9055,4/27/2018 7:35
21851,1020,FP9,TOP,4009211043,4/27/2018 3:47,1524800700,TWB_SM3,TWB_PCBA_SM3_TOP_FP,TWB_PCBA_TOP_FP9,1020,TWB_SM3,TWB_PCBA_PASTE_INSPECTION_TOP,PN-337126,00F15277,00F15277,PN-337126,00F15277,T27,,PROCESS,94474092,00F15277T-20180427033210,U4,1,J16,483,483,10.11,-3.14,127,GOOD,GOOD,132.9203,189.6843,88.99464,0,0.9055,4/27/2018 7:35
21852,1020,FP9,TOP,4009211043,4/27/2018 3:47,1524800700,TWB_SM3,TWB_PCBA_SM3_TOP_FP,TWB_PCBA_TOP_FP9,1020,TWB_SM3,TWB_PCBA_PASTE_INSPECTION_TOP,PN-337126,00F15277,00F15277,PN-337126,00F15277,T27,,PROCESS,94474092,00F15277T-20180427033210,U4,1,J9,483,483,6.91,-10.45,127,GOOD,GOOD,120.3486,175.7253,86.97825999999999,0,0.9055,4/27/2018 7:35
21900,1020,FP9,TOP,4009211043,4/27/2018 3:47,1524800700,TWB_SM3,TWB_PCBA_SM3_TOP_FP,TWB_PCBA_TOP_FP9,1020,TWB_SM3,TWB_PCBA_PASTE_INSPECTION_TOP,PN-337126,00F15277,00F15277,PN-337126,00F15277,T27,,PROCESS,94474092,00F15277T-20180427033210,U4,1,N8,483,483,-6.29,-6.91,127,GOOD,GOOD,121.1097,164.2929,93.61896,0,0.9055,4/27/2018 7:35
21995,1020,FP9,TOP,4009211043,4/27/2018 3:47,1524800700,TWB_SM3,TWB_PCBA_SM3_TOP_FP,TWB_PCBA_TOP_FP9,1020,TWB_SM3,TWB_PCBA_PASTE_INSPECTION_TOP,PN-337126,00F15277,00F15277,PN-337126,00F15277,T27,,PROCESS,94474092,00F15277T-20180427033210,U4,1,B4,483,483,-8.08,-4.37,127,GOOD,GOOD,123.571,154.5087,101.5704,0,0.9055,4/27/2018 7:35
22162,1020,FP9,TOP,4009211043,4/27/2018 3:47,1524800700,TWB_SM3,TWB_PCBA_SM3_TOP_FP,TWB_PCBA_TOP_FP9,1020,TWB_SM3,TWB_PCBA_PASTE_INSPECTION_TOP,PN-337126,00F15277,00F15277,PN-337126,00F15277,T27,,PROCESS,94474092,00F15277T-20180427033210,U4,1,H16,483,483,8.29,-3.56,127,GOOD,GOOD,143.4381,215.6189,84.48538,0,0.9055,4/27/2018 7:35
22197,1020,FP9,TOP,4009211043,4/27/2018 3:47,1524800700,TWB_SM3,TWB_PCBA_SM3_TOP_FP,TWB_PCBA_TOP_FP9,1020,TWB_SM3,TWB_PCBA_PASTE_INSPECTION_TOP,PN-337126,00F15277,00F15277,PN-337126,00F15277,T27,,PROCESS,94474092,00F15277T-20180427033210,U4,1,C6,483,483,-5.36,-7.57,127,GOOD,GOOD,112.8231,148.2869,96.62711,0,0.9055,4/27/2018 7:35
22308,1020,FP9,TOP,4009211043,4/27/2018 3:47,1524800700,TWB_SM3,TWB_PCBA_SM3_TOP_FP,TWB_PCBA_TOP_FP9,1020,TWB_SM3,TWB_PCBA_PASTE_INSPECTION_TOP,PN-337126,00F15277,00F15277,PN-337126,00F15277,T27,,PROCESS,94474092,00F15277T-20180427033210,U4,1,E4,483,483,-2.64,-4.08,127,GOOD,GOOD,115.3446,150.9313,97.05582,0,0.9055,4/27/2018 7:35
22553,1020,FP9,TOP,4009211043,4/27/2018 3:47,1524800700,TWB_SM3,TWB_PCBA_SM3_TOP_FP,TWB_PCBA_TOP_FP9,1020,TWB_SM3,TWB_PCBA_PASTE_INSPECTION_TOP,PN-337126,00F15277,00F15277,PN-337126,00F15277,T27,,PROCESS,94474092,00F15277T-20180427033210,U4,1,B16,483,483,-2.59,-6.14,127,GOOD,GOOD,136.4355,183.7182,94.31461,0,0.9055,4/27/2018 7:35
22564,1020,FP9,TOP,4009211043,4/27/2018 3:47,1524800700,TWB_SM3,TWB_PCBA_SM3_TOP_FP,TWB_PCBA_TOP_FP9,1020,TWB_SM3,TWB_PCBA_PASTE_INSPECTION_TOP,PN-337126,00F15277,00F15277,PN-337126,00F15277,T27,,PROCESS,94474092,00F15277T-20180427033210,U4,1,A4,483,483,-9.9,-4.8,127,GOOD,GOOD,122.3754,159.3977,97.50254,0,0.9055,4/27/2018 7:35
22565,1020,FP9,TOP,4009211043,4/27/2018 3:47,1524800700,TWB_SM3,TWB_PCBA_SM3_TOP_FP,TWB_PCBA_TOP_FP9,1020,TWB_SM3,TWB_PCBA_PASTE_INSPECTION_TOP,PN-337126,00F15277,00F15277,PN-337126,00F15277,T27,,PROCESS,94474092,00F15277T-20180427033210,U4,1,T13,483,483,1.43,5.32,127,GOOD,GOOD,139.5547,188.2361,94.1554,0,0.9055,4/27/2018 7:35
22678,1020,FP9,TOP,4009211043,4/27/2018 3:47,1524800700,TWB_SM3,TWB_PCBA_SM3_TOP_FP,TWB_PCBA_TOP_FP9,1020,TWB_SM3,TWB_PCBA_PASTE_INSPECTION_TOP,PN-337126,00F15277,00F15277,PN-337126,00F15277,T27,,PROCESS,94474092,00F15277T-20180427033210,U4,1,E1,483,483,-4.01,1.36,127,GOOD,GOOD,110.3207,147.4956,94.99089000000001,0,0.9055,4/27/2018 7:35
22778,1020,FP9,TOP,4009211043,4/27/2018 3:47,1524800700,TWB_SM3,TWB_PCBA_SM3_TOP_FP,TWB_PCBA_TOP_FP9,1020,TWB_SM3,TWB_PCBA_PASTE_INSPECTION_TOP,PN-337126,00F15277,00F15277,PN-337126,00F15277,T27,,PROCESS,94474092,00F15277T-20180427033210,U4,1,L7,483,483,6.3,-5.96,127,GOOD,GOOD,114.1942,155.3222,93.37145,0,0.9055,4/27/2018 7:35
22817,1020,FP9,TOP,4009211043,4/27/2018 3:47,1524800700,TWB_SM3,TWB_PCBA_SM3_TOP_FP,TWB_PCBA_TOP_FP9,1020,TWB_SM3,TWB_PCBA_PASTE_INSPECTION_TOP,PN-337126,00F15277,00F15277,PN-337126,00F15277,T27,,PROCESS,94474092,00F15277T-20180427033210,U4,1,L4,483,483,0.79,-0.51,127,GOOD,GOOD,116.3461,146.3383,100.9712,0,0.9055,4/27/2018 7:35
22875,1020,FP9,TOP,4009211043,4/27/2018 3:47,1524800700,TWB_SM3,TWB_PCBA_SM3_TOP_FP,TWB_PCBA_TOP_FP9,1020,TWB_SM3,TWB_PCBA_PASTE_INSPECTION_TOP,PN-337126,00F15277,00F15277,PN-337126,00F15277,T27,,PROCESS,94474092,00F15277T-20180427033210,U4,1,M13,483,483,-5.83,3.6,127,GOOD,GOOD,137.1203,182.1968,95.57948,0,0.9055,4/27/2018 7:35
22923,1020,FP9,TOP,4009211043,4/27/2018 3:47,1524800700,TWB_SM3,TWB_PCBA_SM3_TOP_FP,TWB_PCBA_TOP_FP9,1020,TWB_SM3,TWB_PCBA_PASTE_INSPECTION_TOP,PN-337126,00F15277,00F15277,PN-337126,00F15277,T27,,PROCESS,94474092,00F15277T-20180427033210,U4,1,F13,483,483,3.28,1.02,127,GOOD,GOOD,140.6201,185.9303,96.0508,0,0.9055,4/27/2018 7:35
23470,1020,FP9,TOP,4009211043,4/27/2018 3:47,1524800700,TWB_SM3,TWB_PCBA_SM3_TOP_FP,TWB_PCBA_TOP_FP9,1020,TWB_SM3,TWB_PCBA_PASTE_INSPECTION_TOP,PN-337126,00F15277,00F15277,PN-337126,00F15277,T27,,PROCESS,94474092,00F15277T-20180427033210,U4,1,R5,483,483,-5.03,-0.61,127,GOOD,GOOD,126.704,160.3539,100.3494,0,0.9055,4/27/2018 7:35
23769,1020,FP9,TOP,4009211043,4/27/2018 3:47,1524800700,TWB_SM3,TWB_PCBA_SM3_TOP_FP,TWB_PCBA_TOP_FP9,1020,TWB_SM3,TWB_PCBA_PASTE_INSPECTION_TOP,PN-337126,00F15277,00F15277,PN-337126,00F15277,T27,,PROCESS,94474092,00F15277T-20180427033210,U4,1,F1,483,483,-2.2,2.79,127,GOOD,GOOD,105.2741,147.6878,90.5275,0,0.9055,4/27/2018 7:35
23779,1020,FP9,TOP,4009211043,4/27/2018 3:47,1524800700,TWB_SM3,TWB_PCBA_SM3_TOP_FP,TWB_PCBA_TOP_FP9,1020,TWB_SM3,TWB_PCBA_PASTE_INSPECTION_TOP,PN-337126,00F15277,00F15277,PN-337126,00F15277,T27,,PROCESS,94474092,00F15277T-20180427033210,U4,1,E2,483,483,-3.55,-0.45,127,GOOD,GOOD,109.3382,148.2351,93.67520999999999,0,0.9055,4/27/2018 7:35
23867,1020,FP9,TOP,4009211043,4/27/2018 3:47,1524800700,TWB_SM3,TWB_PCBA_SM3_TOP_FP,TWB_PCBA_TOP_FP9,1020,TWB_SM3,TWB_PCBA_PASTE_INSPECTION_TOP,PN-337126,00F15277,00F15277,PN-337126,00F15277,T27,,PROCESS,94474092,00F15277T-20180427033210,U4,1,T2,483,483,-3.59,5.28,127,GOOD,GOOD,113.92299999999999,159.9093,90.47768,0,0.9055,4/27/2018 7:35
23884,1020,FP9,TOP,4009211043,4/27/2018 3:47,1524800700,TWB_SM3,TWB_PCBA_SM3_TOP_FP,TWB_PCBA_TOP_FP9,1020,TWB_SM3,TWB_PCBA_PASTE_INSPECTION_TOP,PN-337126,00F15277,00F15277,PN-337126,00F15277,T27,,PROCESS,94474092,00F15277T-20180427033210,U4,1,B14,483,483,-3.51,-2.51,127,GOOD,GOOD,142.7269,189.7659,95.51933000000001,0,0.9055,4/27/2018 7:35
23901,1020,FP9,TOP,4009211043,4/27/2018 3:47,1524800700,TWB_SM3,TWB_PCBA_SM3_TOP_FP,TWB_PCBA_TOP_FP9,1020,TWB_SM3,TWB_PCBA_PASTE_INSPECTION_TOP,PN-337126,00F15277,00F15277,PN-337126,00F15277,T27,,PROCESS,94474092,00F15277T-20180427033210,U4,1,K9,483,483,8.72,-11.0,127,GOOD,GOOD,118.8833,164.3848,91.84657,0,0.9055,4/27/2018 7:35
23931,1020,FP9,TOP,4009211043,4/27/2018 3:47,1524800700,TWB_SM3,TWB_PCBA_SM3_TOP_FP,TWB_PCBA_TOP_FP9,1020,TWB_SM3,TWB_PCBA_PASTE_INSPECTION_TOP,PN-337126,00F15277,00F15277,PN-337126,00F15277,T27,,PROCESS,94474092,00F15277T-20180427033210,U4,1,B3,483,483,-8.54,-2.56,127,GOOD,GOOD,117.6987,149.8943,99.72188,0,0.9055,4/27/2018 7:35
23942,1020,FP9,TOP,4009211043,4/27/2018 3:47,1524800700,TWB_SM3,TWB_PCBA_SM3_TOP_FP,TWB_PCBA_TOP_FP9,1020,TWB_SM3,TWB_PCBA_PASTE_INSPECTION_TOP,PN-337126,00F15277,00F15277,PN-337126,00F15277,T27,,PROCESS,94474092,00F15277T-20180427033210,U4,1,J2,483,483,3.71,2.26,127,GOOD,GOOD,112.0273,146.6959,96.98613,0,0.9055,4/27/2018 7:35
23943,1020,FP9,TOP,4009211043,4/27/2018 3:47,1524800700,TWB_SM3,TWB_PCBA_SM3_TOP_FP,TWB_PCBA_TOP_FP9,1020,TWB_SM3,TWB_PCBA_PASTE_INSPECTION_TOP,PN-337126,00F15277,00F15277,PN-337126,00F15277,T27,,PROCESS,94474092,00F15277T-20180427033210,U4,1,R14,483,483,0.07,3.07,127,GOOD,GOOD,141.9152,205.5481,87.68375,0,0.9055,4/27/2018 7:35
24212,1020,FP9,TOP,4009211043,4/27/2018 3:47,1524800700,TWB_SM3,TWB_PCBA_SM3_TOP_FP,TWB_PCBA_TOP_FP9,1020,TWB_SM3,TWB_PCBA_PASTE_INSPECTION_TOP,PN-337126,00F15277,00F15277,PN-337126,00F15277,T27,,PROCESS,94474092,00F15277T-20180427033210,U4,1,M9,483,483,-7.65,-9.14,127,GOOD,GOOD,112.8984,152.2229,94.19145,0,0.9055,4/27/2018 7:35
24402,1020,FP9,TOP,4009211043,4/27/2018 3:47,1524800700,TWB_SM3,TWB_PCBA_SM3_TOP_FP,TWB_PCBA_TOP_FP9,1020,TWB_SM3,TWB_PCBA_PASTE_INSPECTION_TOP,PN-337126,00F15277,00F15277,PN-337126,00F15277,T27,,PROCESS,94474092,00F15277T-20180427033210,U4,1,F14,483,483,3.75,-0.8,127,GOOD,GOOD,130.8048,184.3259,90.12411999999999,0,0.9055,4/27/2018 7:35
25404,1020,FP9,TOP,4009211043,4/27/2018 3:47,1524800700,TWB_SM3,TWB_PCBA_SM3_TOP_FP,TWB_PCBA_TOP_FP9,1020,TWB_SM3,TWB_PCBA_PASTE_INSPECTION_TOP,PN-337126,00F15277,00F15277,PN-337126,00F15277,T27,,PROCESS,94474092,00F15277T-20180427033210,U4,1,D4,483,483,-4.45,-3.51,127,GOOD,GOOD,113.7665,149.8839,96.39693,0,0.9055,4/27/2018 7:35
25765,1020,FP9,TOP,4009211043,4/27/2018 3:47,1524800700,TWB_SM3,TWB_PCBA_SM3_TOP_FP,TWB_PCBA_TOP_FP9,1020,TWB_SM3,TWB_PCBA_PASTE_INSPECTION_TOP,PN-337126,00F15277,00F15277,PN-337126,00F15277,T27,,PROCESS,94474092,00F15277T-20180427033210,U4,1,R6,483,483,-3.59,-2.42,127,GOOD,GOOD,116.3203,153.7526,96.08086999999999,0,0.9055,4/27/2018 7:35
25881,1020,FP9,TOP,4009211043,4/27/2018 3:47,1524800700,TWB_SM3,TWB_PCBA_SM3_TOP_FP,TWB_PCBA_TOP_FP9,1020,TWB_SM3,TWB_PCBA_PASTE_INSPECTION_TOP,PN-337126,00F15277,00F15277,PN-337126,00F15277,T27,,PROCESS,94474092,00F15277T-20180427033210,U4,1,H10,483,483,4.55,-12.68,127,GOOD,GOOD,128.3955,173.1059,94.19799,0,0.9055,4/27/2018 7:35
25882,1020,FP9,TOP,4009211043,4/27/2018 3:47,1524800700,TWB_SM3,TWB_PCBA_SM3_TOP_FP,TWB_PCBA_TOP_FP9,1020,TWB_SM3,TWB_PCBA_PASTE_INSPECTION_TOP,PN-337126,00F15277,00F15277,PN-337126,00F15277,T27,,PROCESS,94474092,00F15277T-20180427033210,U4,1,P15,483,483,-2.28,0.83,127,GOOD,GOOD,133.5481,181.9165,93.23293000000001,0,0.9055,4/27/2018 7:35
25889,1020,FP9,TOP,4009211043,4/27/2018 3:47,1524800700,TWB_SM3,TWB_PCBA_SM3_TOP_FP,TWB_PCBA_TOP_FP9,1020,TWB_SM3,TWB_PCBA_PASTE_INSPECTION_TOP,PN-337126,00F15277,00F15277,PN-337126,00F15277,T27,,PROCESS,94474092,00F15277T-20180427033210,U4,1,P10,483,483,-4.56,-10.1,127,GOOD,GOOD,126.4074,171.7019,93.49776,0,0.9055,4/27/2018 7:35
25991,1020,FP9,TOP,4009211043,4/27/2018 3:47,1524800700,TWB_SM3,TWB_PCBA_SM3_TOP_FP,TWB_PCBA_TOP_FP9,1020,TWB_SM3,TWB_PCBA_PASTE_INSPECTION_TOP,PN-337126,00F15277,00F15277,PN-337126,00F15277,T27,,PROCESS,94474092,00F15277T-20180427033210,U4,1,B2,483,483,-9.0,-0.74,127,GOOD,GOOD,112.6392,143.385,99.76765,0,0.9055,4/27/2018 7:35
26215,1020,FP9,TOP,4009211043,4/27/2018 3:47,1524800700,TWB_SM3,TWB_PCBA_SM3_TOP_FP,TWB_PCBA_TOP_FP9,1020,TWB_SM3,TWB_PCBA_PASTE_INSPECTION_TOP,PN-337126,00F15277,00F15277,PN-337126,00F15277,T27,,PROCESS,94474092,00F15277T-20180427033210,U4,1,D6,483,483,-6.86,-7.14,127,GOOD,GOOD,120.9739,160.243,95.87735,0,0.9055,4/27/2018 7:35
26739,1020,FP9,TOP,4009211043,4/27/2018 3:47,1524800700,TWB_SM3,TWB_PCBA_SM3_TOP_FP,TWB_PCBA_TOP_FP9,1020,TWB_SM3,TWB_PCBA_PASTE_INSPECTION_TOP,PN-337126,00F15277,00F15277,PN-337126,00F15277,T27,,PROCESS,94474092,00F15277T-20180427033210,U4,1,P9,483,483,-4.02,-8.28,127,GOOD,GOOD,125.4236,175.4604,90.7829,0,0.9055,4/27/2018 7:35
26921,1020,FP9,TOP,4009211043,4/27/2018 3:47,1524800700,TWB_SM3,TWB_PCBA_SM3_TOP_FP,TWB_PCBA_TOP_FP9,1020,TWB_SM3,TWB_PCBA_PASTE_INSPECTION_TOP,PN-337126,00F15277,00F15277,PN-337126,00F15277,T27,,PROCESS,94474092,00F15277T-20180427033210,U4,1,T4,483,483,-2.68,1.65,127,GOOD,GOOD,115.7007,153.3325,95.83084000000001,0,0.9055,4/27/2018 7:35
26931,1020,FP9,TOP,4009211043,4/27/2018 3:47,1524800700,TWB_SM3,TWB_PCBA_SM3_TOP_FP,TWB_PCBA_TOP_FP9,1020,TWB_SM3,TWB_PCBA_PASTE_INSPECTION_TOP,PN-337126,00F15277,00F15277,PN-337126,00F15277,T27,,PROCESS,94474092,00F15277T-20180427033210,U4,1,A5,483,483,-10.43,-6.62,127,GOOD,GOOD,123.1778,158.3946,98.76331,0,0.9055,4/27/2018 7:35
26932,1020,FP9,TOP,4009211043,4/27/2018 3:47,1524800700,TWB_SM3,TWB_PCBA_SM3_TOP_FP,TWB_PCBA_TOP_FP9,1020,TWB_SM3,TWB_PCBA_PASTE_INSPECTION_TOP,PN-337126,00F15277,00F15277,PN-337126,00F15277,T27,,PROCESS,94474092,00F15277T-20180427033210,U4,1,T14,483,483,1.89,3.51,127,GOOD,GOOD,129.1942,182.7643,89.77499,0,0.9055,4/27/2018 7:35
26961,1020,FP9,TOP,4009211043,4/27/2018 3:47,1524800700,TWB_SM3,TWB_PCBA_SM3_TOP_FP,TWB_PCBA_TOP_FP9,1020,TWB_SM3,TWB_PCBA_PASTE_INSPECTION_TOP,PN-337126,00F15277,00F15277,PN-337126,00F15277,T27,,PROCESS,94474092,00F15277T-20180427033210,U4,1,G10,483,483,2.74,7.9,127,GOOD,GOOD,121.8634,166.4642,92.97289,0,0.9055,4/27/2018 7:35
26968,1020,FP9,TOP,4009211043,4/27/2018 3:47,1524800700,TWB_SM3,TWB_PCBA_SM3_TOP_FP,TWB_PCBA_TOP_FP9,1020,TWB_SM3,TWB_PCBA_PASTE_INSPECTION_TOP,PN-337126,00F15277,00F15277,PN-337126,00F15277,T27,,PROCESS,94474092,00F15277T-20180427033210,U4,1,A9,483,483,-7.61,6.13,127,GOOD,GOOD,124.4943,162.781,97.1291,0,0.9055,4/27/2018 7:35
26969,1020,FP9,TOP,4009211043,4/27/2018 3:47,1524800700,TWB_SM3,TWB_PCBA_SM3_TOP_FP,TWB_PCBA_TOP_FP9,1020,TWB_SM3,TWB_PCBA_PASTE_INSPECTION_TOP,PN-337126,00F15277,00F15277,PN-337126,00F15277,T27,,PROCESS,94474092,00F15277T-20180427033210,U4,1,L13,483,483,-7.65,3.16,127,GOOD,GOOD,142.0159,188.5597,95.65148,0,0.9055,4/27/2018 7:35
26979,1020,FP9,TOP,4009211043,4/27/2018 3:47,1524800700,TWB_SM3,TWB_PCBA_SM3_TOP_FP,TWB_PCBA_TOP_FP9,1020,TWB_SM3,TWB_PCBA_PASTE_INSPECTION_TOP,PN-337126,00F15277,00F15277,PN-337126,00F15277,T27,,PROCESS,94474092,00F15277T-20180427033210,U4,1,R8,483,483,-2.67,-6.05,127,GOOD,GOOD,122.5058,166.6105,93.38089000000001,0,0.9055,4/27/2018 7:35
27069,1020,FP9,TOP,4009211043,4/27/2018 3:47,1524800700,TWB_SM3,TWB_PCBA_SM3_TOP_FP,TWB_PCBA_TOP_FP9,1020,TWB_SM3,TWB_PCBA_PASTE_INSPECTION_TOP,PN-337126,00F15277,00F15277,PN-337126,00F15277,T27,,PROCESS,94474092,00F15277T-20180427033210,U4,1,L5,483,483,7.72,-2.33,127,GOOD,GOOD,106.1302,146.946,91.72448,0,0.9055,4/27/2018 7:35
27116,1020,FP9,TOP,4009211043,4/27/2018 3:47,1524800700,TWB_SM3,TWB_PCBA_SM3_TOP_FP,TWB_PCBA_TOP_FP9,1020,TWB_SM3,TWB_PCBA_PASTE_INSPECTION_TOP,PN-337126,00F15277,00F15277,PN-337126,00F15277,T27,,PROCESS,94474092,00F15277T-20180427033210,U4,1,K13,483,483,-9.46,1.74,127,GOOD,GOOD,138.9447,182.9025,96.47752,0,0.9055,4/27/2018 7:35
27122,1020,FP9,TOP,4009211043,4/27/2018 3:47,1524800700,TWB_SM3,TWB_PCBA_SM3_TOP_FP,TWB_PCBA_TOP_FP9,1020,TWB_SM3,TWB_PCBA_PASTE_INSPECTION_TOP,PN-337126,00F15277,00F15277,PN-337126,00F15277,T27,,PROCESS,94474092,00F15277T-20180427033210,U4,1,C4,483,483,-6.27,-3.94,127,GOOD,GOOD,117.0098,156.2666,95.09546999999999,0,0.9055,4/27/2018 7:35
27126,1020,FP9,TOP,4009211043,4/27/2018 3:47,1524800700,TWB_SM3,TWB_PCBA_SM3_TOP_FP,TWB_PCBA_TOP_FP9,1020,TWB_SM3,TWB_PCBA_PASTE_INSPECTION_TOP,PN-337126,00F15277,00F15277,PN-337126,00F15277,T27,,PROCESS,94474092,00F15277T-20180427033210,U4,1,R3,483,483,-4.95,3.03,127,GOOD,GOOD,115.2557,156.7551,93.37801999999999,0,0.9055,4/27/2018 7:35
27287,1020,FP9,TOP,4009211043,4/27/2018 3:47,1524800700,TWB_SM3,TWB_PCBA_SM3_TOP_FP,TWB_PCBA_TOP_FP9,1020,TWB_SM3,TWB_PCBA_PASTE_INSPECTION_TOP,PN-337126,00F15277,00F15277,PN-337126,00F15277,T27,,PROCESS,94474092,00F15277T-20180427033210,U4,1,M4,483,483,-9.94,-0.07,127,GOOD,GOOD,118.0334,169.0986,88.64796,0,0.9055,4/27/2018 7:35
27731,1020,FP9,TOP,4009211043,4/27/2018 3:47,1524800700,TWB_SM3,TWB_PCBA_SM3_TOP_FP,TWB_PCBA_TOP_FP9,1020,TWB_SM3,TWB_PCBA_PASTE_INSPECTION_TOP,PN-337126,00F15277,00F15277,PN-337126,00F15277,T27,,PROCESS,94474092,00F15277T-20180427033210,U4,1,D12,483,483,-0.78,1.98,127,GOOD,GOOD,134.8783,177.8395,96.32027,0,0.9055,4/27/2018 7:35
27824,1020,FP9,TOP,4009211043,4/27/2018 3:47,1524800700,TWB_SM3,TWB_PCBA_SM3_TOP_FP,TWB_PCBA_TOP_FP9,1020,TWB_SM3,TWB_PCBA_PASTE_INSPECTION_TOP,PN-337126,00F15277,00F15277,PN-337126,00F15277,T27,,PROCESS,94474092,00F15277T-20180427033210,U4,1,E7,483,483,-1.27,-9.52,127,GOOD,GOOD,109.1772,152.7065,90.79839,0,0.9055,4/27/2018 7:35
27865,1020,FP9,TOP,4009211043,4/27/2018 3:47,1524800700,TWB_SM3,TWB_PCBA_SM3_TOP_FP,TWB_PCBA_TOP_FP9,1020,TWB_SM3,TWB_PCBA_PASTE_INSPECTION_TOP,PN-337126,00F15277,00F15277,PN-337126,00F15277,T27,,PROCESS,94474092,00F15277T-20180427033210,U4,1,J12,483,483,8.29,4.11,127,GOOD,GOOD,132.3997,178.8174,94.0331,0,0.9055,4/27/2018 7:35
27866,1020,FP9,TOP,4009211043,4/27/2018 3:47,1524800700,TWB_SM3,TWB_PCBA_SM3_TOP_FP,TWB_PCBA_TOP_FP9,1020,TWB_SM3,TWB_PCBA_PASTE_INSPECTION_TOP,PN-337126,00F15277,00F15277,PN-337126,00F15277,T27,,PROCESS,94474092,00F15277T-20180427033210,U4,1,J5,483,483,4.09,-3.19,127,GOOD,GOOD,109.1498,147.5752,93.93195,0,0.9055,4/27/2018 7:35
27873,1020,FP9,TOP,4009211043,4/27/2018 3:47,1524800700,TWB_SM3,TWB_PCBA_SM3_TOP_FP,TWB_PCBA_TOP_FP9,1020,TWB_SM3,TWB_PCBA_PASTE_INSPECTION_TOP,PN-337126,00F15277,00F15277,PN-337126,00F15277,T27,,PROCESS,94474092,00F15277T-20180427033210,U4,1,P11,483,483,-3.1,-11.91,127,GOOD,GOOD,134.1896,181.7299,93.77695,0,0.9055,4/27/2018 7:35
27994,1020,FP9,TOP,4009211043,4/27/2018 3:47,1524800700,TWB_SM3,TWB_PCBA_SM3_TOP_FP,TWB_PCBA_TOP_FP9,1020,TWB_SM3,TWB_PCBA_PASTE_INSPECTION_TOP,PN-337126,00F15277,00F15277,PN-337126,00F15277,T27,,PROCESS,94474092,00F15277T-20180427033210,U4,1,G5,483,483,0.46,-3.03,127,GOOD,GOOD,114.9048,152.3662,95.77526,0,0.9055,4/27/2018 7:35
28016,1020,FP9,TOP,4009211043,4/27/2018 3:47,1524800700,TWB_SM3,TWB_PCBA_SM3_TOP_FP,TWB_PCBA_TOP_FP9,1020,TWB_SM3,TWB_PCBA_PASTE_INSPECTION_TOP,PN-337126,00F15277,00F15277,PN-337126,00F15277,T27,,PROCESS,94474092,00F15277T-20180427033210,U4,1,H5,483,483,2.27,-3.61,127,GOOD,GOOD,104.7768,143.8636,92.49491,0,0.9055,4/27/2018 7:35
28244,1020,FP9,TOP,4009211043,4/27/2018 3:47,1524800700,TWB_SM3,TWB_PCBA_SM3_TOP_FP,TWB_PCBA_TOP_FP9,1020,TWB_SM3,TWB_PCBA_PASTE_INSPECTION_TOP,PN-337126,00F15277,00F15277,PN-337126,00F15277,T27,,PROCESS,94474092,00F15277T-20180427033210,U4,1,D1,483,483,-5.82,1.93,127,GOOD,GOOD,110.7852,157.3214,89.43295,0,0.9055,4/27/2018 7:35
28264,1020,FP9,TOP,4009211043,4/27/2018 3:47,1524800700,TWB_SM3,TWB_PCBA_SM3_TOP_FP,TWB_PCBA_TOP_FP9,1020,TWB_SM3,TWB_PCBA_PASTE_INSPECTION_TOP,PN-337126,00F15277,00F15277,PN-337126,00F15277,T27,,PROCESS,94474092,00F15277T-20180427033210,U4,1,E14,483,483,1.93,-2.22,127,GOOD,GOOD,140.2414,182.6739,97.49976,0,0.9055,4/27/2018 7:35
28268,1020,FP9,TOP,4009211043,4/27/2018 3:47,1524800700,TWB_SM3,TWB_PCBA_SM3_TOP_FP,TWB_PCBA_TOP_FP9,1020,TWB_SM3,TWB_PCBA_PASTE_INSPECTION_TOP,PN-337126,00F15277,00F15277,PN-337126,00F15277,T27,,PROCESS,94474092,00F15277T-20180427033210,U4,1,M2,483,483,-10.85,3.56,127,GOOD,GOOD,111.6755,147.6209,96.07574,0,0.9055,4/27/2018 7:35
28356,1020,FP9,TOP,4009211043,4/27/2018 3:47,1524800700,TWB_SM3,TWB_PCBA_SM3_TOP_FP,TWB_PCBA_TOP_FP9,1020,TWB_SM3,TWB_PCBA_PASTE_INSPECTION_TOP,PN-337126,00F15277,00F15277,PN-337126,00F15277,T27,,PROCESS,94474092,00F15277T-20180427033210,U4,1,P4,483,483,-6.31,0.79,127,GOOD,GOOD,115.54899999999999,146.9534,99.85963000000001,0,0.9055,4/27/2018 7:35
28510,1020,FP9,TOP,4009211043,4/27/2018 3:47,1524800700,TWB_SM3,TWB_PCBA_SM3_TOP_FP,TWB_PCBA_TOP_FP9,1020,TWB_SM3,TWB_PCBA_PASTE_INSPECTION_TOP,PN-337126,00F15277,00F15277,PN-337126,00F15277,T27,,PROCESS,94474092,00F15277T-20180427033210,U4,1,E5,483,483,-3.17,-5.9,127,GOOD,GOOD,104.5548,138.4524,95.90629,0,0.9055,4/27/2018 7:35
28641,1020,FP9,TOP,4009211043,4/27/2018 3:47,1524800700,TWB_SM3,TWB_PCBA_SM3_TOP_FP,TWB_PCBA_TOP_FP9,1020,TWB_SM3,TWB_PCBA_PASTE_INSPECTION_TOP,PN-337126,00F15277,00F15277,PN-337126,00F15277,T27,,PROCESS,94474092,00F15277T-20180427033210,U4,1,H2,483,483,1.89,1.84,127,GOOD,GOOD,116.0487,153.1896,96.20876,0,0.9055,4/27/2018 7:35
28939,1020,FP9,TOP,4009211043,4/27/2018 3:47,1524800700,TWB_SM3,TWB_PCBA_SM3_TOP_FP,TWB_PCBA_TOP_FP9,1020,TWB_SM3,TWB_PCBA_PASTE_INSPECTION_TOP,PN-337126,00F15277,00F15277,PN-337126,00F15277,T27,,PROCESS,94474092,00F15277T-20180427033210,U4,1,N5,483,483,-8.66,-1.47,127,GOOD,GOOD,118.5057,163.8669,91.84419,0,0.9055,4/27/2018 7:35
29335,1020,FP9,TOP,4009211043,4/27/2018 3:47,1524800700,TWB_SM3,TWB_PCBA_SM3_TOP_FP,TWB_PCBA_TOP_FP9,1020,TWB_SM3,TWB_PCBA_PASTE_INSPECTION_TOP,PN-337126,00F15277,00F15277,PN-337126,00F15277,T27,,PROCESS,94474092,00F15277T-20180427033210,U4,1,R1,483,483,-5.87,6.65,127,GOOD,GOOD,110.0971,148.4614,94.18163,0,0.9055,4/27/2018 7:35
29607,1020,FP9,TOP,4009211043,4/27/2018 3:47,1524800700,TWB_SM3,TWB_PCBA_SM3_TOP_FP,TWB_PCBA_TOP_FP9,1020,TWB_SM3,TWB_PCBA_PASTE_INSPECTION_TOP,PN-337126,00F15277,00F15277,PN-337126,00F15277,T27,,PROCESS,94474092,00F15277T-20180427033210,U4,1,A3,483,483,-10.35,-2.99,127,GOOD,GOOD,117.7008,152.811,97.82021,0,0.9055,4/27/2018 7:35
29608,1020,FP9,TOP,4009211043,4/27/2018 3:47,1524800700,TWB_SM3,TWB_PCBA_SM3_TOP_FP,TWB_PCBA_TOP_FP9,1020,TWB_SM3,TWB_PCBA_PASTE_INSPECTION_TOP,PN-337126,00F15277,00F15277,PN-337126,00F15277,T27,,PROCESS,94474092,00F15277T-20180427033210,U4,1,T12,483,483,0.99,7.14,127,GOOD,GOOD,124.7267,170.0038,93.1761,0,0.9055,4/27/2018 7:35
29942,1020,FP9,TOP,4009211043,4/27/2018 3:47,1524800700,TWB_SM3,TWB_PCBA_SM3_TOP_FP,TWB_PCBA_TOP_FP9,1020,TWB_SM3,TWB_PCBA_PASTE_INSPECTION_TOP,PN-337126,00F15277,00F15277,PN-337126,00F15277,T27,,PROCESS,94474092,00F15277T-20180427033210,U4,1,K7,483,483,7.8,-7.37,127,GOOD,GOOD,109.5741,151.8019,91.67154000000001,0,0.9055,4/27/2018 7:35
29977,1020,FP9,TOP,4009211043,4/27/2018 3:47,1524800700,TWB_SM3,TWB_PCBA_SM3_TOP_FP,TWB_PCBA_TOP_FP9,1020,TWB_SM3,TWB_PCBA_PASTE_INSPECTION_TOP,PN-337126,00F15277,00F15277,PN-337126,00F15277,T27,,PROCESS,94474092,00F15277T-20180427033210,U4,1,P6,483,483,-5.4,-2.84,127,GOOD,GOOD,117.9522,178.8816,83.74216,0,0.9055,4/27/2018 7:35
30461,1020,FP9,TOP,4009211043,4/27/2018 3:47,1524800700,TWB_SM3,TWB_PCBA_SM3_TOP_FP,TWB_PCBA_TOP_FP9,1020,TWB_SM3,TWB_PCBA_PASTE_INSPECTION_TOP,PN-337126,00F15277,00F15277,PN-337126,00F15277,T27,,PROCESS,94474092,00F15277T-20180427033210,U4,1,A11,483,483,-6.69,2.5,127,GOOD,GOOD,133.4302,170.1802,99.57467,0,0.9055,4/27/2018 7:35
30696,1020,FP9,TOP,4009211043,4/27/2018 3:47,1524800700,TWB_SM3,TWB_PCBA_SM3_TOP_FP,TWB_PCBA_TOP_FP9,1020,TWB_SM3,TWB_PCBA_PASTE_INSPECTION_TOP,PN-337126,00F15277,00F15277,PN-337126,00F15277,T27,,PROCESS,94474092,00F15277T-20180427033210,U4,1,G2,483,483,0.08,2.42,127,GOOD,GOOD,113.2465,157.5699,91.27566999999999,0,0.9055,4/27/2018 7:35
31105,1020,FP9,TOP,4009211043,4/27/2018 3:47,1524800700,TWB_SM3,TWB_PCBA_SM3_TOP_FP,TWB_PCBA_TOP_FP9,1020,TWB_SM3,TWB_PCBA_PASTE_INSPECTION_TOP,PN-337126,00F15277,00F15277,PN-337126,00F15277,T27,,PROCESS,94474092,00F15277T-20180427033210,U4,1,B7,483,483,-6.71,-9.81,127,GOOD,GOOD,119.6642,166.0972,91.49673,0,0.9055,4/27/2018 7:35
31117,1020,FP9,TOP,4009211043,4/27/2018 3:47,1524800700,TWB_SM3,TWB_PCBA_SM3_TOP_FP,TWB_PCBA_TOP_FP9,1020,TWB_SM3,TWB_PCBA_PASTE_INSPECTION_TOP,PN-337126,00F15277,00F15277,PN-337126,00F15277,T27,,PROCESS,94474092,00F15277T-20180427033210,U4,1,E8,483,483,-0.81,-11.34,127,GOOD,GOOD,119.2098,164.2473,92.17588,0,0.9055,4/27/2018 7:35
31201,1020,FP9,TOP,4009211043,4/27/2018 3:47,1524800700,TWB_SM3,TWB_PCBA_SM3_TOP_FP,TWB_PCBA_TOP_FP9,1020,TWB_SM3,TWB_PCBA_PASTE_INSPECTION_TOP,PN-337126,00F15277,00F15277,PN-337126,00F15277,T27,,PROCESS,94474092,00F15277T-20180427033210,U4,1,G11,483,483,2.54,6.09,127,GOOD,GOOD,125.8932,163.8983,97.55094,0,0.9055,4/27/2018 7:35
31228,1020,FP9,TOP,4009211043,4/27/2018 3:47,1524800700,TWB_SM3,TWB_PCBA_SM3_TOP_FP,TWB_PCBA_TOP_FP9,1020,TWB_SM3,TWB_PCBA_PASTE_INSPECTION_TOP,PN-337126,00F15277,00F15277,PN-337126,00F15277,T27,,PROCESS,94474092,00F15277T-20180427033210,U4,1,A15,483,483,-5.87,-4.76,127,GOOD,GOOD,144.8004,208.93900000000002,88.01446999999999,0,0.9055,4/27/2018 7:35
31232,1020,FP9,TOP,4009211043,4/27/2018 3:47,1524800700,TWB_SM3,TWB_PCBA_SM3_TOP_FP,TWB_PCBA_TOP_FP9,1020,TWB_SM3,TWB_PCBA_PASTE_INSPECTION_TOP,PN-337126,00F15277,00F15277,PN-337126,00F15277,T27,,PROCESS,94474092,00F15277T-20180427033210,U4,1,G1,483,483,-0.38,4.23,127,GOOD,GOOD,106.9784,149.3413,90.97453,0,0.9055,4/27/2018 7:35
31250,1020,FP9,TOP,4009211043,4/27/2018 3:47,1524800700,TWB_SM3,TWB_PCBA_SM3_TOP_FP,TWB_PCBA_TOP_FP9,1020,TWB_SM3,TWB_PCBA_PASTE_INSPECTION_TOP,PN-337126,00F15277,00F15277,PN-337126,00F15277,T27,,PROCESS,94474092,00F15277T-20180427033210,U4,1,E12,483,483,1.03,1.41,127,GOOD,GOOD,115.7654,150.6439,97.59576,0,0.9055,4/27/2018 7:35
31642,1020,FP9,TOP,4009211043,4/27/2018 3:47,1524800700,TWB_SM3,TWB_PCBA_SM3_TOP_FP,TWB_PCBA_TOP_FP9,1020,TWB_SM3,TWB_PCBA_PASTE_INSPECTION_TOP,PN-337126,00F15277,00F15277,PN-337126,00F15277,T27,,PROCESS,94474092,00F15277T-20180427033210,U4,1,F15,483,483,3.2,-2.61,127,GOOD,GOOD,136.092,184.8883,93.4818,0,0.9055,4/27/2018 7:35
31649,1020,FP9,TOP,4009211043,4/27/2018 3:47,1524800700,TWB_SM3,TWB_PCBA_SM3_TOP_FP,TWB_PCBA_TOP_FP9,1020,TWB_SM3,TWB_PCBA_PASTE_INSPECTION_TOP,PN-337126,00F15277,00F15277,PN-337126,00F15277,T27,,PROCESS,94474092,00F15277T-20180427033210,U4,1,C12,483,483,-2.6,1.55,127,GOOD,GOOD,147.3936,189.9686,98.53721999999999,0,0.9055,4/27/2018 7:35
31661,1020,FP9,TOP,4009211043,4/27/2018 3:47,1524800700,TWB_SM3,TWB_PCBA_SM3_TOP_FP,TWB_PCBA_TOP_FP9,1020,TWB_SM3,TWB_PCBA_PASTE_INSPECTION_TOP,PN-337126,00F15277,00F15277,PN-337126,00F15277,T27,,PROCESS,94474092,00F15277T-20180427033210,U4,1,A2,483,483,-10.81,-2.0,127,GOOD,GOOD,117.0759,152.7515,97.33878,0,0.9055,4/27/2018 7:35
31662,1020,FP9,TOP,4009211043,4/27/2018 3:47,1524800700,TWB_SM3,TWB_PCBA_SM3_TOP_FP,TWB_PCBA_TOP_FP9,1020,TWB_SM3,TWB_PCBA_PASTE_INSPECTION_TOP,PN-337126,00F15277,00F15277,PN-337126,00F15277,T27,,PROCESS,94474092,00F15277T-20180427033210,U4,1,T11,483,483,-0.3,-11.05,127,GOOD,GOOD,128.0424,173.158,93.91066,0,0.9055,4/27/2018 7:35
31686,1020,FP9,TOP,4009211043,4/27/2018 3:47,1524800700,TWB_SM3,TWB_PCBA_SM3_TOP_FP,TWB_PCBA_TOP_FP9,1020,TWB_SM3,TWB_PCBA_PASTE_INSPECTION_TOP,PN-337126,00F15277,00F15277,PN-337126,00F15277,T27,,PROCESS,94474092,00F15277T-20180427033210,U4,1,E13,483,483,1.47,-0.41,127,GOOD,GOOD,134.6965,184.8289,92.55296,0,0.9055,4/27/2018 7:35
31817,1020,FP9,TOP,4009211043,4/27/2018 3:47,1524800700,TWB_SM3,TWB_PCBA_SM3_TOP_FP,TWB_PCBA_TOP_FP9,1020,TWB_SM3,TWB_PCBA_PASTE_INSPECTION_TOP,PN-337126,00F15277,00F15277,PN-337126,00F15277,T27,,PROCESS,94474092,00F15277T-20180427033210,U4,1,R7,483,483,-3.13,-4.23,127,GOOD,GOOD,116.1293,165.1071,89.32636,0,0.9055,4/27/2018 7:35
32045,1020,FP9,TOP,4009211043,4/27/2018 3:47,1524800700,TWB_SM3,TWB_PCBA_SM3_TOP_FP,TWB_PCBA_TOP_FP9,1020,TWB_SM3,TWB_PCBA_PASTE_INSPECTION_TOP,PN-337126,00F15277,00F15277,PN-337126,00F15277,T27,,PROCESS,94474092,00F15277T-20180427033210,U4,1,D14,483,483,0.12,-1.65,127,GOOD,GOOD,135.6475,178.2987,96.62009,0,0.9055,4/27/2018 7:35
32062,1020,FP9,TOP,4009211043,4/27/2018 3:47,1524800700,TWB_SM3,TWB_PCBA_SM3_TOP_FP,TWB_PCBA_TOP_FP9,1020,TWB_SM3,TWB_PCBA_PASTE_INSPECTION_TOP,PN-337126,00F15277,00F15277,PN-337126,00F15277,T27,,PROCESS,94474092,00F15277T-20180427033210,U4,1,G15,483,483,5.02,-1.17,127,GOOD,GOOD,142.5713,192.9006,93.86471,0,0.9055,4/27/2018 7:35
32156,1020,FP9,TOP,4009211043,4/27/2018 3:47,1524800700,TWB_SM3,TWB_PCBA_SM3_TOP_FP,TWB_PCBA_TOP_FP9,1020,TWB_SM3,TWB_PCBA_PASTE_INSPECTION_TOP,PN-337126,00F15277,00F15277,PN-337126,00F15277,T27,,PROCESS,94474092,00F15277T-20180427033210,U4,1,P7,483,483,-4.94,-4.65,127,GOOD,GOOD,122.0468,184.3209,84.09219,0,0.9055,4/27/2018 7:35
32190,1020,FP9,TOP,4009211043,4/27/2018 3:47,1524800700,TWB_SM3,TWB_PCBA_SM3_TOP_FP,TWB_PCBA_TOP_FP9,1020,TWB_SM3,TWB_PCBA_PASTE_INSPECTION_TOP,PN-337126,00F15277,00F15277,PN-337126,00F15277,T27,,PROCESS,94474092,00F15277T-20180427033210,U4,1,C10,483,483,-4.52,5.17,127,GOOD,GOOD,130.959,170.7459,97.40668000000001,0,0.9055,4/27/2018 7:35
32191,1020,FP9,TOP,4009211043,4/27/2018 3:47,1524800700,TWB_SM3,TWB_PCBA_SM3_TOP_FP,TWB_PCBA_TOP_FP9,1020,TWB_SM3,TWB_PCBA_PASTE_INSPECTION_TOP,PN-337126,00F15277,00F15277,PN-337126,00F15277,T27,,PROCESS,94474092,00F15277T-20180427033210,U4,1,K15,483,483,-9.54,-1.89,127,GOOD,GOOD,143.3528,196.074,92.85172,0,0.9055,4/27/2018 7:35
32236,1020,FP9,TOP,4009211043,4/27/2018 3:47,1524800700,TWB_SM3,TWB_PCBA_SM3_TOP_FP,TWB_PCBA_TOP_FP9,1020,TWB_SM3,TWB_PCBA_PASTE_INSPECTION_TOP,PN-337126,00F15277,00F15277,PN-337126,00F15277,T27,,PROCESS,94474092,00F15277T-20180427033210,U4,1,P13,483,483,-2.2,4.46,127,GOOD,GOOD,130.9929,172.7954,96.27631,0,0.9055,4/27/2018 7:35
32256,1020,FP9,TOP,4009211043,4/27/2018 3:47,1524800700,TWB_SM3,TWB_PCBA_SM3_TOP_FP,TWB_PCBA_TOP_FP9,1020,TWB_SM3,TWB_PCBA_PASTE_INSPECTION_TOP,PN-337126,00F15277,00F15277,PN-337126,00F15277,T27,,PROCESS,94474092,00F15277T-20180427033210,U4,1,M10,483,483,-8.19,-10.96,127,GOOD,GOOD,107.5745,163.6534,83.48111999999999,0,0.9055,4/27/2018 7:35
32405,1020,FP9,TOP,4009211043,4/27/2018 3:47,1524800700,TWB_SM3,TWB_PCBA_SM3_TOP_FP,TWB_PCBA_TOP_FP9,1020,TWB_SM3,TWB_PCBA_PASTE_INSPECTION_TOP,PN-337126,00F15277,00F15277,PN-337126,00F15277,T27,,PROCESS,94474092,00F15277T-20180427033210,U4,1,L1,483,483,6.88,4.93,127,GOOD,GOOD,111.4575,153.2158,92.3867,0,0.9055,4/27/2018 7:35
32411,1020,FP9,TOP,4009211043,4/27/2018 3:47,1524800700,TWB_SM3,TWB_PCBA_SM3_TOP_FP,TWB_PCBA_TOP_FP9,1020,TWB_SM3,TWB_PCBA_PASTE_INSPECTION_TOP,PN-337126,00F15277,00F15277,PN-337126,00F15277,T27,,PROCESS,94474092,00F15277T-20180427033210,U4,1,M1,483,483,8.69,5.37,127,GOOD,GOOD,105.7096,144.5438,92.87928000000001,0,0.9055,4/27/2018 7:35
32580,1020,FP9,TOP,4009211043,4/27/2018 3:47,1524800700,TWB_SM3,TWB_PCBA_SM3_TOP_FP,TWB_PCBA_TOP_FP9,1020,TWB_SM3,TWB_PCBA_PASTE_INSPECTION_TOP,PN-337126,00F15277,00F15277,PN-337126,00F15277,T27,,PROCESS,94474092,00F15277T-20180427033210,U4,1,C15,483,483,-2.24,-3.9,127,GOOD,GOOD,140.3744,186.5303,95.57451999999999,0,0.9055,4/27/2018 7:35
32867,1020,FP9,TOP,4009211043,4/27/2018 3:47,1524800700,TWB_SM3,TWB_PCBA_SM3_TOP_FP,TWB_PCBA_TOP_FP9,1020,TWB_SM3,TWB_PCBA_PASTE_INSPECTION_TOP,PN-337126,00F15277,00F15277,PN-337126,00F15277,T27,,PROCESS,94474092,00F15277T-20180427033210,U4,1,B15,483,483,-4.05,-4.33,127,GOOD,GOOD,135.467,198.3578,86.73371999999999,0,0.9055,4/27/2018 7:35
32903,1020,FP9,TOP,4009211043,4/27/2018 3:47,1524800700,TWB_SM3,TWB_PCBA_SM3_TOP_FP,TWB_PCBA_TOP_FP9,1020,TWB_SM3,TWB_PCBA_PASTE_INSPECTION_TOP,PN-337126,00F15277,00F15277,PN-337126,00F15277,T27,,PROCESS,94474092,00F15277T-20180427033210,U4,1,M3,483,483,-10.39,1.74,127,GOOD,GOOD,116.5072,157.2749,94.07993,0,0.9055,4/27/2018 7:35
32925,1020,FP9,TOP,4009211043,4/27/2018 3:47,1524800700,TWB_SM3,TWB_PCBA_SM3_TOP_FP,TWB_PCBA_TOP_FP9,1020,TWB_SM3,TWB_PCBA_PASTE_INSPECTION_TOP,PN-337126,00F15277,00F15277,PN-337126,00F15277,T27,,PROCESS,94474092,00F15277T-20180427033210,U4,1,H15,483,483,6.83,-1.75,127,GOOD,GOOD,140.0168,194.2507,91.54221,0,0.9055,4/27/2018 7:35
