,plcng_plant_cd,mach_id,pcb_side_inspd,wo_num,defct_dttm,intrvl_key,plcng_area_cd,plcng_prcs_cd,plcng_wrk_ctr_cd,fndng_plant_cd,fndng_area_cd,fndng_prcs_cd,bld_part_no,bld_serial_no,barcd,assy_part_no,assy_serial_no,defct_cd,failed_test_code,fail_type,cmpnt_part_no,spi_test_id,ref_id,silkscrn_nbr,cmpntpin_nbr,cmpntpin_size_x_axis,cmpntpin_size_y_axis,solder_paste_offst_x_axis,solder_paste_offst_y_axis,pad_stncl_hgt,pad_spi_result,pad_spi_defct_type,solder_paste_vol_pct,solder_paste_hgt,solder_paste_area_pct,pkg_type,stncl_surf_area_ratio,extract_dttm
1079,1020,FP9,TOP,4009328250,6/17/2018 14:34,1529245800,TWB_SM3,TWB_PCBA_SM3_TOP_FP,TWB_PCBA_TOP_FP9,1020,TWB_SM3,TWB_PCBA_PASTE_INSPECTION_TOP,PN-337126,00F40B13,00F40B13,PN-337126,00F40B14,T31,,PROCESS,94474092,00F40B13T-20180617143902,U4,2,A5,483,483,4.89,-6.52,127,GOOD,GOOD,139.6766,176.1026,100.7306,0,0.9055,6/17/2018 18:51
1080,1020,FP9,TOP,4009328250,6/17/2018 14:34,1529245800,TWB_SM3,TWB_PCBA_SM3_TOP_FP,TWB_PCBA_TOP_FP9,1020,TWB_SM3,TWB_PCBA_PASTE_INSPECTION_TOP,PN-337126,00F40B13,00F40B13,PN-337126,00F40B14,T31,,PROCESS,94474092,00F40B13T-20180617143902,U4,2,C6,483,483,5.36,-7.19,127,GOOD,GOOD,132.3345,175.172,95.94273000000001,0,0.9055,6/17/2018 18:51
1081,1020,FP9,TOP,4009328250,6/17/2018 14:34,1529245800,TWB_SM3,TWB_PCBA_SM3_TOP_FP,TWB_PCBA_TOP_FP9,1020,TWB_SM3,TWB_PCBA_PASTE_INSPECTION_TOP,PN-337126,00F40B13,00F40B13,PN-337126,00F40B14,T31,,PROCESS,94474092,00F40B13T-20180617143902,U4,2,D11,483,483,17.6,5.4,127,GOOD,GOOD,148.3908,191.2769,98.52537,0,0.9055,6/17/2018 18:51
1082,1020,FP9,TOP,4009328250,6/17/2018 14:34,1529245800,TWB_SM3,TWB_PCBA_SM3_TOP_FP,TWB_PCBA_TOP_FP9,1020,TWB_SM3,TWB_PCBA_PASTE_INSPECTION_TOP,PN-337126,00F40B13,00F40B13,PN-337126,00F40B14,T31,,PROCESS,94474092,00F40B13T-20180617143902,U4,2,E16,483,483,14.94,-3.02,127,GOOD,GOOD,127.4119,170.1843,95.08108,0,0.9055,6/17/2018 18:51
1083,1020,FP9,TOP,4009328250,6/17/2018 14:34,1529245800,TWB_SM3,TWB_PCBA_SM3_TOP_FP,TWB_PCBA_TOP_FP9,1020,TWB_SM3,TWB_PCBA_PASTE_INSPECTION_TOP,PN-337126,00F40B13,00F40B13,PN-337126,00F40B14,T31,,PROCESS,94474092,00F40B13T-20180617143902,U4,2,E7,483,483,13.95,-8.86,127,GOOD,GOOD,144.5618,181.2396,101.2988,0,0.9055,6/17/2018 18:51
1084,1020,FP9,TOP,4009328250,6/17/2018 14:34,1529245800,TWB_SM3,TWB_PCBA_SM3_TOP_FP,TWB_PCBA_TOP_FP9,1020,TWB_SM3,TWB_PCBA_PASTE_INSPECTION_TOP,PN-337126,00F40B13,00F40B13,PN-337126,00F40B14,T31,,PROCESS,94474092,00F40B13T-20180617143902,U4,2,G8,483,483,12.44,-7.53,127,GOOD,GOOD,143.3082,179.2094,101.55799999999999,0,0.9055,6/17/2018 18:51
1085,1020,FP9,TOP,4009328250,6/17/2018 14:34,1529245800,TWB_SM3,TWB_PCBA_SM3_TOP_FP,TWB_PCBA_TOP_FP9,1020,TWB_SM3,TWB_PCBA_PASTE_INSPECTION_TOP,PN-337126,00F40B13,00F40B13,PN-337126,00F40B14,T31,,PROCESS,94474092,00F40B13T-20180617143902,U4,2,H10,483,483,19.94,-11.24,127,GOOD,GOOD,146.5948,192.1886,96.87116999999999,0,0.9055,6/17/2018 18:51
1086,1020,FP9,TOP,4009328250,6/17/2018 14:34,1529245800,TWB_SM3,TWB_PCBA_SM3_TOP_FP,TWB_PCBA_TOP_FP9,1020,TWB_SM3,TWB_PCBA_PASTE_INSPECTION_TOP,PN-337126,00F40B13,00F40B13,PN-337126,00F40B14,T31,,PROCESS,94474092,00F40B13T-20180617143902,U4,2,M14,483,483,10.79,4.28,127,GOOD,GOOD,132.8938,180.4686,93.52048,0,0.9055,6/17/2018 18:51
1087,1020,FP9,TOP,4009328250,6/17/2018 14:34,1529245800,TWB_SM3,TWB_PCBA_SM3_TOP_FP,TWB_PCBA_TOP_FP9,1020,TWB_SM3,TWB_PCBA_PASTE_INSPECTION_TOP,PN-337126,00F40B13,00F40B13,PN-337126,00F40B14,T31,,PROCESS,94474092,00F40B13T-20180617143902,U4,2,N1,483,483,13.73,5.16,127,GOOD,GOOD,132.9024,174.3382,96.81531,0,0.9055,6/17/2018 18:51
1088,1020,FP9,TOP,4009328250,6/17/2018 14:34,1529245800,TWB_SM3,TWB_PCBA_SM3_TOP_FP,TWB_PCBA_TOP_FP9,1020,TWB_SM3,TWB_PCBA_PASTE_INSPECTION_TOP,PN-337126,00F40B13,00F40B13,PN-337126,00F40B14,T31,,PROCESS,94474092,00F40B13T-20180617143902,U4,2,P2,483,483,2.41,4.05,127,GOOD,GOOD,147.1918,197.7663,94.52242,0,0.9055,6/17/2018 18:51
1089,1020,FP9,TOP,4009328250,6/17/2018 14:34,1529245800,TWB_SM3,TWB_PCBA_SM3_TOP_FP,TWB_PCBA_TOP_FP9,1020,TWB_SM3,TWB_PCBA_PASTE_INSPECTION_TOP,PN-337126,00F40B13,00F40B13,PN-337126,00F40B14,T31,,PROCESS,94474092,00F40B13T-20180617143902,U4,2,R3,483,483,3.47,2.92,127,GOOD,GOOD,139.1096,174.3091,101.354,0,0.9055,6/17/2018 18:51
1090,1020,FP9,TOP,4009328250,6/17/2018 14:34,1529245800,TWB_SM3,TWB_PCBA_SM3_TOP_FP,TWB_PCBA_TOP_FP9,1020,TWB_SM3,TWB_PCBA_PASTE_INSPECTION_TOP,PN-337126,00F40B13,00F40B13,PN-337126,00F40B14,T31,,PROCESS,94474092,00F40B13T-20180617143902,U4,2,T4,483,483,6.51,1.8,127,GOOD,GOOD,131.422,170.916,97.65379,0,0.9055,6/17/2018 18:51
1743,1020,FP9,TOP,4009328250,6/17/2018 14:34,1529245800,TWB_SM3,TWB_PCBA_SM3_TOP_FP,TWB_PCBA_TOP_FP9,1020,TWB_SM3,TWB_PCBA_PASTE_INSPECTION_TOP,PN-337126,00F40B13,00F40B13,PN-337126,00F40B14,T31,,PROCESS,94474092,00F40B13T-20180617143902,U4,2,A8,483,483,3.0,-11.24,127,GOOD,GOOD,136.9617,180.1189,96.57028000000001,0,0.9055,6/17/2018 18:51
1744,1020,FP9,TOP,4009328250,6/17/2018 14:34,1529245800,TWB_SM3,TWB_PCBA_SM3_TOP_FP,TWB_PCBA_TOP_FP9,1020,TWB_SM3,TWB_PCBA_PASTE_INSPECTION_TOP,PN-337126,00F40B13,00F40B13,PN-337126,00F40B14,T31,,PROCESS,94474092,00F40B13T-20180617143902,U4,2,C9,483,483,8.46,-11.91,127,GOOD,GOOD,134.9092,179.7623,95.31181,0,0.9055,6/17/2018 18:51
1745,1020,FP9,TOP,4009328250,6/17/2018 14:34,1529245800,TWB_SM3,TWB_PCBA_SM3_TOP_FP,TWB_PCBA_TOP_FP9,1020,TWB_SM3,TWB_PCBA_PASTE_INSPECTION_TOP,PN-337126,00F40B13,00F40B13,PN-337126,00F40B14,T31,,PROCESS,94474092,00F40B13T-20180617143902,U4,2,D14,483,483,17.38,0.68,127,GOOD,GOOD,136.5932,178.8995,96.9669,0,0.9055,6/17/2018 18:51
1746,1020,FP9,TOP,4009328250,6/17/2018 14:34,1529245800,TWB_SM3,TWB_PCBA_SM3_TOP_FP,TWB_PCBA_TOP_FP9,1020,TWB_SM3,TWB_PCBA_PASTE_INSPECTION_TOP,PN-337126,00F40B13,00F40B13,PN-337126,00F40B14,T31,,PROCESS,94474092,00F40B13T-20180617143902,U4,2,H1,483,483,10.84,2.92,127,GOOD,GOOD,139.9795,176.0994,100.9509,0,0.9055,6/17/2018 18:51
1747,1020,FP9,TOP,4009328250,6/17/2018 14:34,1529245800,TWB_SM3,TWB_PCBA_SM3_TOP_FP,TWB_PCBA_TOP_FP9,1020,TWB_SM3,TWB_PCBA_PASTE_INSPECTION_TOP,PN-337126,00F40B13,00F40B13,PN-337126,00F40B14,T31,,PROCESS,94474092,00F40B13T-20180617143902,U4,2,H13,483,483,15.58,4.05,127,GOOD,GOOD,149.8609,190.7106,99.79697,0,0.9055,6/17/2018 18:51
1748,1020,FP9,TOP,4009328250,6/17/2018 14:34,1529245800,TWB_SM3,TWB_PCBA_SM3_TOP_FP,TWB_PCBA_TOP_FP9,1020,TWB_SM3,TWB_PCBA_PASTE_INSPECTION_TOP,PN-337126,00F40B13,00F40B13,PN-337126,00F40B14,T31,,PROCESS,94474092,00F40B13T-20180617143902,U4,2,J2,483,483,12.06,1.79,127,GOOD,GOOD,140.7604,176.9453,101.0288,0,0.9055,6/17/2018 18:51
1749,1020,FP9,TOP,4009328250,6/17/2018 14:34,1529245800,TWB_SM3,TWB_PCBA_SM3_TOP_FP,TWB_PCBA_TOP_FP9,1020,TWB_SM3,TWB_PCBA_PASTE_INSPECTION_TOP,PN-337126,00F40B13,00F40B13,PN-337126,00F40B14,T31,,PROCESS,94474092,00F40B13T-20180617143902,U4,2,L12,483,483,5.77,6.96,127,GOOD,GOOD,131.774,173.668,96.36374,0,0.9055,6/17/2018 18:51
1750,1020,FP9,TOP,4009328250,6/17/2018 14:34,1529245800,TWB_SM3,TWB_PCBA_SM3_TOP_FP,TWB_PCBA_TOP_FP9,1020,TWB_SM3,TWB_PCBA_PASTE_INSPECTION_TOP,PN-337126,00F40B13,00F40B13,PN-337126,00F40B14,T31,,PROCESS,94474092,00F40B13T-20180617143902,U4,2,L3,483,483,13.04,1.11,127,GOOD,GOOD,145.1244,189.8307,97.0907,0,0.9055,6/17/2018 18:51
1751,1020,FP9,TOP,4009328250,6/17/2018 14:34,1529245800,TWB_SM3,TWB_PCBA_SM3_TOP_FP,TWB_PCBA_TOP_FP9,1020,TWB_SM3,TWB_PCBA_PASTE_INSPECTION_TOP,PN-337126,00F40B13,00F40B13,PN-337126,00F40B14,T31,,PROCESS,94474092,00F40B13T-20180617143902,U4,2,N4,483,483,7.59,0.44,127,GOOD,GOOD,142.6375,182.2627,99.38931,0,0.9055,6/17/2018 18:51
1752,1020,FP9,TOP,4009328250,6/17/2018 14:34,1529245800,TWB_SM3,TWB_PCBA_SM3_TOP_FP,TWB_PCBA_TOP_FP9,1020,TWB_SM3,TWB_PCBA_PASTE_INSPECTION_TOP,PN-337126,00F40B13,00F40B13,PN-337126,00F40B14,T31,,PROCESS,94474092,00F40B13T-20180617143902,U4,2,P11,483,483,12.49,-10.11,127,GOOD,GOOD,144.0867,183.86599999999999,99.52367,0,0.9055,6/17/2018 18:51
1753,1020,FP9,TOP,4009328250,6/17/2018 14:34,1529245800,TWB_SM3,TWB_PCBA_SM3_TOP_FP,TWB_PCBA_TOP_FP9,1020,TWB_SM3,TWB_PCBA_PASTE_INSPECTION_TOP,PN-337126,00F40B13,00F40B13,PN-337126,00F40B14,T31,,PROCESS,94474092,00F40B13T-20180617143902,U4,2,P5,483,483,3.68,-0.67,127,GOOD,GOOD,130.45,165.6136,100.0349,0,0.9055,6/17/2018 18:51
1754,1020,FP9,TOP,4009328250,6/17/2018 14:34,1529245800,TWB_SM3,TWB_PCBA_SM3_TOP_FP,TWB_PCBA_TOP_FP9,1020,TWB_SM3,TWB_PCBA_PASTE_INSPECTION_TOP,PN-337126,00F40B13,00F40B13,PN-337126,00F40B14,T31,,PROCESS,94474092,00F40B13T-20180617143902,U4,2,R6,483,483,7.54,-1.8,127,GOOD,GOOD,127.6409,167.1271,96.99441999999999,0,0.9055,6/17/2018 18:51
1755,1020,FP9,TOP,4009328250,6/17/2018 14:34,1529245800,TWB_SM3,TWB_PCBA_SM3_TOP_FP,TWB_PCBA_TOP_FP9,1020,TWB_SM3,TWB_PCBA_PASTE_INSPECTION_TOP,PN-337126,00F40B13,00F40B13,PN-337126,00F40B14,T31,,PROCESS,94474092,00F40B13T-20180617143902,U4,2,T10,483,483,7.55,-7.64,127,GOOD,GOOD,133.4932,180.1413,94.11296999999999,0,0.9055,6/17/2018 18:51
1756,1020,FP9,TOP,4009328250,6/17/2018 14:34,1529245800,TWB_SM3,TWB_PCBA_SM3_TOP_FP,TWB_PCBA_TOP_FP9,1020,TWB_SM3,TWB_PCBA_PASTE_INSPECTION_TOP,PN-337126,00F40B13,00F40B13,PN-337126,00F40B14,T31,,PROCESS,94474092,00F40B13T-20180617143902,U4,2,T7,483,483,11.25,-2.92,127,GOOD,GOOD,149.4553,197.06599999999997,96.31705,0,0.9055,6/17/2018 18:51
2237,1020,FP9,TOP,4009328250,6/17/2018 14:34,1529245800,TWB_SM3,TWB_PCBA_SM3_TOP_FP,TWB_PCBA_TOP_FP9,1020,TWB_SM3,TWB_PCBA_PASTE_INSPECTION_TOP,PN-337126,00F40B13,00F40B13,PN-337126,00F40B14,T31,,PROCESS,94474092,00F40B13T-20180617143902,U4,2,C11,483,483,7.74,4.95,127,GOOD,GOOD,148.9953,208.7165,90.6608,0,0.9055,6/17/2018 18:51
2238,1020,FP9,TOP,4009328250,6/17/2018 14:34,1529245800,TWB_SM3,TWB_PCBA_SM3_TOP_FP,TWB_PCBA_TOP_FP9,1020,TWB_SM3,TWB_PCBA_PASTE_INSPECTION_TOP,PN-337126,00F40B13,00F40B13,PN-337126,00F40B14,T31,,PROCESS,94474092,00F40B13T-20180617143902,U4,2,D1,483,483,6.21,1.12,127,GOOD,GOOD,147.6608,182.4015,102.8113,0,0.9055,6/17/2018 18:51
2239,1020,FP9,TOP,4009328250,6/17/2018 14:34,1529245800,TWB_SM3,TWB_PCBA_SM3_TOP_FP,TWB_PCBA_TOP_FP9,1020,TWB_SM3,TWB_PCBA_PASTE_INSPECTION_TOP,PN-337126,00F40B13,00F40B13,PN-337126,00F40B14,T31,,PROCESS,94474092,00F40B13T-20180617143902,U4,2,D16,483,483,19.17,-2.47,127,GOOD,GOOD,139.6059,189.7397,93.44353000000001,0,0.9055,6/17/2018 18:51
2240,1020,FP9,TOP,4009328250,6/17/2018 14:34,1529245800,TWB_SM3,TWB_PCBA_SM3_TOP_FP,TWB_PCBA_TOP_FP9,1020,TWB_SM3,TWB_PCBA_PASTE_INSPECTION_TOP,PN-337126,00F40B13,00F40B13,PN-337126,00F40B14,T31,,PROCESS,94474092,00F40B13T-20180617143902,U4,2,F2,483,483,9.83,0.45,127,GOOD,GOOD,143.2294,188.7426,96.37535,0,0.9055,6/17/2018 18:51
2241,1020,FP9,TOP,4009328250,6/17/2018 14:34,1529245800,TWB_SM3,TWB_PCBA_SM3_TOP_FP,TWB_PCBA_TOP_FP9,1020,TWB_SM3,TWB_PCBA_PASTE_INSPECTION_TOP,PN-337126,00F40B13,00F40B13,PN-337126,00F40B14,T31,,PROCESS,94474092,00F40B13T-20180617143902,U4,2,G10,483,483,15.05,-10.68,127,GOOD,GOOD,146.9398,192.0689,97.15971,0,0.9055,6/17/2018 18:51
2242,1020,FP9,TOP,4009328250,6/17/2018 14:34,1529245800,TWB_SM3,TWB_PCBA_SM3_TOP_FP,TWB_PCBA_TOP_FP9,1020,TWB_SM3,TWB_PCBA_PASTE_INSPECTION_TOP,PN-337126,00F40B13,00F40B13,PN-337126,00F40B14,T31,,PROCESS,94474092,00F40B13T-20180617143902,U4,2,H15,483,483,21.49,0.9,127,GOOD,GOOD,141.9502,174.8057,103.1298,0,0.9055,6/17/2018 18:51
2243,1020,FP9,TOP,4009328250,6/17/2018 14:34,1529245800,TWB_SM3,TWB_PCBA_SM3_TOP_FP,TWB_PCBA_TOP_FP9,1020,TWB_SM3,TWB_PCBA_PASTE_INSPECTION_TOP,PN-337126,00F40B13,00F40B13,PN-337126,00F40B14,T31,,PROCESS,94474092,00F40B13T-20180617143902,U4,2,H3,483,483,9.97,-0.23,127,GOOD,GOOD,149.1847,191.5522,98.91014,0,0.9055,6/17/2018 18:51
2244,1020,FP9,TOP,4009328250,6/17/2018 14:34,1529245800,TWB_SM3,TWB_PCBA_SM3_TOP_FP,TWB_PCBA_TOP_FP9,1020,TWB_SM3,TWB_PCBA_PASTE_INSPECTION_TOP,PN-337126,00F40B13,00F40B13,PN-337126,00F40B14,T31,,PROCESS,94474092,00F40B13T-20180617143902,U4,2,J4,483,483,13.84,-1.36,127,GOOD,GOOD,151.9291,188.2596,102.4914,0,0.9055,6/17/2018 18:51
2245,1020,FP9,TOP,4009328250,6/17/2018 14:34,1529245800,TWB_SM3,TWB_PCBA_SM3_TOP_FP,TWB_PCBA_TOP_FP9,1020,TWB_SM3,TWB_PCBA_PASTE_INSPECTION_TOP,PN-337126,00F40B13,00F40B13,PN-337126,00F40B14,T31,,PROCESS,94474092,00F40B13T-20180617143902,U4,2,L14,483,483,10.87,3.81,127,GOOD,GOOD,144.341,197.9359,92.61237,0,0.9055,6/17/2018 18:51
2246,1020,FP9,TOP,4009328250,6/17/2018 14:34,1529245800,TWB_SM3,TWB_PCBA_SM3_TOP_FP,TWB_PCBA_TOP_FP9,1020,TWB_SM3,TWB_PCBA_PASTE_INSPECTION_TOP,PN-337126,00F40B13,00F40B13,PN-337126,00F40B14,T31,,PROCESS,94474092,00F40B13T-20180617143902,U4,2,L5,483,483,14.82,-2.03,127,GOOD,GOOD,140.0904,175.7943,101.2062,0,0.9055,6/17/2018 18:51
2247,1020,FP9,TOP,4009328250,6/17/2018 14:34,1529245800,TWB_SM3,TWB_PCBA_SM3_TOP_FP,TWB_PCBA_TOP_FP9,1020,TWB_SM3,TWB_PCBA_PASTE_INSPECTION_TOP,PN-337126,00F40B13,00F40B13,PN-337126,00F40B14,T31,,PROCESS,94474092,00F40B13T-20180617143902,U4,2,N6,483,483,12.68,-2.71,127,GOOD,GOOD,144.7133,191.2274,96.10852,0,0.9055,6/17/2018 18:51
2248,1020,FP9,TOP,4009328250,6/17/2018 14:34,1529245800,TWB_SM3,TWB_PCBA_SM3_TOP_FP,TWB_PCBA_TOP_FP9,1020,TWB_SM3,TWB_PCBA_PASTE_INSPECTION_TOP,PN-337126,00F40B13,00F40B13,PN-337126,00F40B14,T31,,PROCESS,94474092,00F40B13T-20180617143902,U4,2,P13,483,483,16.62,6.75,127,GOOD,GOOD,132.8968,178.3533,94.63181,0,0.9055,6/17/2018 18:51
2249,1020,FP9,TOP,4009328250,6/17/2018 14:34,1529245800,TWB_SM3,TWB_PCBA_SM3_TOP_FP,TWB_PCBA_TOP_FP9,1020,TWB_SM3,TWB_PCBA_PASTE_INSPECTION_TOP,PN-337126,00F40B13,00F40B13,PN-337126,00F40B14,T31,,PROCESS,94474092,00F40B13T-20180617143902,U4,2,P7,483,483,6.45,-3.81,127,GOOD,GOOD,137.1446,177.2938,98.24011999999999,0,0.9055,6/17/2018 18:51
2250,1020,FP9,TOP,4009328250,6/17/2018 14:34,1529245800,TWB_SM3,TWB_PCBA_SM3_TOP_FP,TWB_PCBA_TOP_FP9,1020,TWB_SM3,TWB_PCBA_PASTE_INSPECTION_TOP,PN-337126,00F40B13,00F40B13,PN-337126,00F40B14,T31,,PROCESS,94474092,00F40B13T-20180617143902,U4,2,R8,483,483,7.5,-4.95,127,GOOD,GOOD,135.0342,171.7827,99.83162,0,0.9055,6/17/2018 18:51
2251,1020,FP9,TOP,4009328250,6/17/2018 14:34,1529245800,TWB_SM3,TWB_PCBA_SM3_TOP_FP,TWB_PCBA_TOP_FP9,1020,TWB_SM3,TWB_PCBA_PASTE_INSPECTION_TOP,PN-337126,00F40B13,00F40B13,PN-337126,00F40B14,T31,,PROCESS,94474092,00F40B13T-20180617143902,U4,2,T12,483,483,12.8,-10.78,127,GOOD,GOOD,127.4147,170.9439,94.66072,0,0.9055,6/17/2018 18:51
2252,1020,FP9,TOP,4009328250,6/17/2018 14:34,1529245800,TWB_SM3,TWB_PCBA_SM3_TOP_FP,TWB_PCBA_TOP_FP9,1020,TWB_SM3,TWB_PCBA_PASTE_INSPECTION_TOP,PN-337126,00F40B13,00F40B13,PN-337126,00F40B14,T31,,PROCESS,94474092,00F40B13T-20180617143902,U4,2,T9,483,483,8.07,-6.06,127,GOOD,GOOD,137.6263,185.6811,94.13201,0,0.9055,6/17/2018 18:51
2372,1020,FP9,TOP,4009328250,6/17/2018 14:34,1529245800,TWB_SM3,TWB_PCBA_SM3_TOP_FP,TWB_PCBA_TOP_FP9,1020,TWB_SM3,TWB_PCBA_PASTE_INSPECTION_TOP,PN-337126,00F40B13,00F40B13,PN-337126,00F40B14,T31,,PROCESS,94474092,00F40B13T-20180617143902,U4,2,A10,483,483,8.1,5.62,127,GOOD,GOOD,145.4994,188.5825,97.98586999999999,0,0.9055,6/17/2018 18:51
2373,1020,FP9,TOP,4009328250,6/17/2018 14:34,1529245800,TWB_SM3,TWB_PCBA_SM3_TOP_FP,TWB_PCBA_TOP_FP9,1020,TWB_SM3,TWB_PCBA_PASTE_INSPECTION_TOP,PN-337126,00F40B13,00F40B13,PN-337126,00F40B14,T31,,PROCESS,94474092,00F40B13T-20180617143902,U4,2,B15,483,483,6.26,-1.8,127,GOOD,GOOD,124.9862,168.6045,94.14487,0,0.9055,6/17/2018 18:51
2374,1020,FP9,TOP,4009328250,6/17/2018 14:34,1529245800,TWB_SM3,TWB_PCBA_SM3_TOP_FP,TWB_PCBA_TOP_FP9,1020,TWB_SM3,TWB_PCBA_PASTE_INSPECTION_TOP,PN-337126,00F40B13,00F40B13,PN-337126,00F40B14,T31,,PROCESS,94474092,00F40B13T-20180617143902,U4,2,B9,483,483,11.85,-12.36,127,GOOD,GOOD,137.931,178.7242,98.01267,0,0.9055,6/17/2018 18:51
2375,1020,FP9,TOP,4009328250,6/17/2018 14:34,1529245800,TWB_SM3,TWB_PCBA_SM3_TOP_FP,TWB_PCBA_TOP_FP9,1020,TWB_SM3,TWB_PCBA_PASTE_INSPECTION_TOP,PN-337126,00F40B13,00F40B13,PN-337126,00F40B14,T31,,PROCESS,94474092,00F40B13T-20180617143902,U4,2,F14,483,483,15.56,1.57,127,GOOD,GOOD,142.9261,196.8374,92.21632,0,0.9055,6/17/2018 18:51
2376,1020,FP9,TOP,4009328250,6/17/2018 14:34,1529245800,TWB_SM3,TWB_PCBA_SM3_TOP_FP,TWB_PCBA_TOP_FP9,1020,TWB_SM3,TWB_PCBA_PASTE_INSPECTION_TOP,PN-337126,00F40B13,00F40B13,PN-337126,00F40B14,T31,,PROCESS,94474092,00F40B13T-20180617143902,U4,2,G1,483,483,8.44,3.48,127,GOOD,GOOD,142.3503,188.6475,95.83215,0,0.9055,6/17/2018 18:51
2377,1020,FP9,TOP,4009328250,6/17/2018 14:34,1529245800,TWB_SM3,TWB_PCBA_SM3_TOP_FP,TWB_PCBA_TOP_FP9,1020,TWB_SM3,TWB_PCBA_PASTE_INSPECTION_TOP,PN-337126,00F40B13,00F40B13,PN-337126,00F40B14,T31,,PROCESS,94474092,00F40B13T-20180617143902,U4,2,J13,483,483,17.98,4.49,127,GOOD,GOOD,140.523,175.1667,101.8825,0,0.9055,6/17/2018 18:51
2378,1020,FP9,TOP,4009328250,6/17/2018 14:34,1529245800,TWB_SM3,TWB_PCBA_SM3_TOP_FP,TWB_PCBA_TOP_FP9,1020,TWB_SM3,TWB_PCBA_PASTE_INSPECTION_TOP,PN-337126,00F40B13,00F40B13,PN-337126,00F40B14,T31,,PROCESS,94474092,00F40B13T-20180617143902,U4,2,K3,483,483,13.12,-0.33,127,GOOD,GOOD,145.9541,184.0614,100.7064,0,0.9055,6/17/2018 18:51
2379,1020,FP9,TOP,4009328250,6/17/2018 14:34,1529245800,TWB_SM3,TWB_PCBA_SM3_TOP_FP,TWB_PCBA_TOP_FP9,1020,TWB_SM3,TWB_PCBA_PASTE_INSPECTION_TOP,PN-337126,00F40B13,00F40B13,PN-337126,00F40B14,T31,,PROCESS,94474092,00F40B13T-20180617143902,U4,2,M4,483,483,16.91,0.0,127,GOOD,GOOD,142.1949,178.1143,101.3886,0,0.9055,6/17/2018 18:51
2380,1020,FP9,TOP,4009328250,6/17/2018 14:34,1529245800,TWB_SM3,TWB_PCBA_SM3_TOP_FP,TWB_PCBA_TOP_FP9,1020,TWB_SM3,TWB_PCBA_PASTE_INSPECTION_TOP,PN-337126,00F40B13,00F40B13,PN-337126,00F40B14,T31,,PROCESS,94474092,00F40B13T-20180617143902,U4,2,N12,483,483,11.4,-12.14,127,GOOD,GOOD,137.0581,189.2191,91.99059,0,0.9055,6/17/2018 18:51
2381,1020,FP9,TOP,4009328250,6/17/2018 14:34,1529245800,TWB_SM3,TWB_PCBA_SM3_TOP_FP,TWB_PCBA_TOP_FP9,1020,TWB_SM3,TWB_PCBA_PASTE_INSPECTION_TOP,PN-337126,00F40B13,00F40B13,PN-337126,00F40B14,T31,,PROCESS,94474092,00F40B13T-20180617143902,U4,2,R11,483,483,10.75,-9.67,127,GOOD,GOOD,136.1888,173.8872,99.46663000000001,0,0.9055,6/17/2018 18:51
8998,1020,FP9,TOP,4009328250,6/17/2018 14:34,1529245800,TWB_SM3,TWB_PCBA_SM3_TOP_FP,TWB_PCBA_TOP_FP9,1020,TWB_SM3,TWB_PCBA_PASTE_INSPECTION_TOP,PN-337126,00F40B13,00F40B13,PN-337126,00F40B14,T31,,PROCESS,94474092,00F40B13T-20180617143902,U4,2,A9,483,483,8.62,-12.81,127,GOOD,GOOD,130.0588,175.5276,94.10186,0,0.9055,6/17/2018 18:51
8999,1020,FP9,TOP,4009328250,6/17/2018 14:34,1529245800,TWB_SM3,TWB_PCBA_SM3_TOP_FP,TWB_PCBA_TOP_FP9,1020,TWB_SM3,TWB_PCBA_PASTE_INSPECTION_TOP,PN-337126,00F40B13,00F40B13,PN-337126,00F40B14,T31,,PROCESS,94474092,00F40B13T-20180617143902,U4,2,C10,483,483,15.39,6.52,127,GOOD,GOOD,152.9122,201.2582,96.49219000000001,0,0.9055,6/17/2018 18:51
9000,1020,FP9,TOP,4009328250,6/17/2018 14:34,1529245800,TWB_SM3,TWB_PCBA_SM3_TOP_FP,TWB_PCBA_TOP_FP9,1020,TWB_SM3,TWB_PCBA_PASTE_INSPECTION_TOP,PN-337126,00F40B13,00F40B13,PN-337126,00F40B14,T31,,PROCESS,94474092,00F40B13T-20180617143902,U4,2,D15,483,483,10.23,-0.9,127,GOOD,GOOD,137.6092,181.6432,96.2126,0,0.9055,6/17/2018 18:51
9001,1020,FP9,TOP,4009328250,6/17/2018 14:34,1529245800,TWB_SM3,TWB_PCBA_SM3_TOP_FP,TWB_PCBA_TOP_FP9,1020,TWB_SM3,TWB_PCBA_PASTE_INSPECTION_TOP,PN-337126,00F40B13,00F40B13,PN-337126,00F40B14,T31,,PROCESS,94474092,00F40B13T-20180617143902,U4,2,F1,483,483,6.87,2.02,127,GOOD,GOOD,145.4814,185.2456,99.73865,0,0.9055,6/17/2018 18:51
9002,1020,FP9,TOP,4009328250,6/17/2018 14:34,1529245800,TWB_SM3,TWB_PCBA_SM3_TOP_FP,TWB_PCBA_TOP_FP9,1020,TWB_SM3,TWB_PCBA_PASTE_INSPECTION_TOP,PN-337126,00F40B13,00F40B13,PN-337126,00F40B14,T31,,PROCESS,94474092,00F40B13T-20180617143902,U4,2,H14,483,483,16.22,2.48,127,GOOD,GOOD,147.1737,189.88299999999998,98.43460999999999,0,0.9055,6/17/2018 18:51
9003,1020,FP9,TOP,4009328250,6/17/2018 14:34,1529245800,TWB_SM3,TWB_PCBA_SM3_TOP_FP,TWB_PCBA_TOP_FP9,1020,TWB_SM3,TWB_PCBA_PASTE_INSPECTION_TOP,PN-337126,00F40B13,00F40B13,PN-337126,00F40B14,T31,,PROCESS,94474092,00F40B13T-20180617143902,U4,2,H2,483,483,11.32,1.35,127,GOOD,GOOD,147.1595,188.2027,99.30386,0,0.9055,6/17/2018 18:51
9004,1020,FP9,TOP,4009328250,6/17/2018 14:34,1529245800,TWB_SM3,TWB_PCBA_SM3_TOP_FP,TWB_PCBA_TOP_FP9,1020,TWB_SM3,TWB_PCBA_PASTE_INSPECTION_TOP,PN-337126,00F40B13,00F40B13,PN-337126,00F40B14,T31,,PROCESS,94474092,00F40B13T-20180617143902,U4,2,J3,483,483,13.2,0.21,127,GOOD,GOOD,146.4036,193.7317,95.97423,0,0.9055,6/17/2018 18:51
9005,1020,FP9,TOP,4009328250,6/17/2018 14:34,1529245800,TWB_SM3,TWB_PCBA_SM3_TOP_FP,TWB_PCBA_TOP_FP9,1020,TWB_SM3,TWB_PCBA_PASTE_INSPECTION_TOP,PN-337126,00F40B13,00F40B13,PN-337126,00F40B14,T31,,PROCESS,94474092,00F40B13T-20180617143902,U4,2,L13,483,483,16.87,5.39,127,GOOD,GOOD,148.7549,194.2329,97.26403,0,0.9055,6/17/2018 18:51
9006,1020,FP9,TOP,4009328250,6/17/2018 14:34,1529245800,TWB_SM3,TWB_PCBA_SM3_TOP_FP,TWB_PCBA_TOP_FP9,1020,TWB_SM3,TWB_PCBA_PASTE_INSPECTION_TOP,PN-337126,00F40B13,00F40B13,PN-337126,00F40B14,T31,,PROCESS,94474092,00F40B13T-20180617143902,U4,2,L4,483,483,14.5,-0.46,127,GOOD,GOOD,141.5239,187.5065,95.85555,0,0.9055,6/17/2018 18:51
9007,1020,FP9,TOP,4009328250,6/17/2018 14:34,1529245800,TWB_SM3,TWB_PCBA_SM3_TOP_FP,TWB_PCBA_TOP_FP9,1020,TWB_SM3,TWB_PCBA_PASTE_INSPECTION_TOP,PN-337126,00F40B13,00F40B13,PN-337126,00F40B14,T31,,PROCESS,94474092,00F40B13T-20180617143902,U4,2,N5,483,483,6.25,-1.13,127,GOOD,GOOD,139.7631,186.4076,95.22095,0,0.9055,6/17/2018 18:51
9008,1020,FP9,TOP,4009328250,6/17/2018 14:34,1529245800,TWB_SM3,TWB_PCBA_SM3_TOP_FP,TWB_PCBA_TOP_FP9,1020,TWB_SM3,TWB_PCBA_PASTE_INSPECTION_TOP,PN-337126,00F40B13,00F40B13,PN-337126,00F40B14,T31,,PROCESS,94474092,00F40B13T-20180617143902,U4,2,P12,483,483,10.49,-11.68,127,GOOD,GOOD,131.6305,176.1452,94.90508,0,0.9055,6/17/2018 18:51
9009,1020,FP9,TOP,4009328250,6/17/2018 14:34,1529245800,TWB_SM3,TWB_PCBA_SM3_TOP_FP,TWB_PCBA_TOP_FP9,1020,TWB_SM3,TWB_PCBA_PASTE_INSPECTION_TOP,PN-337126,00F40B13,00F40B13,PN-337126,00F40B14,T31,,PROCESS,94474092,00F40B13T-20180617143902,U4,2,P6,483,483,10.94,-2.24,127,GOOD,GOOD,138.1991,178.528,98.31115,0,0.9055,6/17/2018 18:51
9010,1020,FP9,TOP,4009328250,6/17/2018 14:34,1529245800,TWB_SM3,TWB_PCBA_SM3_TOP_FP,TWB_PCBA_TOP_FP9,1020,TWB_SM3,TWB_PCBA_PASTE_INSPECTION_TOP,PN-337126,00F40B13,00F40B13,PN-337126,00F40B14,T31,,PROCESS,94474092,00F40B13T-20180617143902,U4,2,R7,483,483,8.85,-3.37,127,GOOD,GOOD,135.5149,177.3122,97.06262,0,0.9055,6/17/2018 18:51
9011,1020,FP9,TOP,4009328250,6/17/2018 14:34,1529245800,TWB_SM3,TWB_PCBA_SM3_TOP_FP,TWB_PCBA_TOP_FP9,1020,TWB_SM3,TWB_PCBA_PASTE_INSPECTION_TOP,PN-337126,00F40B13,00F40B13,PN-337126,00F40B14,T31,,PROCESS,94474092,00F40B13T-20180617143902,U4,2,T11,483,483,9.84,-9.21,127,GOOD,GOOD,125.0605,168.9677,93.99835999999999,0,0.9055,6/17/2018 18:51
9012,1020,FP9,TOP,4009328250,6/17/2018 14:34,1529245800,TWB_SM3,TWB_PCBA_SM3_TOP_FP,TWB_PCBA_TOP_FP9,1020,TWB_SM3,TWB_PCBA_PASTE_INSPECTION_TOP,PN-337126,00F40B13,00F40B13,PN-337126,00F40B14,T31,,PROCESS,94474092,00F40B13T-20180617143902,U4,2,T8,483,483,14.05,-4.49,127,GOOD,GOOD,136.4672,169.0595,102.5162,0,0.9055,6/17/2018 18:51
9834,1020,FP9,TOP,4009328250,6/17/2018 14:34,1529245800,TWB_SM3,TWB_PCBA_SM3_TOP_FP,TWB_PCBA_TOP_FP9,1020,TWB_SM3,TWB_PCBA_PASTE_INSPECTION_TOP,PN-337126,00F40B13,00F40B13,PN-337126,00F40B14,T31,,PROCESS,94474092,00F40B13T-20180617143902,U4,2,B1,483,483,0.58,0.22,127,GOOD,GOOD,132.9301,185.1938,91.15919,0,0.9055,6/17/2018 18:51
9835,1020,FP9,TOP,4009328250,6/17/2018 14:34,1529245800,TWB_SM3,TWB_PCBA_SM3_TOP_FP,TWB_PCBA_TOP_FP9,1020,TWB_SM3,TWB_PCBA_PASTE_INSPECTION_TOP,PN-337126,00F40B13,00F40B13,PN-337126,00F40B14,T31,,PROCESS,94474092,00F40B13T-20180617143902,U4,2,C12,483,483,16.5,3.37,127,GOOD,GOOD,143.27100000000002,188.476,96.5397,0,0.9055,6/17/2018 18:51
9836,1020,FP9,TOP,4009328250,6/17/2018 14:34,1529245800,TWB_SM3,TWB_PCBA_SM3_TOP_FP,TWB_PCBA_TOP_FP9,1020,TWB_SM3,TWB_PCBA_PASTE_INSPECTION_TOP,PN-337126,00F40B13,00F40B13,PN-337126,00F40B14,T31,,PROCESS,94474092,00F40B13T-20180617143902,U4,2,D2,483,483,6.68,-0.45,127,GOOD,GOOD,142.1881,184.8042,97.71359,0,0.9055,6/17/2018 18:51
9837,1020,FP9,TOP,4009328250,6/17/2018 14:34,1529245800,TWB_SM3,TWB_PCBA_SM3_TOP_FP,TWB_PCBA_TOP_FP9,1020,TWB_SM3,TWB_PCBA_PASTE_INSPECTION_TOP,PN-337126,00F40B13,00F40B13,PN-337126,00F40B14,T31,,PROCESS,94474092,00F40B13T-20180617143902,U4,2,F3,483,483,7.66,-1.13,127,GOOD,GOOD,150.3175,189.96099999999998,100.49600000000001,0,0.9055,6/17/2018 18:51
9838,1020,FP9,TOP,4009328250,6/17/2018 14:34,1529245800,TWB_SM3,TWB_PCBA_SM3_TOP_FP,TWB_PCBA_TOP_FP9,1020,TWB_SM3,TWB_PCBA_PASTE_INSPECTION_TOP,PN-337126,00F40B13,00F40B13,PN-337126,00F40B14,T31,,PROCESS,94474092,00F40B13T-20180617143902,U4,2,G11,483,483,20.66,7.75,127,GOOD,GOOD,159.0788,189.2801,106.736,0,0.9055,6/17/2018 18:51
9839,1020,FP9,TOP,4009328250,6/17/2018 14:34,1529245800,TWB_SM3,TWB_PCBA_SM3_TOP_FP,TWB_PCBA_TOP_FP9,1020,TWB_SM3,TWB_PCBA_PASTE_INSPECTION_TOP,PN-337126,00F40B13,00F40B13,PN-337126,00F40B14,T31,,PROCESS,94474092,00F40B13T-20180617143902,U4,2,H16,483,483,17.18,-0.67,127,GOOD,GOOD,131.4273,166.2785,100.3814,0,0.9055,6/17/2018 18:51
9840,1020,FP9,TOP,4009328250,6/17/2018 14:34,1529245800,TWB_SM3,TWB_PCBA_SM3_TOP_FP,TWB_PCBA_TOP_FP9,1020,TWB_SM3,TWB_PCBA_PASTE_INSPECTION_TOP,PN-337126,00F40B13,00F40B13,PN-337126,00F40B14,T31,,PROCESS,94474092,00F40B13T-20180617143902,U4,2,H4,483,483,12.27,-1.8,127,GOOD,GOOD,147.7071,183.0209,102.4955,0,0.9055,6/17/2018 18:51
9841,1020,FP9,TOP,4009328250,6/17/2018 14:34,1529245800,TWB_SM3,TWB_PCBA_SM3_TOP_FP,TWB_PCBA_TOP_FP9,1020,TWB_SM3,TWB_PCBA_PASTE_INSPECTION_TOP,PN-337126,00F40B13,00F40B13,PN-337126,00F40B14,T31,,PROCESS,94474092,00F40B13T-20180617143902,U4,2,J5,483,483,12.51,-2.93,127,GOOD,GOOD,145.3644,184.9827,99.80005,0,0.9055,6/17/2018 18:51
9842,1020,FP9,TOP,4009328250,6/17/2018 14:34,1529245800,TWB_SM3,TWB_PCBA_SM3_TOP_FP,TWB_PCBA_TOP_FP9,1020,TWB_SM3,TWB_PCBA_PASTE_INSPECTION_TOP,PN-337126,00F40B13,00F40B13,PN-337126,00F40B14,T31,,PROCESS,94474092,00F40B13T-20180617143902,U4,2,K10,483,483,19.78,-11.34,127,GOOD,GOOD,159.615,198.1721,102.2904,0,0.9055,6/17/2018 18:51
9843,1020,FP9,TOP,4009328250,6/17/2018 14:34,1529245800,TWB_SM3,TWB_PCBA_SM3_TOP_FP,TWB_PCBA_TOP_FP9,1020,TWB_SM3,TWB_PCBA_PASTE_INSPECTION_TOP,PN-337126,00F40B13,00F40B13,PN-337126,00F40B14,T31,,PROCESS,94474092,00F40B13T-20180617143902,U4,2,L15,483,483,14.5,2.24,127,GOOD,GOOD,132.5437,178.3531,94.38051999999999,0,0.9055,6/17/2018 18:51
9844,1020,FP9,TOP,4009328250,6/17/2018 14:34,1529245800,TWB_SM3,TWB_PCBA_SM3_TOP_FP,TWB_PCBA_TOP_FP9,1020,TWB_SM3,TWB_PCBA_PASTE_INSPECTION_TOP,PN-337126,00F40B13,00F40B13,PN-337126,00F40B14,T31,,PROCESS,94474092,00F40B13T-20180617143902,U4,2,L6,483,483,8.83,-3.6,127,GOOD,GOOD,138.2695,169.5984,103.5401,0,0.9055,6/17/2018 18:51
9845,1020,FP9,TOP,4009328250,6/17/2018 14:34,1529245800,TWB_SM3,TWB_PCBA_SM3_TOP_FP,TWB_PCBA_TOP_FP9,1020,TWB_SM3,TWB_PCBA_PASTE_INSPECTION_TOP,PN-337126,00F40B13,00F40B13,PN-337126,00F40B14,T31,,PROCESS,94474092,00F40B13T-20180617143902,U4,2,N7,483,483,9.02,-4.28,127,GOOD,GOOD,139.0356,189.8498,93.00787,0,0.9055,6/17/2018 18:51
9846,1020,FP9,TOP,4009328250,6/17/2018 14:34,1529245800,TWB_SM3,TWB_PCBA_SM3_TOP_FP,TWB_PCBA_TOP_FP9,1020,TWB_SM3,TWB_PCBA_PASTE_INSPECTION_TOP,PN-337126,00F40B13,00F40B13,PN-337126,00F40B14,T31,,PROCESS,94474092,00F40B13T-20180617143902,U4,2,P14,483,483,13.93,5.18,127,GOOD,GOOD,129.1196,167.0741,98.14921,0,0.9055,6/17/2018 18:51
9847,1020,FP9,TOP,4009328250,6/17/2018 14:34,1529245800,TWB_SM3,TWB_PCBA_SM3_TOP_FP,TWB_PCBA_TOP_FP9,1020,TWB_SM3,TWB_PCBA_PASTE_INSPECTION_TOP,PN-337126,00F40B13,00F40B13,PN-337126,00F40B14,T31,,PROCESS,94474092,00F40B13T-20180617143902,U4,2,P8,483,483,6.76,-5.39,127,GOOD,GOOD,139.808,173.5962,102.2811,0,0.9055,6/17/2018 18:51
9848,1020,FP9,TOP,4009328250,6/17/2018 14:34,1529245800,TWB_SM3,TWB_PCBA_SM3_TOP_FP,TWB_PCBA_TOP_FP9,1020,TWB_SM3,TWB_PCBA_PASTE_INSPECTION_TOP,PN-337126,00F40B13,00F40B13,PN-337126,00F40B14,T31,,PROCESS,94474092,00F40B13T-20180617143902,U4,2,R9,483,483,12.3,-6.52,127,GOOD,GOOD,148.9076,195.1852,96.88879,0,0.9055,6/17/2018 18:51
9849,1020,FP9,TOP,4009328250,6/17/2018 14:34,1529245800,TWB_SM3,TWB_PCBA_SM3_TOP_FP,TWB_PCBA_TOP_FP9,1020,TWB_SM3,TWB_PCBA_PASTE_INSPECTION_TOP,PN-337126,00F40B13,00F40B13,PN-337126,00F40B14,T31,,PROCESS,94474092,00F40B13T-20180617143902,U4,2,T13,483,483,9.82,7.65,127,GOOD,GOOD,125.4551,174.761,91.16901999999999,0,0.9055,6/17/2018 18:51
10410,1020,FP9,TOP,4009328250,6/17/2018 14:34,1529245800,TWB_SM3,TWB_PCBA_SM3_TOP_FP,TWB_PCBA_TOP_FP9,1020,TWB_SM3,TWB_PCBA_PASTE_INSPECTION_TOP,PN-337126,00F40B13,00F40B13,PN-337126,00F40B14,T31,,PROCESS,94474092,00F40B13T-20180617143902,U4,2,A6,483,483,2.21,-8.09,127,GOOD,GOOD,136.5092,181.3364,95.605,0,0.9055,6/17/2018 18:51
10411,1020,FP9,TOP,4009328250,6/17/2018 14:34,1529245800,TWB_SM3,TWB_PCBA_SM3_TOP_FP,TWB_PCBA_TOP_FP9,1020,TWB_SM3,TWB_PCBA_PASTE_INSPECTION_TOP,PN-337126,00F40B13,00F40B13,PN-337126,00F40B14,T31,,PROCESS,94474092,00F40B13T-20180617143902,U4,2,C7,483,483,5.84,-8.76,127,GOOD,GOOD,152.4894,197.7452,97.93486999999999,0,0.9055,6/17/2018 18:51
10412,1020,FP9,TOP,4009328250,6/17/2018 14:34,1529245800,TWB_SM3,TWB_PCBA_SM3_TOP_FP,TWB_PCBA_TOP_FP9,1020,TWB_SM3,TWB_PCBA_PASTE_INSPECTION_TOP,PN-337126,00F40B13,00F40B13,PN-337126,00F40B14,T31,,PROCESS,94474092,00F40B13T-20180617143902,U4,2,D12,483,483,14.76,3.82,127,GOOD,GOOD,138.4859,185.46599999999998,94.82983,0,0.9055,6/17/2018 18:51
10413,1020,FP9,TOP,4009328250,6/17/2018 14:34,1529245800,TWB_SM3,TWB_PCBA_SM3_TOP_FP,TWB_PCBA_TOP_FP9,1020,TWB_SM3,TWB_PCBA_PASTE_INSPECTION_TOP,PN-337126,00F40B13,00F40B13,PN-337126,00F40B14,T31,,PROCESS,94474092,00F40B13T-20180617143902,U4,2,E8,483,483,10.12,-10.44,127,GOOD,GOOD,154.1158,196.7258,99.49231999999999,0,0.9055,6/17/2018 18:51
10414,1020,FP9,TOP,4009328250,6/17/2018 14:34,1529245800,TWB_SM3,TWB_PCBA_SM3_TOP_FP,TWB_PCBA_TOP_FP9,1020,TWB_SM3,TWB_PCBA_PASTE_INSPECTION_TOP,PN-337126,00F40B13,00F40B13,PN-337126,00F40B14,T31,,PROCESS,94474092,00F40B13T-20180617143902,U4,2,G9,483,483,16.4,-9.1,127,GOOD,GOOD,147.1738,192.6532,97.01929,0,0.9055,6/17/2018 18:51
10415,1020,FP9,TOP,4009328250,6/17/2018 14:34,1529245800,TWB_SM3,TWB_PCBA_SM3_TOP_FP,TWB_PCBA_TOP_FP9,1020,TWB_SM3,TWB_PCBA_PASTE_INSPECTION_TOP,PN-337126,00F40B13,00F40B13,PN-337126,00F40B14,T31,,PROCESS,94474092,00F40B13T-20180617143902,U4,2,H11,483,483,15.61,7.19,127,GOOD,GOOD,146.841,183.5283,101.6127,0,0.9055,6/17/2018 18:51
10416,1020,FP9,TOP,4009328250,6/17/2018 14:34,1529245800,TWB_SM3,TWB_PCBA_SM3_TOP_FP,TWB_PCBA_TOP_FP9,1020,TWB_SM3,TWB_PCBA_PASTE_INSPECTION_TOP,PN-337126,00F40B13,00F40B13,PN-337126,00F40B14,T31,,PROCESS,94474092,00F40B13T-20180617143902,U4,2,L1,483,483,9.76,4.26,127,GOOD,GOOD,143.5298,186.0252,97.98824,0,0.9055,6/17/2018 18:51
10417,1020,FP9,TOP,4009328250,6/17/2018 14:34,1529245800,TWB_SM3,TWB_PCBA_SM3_TOP_FP,TWB_PCBA_TOP_FP9,1020,TWB_SM3,TWB_PCBA_PASTE_INSPECTION_TOP,PN-337126,00F40B13,00F40B13,PN-337126,00F40B14,T31,,PROCESS,94474092,00F40B13T-20180617143902,U4,2,L10,483,483,19.69,-9.9,127,GOOD,GOOD,145.4684,175.1741,105.4635,0,0.9055,6/17/2018 18:51
10418,1020,FP9,TOP,4009328250,6/17/2018 14:34,1529245800,TWB_SM3,TWB_PCBA_SM3_TOP_FP,TWB_PCBA_TOP_FP9,1020,TWB_SM3,TWB_PCBA_PASTE_INSPECTION_TOP,PN-337126,00F40B13,00F40B13,PN-337126,00F40B14,T31,,PROCESS,94474092,00F40B13T-20180617143902,U4,2,M15,483,483,6.13,2.7,127,GOOD,GOOD,134.7555,179.4583,95.36449,0,0.9055,6/17/2018 18:51
10419,1020,FP9,TOP,4009328250,6/17/2018 14:34,1529245800,TWB_SM3,TWB_PCBA_SM3_TOP_FP,TWB_PCBA_TOP_FP9,1020,TWB_SM3,TWB_PCBA_PASTE_INSPECTION_TOP,PN-337126,00F40B13,00F40B13,PN-337126,00F40B14,T31,,PROCESS,94474092,00F40B13T-20180617143902,U4,2,N2,483,483,4.98,3.59,127,GOOD,GOOD,141.898,191.6822,94.01522,0,0.9055,6/17/2018 18:51
10420,1020,FP9,TOP,4009328250,6/17/2018 14:34,1529245800,TWB_SM3,TWB_PCBA_SM3_TOP_FP,TWB_PCBA_TOP_FP9,1020,TWB_SM3,TWB_PCBA_PASTE_INSPECTION_TOP,PN-337126,00F40B13,00F40B13,PN-337126,00F40B14,T31,,PROCESS,94474092,00F40B13T-20180617143902,U4,2,P3,483,483,10.18,2.48,127,GOOD,GOOD,140.1978,182.007,97.82656999999999,0,0.9055,6/17/2018 18:51
10421,1020,FP9,TOP,4009328250,6/17/2018 14:34,1529245800,TWB_SM3,TWB_PCBA_SM3_TOP_FP,TWB_PCBA_TOP_FP9,1020,TWB_SM3,TWB_PCBA_PASTE_INSPECTION_TOP,PN-337126,00F40B13,00F40B13,PN-337126,00F40B14,T31,,PROCESS,94474092,00F40B13T-20180617143902,U4,2,R4,483,483,4.93,1.34,127,GOOD,GOOD,132.1406,176.7241,94.9608,0,0.9055,6/17/2018 18:51
10422,1020,FP9,TOP,4009328250,6/17/2018 14:34,1529245800,TWB_SM3,TWB_PCBA_SM3_TOP_FP,TWB_PCBA_TOP_FP9,1020,TWB_SM3,TWB_PCBA_PASTE_INSPECTION_TOP,PN-337126,00F40B13,00F40B13,PN-337126,00F40B14,T31,,PROCESS,94474092,00F40B13T-20180617143902,U4,2,T5,483,483,3.51,0.23,127,GOOD,GOOD,130.9205,180.9114,91.9063,0,0.9055,6/17/2018 18:51
10638,1020,FP9,TOP,4009328250,6/17/2018 14:34,1529245800,TWB_SM3,TWB_PCBA_SM3_TOP_FP,TWB_PCBA_TOP_FP9,1020,TWB_SM3,TWB_PCBA_PASTE_INSPECTION_TOP,PN-337126,00F40B13,00F40B13,PN-337126,00F40B14,T31,,PROCESS,94474092,00F40B13T-20180617143902,U4,2,B10,483,483,12.16,6.07,127,GOOD,GOOD,136.8177,173.9942,99.86454,0,0.9055,6/17/2018 18:51
10639,1020,FP9,TOP,4009328250,6/17/2018 14:34,1529245800,TWB_SM3,TWB_PCBA_SM3_TOP_FP,TWB_PCBA_TOP_FP9,1020,TWB_SM3,TWB_PCBA_PASTE_INSPECTION_TOP,PN-337126,00F40B13,00F40B13,PN-337126,00F40B14,T31,,PROCESS,94474092,00F40B13T-20180617143902,U4,2,B4,483,483,4.49,-4.5,127,GOOD,GOOD,141.2553,175.4731,102.2346,0,0.9055,6/17/2018 18:51
10640,1020,FP9,TOP,4009328250,6/17/2018 14:34,1529245800,TWB_SM3,TWB_PCBA_SM3_TOP_FP,TWB_PCBA_TOP_FP9,1020,TWB_SM3,TWB_PCBA_PASTE_INSPECTION_TOP,PN-337126,00F40B13,00F40B13,PN-337126,00F40B14,T31,,PROCESS,94474092,00F40B13T-20180617143902,U4,2,C15,483,483,9.49,-1.35,127,GOOD,GOOD,135.7988,187.3903,92.03488,0,0.9055,6/17/2018 18:51
10641,1020,FP9,TOP,4009328250,6/17/2018 14:34,1529245800,TWB_SM3,TWB_PCBA_SM3_TOP_FP,TWB_PCBA_TOP_FP9,1020,TWB_SM3,TWB_PCBA_PASTE_INSPECTION_TOP,PN-337126,00F40B13,00F40B13,PN-337126,00F40B14,T31,,PROCESS,94474092,00F40B13T-20180617143902,U4,2,D5,483,483,6.3,-5.17,127,GOOD,GOOD,138.5704,175.8589,100.0714,0,0.9055,6/17/2018 18:51
10642,1020,FP9,TOP,4009328250,6/17/2018 14:34,1529245800,TWB_SM3,TWB_PCBA_SM3_TOP_FP,TWB_PCBA_TOP_FP9,1020,TWB_SM3,TWB_PCBA_PASTE_INSPECTION_TOP,PN-337126,00F40B13,00F40B13,PN-337126,00F40B14,T31,,PROCESS,94474092,00F40B13T-20180617143902,U4,2,F6,483,483,13.39,-5.85,127,GOOD,GOOD,156.8051,208.1253,95.68397,0,0.9055,6/17/2018 18:51
10643,1020,FP9,TOP,4009328250,6/17/2018 14:34,1529245800,TWB_SM3,TWB_PCBA_SM3_TOP_FP,TWB_PCBA_TOP_FP9,1020,TWB_SM3,TWB_PCBA_PASTE_INSPECTION_TOP,PN-337126,00F40B13,00F40B13,PN-337126,00F40B14,T31,,PROCESS,94474092,00F40B13T-20180617143902,U4,2,G14,483,483,14.64,3.03,127,GOOD,GOOD,142.496,183.8851,98.41466,0,0.9055,6/17/2018 18:51
10644,1020,FP9,TOP,4009328250,6/17/2018 14:34,1529245800,TWB_SM3,TWB_PCBA_SM3_TOP_FP,TWB_PCBA_TOP_FP9,1020,TWB_SM3,TWB_PCBA_PASTE_INSPECTION_TOP,PN-337126,00F40B13,00F40B13,PN-337126,00F40B14,T31,,PROCESS,94474092,00F40B13T-20180617143902,U4,2,H7,483,483,17.02,-6.52,127,GOOD,GOOD,138.4012,176.1982,99.75674000000001,0,0.9055,6/17/2018 18:51
10645,1020,FP9,TOP,4009328250,6/17/2018 14:34,1529245800,TWB_SM3,TWB_PCBA_SM3_TOP_FP,TWB_PCBA_TOP_FP9,1020,TWB_SM3,TWB_PCBA_PASTE_INSPECTION_TOP,PN-337126,00F40B13,00F40B13,PN-337126,00F40B14,T31,,PROCESS,94474092,00F40B13T-20180617143902,U4,2,J8,483,483,18.07,-7.65,127,GOOD,GOOD,155.8915,196.0845,100.9678,0,0.9055,6/17/2018 18:51
10646,1020,FP9,TOP,4009328250,6/17/2018 14:34,1529245800,TWB_SM3,TWB_PCBA_SM3_TOP_FP,TWB_PCBA_TOP_FP9,1020,TWB_SM3,TWB_PCBA_PASTE_INSPECTION_TOP,PN-337126,00F40B13,00F40B13,PN-337126,00F40B14,T31,,PROCESS,94474092,00F40B13T-20180617143902,U4,2,K13,483,483,17.07,3.95,127,GOOD,GOOD,154.7019,192.5508,102.0361,0,0.9055,6/17/2018 18:51
10647,1020,FP9,TOP,4009328250,6/17/2018 14:34,1529245800,TWB_SM3,TWB_PCBA_SM3_TOP_FP,TWB_PCBA_TOP_FP9,1020,TWB_SM3,TWB_PCBA_PASTE_INSPECTION_TOP,PN-337126,00F40B13,00F40B13,PN-337126,00F40B14,T31,,PROCESS,94474092,00F40B13T-20180617143902,U4,2,L9,483,483,20.21,-8.32,127,GOOD,GOOD,145.0194,181.4247,101.5158,0,0.9055,6/17/2018 18:51
10648,1020,FP9,TOP,4009328250,6/17/2018 14:34,1529245800,TWB_SM3,TWB_PCBA_SM3_TOP_FP,TWB_PCBA_TOP_FP9,1020,TWB_SM3,TWB_PCBA_PASTE_INSPECTION_TOP,PN-337126,00F40B13,00F40B13,PN-337126,00F40B14,T31,,PROCESS,94474092,00F40B13T-20180617143902,U4,2,T16,483,483,7.27,2.93,127,GOOD,GOOD,116.4299,161.0828,91.79502,0,0.9055,6/17/2018 18:51
12799,1020,FP9,TOP,4009328250,6/17/2018 14:34,1529245800,TWB_SM3,TWB_PCBA_SM3_TOP_FP,TWB_PCBA_TOP_FP9,1020,TWB_SM3,TWB_PCBA_PASTE_INSPECTION_TOP,PN-337126,00F40B13,00F40B13,PN-337126,00F40B14,T31,,PROCESS,94474092,00F40B13T-20180617143902,U4,2,A12,483,483,10.04,2.47,127,GOOD,GOOD,136.7447,190.5751,91.12725999999999,0,0.9055,6/17/2018 18:51
12800,1020,FP9,TOP,4009328250,6/17/2018 14:34,1529245800,TWB_SM3,TWB_PCBA_SM3_TOP_FP,TWB_PCBA_TOP_FP9,1020,TWB_SM3,TWB_PCBA_PASTE_INSPECTION_TOP,PN-337126,00F40B13,00F40B13,PN-337126,00F40B14,T31,,PROCESS,94474092,00F40B13T-20180617143902,U4,2,C1,483,483,2.15,0.67,127,GOOD,GOOD,137.1243,173.7434,100.2328,0,0.9055,6/17/2018 18:51
12801,1020,FP9,TOP,4009328250,6/17/2018 14:34,1529245800,TWB_SM3,TWB_PCBA_SM3_TOP_FP,TWB_PCBA_TOP_FP9,1020,TWB_SM3,TWB_PCBA_PASTE_INSPECTION_TOP,PN-337126,00F40B13,00F40B13,PN-337126,00F40B14,T31,,PROCESS,94474092,00F40B13T-20180617143902,U4,2,E11,483,483,13.37,4.85,127,GOOD,GOOD,146.1569,196.7286,94.35294,0,0.9055,6/17/2018 18:51
12802,1020,FP9,TOP,4009328250,6/17/2018 14:34,1529245800,TWB_SM3,TWB_PCBA_SM3_TOP_FP,TWB_PCBA_TOP_FP9,1020,TWB_SM3,TWB_PCBA_PASTE_INSPECTION_TOP,PN-337126,00F40B13,00F40B13,PN-337126,00F40B14,T31,,PROCESS,94474092,00F40B13T-20180617143902,U4,2,E2,483,483,11.57,-1.0,127,GOOD,GOOD,154.5298,201.87900000000002,97.2131,0,0.9055,6/17/2018 18:51
12803,1020,FP9,TOP,4009328250,6/17/2018 14:34,1529245800,TWB_SM3,TWB_PCBA_SM3_TOP_FP,TWB_PCBA_TOP_FP9,1020,TWB_SM3,TWB_PCBA_PASTE_INSPECTION_TOP,PN-337126,00F40B13,00F40B13,PN-337126,00F40B14,T31,,PROCESS,94474092,00F40B13T-20180617143902,U4,2,F16,483,483,20.66,-1.57,127,GOOD,GOOD,134.205,174.2697,97.80261999999999,0,0.9055,6/17/2018 18:51
12804,1020,FP9,TOP,4009328250,6/17/2018 14:34,1529245800,TWB_SM3,TWB_PCBA_SM3_TOP_FP,TWB_PCBA_TOP_FP9,1020,TWB_SM3,TWB_PCBA_PASTE_INSPECTION_TOP,PN-337126,00F40B13,00F40B13,PN-337126,00F40B14,T31,,PROCESS,94474092,00F40B13T-20180617143902,U4,2,G3,483,483,9.23,0.33,127,GOOD,GOOD,156.3118,198.4668,100.0248,0,0.9055,6/17/2018 18:51
12805,1020,FP9,TOP,4009328250,6/17/2018 14:34,1529245800,TWB_SM3,TWB_PCBA_SM3_TOP_FP,TWB_PCBA_TOP_FP9,1020,TWB_SM3,TWB_PCBA_PASTE_INSPECTION_TOP,PN-337126,00F40B13,00F40B13,PN-337126,00F40B14,T31,,PROCESS,94474092,00F40B13T-20180617143902,U4,2,J15,483,483,17.27,1.34,127,GOOD,GOOD,132.4658,174.6866,96.30479,0,0.9055,6/17/2018 18:51
12806,1020,FP9,TOP,4009328250,6/17/2018 14:34,1529245800,TWB_SM3,TWB_PCBA_SM3_TOP_FP,TWB_PCBA_TOP_FP9,1020,TWB_SM3,TWB_PCBA_PASTE_INSPECTION_TOP,PN-337126,00F40B13,00F40B13,PN-337126,00F40B14,T31,,PROCESS,94474092,00F40B13T-20180617143902,U4,2,K5,483,483,14.91,-3.47,127,GOOD,GOOD,134.213,174.4091,97.73026999999999,0,0.9055,6/17/2018 18:51
12807,1020,FP9,TOP,4009328250,6/17/2018 14:34,1529245800,TWB_SM3,TWB_PCBA_SM3_TOP_FP,TWB_PCBA_TOP_FP9,1020,TWB_SM3,TWB_PCBA_PASTE_INSPECTION_TOP,PN-337126,00F40B13,00F40B13,PN-337126,00F40B14,T31,,PROCESS,94474092,00F40B13T-20180617143902,U4,2,M6,483,483,-0.49,-3.14,127,GOOD,GOOD,140.8543,177.122,100.9954,0,0.9055,6/17/2018 18:51
12808,1020,FP9,TOP,4009328250,6/17/2018 14:34,1529245800,TWB_SM3,TWB_PCBA_SM3_TOP_FP,TWB_PCBA_TOP_FP9,1020,TWB_SM3,TWB_PCBA_PASTE_INSPECTION_TOP,PN-337126,00F40B13,00F40B13,PN-337126,00F40B14,T31,,PROCESS,94474092,00F40B13T-20180617143902,U4,2,N14,483,483,10.7,4.71,127,GOOD,GOOD,131.7449,169.6712,98.61193,0,0.9055,6/17/2018 18:51
12809,1020,FP9,TOP,4009328250,6/17/2018 14:34,1529245800,TWB_SM3,TWB_PCBA_SM3_TOP_FP,TWB_PCBA_TOP_FP9,1020,TWB_SM3,TWB_PCBA_PASTE_INSPECTION_TOP,PN-337126,00F40B13,00F40B13,PN-337126,00F40B14,T31,,PROCESS,94474092,00F40B13T-20180617143902,U4,2,R13,483,483,9.9,7.19,127,GOOD,GOOD,127.3205,171.0976,94.50578,0,0.9055,6/17/2018 18:51
15206,1020,FP9,TOP,4009328250,6/17/2018 14:34,1529245800,TWB_SM3,TWB_PCBA_SM3_TOP_FP,TWB_PCBA_TOP_FP9,1020,TWB_SM3,TWB_PCBA_PASTE_INSPECTION_TOP,PN-337126,00F40B13,00F40B13,PN-337126,00F40B14,T31,,PROCESS,94474092,00F40B13T-20180617143902,U4,2,A11,483,483,5.42,4.05,127,GOOD,GOOD,145.5791,191.5398,96.52583,0,0.9055,6/17/2018 18:51
15207,1020,FP9,TOP,4009328250,6/17/2018 14:34,1529245800,TWB_SM3,TWB_PCBA_SM3_TOP_FP,TWB_PCBA_TOP_FP9,1020,TWB_SM3,TWB_PCBA_PASTE_INSPECTION_TOP,PN-337126,00F40B13,00F40B13,PN-337126,00F40B14,T31,,PROCESS,94474092,00F40B13T-20180617143902,U4,2,B16,483,483,6.08,-3.37,127,GOOD,GOOD,116.5556,170.5348,86.80086,0,0.9055,6/17/2018 18:51
15208,1020,FP9,TOP,4009328250,6/17/2018 14:34,1529245800,TWB_SM3,TWB_PCBA_SM3_TOP_FP,TWB_PCBA_TOP_FP9,1020,TWB_SM3,TWB_PCBA_PASTE_INSPECTION_TOP,PN-337126,00F40B13,00F40B13,PN-337126,00F40B14,T31,,PROCESS,94474092,00F40B13T-20180617143902,U4,2,E1,483,483,4.47,0.57,127,GOOD,GOOD,141.9292,186.5131,96.64205,0,0.9055,6/17/2018 18:51
15209,1020,FP9,TOP,4009328250,6/17/2018 14:34,1529245800,TWB_SM3,TWB_PCBA_SM3_TOP_FP,TWB_PCBA_TOP_FP9,1020,TWB_SM3,TWB_PCBA_PASTE_INSPECTION_TOP,PN-337126,00F40B13,00F40B13,PN-337126,00F40B14,T31,,PROCESS,94474092,00F40B13T-20180617143902,U4,2,E10,483,483,8.6,-13.58,127,GOOD,GOOD,142.7364,193.9374,93.47100999999999,0,0.9055,6/17/2018 18:51
15210,1020,FP9,TOP,4009328250,6/17/2018 14:34,1529245800,TWB_SM3,TWB_PCBA_SM3_TOP_FP,TWB_PCBA_TOP_FP9,1020,TWB_SM3,TWB_PCBA_PASTE_INSPECTION_TOP,PN-337126,00F40B13,00F40B13,PN-337126,00F40B14,T31,,PROCESS,94474092,00F40B13T-20180617143902,U4,2,F15,483,483,20.01,0.0,127,GOOD,GOOD,142.5783,186.6567,97.00934000000001,0,0.9055,6/17/2018 18:51
15211,1020,FP9,TOP,4009328250,6/17/2018 14:34,1529245800,TWB_SM3,TWB_PCBA_SM3_TOP_FP,TWB_PCBA_TOP_FP9,1020,TWB_SM3,TWB_PCBA_PASTE_INSPECTION_TOP,PN-337126,00F40B13,00F40B13,PN-337126,00F40B14,T31,,PROCESS,94474092,00F40B13T-20180617143902,U4,2,G2,483,483,8.09,1.91,127,GOOD,GOOD,147.4583,183.36900000000003,102.1285,0,0.9055,6/17/2018 18:51
15212,1020,FP9,TOP,4009328250,6/17/2018 14:34,1529245800,TWB_SM3,TWB_PCBA_SM3_TOP_FP,TWB_PCBA_TOP_FP9,1020,TWB_SM3,TWB_PCBA_PASTE_INSPECTION_TOP,PN-337126,00F40B13,00F40B13,PN-337126,00F40B14,T31,,PROCESS,94474092,00F40B13T-20180617143902,U4,2,J14,483,483,19.45,2.92,127,GOOD,GOOD,137.0196,179.5218,96.93245999999999,0,0.9055,6/17/2018 18:51
15213,1020,FP9,TOP,4009328250,6/17/2018 14:34,1529245800,TWB_SM3,TWB_PCBA_SM3_TOP_FP,TWB_PCBA_TOP_FP9,1020,TWB_SM3,TWB_PCBA_PASTE_INSPECTION_TOP,PN-337126,00F40B13,00F40B13,PN-337126,00F40B14,T31,,PROCESS,94474092,00F40B13T-20180617143902,U4,2,K4,483,483,13.76,-1.9,127,GOOD,GOOD,141.8534,188.2408,95.70393,0,0.9055,6/17/2018 18:51
15214,1020,FP9,TOP,4009328250,6/17/2018 14:34,1529245800,TWB_SM3,TWB_PCBA_SM3_TOP_FP,TWB_PCBA_TOP_FP9,1020,TWB_SM3,TWB_PCBA_PASTE_INSPECTION_TOP,PN-337126,00F40B13,00F40B13,PN-337126,00F40B14,T31,,PROCESS,94474092,00F40B13T-20180617143902,U4,2,M5,483,483,16.4,-1.57,127,GOOD,GOOD,140.6246,184.9804,96.5471,0,0.9055,6/17/2018 18:51
15215,1020,FP9,TOP,4009328250,6/17/2018 14:34,1529245800,TWB_SM3,TWB_PCBA_SM3_TOP_FP,TWB_PCBA_TOP_FP9,1020,TWB_SM3,TWB_PCBA_PASTE_INSPECTION_TOP,PN-337126,00F40B13,00F40B13,PN-337126,00F40B14,T31,,PROCESS,94474092,00F40B13T-20180617143902,U4,2,N13,483,483,14.21,6.28,127,GOOD,GOOD,133.3253,170.8186,99.12448,0,0.9055,6/17/2018 18:51
15216,1020,FP9,TOP,4009328250,6/17/2018 14:34,1529245800,TWB_SM3,TWB_PCBA_SM3_TOP_FP,TWB_PCBA_TOP_FP9,1020,TWB_SM3,TWB_PCBA_PASTE_INSPECTION_TOP,PN-337126,00F40B13,00F40B13,PN-337126,00F40B14,T31,,PROCESS,94474092,00F40B13T-20180617143902,U4,2,R12,483,483,7.92,-11.24,127,GOOD,GOOD,132.6847,179.1703,94.04995,0,0.9055,6/17/2018 18:51
17396,1020,FP9,TOP,4009328250,6/17/2018 14:34,1529245800,TWB_SM3,TWB_PCBA_SM3_TOP_FP,TWB_PCBA_TOP_FP9,1020,TWB_SM3,TWB_PCBA_PASTE_INSPECTION_TOP,PN-337126,00F40B13,00F40B13,PN-337126,00F40B14,T31,,PROCESS,94474092,00F40B13T-20180617143902,U4,2,B13,483,483,15.26,1.35,127,GOOD,GOOD,131.1254,179.8204,92.60869,0,0.9055,6/17/2018 18:51
17397,1020,FP9,TOP,4009328250,6/17/2018 14:34,1529245800,TWB_SM3,TWB_PCBA_SM3_TOP_FP,TWB_PCBA_TOP_FP9,1020,TWB_SM3,TWB_PCBA_PASTE_INSPECTION_TOP,PN-337126,00F40B13,00F40B13,PN-337126,00F40B14,T31,,PROCESS,94474092,00F40B13T-20180617143902,U4,2,B7,483,483,9.23,-9.21,127,GOOD,GOOD,137.6939,175.2003,99.81223,0,0.9055,6/17/2018 18:51
17398,1020,FP9,TOP,4009328250,6/17/2018 14:34,1529245800,TWB_SM3,TWB_PCBA_SM3_TOP_FP,TWB_PCBA_TOP_FP9,1020,TWB_SM3,TWB_PCBA_PASTE_INSPECTION_TOP,PN-337126,00F40B13,00F40B13,PN-337126,00F40B14,T31,,PROCESS,94474092,00F40B13T-20180617143902,U4,2,D8,483,483,14.35,-9.89,127,GOOD,GOOD,142.41,189.4047,95.48902,0,0.9055,6/17/2018 18:51
17399,1020,FP9,TOP,4009328250,6/17/2018 14:34,1529245800,TWB_SM3,TWB_PCBA_SM3_TOP_FP,TWB_PCBA_TOP_FP9,1020,TWB_SM3,TWB_PCBA_PASTE_INSPECTION_TOP,PN-337126,00F40B13,00F40B13,PN-337126,00F40B14,T31,,PROCESS,94474092,00F40B13T-20180617143902,U4,2,F12,483,483,15.42,4.72,127,GOOD,GOOD,138.2694,178.0667,98.61591,0,0.9055,6/17/2018 18:51
17400,1020,FP9,TOP,4009328250,6/17/2018 14:34,1529245800,TWB_SM3,TWB_PCBA_SM3_TOP_FP,TWB_PCBA_TOP_FP9,1020,TWB_SM3,TWB_PCBA_PASTE_INSPECTION_TOP,PN-337126,00F40B13,00F40B13,PN-337126,00F40B14,T31,,PROCESS,94474092,00F40B13T-20180617143902,U4,2,F9,483,483,12.35,-10.56,127,GOOD,GOOD,153.2609,178.1948,109.2295,0,0.9055,6/17/2018 18:51
17401,1020,FP9,TOP,4009328250,6/17/2018 14:34,1529245800,TWB_SM3,TWB_PCBA_SM3_TOP_FP,TWB_PCBA_TOP_FP9,1020,TWB_SM3,TWB_PCBA_PASTE_INSPECTION_TOP,PN-337126,00F40B13,00F40B13,PN-337126,00F40B14,T31,,PROCESS,94474092,00F40B13T-20180617143902,U4,2,J11,483,483,20.49,-12.37,127,GOOD,GOOD,146.5583,183.5762,101.3906,0,0.9055,6/17/2018 18:51
17402,1020,FP9,TOP,4009328250,6/17/2018 14:34,1529245800,TWB_SM3,TWB_PCBA_SM3_TOP_FP,TWB_PCBA_TOP_FP9,1020,TWB_SM3,TWB_PCBA_PASTE_INSPECTION_TOP,PN-337126,00F40B13,00F40B13,PN-337126,00F40B14,T31,,PROCESS,94474092,00F40B13T-20180617143902,U4,2,K1,483,483,10.67,2.82,127,GOOD,GOOD,137.5712,172.7674,101.1276,0,0.9055,6/17/2018 18:51
17403,1020,FP9,TOP,4009328250,6/17/2018 14:34,1529245800,TWB_SM3,TWB_PCBA_SM3_TOP_FP,TWB_PCBA_TOP_FP9,1020,TWB_SM3,TWB_PCBA_PASTE_INSPECTION_TOP,PN-337126,00F40B13,00F40B13,PN-337126,00F40B14,T31,,PROCESS,94474092,00F40B13T-20180617143902,U4,2,K16,483,483,11.09,-0.77,127,GOOD,GOOD,129.329,184.0246,89.25323,0,0.9055,6/17/2018 18:51
17404,1020,FP9,TOP,4009328250,6/17/2018 14:34,1529245800,TWB_SM3,TWB_PCBA_SM3_TOP_FP,TWB_PCBA_TOP_FP9,1020,TWB_SM3,TWB_PCBA_PASTE_INSPECTION_TOP,PN-337126,00F40B13,00F40B13,PN-337126,00F40B14,T31,,PROCESS,94474092,00F40B13T-20180617143902,U4,2,M2,483,483,10.16,3.15,127,GOOD,GOOD,146.5191,184.4744,100.87,0,0.9055,6/17/2018 18:51
17405,1020,FP9,TOP,4009328250,6/17/2018 14:34,1529245800,TWB_SM3,TWB_PCBA_SM3_TOP_FP,TWB_PCBA_TOP_FP9,1020,TWB_SM3,TWB_PCBA_PASTE_INSPECTION_TOP,PN-337126,00F40B13,00F40B13,PN-337126,00F40B14,T31,,PROCESS,94474092,00F40B13T-20180617143902,U4,2,N10,483,483,11.95,-9.0,127,GOOD,GOOD,141.2608,182.5356,98.28289000000001,0,0.9055,6/17/2018 18:51
18165,1020,FP9,TOP,4009328250,6/17/2018 14:34,1529245800,TWB_SM3,TWB_PCBA_SM3_TOP_FP,TWB_PCBA_TOP_FP9,1020,TWB_SM3,TWB_PCBA_PASTE_INSPECTION_TOP,PN-337126,00F40B13,00F40B13,PN-337126,00F40B14,T31,,PROCESS,94474092,00F40B13T-20180617143902,U4,2,A7,483,483,5.18,-9.66,127,GOOD,GOOD,136.5283,176.1697,98.42271,0,0.9055,6/17/2018 18:51
18166,1020,FP9,TOP,4009328250,6/17/2018 14:34,1529245800,TWB_SM3,TWB_PCBA_SM3_TOP_FP,TWB_PCBA_TOP_FP9,1020,TWB_SM3,TWB_PCBA_PASTE_INSPECTION_TOP,PN-337126,00F40B13,00F40B13,PN-337126,00F40B14,T31,,PROCESS,94474092,00F40B13T-20180617143902,U4,2,C8,483,483,5.32,-10.34,127,GOOD,GOOD,143.9956,191.1616,95.66486,0,0.9055,6/17/2018 18:51
18167,1020,FP9,TOP,4009328250,6/17/2018 14:34,1529245800,TWB_SM3,TWB_PCBA_SM3_TOP_FP,TWB_PCBA_TOP_FP9,1020,TWB_SM3,TWB_PCBA_PASTE_INSPECTION_TOP,PN-337126,00F40B13,00F40B13,PN-337126,00F40B14,T31,,PROCESS,94474092,00F40B13T-20180617143902,U4,2,D13,483,483,15.09,2.25,127,GOOD,GOOD,147.2534,176.8161,105.7663,0,0.9055,6/17/2018 18:51
18168,1020,FP9,TOP,4009328250,6/17/2018 14:34,1529245800,TWB_SM3,TWB_PCBA_SM3_TOP_FP,TWB_PCBA_TOP_FP9,1020,TWB_SM3,TWB_PCBA_PASTE_INSPECTION_TOP,PN-337126,00F40B13,00F40B13,PN-337126,00F40B14,T31,,PROCESS,94474092,00F40B13T-20180617143902,U4,2,E9,483,483,11.6,-12.01,127,GOOD,GOOD,142.94899999999998,192.4333,94.34193,0,0.9055,6/17/2018 18:51
18169,1020,FP9,TOP,4009328250,6/17/2018 14:34,1529245800,TWB_SM3,TWB_PCBA_SM3_TOP_FP,TWB_PCBA_TOP_FP9,1020,TWB_SM3,TWB_PCBA_PASTE_INSPECTION_TOP,PN-337126,00F40B13,00F40B13,PN-337126,00F40B14,T31,,PROCESS,94474092,00F40B13T-20180617143902,U4,2,H12,483,483,18.57,5.62,127,GOOD,GOOD,138.9559,170.5329,103.4838,0,0.9055,6/17/2018 18:51
18170,1020,FP9,TOP,4009328250,6/17/2018 14:34,1529245800,TWB_SM3,TWB_PCBA_SM3_TOP_FP,TWB_PCBA_TOP_FP9,1020,TWB_SM3,TWB_PCBA_PASTE_INSPECTION_TOP,PN-337126,00F40B13,00F40B13,PN-337126,00F40B14,T31,,PROCESS,94474092,00F40B13T-20180617143902,U4,2,J1,483,483,8.27,3.36,127,GOOD,GOOD,135.7801,171.393,100.6113,0,0.9055,6/17/2018 18:51
18171,1020,FP9,TOP,4009328250,6/17/2018 14:34,1529245800,TWB_SM3,TWB_PCBA_SM3_TOP_FP,TWB_PCBA_TOP_FP9,1020,TWB_SM3,TWB_PCBA_PASTE_INSPECTION_TOP,PN-337126,00F40B13,00F40B13,PN-337126,00F40B14,T31,,PROCESS,94474092,00F40B13T-20180617143902,U4,2,L11,483,483,9.43,-11.47,127,GOOD,GOOD,149.3677,192.3513,98.62007,0,0.9055,6/17/2018 18:51
18172,1020,FP9,TOP,4009328250,6/17/2018 14:34,1529245800,TWB_SM3,TWB_PCBA_SM3_TOP_FP,TWB_PCBA_TOP_FP9,1020,TWB_SM3,TWB_PCBA_PASTE_INSPECTION_TOP,PN-337126,00F40B13,00F40B13,PN-337126,00F40B14,T31,,PROCESS,94474092,00F40B13T-20180617143902,U4,2,L2,483,483,10.24,2.69,127,GOOD,GOOD,135.8038,180.0674,95.78123000000001,0,0.9055,6/17/2018 18:51
18173,1020,FP9,TOP,4009328250,6/17/2018 14:34,1529245800,TWB_SM3,TWB_PCBA_SM3_TOP_FP,TWB_PCBA_TOP_FP9,1020,TWB_SM3,TWB_PCBA_PASTE_INSPECTION_TOP,PN-337126,00F40B13,00F40B13,PN-337126,00F40B14,T31,,PROCESS,94474092,00F40B13T-20180617143902,U4,2,M16,483,483,5.95,1.13,127,GOOD,GOOD,129.3452,178.9758,91.78246999999999,0,0.9055,6/17/2018 18:51
18174,1020,FP9,TOP,4009328250,6/17/2018 14:34,1529245800,TWB_SM3,TWB_PCBA_SM3_TOP_FP,TWB_PCBA_TOP_FP9,1020,TWB_SM3,TWB_PCBA_PASTE_INSPECTION_TOP,PN-337126,00F40B13,00F40B13,PN-337126,00F40B14,T31,,PROCESS,94474092,00F40B13T-20180617143902,U4,2,N3,483,483,-2.16,2.01,127,GOOD,GOOD,137.9284,186.7151,93.81626,0,0.9055,6/17/2018 18:51
18175,1020,FP9,TOP,4009328250,6/17/2018 14:34,1529245800,TWB_SM3,TWB_PCBA_SM3_TOP_FP,TWB_PCBA_TOP_FP9,1020,TWB_SM3,TWB_PCBA_PASTE_INSPECTION_TOP,PN-337126,00F40B13,00F40B13,PN-337126,00F40B14,T31,,PROCESS,94474092,00F40B13T-20180617143902,U4,2,P10,483,483,16.0,-8.54,127,GOOD,GOOD,148.273,189.0368,99.61377,0,0.9055,6/17/2018 18:51
18176,1020,FP9,TOP,4009328250,6/17/2018 14:34,1529245800,TWB_SM3,TWB_PCBA_SM3_TOP_FP,TWB_PCBA_TOP_FP9,1020,TWB_SM3,TWB_PCBA_PASTE_INSPECTION_TOP,PN-337126,00F40B13,00F40B13,PN-337126,00F40B14,T31,,PROCESS,94474092,00F40B13T-20180617143902,U4,2,P4,483,483,3.36,0.9,127,GOOD,GOOD,137.3858,175.7307,99.28828,0,0.9055,6/17/2018 18:51
18177,1020,FP9,TOP,4009328250,6/17/2018 14:34,1529245800,TWB_SM3,TWB_PCBA_SM3_TOP_FP,TWB_PCBA_TOP_FP9,1020,TWB_SM3,TWB_PCBA_PASTE_INSPECTION_TOP,PN-337126,00F40B13,00F40B13,PN-337126,00F40B14,T31,,PROCESS,94474092,00F40B13T-20180617143902,U4,2,R5,483,483,3.6,-0.23,127,GOOD,GOOD,136.3484,189.4668,91.3946,0,0.9055,6/17/2018 18:51
18178,1020,FP9,TOP,4009328250,6/17/2018 14:34,1529245800,TWB_SM3,TWB_PCBA_SM3_TOP_FP,TWB_PCBA_TOP_FP9,1020,TWB_SM3,TWB_PCBA_PASTE_INSPECTION_TOP,PN-337126,00F40B13,00F40B13,PN-337126,00F40B14,T31,,PROCESS,94474092,00F40B13T-20180617143902,U4,2,T6,483,483,6.63,-1.34,127,GOOD,GOOD,141.0447,192.5476,93.02985,0,0.9055,6/17/2018 18:51
19184,1020,FP9,TOP,4009328250,6/17/2018 14:34,1529245800,TWB_SM3,TWB_PCBA_SM3_TOP_FP,TWB_PCBA_TOP_FP9,1020,TWB_SM3,TWB_PCBA_PASTE_INSPECTION_TOP,PN-337126,00F40B13,00F40B13,PN-337126,00F40B14,T31,,PROCESS,94474092,00F40B13T-20180617143902,U4,2,B2,483,483,2.71,-1.35,127,GOOD,GOOD,139.1448,187.5177,94.23849,0,0.9055,6/17/2018 18:51
19185,1020,FP9,TOP,4009328250,6/17/2018 14:34,1529245800,TWB_SM3,TWB_PCBA_SM3_TOP_FP,TWB_PCBA_TOP_FP9,1020,TWB_SM3,TWB_PCBA_PASTE_INSPECTION_TOP,PN-337126,00F40B13,00F40B13,PN-337126,00F40B14,T31,,PROCESS,94474092,00F40B13T-20180617143902,U4,2,C13,483,483,9.38,1.8,127,GOOD,GOOD,135.9165,181.438,95.13662,0,0.9055,6/17/2018 18:51
19186,1020,FP9,TOP,4009328250,6/17/2018 14:34,1529245800,TWB_SM3,TWB_PCBA_SM3_TOP_FP,TWB_PCBA_TOP_FP9,1020,TWB_SM3,TWB_PCBA_PASTE_INSPECTION_TOP,PN-337126,00F40B13,00F40B13,PN-337126,00F40B14,T31,,PROCESS,94474092,00F40B13T-20180617143902,U4,2,D3,483,483,8.65,-2.03,127,GOOD,GOOD,148.0965,189.1704,99.4249,0,0.9055,6/17/2018 18:51
19187,1020,FP9,TOP,4009328250,6/17/2018 14:34,1529245800,TWB_SM3,TWB_PCBA_SM3_TOP_FP,TWB_PCBA_TOP_FP9,1020,TWB_SM3,TWB_PCBA_PASTE_INSPECTION_TOP,PN-337126,00F40B13,00F40B13,PN-337126,00F40B14,T31,,PROCESS,94474092,00F40B13T-20180617143902,U4,2,F4,483,483,9.12,-2.7,127,GOOD,GOOD,137.9044,170.6024,102.6589,0,0.9055,6/17/2018 18:51
19188,1020,FP9,TOP,4009328250,6/17/2018 14:34,1529245800,TWB_SM3,TWB_PCBA_SM3_TOP_FP,TWB_PCBA_TOP_FP9,1020,TWB_SM3,TWB_PCBA_PASTE_INSPECTION_TOP,PN-337126,00F40B13,00F40B13,PN-337126,00F40B14,T31,,PROCESS,94474092,00F40B13T-20180617143902,U4,2,G12,483,483,14.51,6.18,127,GOOD,GOOD,139.9364,176.3347,100.7852,0,0.9055,6/17/2018 18:51
19189,1020,FP9,TOP,4009328250,6/17/2018 14:34,1529245800,TWB_SM3,TWB_PCBA_SM3_TOP_FP,TWB_PCBA_TOP_FP9,1020,TWB_SM3,TWB_PCBA_PASTE_INSPECTION_TOP,PN-337126,00F40B13,00F40B13,PN-337126,00F40B14,T31,,PROCESS,94474092,00F40B13T-20180617143902,U4,2,H5,483,483,9.28,-3.37,127,GOOD,GOOD,136.1088,170.3993,101.443,0,0.9055,6/17/2018 18:51
19190,1020,FP9,TOP,4009328250,6/17/2018 14:34,1529245800,TWB_SM3,TWB_PCBA_SM3_TOP_FP,TWB_PCBA_TOP_FP9,1020,TWB_SM3,TWB_PCBA_PASTE_INSPECTION_TOP,PN-337126,00F40B13,00F40B13,PN-337126,00F40B14,T31,,PROCESS,94474092,00F40B13T-20180617143902,U4,2,J6,483,483,13.97,-4.5,127,GOOD,GOOD,142.9582,189.78099999999998,95.66653000000001,0,0.9055,6/17/2018 18:51
19191,1020,FP9,TOP,4009328250,6/17/2018 14:34,1529245800,TWB_SM3,TWB_PCBA_SM3_TOP_FP,TWB_PCBA_TOP_FP9,1020,TWB_SM3,TWB_PCBA_PASTE_INSPECTION_TOP,PN-337126,00F40B13,00F40B13,PN-337126,00F40B14,T31,,PROCESS,94474092,00F40B13T-20180617143902,U4,2,K11,483,483,19.58,-12.91,127,GOOD,GOOD,143.1806,185.4716,98.04162,0,0.9055,6/17/2018 18:51
19192,1020,FP9,TOP,4009328250,6/17/2018 14:34,1529245800,TWB_SM3,TWB_PCBA_SM3_TOP_FP,TWB_PCBA_TOP_FP9,1020,TWB_SM3,TWB_PCBA_PASTE_INSPECTION_TOP,PN-337126,00F40B13,00F40B13,PN-337126,00F40B14,T31,,PROCESS,94474092,00F40B13T-20180617143902,U4,2,L16,483,483,8.52,0.67,127,GOOD,GOOD,127.6554,181.2802,89.43196,0,0.9055,6/17/2018 18:51
19193,1020,FP9,TOP,4009328250,6/17/2018 14:34,1529245800,TWB_SM3,TWB_PCBA_SM3_TOP_FP,TWB_PCBA_TOP_FP9,1020,TWB_SM3,TWB_PCBA_PASTE_INSPECTION_TOP,PN-337126,00F40B13,00F40B13,PN-337126,00F40B14,T31,,PROCESS,94474092,00F40B13T-20180617143902,U4,2,L7,483,483,16.77,-5.18,127,GOOD,GOOD,144.7283,185.5466,99.06135,0,0.9055,6/17/2018 18:51
19194,1020,FP9,TOP,4009328250,6/17/2018 14:34,1529245800,TWB_SM3,TWB_PCBA_SM3_TOP_FP,TWB_PCBA_TOP_FP9,1020,TWB_SM3,TWB_PCBA_PASTE_INSPECTION_TOP,PN-337126,00F40B13,00F40B13,PN-337126,00F40B14,T31,,PROCESS,94474092,00F40B13T-20180617143902,U4,2,N8,483,483,7.67,-5.85,127,GOOD,GOOD,143.4878,189.9339,95.94363,0,0.9055,6/17/2018 18:51
19195,1020,FP9,TOP,4009328250,6/17/2018 14:34,1529245800,TWB_SM3,TWB_PCBA_SM3_TOP_FP,TWB_PCBA_TOP_FP9,1020,TWB_SM3,TWB_PCBA_PASTE_INSPECTION_TOP,PN-337126,00F40B13,00F40B13,PN-337126,00F40B14,T31,,PROCESS,94474092,00F40B13T-20180617143902,U4,2,P15,483,483,9.27,3.6,127,GOOD,GOOD,126.7253,173.0939,92.97908000000001,0,0.9055,6/17/2018 18:51
19196,1020,FP9,TOP,4009328250,6/17/2018 14:34,1529245800,TWB_SM3,TWB_PCBA_SM3_TOP_FP,TWB_PCBA_TOP_FP9,1020,TWB_SM3,TWB_PCBA_PASTE_INSPECTION_TOP,PN-337126,00F40B13,00F40B13,PN-337126,00F40B14,T31,,PROCESS,94474092,00F40B13T-20180617143902,U4,2,P9,483,483,14.87,-6.96,127,GOOD,GOOD,149.3711,190.5852,99.53623,0,0.9055,6/17/2018 18:51
19197,1020,FP9,TOP,4009328250,6/17/2018 14:34,1529245800,TWB_SM3,TWB_PCBA_SM3_TOP_FP,TWB_PCBA_TOP_FP9,1020,TWB_SM3,TWB_PCBA_PASTE_INSPECTION_TOP,PN-337126,00F40B13,00F40B13,PN-337126,00F40B14,T31,,PROCESS,94474092,00F40B13T-20180617143902,U4,2,T14,483,483,8.8,6.08,127,GOOD,GOOD,114.46,164.5159,88.35871999999999,0,0.9055,6/17/2018 18:51
21963,1020,FP9,TOP,4009328250,6/17/2018 14:34,1529245800,TWB_SM3,TWB_PCBA_SM3_TOP_FP,TWB_PCBA_TOP_FP9,1020,TWB_SM3,TWB_PCBA_PASTE_INSPECTION_TOP,PN-337126,00F40B13,00F40B13,PN-337126,00F40B14,T31,,PROCESS,94474092,00F40B13T-20180617143902,U4,2,B11,483,483,9.48,4.5,127,GOOD,GOOD,154.8754,201.2401,97.73985,0,0.9055,6/17/2018 18:51
21964,1020,FP9,TOP,4009328250,6/17/2018 14:34,1529245800,TWB_SM3,TWB_PCBA_SM3_TOP_FP,TWB_PCBA_TOP_FP9,1020,TWB_SM3,TWB_PCBA_PASTE_INSPECTION_TOP,PN-337126,00F40B13,00F40B13,PN-337126,00F40B14,T31,,PROCESS,94474092,00F40B13T-20180617143902,U4,2,B5,483,483,5.64,-6.07,127,GOOD,GOOD,141.0541,177.2795,101.0487,0,0.9055,6/17/2018 18:51
21965,1020,FP9,TOP,4009328250,6/17/2018 14:34,1529245800,TWB_SM3,TWB_PCBA_SM3_TOP_FP,TWB_PCBA_TOP_FP9,1020,TWB_SM3,TWB_PCBA_PASTE_INSPECTION_TOP,PN-337126,00F40B13,00F40B13,PN-337126,00F40B14,T31,,PROCESS,94474092,00F40B13T-20180617143902,U4,2,C16,483,483,9.31,-2.92,127,GOOD,GOOD,125.387,178.4764,89.22273,0,0.9055,6/17/2018 18:51
21966,1020,FP9,TOP,4009328250,6/17/2018 14:34,1529245800,TWB_SM3,TWB_PCBA_SM3_TOP_FP,TWB_PCBA_TOP_FP9,1020,TWB_SM3,TWB_PCBA_PASTE_INSPECTION_TOP,PN-337126,00F40B13,00F40B13,PN-337126,00F40B14,T31,,PROCESS,94474092,00F40B13T-20180617143902,U4,2,D6,483,483,11.9,-6.74,127,GOOD,GOOD,148.4038,188.2404,100.1234,0,0.9055,6/17/2018 18:51
21967,1020,FP9,TOP,4009328250,6/17/2018 14:34,1529245800,TWB_SM3,TWB_PCBA_SM3_TOP_FP,TWB_PCBA_TOP_FP9,1020,TWB_SM3,TWB_PCBA_PASTE_INSPECTION_TOP,PN-337126,00F40B13,00F40B13,PN-337126,00F40B14,T31,,PROCESS,94474092,00F40B13T-20180617143902,U4,2,F10,483,483,15.97,-12.14,127,GOOD,GOOD,142.5704,177.9929,101.7256,0,0.9055,6/17/2018 18:51
21968,1020,FP9,TOP,4009328250,6/17/2018 14:34,1529245800,TWB_SM3,TWB_PCBA_SM3_TOP_FP,TWB_PCBA_TOP_FP9,1020,TWB_SM3,TWB_PCBA_PASTE_INSPECTION_TOP,PN-337126,00F40B13,00F40B13,PN-337126,00F40B14,T31,,PROCESS,94474092,00F40B13T-20180617143902,U4,2,F7,483,483,19.67,-7.42,127,GOOD,GOOD,143.8627,183.7827,99.41391999999999,0,0.9055,6/17/2018 18:51
21969,1020,FP9,TOP,4009328250,6/17/2018 14:34,1529245800,TWB_SM3,TWB_PCBA_SM3_TOP_FP,TWB_PCBA_TOP_FP9,1020,TWB_SM3,TWB_PCBA_PASTE_INSPECTION_TOP,PN-337126,00F40B13,00F40B13,PN-337126,00F40B14,T31,,PROCESS,94474092,00F40B13T-20180617143902,U4,2,G15,483,483,19.09,1.46,127,GOOD,GOOD,140.4579,189.1352,94.31430999999999,0,0.9055,6/17/2018 18:51
21970,1020,FP9,TOP,4009328250,6/17/2018 14:34,1529245800,TWB_SM3,TWB_PCBA_SM3_TOP_FP,TWB_PCBA_TOP_FP9,1020,TWB_SM3,TWB_PCBA_PASTE_INSPECTION_TOP,PN-337126,00F40B13,00F40B13,PN-337126,00F40B14,T31,,PROCESS,94474092,00F40B13T-20180617143902,U4,2,H8,483,483,14.01,-8.09,127,GOOD,GOOD,142.28799999999998,182.9465,98.77519000000001,0,0.9055,6/17/2018 18:51
21971,1020,FP9,TOP,4009328250,6/17/2018 14:34,1529245800,TWB_SM3,TWB_PCBA_SM3_TOP_FP,TWB_PCBA_TOP_FP9,1020,TWB_SM3,TWB_PCBA_PASTE_INSPECTION_TOP,PN-337126,00F40B13,00F40B13,PN-337126,00F40B14,T31,,PROCESS,94474092,00F40B13T-20180617143902,U4,2,J9,483,483,18.72,-9.22,127,GOOD,GOOD,163.9249,196.8791,105.7423,0,0.9055,6/17/2018 18:51
21972,1020,FP9,TOP,4009328250,6/17/2018 14:34,1529245800,TWB_SM3,TWB_PCBA_SM3_TOP_FP,TWB_PCBA_TOP_FP9,1020,TWB_SM3,TWB_PCBA_PASTE_INSPECTION_TOP,PN-337126,00F40B13,00F40B13,PN-337126,00F40B14,T31,,PROCESS,94474092,00F40B13T-20180617143902,U4,2,K14,483,483,19.36,2.38,127,GOOD,GOOD,132.4234,178.2779,94.33459,0,0.9055,6/17/2018 18:51
22171,1020,FP9,TOP,4009328250,6/17/2018 14:34,1529245800,TWB_SM3,TWB_PCBA_SM3_TOP_FP,TWB_PCBA_TOP_FP9,1020,TWB_SM3,TWB_PCBA_PASTE_INSPECTION_TOP,PN-337126,00F40B13,00F40B13,PN-337126,00F40B14,T31,,PROCESS,94474092,00F40B13T-20180617143902,U4,2,A1,483,483,3.14,-0.23,127,GOOD,GOOD,135.6854,173.8783,99.10403000000001,0,0.9055,6/17/2018 18:51
22172,1020,FP9,TOP,4009328250,6/17/2018 14:34,1529245800,TWB_SM3,TWB_PCBA_SM3_TOP_FP,TWB_PCBA_TOP_FP9,1020,TWB_SM3,TWB_PCBA_PASTE_INSPECTION_TOP,PN-337126,00F40B13,00F40B13,PN-337126,00F40B14,T31,,PROCESS,94474092,00F40B13T-20180617143902,U4,2,A13,483,483,4.57,0.9,127,GOOD,GOOD,131.2685,169.0501,98.61634000000001,0,0.9055,6/17/2018 18:51
22173,1020,FP9,TOP,4009328250,6/17/2018 14:34,1529245800,TWB_SM3,TWB_PCBA_SM3_TOP_FP,TWB_PCBA_TOP_FP9,1020,TWB_SM3,TWB_PCBA_PASTE_INSPECTION_TOP,PN-337126,00F40B13,00F40B13,PN-337126,00F40B14,T31,,PROCESS,94474092,00F40B13T-20180617143902,U4,2,C2,483,483,3.45,-0.9,127,GOOD,GOOD,144.2285,178.142,102.8226,0,0.9055,6/17/2018 18:51
22174,1020,FP9,TOP,4009328250,6/17/2018 14:34,1529245800,TWB_SM3,TWB_PCBA_SM3_TOP_FP,TWB_PCBA_TOP_FP9,1020,TWB_SM3,TWB_PCBA_PASTE_INSPECTION_TOP,PN-337126,00F40B13,00F40B13,PN-337126,00F40B14,T31,,PROCESS,94474092,00F40B13T-20180617143902,U4,2,E12,483,483,11.37,3.27,127,GOOD,GOOD,135.6789,170.4441,101.096,0,0.9055,6/17/2018 18:51
22175,1020,FP9,TOP,4009328250,6/17/2018 14:34,1529245800,TWB_SM3,TWB_PCBA_SM3_TOP_FP,TWB_PCBA_TOP_FP9,1020,TWB_SM3,TWB_PCBA_PASTE_INSPECTION_TOP,PN-337126,00F40B13,00F40B13,PN-337126,00F40B14,T31,,PROCESS,94474092,00F40B13T-20180617143902,U4,2,E3,483,483,4.43,-2.57,127,GOOD,GOOD,138.0885,183.9339,95.34535,0,0.9055,6/17/2018 18:51
22176,1020,FP9,TOP,4009328250,6/17/2018 14:34,1529245800,TWB_SM3,TWB_PCBA_SM3_TOP_FP,TWB_PCBA_TOP_FP9,1020,TWB_SM3,TWB_PCBA_PASTE_INSPECTION_TOP,PN-337126,00F40B13,00F40B13,PN-337126,00F40B14,T31,,PROCESS,94474092,00F40B13T-20180617143902,U4,2,G4,483,483,12.35,-1.24,127,GOOD,GOOD,152.4763,191.4367,101.1535,0,0.9055,6/17/2018 18:51
22177,1020,FP9,TOP,4009328250,6/17/2018 14:34,1529245800,TWB_SM3,TWB_PCBA_SM3_TOP_FP,TWB_PCBA_TOP_FP9,1020,TWB_SM3,TWB_PCBA_PASTE_INSPECTION_TOP,PN-337126,00F40B13,00F40B13,PN-337126,00F40B14,T31,,PROCESS,94474092,00F40B13T-20180617143902,U4,2,J16,483,483,17.92,-0.23,127,GOOD,GOOD,131.0765,175.7052,94.74235,0,0.9055,6/17/2018 18:51
22178,1020,FP9,TOP,4009328250,6/17/2018 14:34,1529245800,TWB_SM3,TWB_PCBA_SM3_TOP_FP,TWB_PCBA_TOP_FP9,1020,TWB_SM3,TWB_PCBA_PASTE_INSPECTION_TOP,PN-337126,00F40B13,00F40B13,PN-337126,00F40B14,T31,,PROCESS,94474092,00F40B13T-20180617143902,U4,2,K6,483,483,13.88,-5.04,127,GOOD,GOOD,147.333,199.3701,93.85203,0,0.9055,6/17/2018 18:51
22179,1020,FP9,TOP,4009328250,6/17/2018 14:34,1529245800,TWB_SM3,TWB_PCBA_SM3_TOP_FP,TWB_PCBA_TOP_FP9,1020,TWB_SM3,TWB_PCBA_PASTE_INSPECTION_TOP,PN-337126,00F40B13,00F40B13,PN-337126,00F40B14,T31,,PROCESS,94474092,00F40B13T-20180617143902,U4,2,M10,483,483,9.54,-9.43,127,GOOD,GOOD,135.3022,174.8658,98.26613,0,0.9055,6/17/2018 18:51
22180,1020,FP9,TOP,4009328250,6/17/2018 14:34,1529245800,TWB_SM3,TWB_PCBA_SM3_TOP_FP,TWB_PCBA_TOP_FP9,1020,TWB_SM3,TWB_PCBA_PASTE_INSPECTION_TOP,PN-337126,00F40B13,00F40B13,PN-337126,00F40B14,T31,,PROCESS,94474092,00F40B13T-20180617143902,U4,2,M7,483,483,10.76,-4.71,127,GOOD,GOOD,144.5674,185.4781,98.98774,0,0.9055,6/17/2018 18:51
22181,1020,FP9,TOP,4009328250,6/17/2018 14:34,1529245800,TWB_SM3,TWB_PCBA_SM3_TOP_FP,TWB_PCBA_TOP_FP9,1020,TWB_SM3,TWB_PCBA_PASTE_INSPECTION_TOP,PN-337126,00F40B13,00F40B13,PN-337126,00F40B14,T31,,PROCESS,94474092,00F40B13T-20180617143902,U4,2,N15,483,483,9.36,3.14,127,GOOD,GOOD,122.6143,165.6765,93.9905,0,0.9055,6/17/2018 18:51
22182,1020,FP9,TOP,4009328250,6/17/2018 14:34,1529245800,TWB_SM3,TWB_PCBA_SM3_TOP_FP,TWB_PCBA_TOP_FP9,1020,TWB_SM3,TWB_PCBA_PASTE_INSPECTION_TOP,PN-337126,00F40B13,00F40B13,PN-337126,00F40B14,T31,,PROCESS,94474092,00F40B13T-20180617143902,U4,2,R14,483,483,8.05,5.62,127,GOOD,GOOD,125.7624,168.6013,94.73133,0,0.9055,6/17/2018 18:51
23887,1020,FP9,TOP,4009328250,6/17/2018 14:34,1529245800,TWB_SM3,TWB_PCBA_SM3_TOP_FP,TWB_PCBA_TOP_FP9,1020,TWB_SM3,TWB_PCBA_PASTE_INSPECTION_TOP,PN-337126,00F40B13,00F40B13,PN-337126,00F40B14,T31,,PROCESS,94474092,00F40B13T-20180617143902,U4,2,B14,483,483,8.43,-0.22,127,GOOD,GOOD,134.0911,177.324,96.03648000000001,0,0.9055,6/17/2018 18:51
23888,1020,FP9,TOP,4009328250,6/17/2018 14:34,1529245800,TWB_SM3,TWB_PCBA_SM3_TOP_FP,TWB_PCBA_TOP_FP9,1020,TWB_SM3,TWB_PCBA_PASTE_INSPECTION_TOP,PN-337126,00F40B13,00F40B13,PN-337126,00F40B14,T31,,PROCESS,94474092,00F40B13T-20180617143902,U4,2,B8,483,483,11.2,-10.79,127,GOOD,GOOD,145.5355,180.9212,102.1606,0,0.9055,6/17/2018 18:51
23889,1020,FP9,TOP,4009328250,6/17/2018 14:34,1529245800,TWB_SM3,TWB_PCBA_SM3_TOP_FP,TWB_PCBA_TOP_FP9,1020,TWB_SM3,TWB_PCBA_PASTE_INSPECTION_TOP,PN-337126,00F40B13,00F40B13,PN-337126,00F40B14,T31,,PROCESS,94474092,00F40B13T-20180617143902,U4,2,D9,483,483,16.66,-11.46,127,GOOD,GOOD,141.72899999999998,182.3183,98.72617,0,0.9055,6/17/2018 18:51
23890,1020,FP9,TOP,4009328250,6/17/2018 14:34,1529245800,TWB_SM3,TWB_PCBA_SM3_TOP_FP,TWB_PCBA_TOP_FP9,1020,TWB_SM3,TWB_PCBA_PASTE_INSPECTION_TOP,PN-337126,00F40B13,00F40B13,PN-337126,00F40B14,T31,,PROCESS,94474092,00F40B13T-20180617143902,U4,2,F13,483,483,17.41,3.15,127,GOOD,GOOD,142.8814,181.8374,99.79208,0,0.9055,6/17/2018 18:51
23891,1020,FP9,TOP,4009328250,6/17/2018 14:34,1529245800,TWB_SM3,TWB_PCBA_SM3_TOP_FP,TWB_PCBA_TOP_FP9,1020,TWB_SM3,TWB_PCBA_PASTE_INSPECTION_TOP,PN-337126,00F40B13,00F40B13,PN-337126,00F40B14,T31,,PROCESS,94474092,00F40B13T-20180617143902,U4,2,J12,483,483,16.83,6.06,127,GOOD,GOOD,145.4244,196.7276,93.88056,0,0.9055,6/17/2018 18:51
23892,1020,FP9,TOP,4009328250,6/17/2018 14:34,1529245800,TWB_SM3,TWB_PCBA_SM3_TOP_FP,TWB_PCBA_TOP_FP9,1020,TWB_SM3,TWB_PCBA_PASTE_INSPECTION_TOP,PN-337126,00F40B13,00F40B13,PN-337126,00F40B14,T31,,PROCESS,94474092,00F40B13T-20180617143902,U4,2,K2,483,483,12.81,1.25,127,GOOD,GOOD,143.0686,173.8888,104.4904,0,0.9055,6/17/2018 18:51
23893,1020,FP9,TOP,4009328250,6/17/2018 14:34,1529245800,TWB_SM3,TWB_PCBA_SM3_TOP_FP,TWB_PCBA_TOP_FP9,1020,TWB_SM3,TWB_PCBA_PASTE_INSPECTION_TOP,PN-337126,00F40B13,00F40B13,PN-337126,00F40B14,T31,,PROCESS,94474092,00F40B13T-20180617143902,U4,2,M3,483,483,12.95,1.57,127,GOOD,GOOD,143.3347,187.5451,97.06201,0,0.9055,6/17/2018 18:51
23894,1020,FP9,TOP,4009328250,6/17/2018 14:34,1529245800,TWB_SM3,TWB_PCBA_SM3_TOP_FP,TWB_PCBA_TOP_FP9,1020,TWB_SM3,TWB_PCBA_PASTE_INSPECTION_TOP,PN-337126,00F40B13,00F40B13,PN-337126,00F40B14,T31,,PROCESS,94474092,00F40B13T-20180617143902,U4,2,N11,483,483,12.58,-10.57,127,GOOD,GOOD,133.41299999999998,183.6848,92.24201,0,0.9055,6/17/2018 18:51
23895,1020,FP9,TOP,4009328250,6/17/2018 14:34,1529245800,TWB_SM3,TWB_PCBA_SM3_TOP_FP,TWB_PCBA_TOP_FP9,1020,TWB_SM3,TWB_PCBA_PASTE_INSPECTION_TOP,PN-337126,00F40B13,00F40B13,PN-337126,00F40B14,T31,,PROCESS,94474092,00F40B13T-20180617143902,U4,2,R10,483,483,10.12,-8.1,127,GOOD,GOOD,137.1373,178.5127,97.56413,0,0.9055,6/17/2018 18:51
27825,1020,FP9,TOP,4009328250,6/17/2018 14:34,1529245800,TWB_SM3,TWB_PCBA_SM3_TOP_FP,TWB_PCBA_TOP_FP9,1020,TWB_SM3,TWB_PCBA_PASTE_INSPECTION_TOP,PN-337126,00F40B13,00F40B13,PN-337126,00F40B14,T31,,PROCESS,94474092,00F40B13T-20180617143902,U4,2,B12,483,483,10.79,2.92,127,GOOD,GOOD,131.9301,179.1,93.55176999999999,0,0.9055,6/17/2018 18:51
27826,1020,FP9,TOP,4009328250,6/17/2018 14:34,1529245800,TWB_SM3,TWB_PCBA_SM3_TOP_FP,TWB_PCBA_TOP_FP9,1020,TWB_SM3,TWB_PCBA_PASTE_INSPECTION_TOP,PN-337126,00F40B13,00F40B13,PN-337126,00F40B14,T31,,PROCESS,94474092,00F40B13T-20180617143902,U4,2,B6,483,483,7.1,-7.64,127,GOOD,GOOD,136.3593,169.7432,102.0225,0,0.9055,6/17/2018 18:51
27827,1020,FP9,TOP,4009328250,6/17/2018 14:34,1529245800,TWB_SM3,TWB_PCBA_SM3_TOP_FP,TWB_PCBA_TOP_FP9,1020,TWB_SM3,TWB_PCBA_PASTE_INSPECTION_TOP,PN-337126,00F40B13,00F40B13,PN-337126,00F40B14,T31,,PROCESS,94474092,00F40B13T-20180617143902,U4,2,D7,483,483,14.87,-8.32,127,GOOD,GOOD,144.6574,182.391,100.7258,0,0.9055,6/17/2018 18:51
27828,1020,FP9,TOP,4009328250,6/17/2018 14:34,1529245800,TWB_SM3,TWB_PCBA_SM3_TOP_FP,TWB_PCBA_TOP_FP9,1020,TWB_SM3,TWB_PCBA_PASTE_INSPECTION_TOP,PN-337126,00F40B13,00F40B13,PN-337126,00F40B14,T31,,PROCESS,94474092,00F40B13T-20180617143902,U4,2,F11,483,483,15.77,6.29,127,GOOD,GOOD,148.9649,198.3969,95.35704,0,0.9055,6/17/2018 18:51
27829,1020,FP9,TOP,4009328250,6/17/2018 14:34,1529245800,TWB_SM3,TWB_PCBA_SM3_TOP_FP,TWB_PCBA_TOP_FP9,1020,TWB_SM3,TWB_PCBA_PASTE_INSPECTION_TOP,PN-337126,00F40B13,00F40B13,PN-337126,00F40B14,T31,,PROCESS,94474092,00F40B13T-20180617143902,U4,2,F8,483,483,12.52,-8.99,127,GOOD,GOOD,143.377,176.5421,103.1418,0,0.9055,6/17/2018 18:51
27830,1020,FP9,TOP,4009328250,6/17/2018 14:34,1529245800,TWB_SM3,TWB_PCBA_SM3_TOP_FP,TWB_PCBA_TOP_FP9,1020,TWB_SM3,TWB_PCBA_PASTE_INSPECTION_TOP,PN-337126,00F40B13,00F40B13,PN-337126,00F40B14,T31,,PROCESS,94474092,00F40B13T-20180617143902,U4,2,G16,483,483,14.77,-0.11,127,GOOD,GOOD,135.6451,187.0156,92.11486,0,0.9055,6/17/2018 18:51
27831,1020,FP9,TOP,4009328250,6/17/2018 14:34,1529245800,TWB_SM3,TWB_PCBA_SM3_TOP_FP,TWB_PCBA_TOP_FP9,1020,TWB_SM3,TWB_PCBA_PASTE_INSPECTION_TOP,PN-337126,00F40B13,00F40B13,PN-337126,00F40B14,T31,,PROCESS,94474092,00F40B13T-20180617143902,U4,2,H9,483,483,14.66,-9.66,127,GOOD,GOOD,148.8672,183.9333,102.7879,0,0.9055,6/17/2018 18:51
27832,1020,FP9,TOP,4009328250,6/17/2018 14:34,1529245800,TWB_SM3,TWB_PCBA_SM3_TOP_FP,TWB_PCBA_TOP_FP9,1020,TWB_SM3,TWB_PCBA_PASTE_INSPECTION_TOP,PN-337126,00F40B13,00F40B13,PN-337126,00F40B14,T31,,PROCESS,94474092,00F40B13T-20180617143902,U4,2,J10,483,483,19.86,-10.8,127,GOOD,GOOD,149.9166,188.6453,100.927,0,0.9055,6/17/2018 18:51
27833,1020,FP9,TOP,4009328250,6/17/2018 14:34,1529245800,TWB_SM3,TWB_PCBA_SM3_TOP_FP,TWB_PCBA_TOP_FP9,1020,TWB_SM3,TWB_PCBA_PASTE_INSPECTION_TOP,PN-337126,00F40B13,00F40B13,PN-337126,00F40B14,T31,,PROCESS,94474092,00F40B13T-20180617143902,U4,2,K15,483,483,17.19,0.8,127,GOOD,GOOD,147.89600000000002,197.8992,94.91093000000001,0,0.9055,6/17/2018 18:51
27834,1020,FP9,TOP,4009328250,6/17/2018 14:34,1529245800,TWB_SM3,TWB_PCBA_SM3_TOP_FP,TWB_PCBA_TOP_FP9,1020,TWB_SM3,TWB_PCBA_PASTE_INSPECTION_TOP,PN-337126,00F40B13,00F40B13,PN-337126,00F40B14,T31,,PROCESS,94474092,00F40B13T-20180617143902,U4,2,M1,483,483,12.99,4.72,127,GOOD,GOOD,146.0594,179.1191,103.5598,0,0.9055,6/17/2018 18:51
30579,1020,FP9,TOP,4009328250,6/17/2018 14:34,1529245800,TWB_SM3,TWB_PCBA_SM3_TOP_FP,TWB_PCBA_TOP_FP9,1020,TWB_SM3,TWB_PCBA_PASTE_INSPECTION_TOP,PN-337126,00F40B13,00F40B13,PN-337126,00F40B14,T31,,PROCESS,94474092,00F40B13T-20180617143902,U4,2,A16,483,483,5.33,-3.82,127,GOOD,GOOD,115.5727,168.41099999999997,87.15424,0,0.9055,6/17/2018 18:51
30580,1020,FP9,TOP,4009328250,6/17/2018 14:34,1529245800,TWB_SM3,TWB_PCBA_SM3_TOP_FP,TWB_PCBA_TOP_FP9,1020,TWB_SM3,TWB_PCBA_PASTE_INSPECTION_TOP,PN-337126,00F40B13,00F40B13,PN-337126,00F40B14,T31,,PROCESS,94474092,00F40B13T-20180617143902,U4,2,A4,483,483,10.37,-4.94,127,GOOD,GOOD,140.4012,176.6772,100.92399999999999,0,0.9055,6/17/2018 18:51
30581,1020,FP9,TOP,4009328250,6/17/2018 14:34,1529245800,TWB_SM3,TWB_PCBA_SM3_TOP_FP,TWB_PCBA_TOP_FP9,1020,TWB_SM3,TWB_PCBA_PASTE_INSPECTION_TOP,PN-337126,00F40B13,00F40B13,PN-337126,00F40B14,T31,,PROCESS,94474092,00F40B13T-20180617143902,U4,2,C5,483,483,8.87,-5.62,127,GOOD,GOOD,155.8399,198.3218,99.79571999999999,0,0.9055,6/17/2018 18:51
30582,1020,FP9,TOP,4009328250,6/17/2018 14:34,1529245800,TWB_SM3,TWB_PCBA_SM3_TOP_FP,TWB_PCBA_TOP_FP9,1020,TWB_SM3,TWB_PCBA_PASTE_INSPECTION_TOP,PN-337126,00F40B13,00F40B13,PN-337126,00F40B14,T31,,PROCESS,94474092,00F40B13T-20180617143902,U4,2,D10,483,483,12.82,-13.03,127,GOOD,GOOD,147.3723,191.3168,97.8288,0,0.9055,6/17/2018 18:51
30583,1020,FP9,TOP,4009328250,6/17/2018 14:34,1529245800,TWB_SM3,TWB_PCBA_SM3_TOP_FP,TWB_PCBA_TOP_FP9,1020,TWB_SM3,TWB_PCBA_PASTE_INSPECTION_TOP,PN-337126,00F40B13,00F40B13,PN-337126,00F40B14,T31,,PROCESS,94474092,00F40B13T-20180617143902,U4,2,E15,483,483,17.61,-1.45,127,GOOD,GOOD,142.2069,187.3933,96.37631999999999,0,0.9055,6/17/2018 18:51
30584,1020,FP9,TOP,4009328250,6/17/2018 14:34,1529245800,TWB_SM3,TWB_PCBA_SM3_TOP_FP,TWB_PCBA_TOP_FP9,1020,TWB_SM3,TWB_PCBA_PASTE_INSPECTION_TOP,PN-337126,00F40B13,00F40B13,PN-337126,00F40B14,T31,,PROCESS,94474092,00F40B13T-20180617143902,U4,2,E6,483,483,17.62,-7.29,127,GOOD,GOOD,142.0877,179.6349,100.4545,0,0.9055,6/17/2018 18:51
30585,1020,FP9,TOP,4009328250,6/17/2018 14:34,1529245800,TWB_SM3,TWB_PCBA_SM3_TOP_FP,TWB_PCBA_TOP_FP9,1020,TWB_SM3,TWB_PCBA_PASTE_INSPECTION_TOP,PN-337126,00F40B13,00F40B13,PN-337126,00F40B14,T31,,PROCESS,94474092,00F40B13T-20180617143902,U4,2,G7,483,483,12.13,-5.96,127,GOOD,GOOD,137.0981,184.7406,94.24816,0,0.9055,6/17/2018 18:51
30586,1020,FP9,TOP,4009328250,6/17/2018 14:34,1529245800,TWB_SM3,TWB_PCBA_SM3_TOP_FP,TWB_PCBA_TOP_FP9,1020,TWB_SM3,TWB_PCBA_PASTE_INSPECTION_TOP,PN-337126,00F40B13,00F40B13,PN-337126,00F40B14,T31,,PROCESS,94474092,00F40B13T-20180617143902,U4,2,K9,483,483,18.64,-9.76,127,GOOD,GOOD,152.046,196.08900000000003,98.47493,0,0.9055,6/17/2018 18:51
30587,1020,FP9,TOP,4009328250,6/17/2018 14:34,1529245800,TWB_SM3,TWB_PCBA_SM3_TOP_FP,TWB_PCBA_TOP_FP9,1020,TWB_SM3,TWB_PCBA_PASTE_INSPECTION_TOP,PN-337126,00F40B13,00F40B13,PN-337126,00F40B14,T31,,PROCESS,94474092,00F40B13T-20180617143902,U4,2,M13,483,483,12.64,5.85,127,GOOD,GOOD,142.1835,195.1678,92.52193,0,0.9055,6/17/2018 18:51
30588,1020,FP9,TOP,4009328250,6/17/2018 14:34,1529245800,TWB_SM3,TWB_PCBA_SM3_TOP_FP,TWB_PCBA_TOP_FP9,1020,TWB_SM3,TWB_PCBA_PASTE_INSPECTION_TOP,PN-337126,00F40B13,00F40B13,PN-337126,00F40B14,T31,,PROCESS,94474092,00F40B13T-20180617143902,U4,2,P1,483,483,-0.55,5.62,127,GOOD,GOOD,134.2271,174.8074,97.51785,0,0.9055,6/17/2018 18:51
30589,1020,FP9,TOP,4009328250,6/17/2018 14:34,1529245800,TWB_SM3,TWB_PCBA_SM3_TOP_FP,TWB_PCBA_TOP_FP9,1020,TWB_SM3,TWB_PCBA_PASTE_INSPECTION_TOP,PN-337126,00F40B13,00F40B13,PN-337126,00F40B14,T31,,PROCESS,94474092,00F40B13T-20180617143902,U4,2,R2,483,483,2.33,4.49,127,GOOD,GOOD,133.5293,169.115,100.2762,0,0.9055,6/17/2018 18:51
30590,1020,FP9,TOP,4009328250,6/17/2018 14:34,1529245800,TWB_SM3,TWB_PCBA_SM3_TOP_FP,TWB_PCBA_TOP_FP9,1020,TWB_SM3,TWB_PCBA_PASTE_INSPECTION_TOP,PN-337126,00F40B13,00F40B13,PN-337126,00F40B14,T31,,PROCESS,94474092,00F40B13T-20180617143902,U4,2,T3,483,483,2.56,3.37,127,GOOD,GOOD,121.82,169.817,91.10476,0,0.9055,6/17/2018 18:51
31036,1020,FP9,TOP,4009328250,6/17/2018 14:34,1529245800,TWB_SM3,TWB_PCBA_SM3_TOP_FP,TWB_PCBA_TOP_FP9,1020,TWB_SM3,TWB_PCBA_PASTE_INSPECTION_TOP,PN-337126,00F40B13,00F40B13,PN-337126,00F40B14,T31,,PROCESS,94474092,00F40B13T-20180617143902,U4,2,A15,483,483,4.69,-2.25,127,GOOD,GOOD,124.9594,180.2989,88.01958,0,0.9055,6/17/2018 18:51
31037,1020,FP9,TOP,4009328250,6/17/2018 14:34,1529245800,TWB_SM3,TWB_PCBA_SM3_TOP_FP,TWB_PCBA_TOP_FP9,1020,TWB_SM3,TWB_PCBA_PASTE_INSPECTION_TOP,PN-337126,00F40B13,00F40B13,PN-337126,00F40B14,T31,,PROCESS,94474092,00F40B13T-20180617143902,U4,2,A3,483,483,3.11,-3.37,127,GOOD,GOOD,141.9311,178.6212,100.9133,0,0.9055,6/17/2018 18:51
31038,1020,FP9,TOP,4009328250,6/17/2018 14:34,1529245800,TWB_SM3,TWB_PCBA_SM3_TOP_FP,TWB_PCBA_TOP_FP9,1020,TWB_SM3,TWB_PCBA_PASTE_INSPECTION_TOP,PN-337126,00F40B13,00F40B13,PN-337126,00F40B14,T31,,PROCESS,94474092,00F40B13T-20180617143902,U4,2,C4,483,483,3.58,-4.05,127,GOOD,GOOD,146.6635,188.3655,98.88358000000001,0,0.9055,6/17/2018 18:51
31039,1020,FP9,TOP,4009328250,6/17/2018 14:34,1529245800,TWB_SM3,TWB_PCBA_SM3_TOP_FP,TWB_PCBA_TOP_FP9,1020,TWB_SM3,TWB_PCBA_PASTE_INSPECTION_TOP,PN-337126,00F40B13,00F40B13,PN-337126,00F40B14,T31,,PROCESS,94474092,00F40B13T-20180617143902,U4,2,E14,483,483,17.29,0.13,127,GOOD,GOOD,143.2948,188.7593,96.41085,0,0.9055,6/17/2018 18:51
31040,1020,FP9,TOP,4009328250,6/17/2018 14:34,1529245800,TWB_SM3,TWB_PCBA_SM3_TOP_FP,TWB_PCBA_TOP_FP9,1020,TWB_SM3,TWB_PCBA_PASTE_INSPECTION_TOP,PN-337126,00F40B13,00F40B13,PN-337126,00F40B14,T31,,PROCESS,94474092,00F40B13T-20180617143902,U4,2,E5,483,483,9.53,-5.72,127,GOOD,GOOD,135.9346,172.1245,100.2978,0,0.9055,6/17/2018 18:51
31041,1020,FP9,TOP,4009328250,6/17/2018 14:34,1529245800,TWB_SM3,TWB_PCBA_SM3_TOP_FP,TWB_PCBA_TOP_FP9,1020,TWB_SM3,TWB_PCBA_PASTE_INSPECTION_TOP,PN-337126,00F40B13,00F40B13,PN-337126,00F40B14,T31,,PROCESS,94474092,00F40B13T-20180617143902,U4,2,G6,483,483,12.47,-4.38,127,GOOD,GOOD,141.5331,176.9808,101.56299999999999,0,0.9055,6/17/2018 18:51
31042,1020,FP9,TOP,4009328250,6/17/2018 14:34,1529245800,TWB_SM3,TWB_PCBA_SM3_TOP_FP,TWB_PCBA_TOP_FP9,1020,TWB_SM3,TWB_PCBA_PASTE_INSPECTION_TOP,PN-337126,00F40B13,00F40B13,PN-337126,00F40B14,T31,,PROCESS,94474092,00F40B13T-20180617143902,U4,2,K8,483,483,20.47,-8.19,127,GOOD,GOOD,154.3342,199.4105,98.29194,0,0.9055,6/17/2018 18:51
31043,1020,FP9,TOP,4009328250,6/17/2018 14:34,1529245800,TWB_SM3,TWB_PCBA_SM3_TOP_FP,TWB_PCBA_TOP_FP9,1020,TWB_SM3,TWB_PCBA_PASTE_INSPECTION_TOP,PN-337126,00F40B13,00F40B13,PN-337126,00F40B14,T31,,PROCESS,94474092,00F40B13T-20180617143902,U4,2,M12,483,483,9.83,7.42,127,GOOD,GOOD,130.9066,166.7343,99.71034,0,0.9055,6/17/2018 18:51
31044,1020,FP9,TOP,4009328250,6/17/2018 14:34,1529245800,TWB_SM3,TWB_PCBA_SM3_TOP_FP,TWB_PCBA_TOP_FP9,1020,TWB_SM3,TWB_PCBA_PASTE_INSPECTION_TOP,PN-337126,00F40B13,00F40B13,PN-337126,00F40B14,T31,,PROCESS,94474092,00F40B13T-20180617143902,U4,2,M9,483,483,12.55,-7.86,127,GOOD,GOOD,159.1153,205.2935,98.43292,0,0.9055,6/17/2018 18:51
31045,1020,FP9,TOP,4009328250,6/17/2018 14:34,1529245800,TWB_SM3,TWB_PCBA_SM3_TOP_FP,TWB_PCBA_TOP_FP9,1020,TWB_SM3,TWB_PCBA_PASTE_INSPECTION_TOP,PN-337126,00F40B13,00F40B13,PN-337126,00F40B14,T31,,PROCESS,94474092,00F40B13T-20180617143902,U4,2,R1,483,483,3.51,6.06,127,GOOD,GOOD,132.7918,172.424,97.80864,0,0.9055,6/17/2018 18:51
31046,1020,FP9,TOP,4009328250,6/17/2018 14:34,1529245800,TWB_SM3,TWB_PCBA_SM3_TOP_FP,TWB_PCBA_TOP_FP9,1020,TWB_SM3,TWB_PCBA_PASTE_INSPECTION_TOP,PN-337126,00F40B13,00F40B13,PN-337126,00F40B14,T31,,PROCESS,94474092,00F40B13T-20180617143902,U4,2,R16,483,483,6.52,2.47,127,GOOD,GOOD,118.0714,164.1925,91.32618000000001,0,0.9055,6/17/2018 18:51
31047,1020,FP9,TOP,4009328250,6/17/2018 14:34,1529245800,TWB_SM3,TWB_PCBA_SM3_TOP_FP,TWB_PCBA_TOP_FP9,1020,TWB_SM3,TWB_PCBA_PASTE_INSPECTION_TOP,PN-337126,00F40B13,00F40B13,PN-337126,00F40B14,T31,,PROCESS,94474092,00F40B13T-20180617143902,U4,2,T2,483,483,3.9,4.95,127,GOOD,GOOD,131.5005,176.9747,94.36694,0,0.9055,6/17/2018 18:51
31837,1020,FP9,TOP,4009328250,6/17/2018 14:34,1529245800,TWB_SM3,TWB_PCBA_SM3_TOP_FP,TWB_PCBA_TOP_FP9,1020,TWB_SM3,TWB_PCBA_PASTE_INSPECTION_TOP,PN-337126,00F40B13,00F40B13,PN-337126,00F40B14,T31,,PROCESS,94474092,00F40B13T-20180617143902,U4,2,A14,483,483,7.69,-0.67,127,GOOD,GOOD,129.0411,170.9012,95.89295,0,0.9055,6/17/2018 18:51
31838,1020,FP9,TOP,4009328250,6/17/2018 14:34,1529245800,TWB_SM3,TWB_PCBA_SM3_TOP_FP,TWB_PCBA_TOP_FP9,1020,TWB_SM3,TWB_PCBA_PASTE_INSPECTION_TOP,PN-337126,00F40B13,00F40B13,PN-337126,00F40B14,T31,,PROCESS,94474092,00F40B13T-20180617143902,U4,2,A2,483,483,1.14,-1.8,127,GOOD,GOOD,141.6626,182.8158,98.41131999999999,0,0.9055,6/17/2018 18:51
31839,1020,FP9,TOP,4009328250,6/17/2018 14:34,1529245800,TWB_SM3,TWB_PCBA_SM3_TOP_FP,TWB_PCBA_TOP_FP9,1020,TWB_SM3,TWB_PCBA_PASTE_INSPECTION_TOP,PN-337126,00F40B13,00F40B13,PN-337126,00F40B14,T31,,PROCESS,94474092,00F40B13T-20180617143902,U4,2,C3,483,483,3.77,-2.47,127,GOOD,GOOD,141.3512,186.899,96.04977,0,0.9055,6/17/2018 18:51
31840,1020,FP9,TOP,4009328250,6/17/2018 14:34,1529245800,TWB_SM3,TWB_PCBA_SM3_TOP_FP,TWB_PCBA_TOP_FP9,1020,TWB_SM3,TWB_PCBA_PASTE_INSPECTION_TOP,PN-337126,00F40B13,00F40B13,PN-337126,00F40B14,T31,,PROCESS,94474092,00F40B13T-20180617143902,U4,2,E13,483,483,10.87,1.7,127,GOOD,GOOD,139.0685,189.7483,93.07965,0,0.9055,6/17/2018 18:51
31841,1020,FP9,TOP,4009328250,6/17/2018 14:34,1529245800,TWB_SM3,TWB_PCBA_SM3_TOP_FP,TWB_PCBA_TOP_FP9,1020,TWB_SM3,TWB_PCBA_PASTE_INSPECTION_TOP,PN-337126,00F40B13,00F40B13,PN-337126,00F40B14,T31,,PROCESS,94474092,00F40B13T-20180617143902,U4,2,E4,483,483,7.55,-4.15,127,GOOD,GOOD,146.9535,185.9026,100.3918,0,0.9055,6/17/2018 18:51
31842,1020,FP9,TOP,4009328250,6/17/2018 14:34,1529245800,TWB_SM3,TWB_PCBA_SM3_TOP_FP,TWB_PCBA_TOP_FP9,1020,TWB_SM3,TWB_PCBA_PASTE_INSPECTION_TOP,PN-337126,00F40B13,00F40B13,PN-337126,00F40B14,T31,,PROCESS,94474092,00F40B13T-20180617143902,U4,2,G5,483,483,9.36,-2.81,127,GOOD,GOOD,152.0327,195.9296,98.54638,0,0.9055,6/17/2018 18:51
31843,1020,FP9,TOP,4009328250,6/17/2018 14:34,1529245800,TWB_SM3,TWB_PCBA_SM3_TOP_FP,TWB_PCBA_TOP_FP9,1020,TWB_SM3,TWB_PCBA_PASTE_INSPECTION_TOP,PN-337126,00F40B13,00F40B13,PN-337126,00F40B14,T31,,PROCESS,94474092,00F40B13T-20180617143902,U4,2,K7,483,483,10.22,-6.62,127,GOOD,GOOD,134.1363,178.4143,95.48176,0,0.9055,6/17/2018 18:51
31844,1020,FP9,TOP,4009328250,6/17/2018 14:34,1529245800,TWB_SM3,TWB_PCBA_SM3_TOP_FP,TWB_PCBA_TOP_FP9,1020,TWB_SM3,TWB_PCBA_PASTE_INSPECTION_TOP,PN-337126,00F40B13,00F40B13,PN-337126,00F40B14,T31,,PROCESS,94474092,00F40B13T-20180617143902,U4,2,M11,483,483,8.52,-11.01,127,GOOD,GOOD,134.0865,175.5563,97.00014,0,0.9055,6/17/2018 18:51
31845,1020,FP9,TOP,4009328250,6/17/2018 14:34,1529245800,TWB_SM3,TWB_PCBA_SM3_TOP_FP,TWB_PCBA_TOP_FP9,1020,TWB_SM3,TWB_PCBA_PASTE_INSPECTION_TOP,PN-337126,00F40B13,00F40B13,PN-337126,00F40B14,T31,,PROCESS,94474092,00F40B13T-20180617143902,U4,2,M8,483,483,6.1,-6.29,127,GOOD,GOOD,141.1499,175.3044,102.2566,0,0.9055,6/17/2018 18:51
31846,1020,FP9,TOP,4009328250,6/17/2018 14:34,1529245800,TWB_SM3,TWB_PCBA_SM3_TOP_FP,TWB_PCBA_TOP_FP9,1020,TWB_SM3,TWB_PCBA_PASTE_INSPECTION_TOP,PN-337126,00F40B13,00F40B13,PN-337126,00F40B14,T31,,PROCESS,94474092,00F40B13T-20180617143902,U4,2,N16,483,483,12.49,1.57,127,GOOD,GOOD,122.9017,175.0698,89.15597,0,0.9055,6/17/2018 18:51
31847,1020,FP9,TOP,4009328250,6/17/2018 14:34,1529245800,TWB_SM3,TWB_PCBA_SM3_TOP_FP,TWB_PCBA_TOP_FP9,1020,TWB_SM3,TWB_PCBA_PASTE_INSPECTION_TOP,PN-337126,00F40B13,00F40B13,PN-337126,00F40B14,T31,,PROCESS,94474092,00F40B13T-20180617143902,U4,2,R15,483,483,5.87,4.04,127,GOOD,GOOD,123.7707,161.8429,97.12432,0,0.9055,6/17/2018 18:51
31848,1020,FP9,TOP,4009328250,6/17/2018 14:34,1529245800,TWB_SM3,TWB_PCBA_SM3_TOP_FP,TWB_PCBA_TOP_FP9,1020,TWB_SM3,TWB_PCBA_PASTE_INSPECTION_TOP,PN-337126,00F40B13,00F40B13,PN-337126,00F40B14,T31,,PROCESS,94474092,00F40B13T-20180617143902,U4,2,T1,483,483,3.42,6.52,127,GOOD,GOOD,130.222,171.5259,96.41805,0,0.9055,6/17/2018 18:51
32997,1020,FP9,TOP,4009328250,6/17/2018 14:34,1529245800,TWB_SM3,TWB_PCBA_SM3_TOP_FP,TWB_PCBA_TOP_FP9,1020,TWB_SM3,TWB_PCBA_PASTE_INSPECTION_TOP,PN-337126,00F40B13,00F40B13,PN-337126,00F40B14,T31,,PROCESS,94474092,00F40B13T-20180617143902,U4,2,B3,483,483,7.16,-2.93,127,GOOD,GOOD,146.4549,194.5305,95.61366,0,0.9055,6/17/2018 18:51
32998,1020,FP9,TOP,4009328250,6/17/2018 14:34,1529245800,TWB_SM3,TWB_PCBA_SM3_TOP_FP,TWB_PCBA_TOP_FP9,1020,TWB_SM3,TWB_PCBA_PASTE_INSPECTION_TOP,PN-337126,00F40B13,00F40B13,PN-337126,00F40B14,T31,,PROCESS,94474092,00F40B13T-20180617143902,U4,2,C14,483,483,16.63,0.23,127,GOOD,GOOD,136.6078,186.419,93.06555,0,0.9055,6/17/2018 18:51
32999,1020,FP9,TOP,4009328250,6/17/2018 14:34,1529245800,TWB_SM3,TWB_PCBA_SM3_TOP_FP,TWB_PCBA_TOP_FP9,1020,TWB_SM3,TWB_PCBA_PASTE_INSPECTION_TOP,PN-337126,00F40B13,00F40B13,PN-337126,00F40B14,T31,,PROCESS,94474092,00F40B13T-20180617143902,U4,2,D4,483,483,10.12,-3.6,127,GOOD,GOOD,143.3186,174.7224,104.1737,0,0.9055,6/17/2018 18:51
33000,1020,FP9,TOP,4009328250,6/17/2018 14:34,1529245800,TWB_SM3,TWB_PCBA_SM3_TOP_FP,TWB_PCBA_TOP_FP9,1020,TWB_SM3,TWB_PCBA_PASTE_INSPECTION_TOP,PN-337126,00F40B13,00F40B13,PN-337126,00F40B14,T31,,PROCESS,94474092,00F40B13T-20180617143902,U4,2,F5,483,483,9.44,-4.27,127,GOOD,GOOD,142.9763,176.8401,102.6803,0,0.9055,6/17/2018 18:51
33001,1020,FP9,TOP,4009328250,6/17/2018 14:34,1529245800,TWB_SM3,TWB_PCBA_SM3_TOP_FP,TWB_PCBA_TOP_FP9,1020,TWB_SM3,TWB_PCBA_PASTE_INSPECTION_TOP,PN-337126,00F40B13,00F40B13,PN-337126,00F40B14,T31,,PROCESS,94474092,00F40B13T-20180617143902,U4,2,G13,483,483,18.98,4.61,127,GOOD,GOOD,147.7885,190.9036,98.31734,0,0.9055,6/17/2018 18:51
33002,1020,FP9,TOP,4009328250,6/17/2018 14:34,1529245800,TWB_SM3,TWB_PCBA_SM3_TOP_FP,TWB_PCBA_TOP_FP9,1020,TWB_SM3,TWB_PCBA_PASTE_INSPECTION_TOP,PN-337126,00F40B13,00F40B13,PN-337126,00F40B14,T31,,PROCESS,94474092,00F40B13T-20180617143902,U4,2,H6,483,483,12.39,-4.94,127,GOOD,GOOD,138.5134,181.9095,96.70300999999999,0,0.9055,6/17/2018 18:51
33003,1020,FP9,TOP,4009328250,6/17/2018 14:34,1529245800,TWB_SM3,TWB_PCBA_SM3_TOP_FP,TWB_PCBA_TOP_FP9,1020,TWB_SM3,TWB_PCBA_PASTE_INSPECTION_TOP,PN-337126,00F40B13,00F40B13,PN-337126,00F40B14,T31,,PROCESS,94474092,00F40B13T-20180617143902,U4,2,J7,483,483,15.28,-6.08,127,GOOD,GOOD,153.4247,201.8824,96.51626,0,0.9055,6/17/2018 18:51
33004,1020,FP9,TOP,4009328250,6/17/2018 14:34,1529245800,TWB_SM3,TWB_PCBA_SM3_TOP_FP,TWB_PCBA_TOP_FP9,1020,TWB_SM3,TWB_PCBA_PASTE_INSPECTION_TOP,PN-337126,00F40B13,00F40B13,PN-337126,00F40B14,T31,,PROCESS,94474092,00F40B13T-20180617143902,U4,2,K12,483,483,16.75,5.52,127,GOOD,GOOD,138.3858,169.9134,103.4351,0,0.9055,6/17/2018 18:51
33005,1020,FP9,TOP,4009328250,6/17/2018 14:34,1529245800,TWB_SM3,TWB_PCBA_SM3_TOP_FP,TWB_PCBA_TOP_FP9,1020,TWB_SM3,TWB_PCBA_PASTE_INSPECTION_TOP,PN-337126,00F40B13,00F40B13,PN-337126,00F40B14,T31,,PROCESS,94474092,00F40B13T-20180617143902,U4,2,L8,483,483,17.9,-6.75,127,GOOD,GOOD,141.4219,170.1916,105.5315,0,0.9055,6/17/2018 18:51
33006,1020,FP9,TOP,4009328250,6/17/2018 14:34,1529245800,TWB_SM3,TWB_PCBA_SM3_TOP_FP,TWB_PCBA_TOP_FP9,1020,TWB_SM3,TWB_PCBA_PASTE_INSPECTION_TOP,PN-337126,00F40B13,00F40B13,PN-337126,00F40B14,T31,,PROCESS,94474092,00F40B13T-20180617143902,U4,2,N9,483,483,9.15,-7.42,127,GOOD,GOOD,140.0754,191.2087,93.03744,0,0.9055,6/17/2018 18:51
33007,1020,FP9,TOP,4009328250,6/17/2018 14:34,1529245800,TWB_SM3,TWB_PCBA_SM3_TOP_FP,TWB_PCBA_TOP_FP9,1020,TWB_SM3,TWB_PCBA_PASTE_INSPECTION_TOP,PN-337126,00F40B13,00F40B13,PN-337126,00F40B14,T31,,PROCESS,94474092,00F40B13T-20180617143902,U4,2,P16,483,483,3.3,2.03,127,GOOD,GOOD,124.8711,166.9565,94.9866,0,0.9055,6/17/2018 18:51
33008,1020,FP9,TOP,4009328250,6/17/2018 14:34,1529245800,TWB_SM3,TWB_PCBA_SM3_TOP_FP,TWB_PCBA_TOP_FP9,1020,TWB_SM3,TWB_PCBA_PASTE_INSPECTION_TOP,PN-337126,00F40B13,00F40B13,PN-337126,00F40B14,T31,,PROCESS,94474092,00F40B13T-20180617143902,U4,2,T15,483,483,8.28,4.5,127,GOOD,GOOD,123.8269,166.8393,94.25846999999999,0,0.9055,6/17/2018 18:51
